Herb_ID,Herb_cn_name,detail_url,filled_fields,filled_values
HERB000007,阿尔泰紫菀,https://www.dayi.org.cn/cmedical/300004.html,Properties,"{""Properties"": ""味微苦，性凉""}"
HERB000021,阿里红,https://www.dayi.org.cn/cmedical/300005.html,Properties,"{""Properties"": ""味甘、苦，性温""}"
HERB000032,阿育魏实,https://www.dayi.org.cn/cmedical/300010.html,Herb_latin_name|UsePart|Function|Indication|Properties,"{""Herb_latin_name"": ""Trachyspermum ammi(L.) Sprague"", ""UsePart"": ""果实"", ""Function"": ""散寒止痛，利湿解毒。"", ""Indication"": ""脘腹冷痛，消化不良，呕恶，泄泻，寒疝，痛经，尿路结石，疮疖肿毒。"", ""Properties"": ""味辛、苦，性温""}"
HERB000033,阿月浑子,https://www.dayi.org.cn/cmedical/300011.html,Toxicity|Properties|Meridians,"{""Toxicity"": ""无毒"", ""Properties"": ""味辛、涩，性温"", ""Meridians"": ""归脾、肾经""}"
HERB000036,矮地茶,https://www.dayi.org.cn/cmedical/1113483.html,UsePart,"{""UsePart"": ""全草""}"
HERB000050,艾纳香,https://www.dayi.org.cn/cmedical/300034.html,Properties,"{""Properties"": ""味辛、微苦，性温""}"
HERB000057,艾实,https://www.dayi.org.cn/cmedical/300036.html,UsePart|Function|Indication|Properties|Meridians,"{""UsePart"": ""果实"", ""Function"": ""温肾壮阳。"", ""Indication"": ""主治肾虚腰酸，阳虚内寒等。"", ""Properties"": ""味苦、辛，性温"", ""Meridians"": ""归肝、肾经""}"
HERB000066,艾叶,https://www.dayi.org.cn/cmedical/300037.html,Toxicity,"{""Toxicity"": ""有小毒""}"
HERB000093,暗紫贝母,https://www.dayi.org.cn/cmedical/300053.html,Properties|Meridians,"{""Properties"": ""味苦、甘，性微寒，"", ""Meridians"": ""归肺、心经""}"
HERB000134,巴戟天,https://www.dayi.org.cn/cmedical/1144878.html,Herb_latin_name|Function|Properties|Meridians,"{""Herb_latin_name"": ""Morindae Officinalis Radix"", ""Function"": ""补肾阳，强筋骨，祛风湿。"", ""Properties"": ""味甘、辛，性微温，"", ""Meridians"": ""归肾、肝经""}"
HERB000132,白鲜皮,https://www.dayi.org.cn/cmedical/300133.html,Properties|Meridians,"{""Properties"": ""性寒，味苦，"", ""Meridians"": ""归脾、胃、膀胱经""}"
HERB000137,八角茴香,https://www.dayi.org.cn/cmedical/300066.html,UsePart,"{""UsePart"": ""果实""}"
HERB000135,八角枫,https://www.dayi.org.cn/cmedical/300062.html,Toxicity|Properties,"{""Toxicity"": ""小毒"", ""Properties"": ""辛、苦，温。归肝、肾、心经。""}"
HERB000143,菝葜,https://www.dayi.org.cn/cmedical/300090.html,Herb_latin_name|Toxicity|UsePart|Function|Properties|Meridians,"{""Herb_latin_name"": ""Smilacis Chinae Rhizoma"", ""Toxicity"": ""无毒"", ""UsePart"": ""根茎"", ""Function"": ""利湿去浊，祛风除痹，解毒散瘀。"", ""Properties"": ""味甘、微苦、涩，性平，"", ""Meridians"": ""归肝、肾经""}"
HERB000144,霸王鞭,https://www.dayi.org.cn/cmedical/1124361.html,Toxicity|Properties,"{""Toxicity"": ""有毒"", ""Properties"": ""味涩，性寒""}"
HERB000156,八仙草,https://www.dayi.org.cn/cmedical/1113743.html,Properties,"{""Properties"": ""味辛、微苦，性微寒""}"
HERB000157,八仙花,https://www.dayi.org.cn/cmedical/1113741.html,Toxicity|Properties|Meridians,"{""Toxicity"": ""有小毒"", ""Properties"": ""味苦、微辛，性寒"", ""Meridians"": ""归肝、肺经""}"
HERB000159,白八角莲,https://www.dayi.org.cn/cmedical/300091.html,Properties,"{""Properties"": ""味甘、苦，性平""}"
HERB000161,白扁豆,https://www.dayi.org.cn/cmedical/1155616.html,UsePart,"{""UsePart"": ""种子""}"
HERB000160,白背叶,https://www.dayi.org.cn/cmedical/300092.html,Herb_latin_name|UsePart|Function|Indication|Properties|Meridians,"{""Herb_latin_name"": ""Folium Malloti Apeltae"", ""UsePart"": ""叶"", ""Function"": ""清热，解毒，祛湿，止血。"", ""Indication"": ""蜂窝组织炎，化脓性中耳炎，鹅口疮，湿疹，跌打损伤，外伤出血。"", ""Properties"": ""味苦，性平"", ""Meridians"": ""归肝、脾经""}"
HERB000166,白刺,https://www.dayi.org.cn/cmedical/306220.html,Properties,"{""Properties"": ""味甘、酸，性温""}"
HERB000168,白刺花,https://www.dayi.org.cn/cmedical/300098.html,Properties|Meridians,"{""Properties"": ""根、果、花味苦，性寒，归肝、膀胱经"", ""Meridians"": ""叶味苦，性凉，归心、肾经""}"
HERB000177,白矾,https://www.dayi.org.cn/cmedical/300107.html,UsePart|Properties|Meridians,"{""UsePart"": ""明矾石经加工提炼制成的结晶"", ""Properties"": ""味酸、涩，性寒"", ""Meridians"": ""归肺、脾、肝、大肠经""}"
HERB000179,白饭树,https://www.dayi.org.cn/cmedical/300109.html,UsePart|Function|Indication|Properties,"{""UsePart"": ""全株"", ""Function"": ""清热解毒，消肿止痛，止痒止血。"", ""Indication"": ""风湿痹痛，湿疹瘙痒。外用于湿疹，脓疱疮，过敏性皮炎，疮疖，烧、烫伤。"", ""Properties"": ""味苦、微涩，性凉""}"
HERB000182,白附子,https://www.dayi.org.cn/cmedical/300114.html,UsePart,"{""UsePart"": ""块茎""}"
HERB000184,白钩藤,https://www.dayi.org.cn/cmedical/300116.html,UsePart|Function|Indication|Properties,"{""UsePart"": ""带钩的藤"", ""Function"": ""清热平肝，活血通经。"", ""Indication"": ""头痛眩晕，感冒夹凉，惊挛，惊痫抽搐，妊娠子痫，高血压症等。"", ""Properties"": ""味甘，性微寒""}"
HERB000185,白鬼笔,https://www.dayi.org.cn/cmedical/300118.html,Properties|Meridians,"{""Properties"": ""味甘、淡，性温。"", ""Meridians"": ""归心经""}"
HERB000190,白果紫草,https://www.dayi.org.cn/cmedical/1116757.html,Properties,"{""Properties"": ""味甘、辛，性温""}"
HERB000191,白蒿,https://www.dayi.org.cn/cmedical/1113506.html,Properties|Meridians,"{""Properties"": ""味甘、辛，性平，"", ""Meridians"": ""归脾、胃经""}"
HERB000188,白果树皮,https://www.dayi.org.cn/cmedical/1113505.html,Properties|Meridians,"{""Properties"": ""味苦，性平"", ""Meridians"": ""归脾、小肠经""}"
HERB000189,白果叶,https://www.dayi.org.cn/cmedical/1113507.html,Toxicity,"{""Toxicity"": ""小毒""}"
HERB000193,百合花,https://www.dayi.org.cn/cmedical/1113510.html,UsePart|Function|Indication|Properties|Meridians,"{""UsePart"": ""花"", ""Function"": ""清热润肺、宁心安神。"", ""Indication"": ""主治咳嗽痰少或黏、眩晕、心烦、夜寐不安、天疱湿疮。"", ""Properties"": ""味甘、微苦，性微寒"", ""Meridians"": ""归肺、肝、心经""}"
HERB000194,白鹤灵芝,https://www.dayi.org.cn/cmedical/300120.html,Properties,"{""Properties"": ""味甘、微苦，性微寒。""}"
HERB000195,百合子,https://www.dayi.org.cn/cmedical/1113515.html,UsePart|Function|Indication|Properties,"{""UsePart"": ""种子"", ""Function"": ""清热止血。"", ""Indication"": ""肠风下血。"", ""Properties"": ""味甘、苦，性凉""}"
HERB000197,白花菜子,https://www.dayi.org.cn/cmedical/1113516.html,Toxicity|UsePart|Function|Properties|Meridians,"{""Toxicity"": ""微毒"", ""UsePart"": ""种子"", ""Function"": ""祛风除湿，活血止痛。"", ""Properties"": ""味苦、辛，性温"", ""Meridians"": ""归心、脾经""}"
HERB000198,白花丹,https://www.dayi.org.cn/cmedical/1113552.html,Toxicity|Properties|Meridians,"{""Toxicity"": ""有毒"", ""Properties"": ""味辛、苦、涩，性温"", ""Meridians"": ""归肝、肾经""}"
HERB000206,白花蛇,https://www.dayi.org.cn/cmedical/1118104.html,Toxicity|Properties|Meridians,"{""Toxicity"": ""有毒"", ""Properties"": ""味甘、咸，性温"", ""Meridians"": ""归肝、脾经""}"
HERB000207,白花射干,https://www.dayi.org.cn/cmedical/1113556.html,Toxicity|Properties|Meridians,"{""Toxicity"": ""有小毒"", ""Properties"": ""味苦、辛，性寒，"", ""Meridians"": ""归肺、胃、肝经""}"
HERB000211,白花夏枯草,https://www.dayi.org.cn/cmedical/1113558.html,Function|Indication|Properties|Meridians,"{""Function"": ""平肝，清热。"", ""Indication"": ""本品主治高血压，淋巴结炎，肺热咳嗽。"", ""Properties"": ""味辛、苦，性寒"", ""Meridians"": ""归肺、肝经""}"
HERB000213,白花映山红,https://www.dayi.org.cn/cmedical/1113557.html,Toxicity|Properties,"{""Toxicity"": ""无毒"", ""Properties"": ""味辛、甘，性温""}"
HERB000215,白花油麻藤,https://www.dayi.org.cn/cmedical/1116910.html,Properties|Meridians,"{""Properties"": ""味微苦、甘，性平"", ""Meridians"": ""归肝、肾经""}"
HERB000216,白及,https://www.dayi.org.cn/cmedical/300125.html,Herb_latin_name|Toxicity|UsePart|Function|Properties|Meridians,"{""Herb_latin_name"": ""Bletillae Rhizoma"", ""Toxicity"": ""无毒"", ""UsePart"": ""块茎"", ""Function"": ""收敛止血、消肿生肌。"", ""Properties"": ""味苦、甘、涩，性微寒，"", ""Meridians"": ""归肺、肝、胃经""}"
HERB000221,败酱草,https://www.dayi.org.cn/cmedical/300138.html,UsePart,"{""UsePart"": ""全草""}"
HERB000222,白胶香,https://www.dayi.org.cn/cmedical/1113559.html,Toxicity|Meridians,"{""Toxicity"": ""无毒"", ""Meridians"": ""归脾、肝经""}"
HERB000223,白芥,https://www.dayi.org.cn/cmedical/1113560.html,UsePart|Function|Indication|Properties|Meridians,"{""UsePart"": ""嫩茎叶"", ""Function"": ""温中散寒，利气化痰。"", ""Indication"": ""脘腹冷痛，咳嗽痰喘。"", ""Properties"": ""味辛，性温"", ""Meridians"": ""归肺、胃经""}"
HERB000225,白芥子,https://www.dayi.org.cn/cmedical/1113564.html,Toxicity,"{""Toxicity"": ""有毒""}"
HERB000231,白兰花,https://www.dayi.org.cn/cmedical/1113574.html,Properties,"{""Properties"": ""味苦、辛，性微温""}"
HERB000227,白菊花根,https://www.dayi.org.cn/cmedical/1113568.html,Toxicity|UsePart|Function|Indication|Properties|Meridians,"{""Toxicity"": ""无毒"", ""UsePart"": ""根"", ""Function"": ""清热解毒。"", ""Indication"": ""本品主治疔肿、喉疔、喉痹。"", ""Properties"": ""味苦，性寒"", ""Meridians"": ""归肺、肝经""}"
HERB000233,百里香,https://www.dayi.org.cn/cmedical/1117237.html,Toxicity|UsePart|Function|Indication|Properties|Meridians,"{""Toxicity"": ""小毒"", ""UsePart"": ""全草"", ""Function"": ""具有祛风解表、行气止痛、止咳、降压的功效。"", ""Indication"": ""主治感冒、咳嗽、头痛、牙痛、消化不良、急性胃肠炎、高血压病。"", ""Properties"": ""味辛，性微温，"", ""Meridians"": ""归肺、脾、三焦经""}"
HERB000239,百两金,https://www.dayi.org.cn/cmedical/1113579.html,Properties,"{""Properties"": ""味苦、辛，性凉""}"
HERB000241,白马骨,https://www.dayi.org.cn/cmedical/1113588.html,Function|Indication,"{""Function"": ""祛风利湿，清热解毒。"", ""Indication"": ""白马骨主要用于治疗感冒，黄疸型肝炎，肾炎水肿，咳嗽、喉痛，角膜炎，肠炎，痢疾，腰腿疼痛，咳血，尿血，妇女闭经，白带，小儿疳积，惊风，风火牙痛，痈疽肿毒，跌打损伤。""}"
HERB000242,白茅根,https://www.dayi.org.cn/cmedical/300129.html,UsePart,"{""UsePart"": ""根茎""}"
HERB000244,白茅根,https://www.dayi.org.cn/cmedical/300129.html,Properties|Meridians,"{""Properties"": ""性寒，味甘，"", ""Meridians"": ""归肺、胃、膀胱经""}"
HERB000243,白茅根,https://www.dayi.org.cn/cmedical/300129.html,Herb_latin_name|UsePart|Function|Indication|Properties|Meridians,"{""Herb_latin_name"": ""Imperatae Rhizoma"", ""UsePart"": ""根茎"", ""Function"": ""凉血止血，清热利尿，清肺胃热。"", ""Indication"": ""主要用于血热吐血，衄血，尿血，热病烦渴，湿热黄疸，水肿尿少，热淋涩痛。"", ""Properties"": ""性寒，味甘，"", ""Meridians"": ""归肺、胃、膀胱经""}"
HERB000246,白毛藤,https://www.dayi.org.cn/cmedical/1113595.html,Toxicity|UsePart|Function|Properties|Meridians,"{""Toxicity"": ""小毒"", ""UsePart"": ""全草"", ""Function"": ""具有清热利湿、解毒消肿的功效。"", ""Properties"": ""味甘、苦，性寒，"", ""Meridians"": ""归肝、胆、肾经""}"
HERB000247,白毛夏枯草,https://www.dayi.org.cn/cmedical/1113597.html,Properties|Meridians,"{""Properties"": ""味苦、甘，性寒，"", ""Meridians"": ""归肺、肝经""}"
HERB000245,白茅根,https://www.dayi.org.cn/cmedical/300129.html,UsePart|Function|Indication|Properties|Meridians,"{""UsePart"": ""根茎"", ""Function"": ""凉血止血，清热利尿，清肺胃热。"", ""Indication"": ""主要用于血热吐血，衄血，尿血，热病烦渴，湿热黄疸，水肿尿少，热淋涩痛。"", ""Properties"": ""性寒，味甘，"", ""Meridians"": ""归肺、胃、膀胱经""}"
HERB000257,白前,https://www.dayi.org.cn/cmedical/300130.html,UsePart,"{""UsePart"": ""根茎和根""}"
HERB000258,白千层,https://www.dayi.org.cn/cmedical/1113601.html,Properties|Meridians,"{""Properties"": ""味淡，性平"", ""Meridians"": ""归心经""}"
HERB000261,百日草,https://www.dayi.org.cn/cmedical/1116771.html,Properties|Meridians,"{""Properties"": ""味苦、辛，性凉，"", ""Meridians"": ""归肺、肾经""}"
HERB000259,白屈菜,https://www.dayi.org.cn/cmedical/1113607.html,Herb_latin_name|Toxicity|Function|Properties|Meridians,"{""Herb_latin_name"": ""Chelidonii Herba"", ""Toxicity"": ""有毒"", ""Function"": ""解痉止痛，止咳平喘。"", ""Properties"": ""味苦，性凉"", ""Meridians"": ""归肺、胃经""}"
HERB000264,百蕊草,https://www.dayi.org.cn/cmedical/1113611.html,Properties|Meridians,"{""Properties"": ""味辛、微苦，性寒，"", ""Meridians"": ""归肺、脾、肾经""}"
HERB000267,白芍,https://www.dayi.org.cn/cmedical/1144879.html,Toxicity,"{""Toxicity"": ""无毒""}"
HERB000273,柏树叶,https://www.dayi.org.cn/cmedical/1113629.html,Properties,"{""Properties"": ""味苦、涩，性平""}"
HERB000271,白首乌,https://www.dayi.org.cn/cmedical/300131.html,Properties|Meridians,"{""Properties"": ""味甘、微苦，性平"", ""Meridians"": ""归肝、肾、脾、胃经""}"
HERB000286,白鲜皮,https://www.dayi.org.cn/cmedical/300133.html,Herb_latin_name|UsePart|Function|Properties|Meridians,"{""Herb_latin_name"": ""Dictamni Cortex"", ""UsePart"": ""根皮"", ""Function"": ""清热燥湿，祛风解毒。"", ""Properties"": ""性寒，味苦，"", ""Meridians"": ""归脾、胃、膀胱经""}"
HERB000278,白苏子,https://www.dayi.org.cn/cmedical/1113637.html,Toxicity|Properties|Meridians,"{""Toxicity"": ""无毒"", ""Properties"": ""味辛，性温，"", ""Meridians"": ""归肺、胃、大肠经""}"
HERB000282,白头翁花,https://www.dayi.org.cn/cmedical/1113643.html,UsePart|Function|Indication|Properties|Meridians,"{""UsePart"": ""花"", ""Function"": ""白头翁花具有清热解毒、杀虫的功效。"", ""Indication"": ""白头翁花主要用于治疗疟疾寒热、头疮、白秃疮等病症。"", ""Properties"": ""味苦，性微寒，"", ""Meridians"": ""归肝、脾经""}"
HERB000298,白叶藤,https://www.dayi.org.cn/cmedical/1115698.html,Toxicity|Properties|Meridians,"{""Toxicity"": ""小毒"", ""Properties"": ""味甘，性凉"", ""Meridians"": ""归肺、肝、胃经""}"
HERB000305,白芷,https://www.dayi.org.cn/cmedical/300135.html,Meridians,"{""Meridians"": ""归胃、大肠、肺经""}"
HERB000309,白术,https://www.dayi.org.cn/cmedical/1113535.html,Toxicity,"{""Toxicity"": ""无毒""}"
HERB000314,半边苏,https://www.dayi.org.cn/cmedical/1113686.html,Properties,"{""Properties"": ""味辛、微苦，性温""}"
HERB000312,半边莲,https://www.dayi.org.cn/cmedical/300140.html,Toxicity|Properties|Meridians,"{""Toxicity"": ""有小毒"", ""Properties"": ""味辛，性平"", ""Meridians"": ""归心、小肠、肺经""}"
HERB000319,斑鸠,https://www.dayi.org.cn/cmedical/1117933.html,Properties|Meridians,"{""Properties"": ""味甘，性平"", ""Meridians"": ""归肺、肾经""}"
HERB000323,板蓝根,https://www.dayi.org.cn/cmedical/300139.html,Toxicity,"{""Toxicity"": ""无毒""}"
HERB000349,宝盖草,https://www.dayi.org.cn/cmedical/1113729.html,Properties,"{""Properties"": ""味辛、苦，性微温""}"
HERB000346,报春花,https://www.dayi.org.cn/cmedical/1113725.html,Properties,"{""Properties"": ""味辛、微甘，性凉""}"
HERB000365,飞燕草,https://www.dayi.org.cn/cmedical/300850.html,Toxicity|Function|Indication|Properties|Meridians,"{""Toxicity"": ""有毒"", ""Function"": ""种子有催吐、泻下作用。"", ""Indication"": ""种子：外用杀虫，治疥疮、头虱。根：外用治跌打损伤。"", ""Properties"": ""味辛、苦，性温，"", ""Meridians"": ""归肺、心、胃经""}"
HERB000373,北豆根,https://www.dayi.org.cn/cmedical/300147.html,Toxicity|UsePart|Properties|Meridians,"{""Toxicity"": ""有小毒"", ""UsePart"": ""干燥根茎"", ""Properties"": ""味苦，性寒，"", ""Meridians"": ""归肺、胃、大肠经""}"
HERB000387,北刘寄奴,https://www.dayi.org.cn/cmedical/300148.html,Herb_latin_name|UsePart|Function|Indication|Properties|Meridians,"{""Herb_latin_name"": ""Siphonostegiae Herba"", ""UsePart"": ""全草"", ""Function"": ""活血祛瘀，通经止痛，凉血止血，清热利湿。"", ""Indication"": ""跌打损伤，外伤出血，瘀血经闭，月经不调，产后瘀痛，癥瘕积聚，血痢，血淋，湿热黄疸，水肿腹胀，白带过多。"", ""Properties"": ""味苦，性寒"", ""Meridians"": ""归脾、胃、肝、胆经""}"
HERB000403,北沙参,https://www.dayi.org.cn/cmedical/1113569.html,Toxicity,"{""Toxicity"": ""无毒""}"
HERB000415,荜茇,https://www.dayi.org.cn/cmedical/300149.html,Herb_latin_name|UsePart|Function|Properties|Meridians,"{""Herb_latin_name"": ""Piperis Longi Fructus"", ""UsePart"": ""近成熟或成熟果穗"", ""Function"": ""温中散寒，下气止痛。"", ""Properties"": ""味辛，性热"", ""Meridians"": ""归胃、大肠经""}"
HERB000416,荜茇根,https://www.dayi.org.cn/cmedical/1113795.html,Toxicity|UsePart|Function|Indication|Properties|Meridians,"{""Toxicity"": ""无毒"", ""UsePart"": ""根"", ""Function"": ""温中行气，降逆消食，散寒止痛，截疟。"", ""Indication"": ""中寒脘腹胀满，呕逆，食积不化，疝肿，妇女宫寒不孕，疟疾。"", ""Properties"": ""味辛，性温"", ""Meridians"": ""归脾、胃、肝经""}"
HERB000431,蓖麻油,https://www.dayi.org.cn/cmedical/1113787.html,Toxicity|Properties|Meridians,"{""Toxicity"": ""有毒"", ""Properties"": ""味甘、辛，性平"", ""Meridians"": ""归大肠经""}"
HERB000434,蓖麻叶,https://www.dayi.org.cn/cmedical/1113783.html,Toxicity|UsePart|Function|Indication|Properties,"{""Toxicity"": ""小毒"", ""UsePart"": ""叶"", ""Function"": ""祛风除湿，拔毒消肿。"", ""Indication"": ""脚气，风湿痹痛，肌肤麻痹，痈疮肿毒，疥癣瘙痒，子宫下垂，脱肛，咳嗽痰喘。"", ""Properties"": ""味苦、辛，性平""}"
HERB000430,蓖麻叶,https://www.dayi.org.cn/cmedical/1113783.html,Toxicity|Properties,"{""Toxicity"": ""小毒"", ""Properties"": ""味苦、辛，性平""}"
HERB000456,蝙蝠葛,https://www.dayi.org.cn/cmedical/1113755.html,Properties|Meridians,"{""Properties"": ""味苦，性寒"", ""Meridians"": ""归肝、肺、大肠经""}"
HERB000457,蝙蝠葛根,https://www.dayi.org.cn/cmedical/1113757.html,Toxicity,"{""Toxicity"": ""无毒""}"
HERB000481,扁竹根,https://www.dayi.org.cn/cmedical/1113767.html,Herb_latin_name|Toxicity|UsePart|Function|Indication|Properties|Meridians,"{""Herb_latin_name"": ""Iris japonica Thunb."", ""Toxicity"": ""小毒"", ""UsePart"": ""根茎或根"", ""Function"": ""消食，杀虫，通便，利水，活血，止痛，解毒。"", ""Indication"": ""食积腹胀、虫积腹痛、热结腹痛、热结便秘、水肿、癥瘕、久疟、牙痛、咽喉肿痛、疮肿、瘰疬、跌打损伤、子宫脱垂、蛇犬咬伤。"", ""Properties"": ""味苦、辛，性寒"", ""Meridians"": ""归胃、肝经""}"
HERB000500,冰糖,https://www.dayi.org.cn/cmedical/1113793.html,Toxicity|UsePart|Function|Indication,"{""Toxicity"": ""无毒"", ""UsePart"": ""甘蔗茎提取精制而成的冰块状结晶"", ""Function"": ""补中和胃，润肺止咳。"", ""Indication"": ""脾胃气虚，肺燥咳嗽或痰中带血。""}"
HERB000506,菠菜,https://www.dayi.org.cn/cmedical/1124366.html,Toxicity|Properties|Meridians,"{""Toxicity"": ""无毒"", ""Properties"": ""味甘，性平"", ""Meridians"": ""归肝、胃、大肠、小肠经""}"
HERB000510,薄荷油,https://www.dayi.org.cn/cmedical/1113819.html,Toxicity|UsePart|Function|Indication|Properties,"{""Toxicity"": ""无毒"", ""UsePart"": ""鲜茎叶经蒸馏而得的挥发油"", ""Function"": ""具有疏风、清热的功效。"", ""Indication"": ""主治外感风热、头痛目赤、咽痛、齿痛、皮肤风痒。"", ""Properties"": ""味辛，性凉""}"
HERB000508,薄荷,https://www.dayi.org.cn/cmedical/300144.html,Toxicity,"{""Toxicity"": ""无毒""}"
HERB000511,伯乐树,https://www.dayi.org.cn/cmedical/1113817.html,Properties,"{""Properties"": ""味甘、辛，性平""}"
HERB000520,博落回,https://www.dayi.org.cn/cmedical/1113825.html,Toxicity|Properties,"{""Toxicity"": ""大毒"", ""Properties"": ""味苦、辛，性寒""}"
HERB000550,补血草,https://www.dayi.org.cn/cmedical/1113839.html,Properties,"{""Properties"": ""味微苦、咸，性凉""}"
HERB000558,菜豆树,https://www.dayi.org.cn/cmedical/1113847.html,Properties,"{""Properties"": ""味苦，性寒""}"
HERB000561,苍耳,https://www.dayi.org.cn/cmedical/1113870.html,Toxicity|UsePart|Function|Indication|Properties|Meridians,"{""Toxicity"": ""有小毒"", ""UsePart"": ""全草"", ""Function"": ""祛风，散热，除湿，解毒。"", ""Indication"": ""感冒，头风，头晕，鼻渊，目赤，目翳，风湿痹痛，拘挛麻木，风癞，疔疮，疥癣，皮肤瘙痒，痔疮，痢疾。"", ""Properties"": ""味苦、辛，性微寒"", ""Meridians"": ""归肺、脾、肝经""}"
HERB000553,布渣叶,https://www.dayi.org.cn/cmedical/300157.html,Herb_latin_name|UsePart|Function|Indication|Properties|Meridians,"{""Herb_latin_name"": ""Microctis Folium"", ""UsePart"": ""叶"", ""Function"": ""消食化滞，清热利湿。"", ""Indication"": ""布渣叶主要用于治疗饮食积滞，感冒发热，湿热黄疸。"", ""Properties"": ""味微酸，性凉，"", ""Meridians"": ""归脾、胃经""}"
HERB000566,蚕豆壳,https://www.dayi.org.cn/cmedical/1113857.html,UsePart|Function|Indication|Properties,"{""UsePart"": ""种皮"", ""Function"": ""利水渗湿，止血，解毒。"", ""Indication"": ""主治水肿，脚气，小便不利，吐血，胎漏，下血，天泡疮，黄水疮，瘰疬。"", ""Properties"": ""味甘、淡，性平""}"
HERB000563,蚕豆,https://www.dayi.org.cn/cmedical/1113849.html,Properties|Meridians,"{""Properties"": ""味甘、微辛，性平，"", ""Meridians"": ""归脾、胃经""}"
HERB000577,苍耳,https://www.dayi.org.cn/cmedical/1113870.html,Toxicity|Properties|Meridians,"{""Toxicity"": ""有小毒"", ""Properties"": ""味苦、辛，性微寒"", ""Meridians"": ""归肺、脾、肝经""}"
HERB000568,蚕茧,https://www.dayi.org.cn/cmedical/1118000.html,Toxicity|Properties|Meridians,"{""Toxicity"": ""无毒"", ""Properties"": ""味甘，性温，"", ""Meridians"": ""归肝、胃经""}"
HERB000570,蚕沙,https://www.dayi.org.cn/cmedical/300158.html,Herb_latin_name|UsePart|Function|Properties|Meridians,"{""Herb_latin_name"": ""Bombycis Faeces"", ""UsePart"": ""幼虫的粪便"", ""Function"": ""祛风除湿，和胃化湿。"", ""Properties"": ""性温，味甘、辛，"", ""Meridians"": ""归肝、脾、胃经""}"
HERB000571,蝉蜕,https://www.dayi.org.cn/cmedical/300169.html,UsePart|Indication,"{""UsePart"": ""皮壳"", ""Indication"": ""主要用于风热感冒，咽痛音哑，麻疹不透，风疹瘙痒，目赤翳障，惊风抽搐，破伤风。""}"
HERB000578,苍耳根,https://www.dayi.org.cn/cmedical/1113865.html,Toxicity|UsePart|Function|Indication|Properties,"{""Toxicity"": ""有小毒"", ""UsePart"": ""根"", ""Function"": ""清热解毒，利湿。"", ""Indication"": ""疔疮，痈疽，丹毒，缠喉风，阑尾炎，宫颈炎，痢疾，肾炎水肿，乳糜尿，风湿痹痛。"", ""Properties"": ""味微苦，性平""}"
HERB000580,苍耳子,https://www.dayi.org.cn/cmedical/300159.html,UsePart,"{""UsePart"": ""果实""}"
HERB000588,草苁蓉,https://www.dayi.org.cn/cmedical/1113879.html,Herb_latin_name|UsePart|Function|Properties|Meridians,"{""Herb_latin_name"": ""Herba Boschniakiae Rossicae"", ""UsePart"": ""全草"", ""Function"": ""补肾壮阳，润肠通便，止血。"", ""Properties"": ""味甘、咸，性温"", ""Meridians"": ""归肾、大肠经""}"
HERB000593,草菇,https://www.dayi.org.cn/cmedical/1115792.html,Properties|Meridians,"{""Properties"": ""味甘，性寒，"", ""Meridians"": ""归脾、胃经""}"
HERB000594,草果,https://www.dayi.org.cn/cmedical/300163.html,UsePart,"{""UsePart"": ""成熟果实""}"
HERB000595,草胡椒,https://www.dayi.org.cn/cmedical/1115761.html,Properties|Meridians,"{""Properties"": ""味辛，性凉"", ""Meridians"": ""归肝、肺经""}"
HERB000604,草乌,https://www.dayi.org.cn/cmedical/300165.html,UsePart,"{""UsePart"": ""块根""}"
HERB000613,海风藤,https://www.dayi.org.cn/cmedical/301169.html,Herb_latin_name|Therapeutic_cn_class|UsePart|Function|Indication|Properties|Meridians,"{""Herb_latin_name"": ""Piperis Kadsurae Caulis"", ""Therapeutic_cn_class"": ""祛风寒湿药"", ""UsePart"": ""藤茎"", ""Function"": ""风寒湿痹、肢节疼痛、筋脉拘挛、屈伸不利。"", ""Indication"": ""主治风寒湿痹、肢节疼痛、筋脉拘挛、屈伸不利、跌打损伤、局部肿痛。"", ""Properties"": ""味辛、苦，性微温"", ""Meridians"": ""归肝经""}"
HERB000619,茶花,https://www.dayi.org.cn/cmedical/1115980.html,Properties|Meridians,"{""Properties"": ""味微苦，性凉"", ""Meridians"": ""归肺、肝经""}"
HERB000629,茶条槭,https://www.dayi.org.cn/cmedical/1116694.html,Properties|Meridians,"{""Properties"": ""味苦，性寒"", ""Meridians"": ""归肝经""}"
HERB000628,茶树根,https://www.dayi.org.cn/cmedical/1113911.html,Properties|Meridians,"{""Properties"": ""味苦，性凉"", ""Meridians"": ""归心、肝、肺经""}"
HERB000633,茶油,https://www.dayi.org.cn/cmedical/1113908.html,Function|Indication|Properties|Meridians,"{""Function"": ""具有清热解毒、润肠、杀虫的功效。"", ""Indication"": ""主治痧气腹痛、便秘、蛔虫腹痛、蛔虫性肠梗阻、疥癣、汤火伤。"", ""Properties"": ""味甘、苦，性凉，"", ""Meridians"": ""归大肠经""}"
HERB000632,茶叶,https://www.dayi.org.cn/cmedical/1113915.html,Toxicity,"{""Toxicity"": ""无毒""}"
HERB000636,茶子心,https://www.dayi.org.cn/cmedical/1113919.html,Herb_latin_name|Toxicity|UsePart|Function|Indication|Properties|Meridians,"{""Herb_latin_name"": ""Camellia oleifera Abel"", ""Toxicity"": ""有微毒"", ""UsePart"": ""成熟种子"", ""Function"": ""行气导滞，清热杀虫。"", ""Indication"": ""气滞腹痛，泄泻；皮肤瘙痒、烫火伤。"", ""Properties"": ""味苦，性平"", ""Meridians"": ""归脾、肾经""}"
HERB000645,蟾蜍,https://www.dayi.org.cn/cmedical/1118092.html,Toxicity|Properties|Meridians,"{""Toxicity"": ""有毒"", ""Properties"": ""味辛，性凉，"", ""Meridians"": ""归心、肝、脾、肺经""}"
HERB000653,蝉翼藤,https://www.dayi.org.cn/cmedical/1113904.html,Properties,"{""Properties"": ""味辛、苦，性微寒""}"
HERB000656,长瓣金莲花,https://www.dayi.org.cn/cmedical/305750.html,Properties,"{""Properties"": ""味苦，性寒。入肺经""}"
HERB000663,长春花,https://www.dayi.org.cn/cmedical/305754.html,Toxicity|Properties|Meridians,"{""Toxicity"": ""有毒"", ""Properties"": ""味苦，性寒"", ""Meridians"": ""归肝、肾经""}"
HERB000664,常春藤,https://www.dayi.org.cn/cmedical/1113896.html,Properties|Meridians,"{""Properties"": ""味苦、涩，性平，"", ""Meridians"": ""归肾经""}"
HERB000665,常春油麻藤,https://www.dayi.org.cn/cmedical/1113898.html,Toxicity|Properties,"{""Toxicity"": ""无毒"", ""Properties"": ""味甘、微苦，性温""}"
HERB000677,长管香茶菜,https://www.dayi.org.cn/cmedical/305766.html,Toxicity|Properties|Meridians,"{""Toxicity"": ""无毒"", ""Properties"": ""味苦，性寒。"", ""Meridians"": ""归肝、肾经""}"
HERB000714,长尾复叶耳蕨,https://www.dayi.org.cn/cmedical/305778.html,Properties,"{""Properties"": ""味苦，性寒。入胃、肾经""}"
HERB000716,香茅,https://www.dayi.org.cn/cmedical/304681.html,Toxicity|UsePart|Function|Indication|Properties|Meridians,"{""Toxicity"": ""无毒"", ""UsePart"": ""全草"", ""Function"": ""祛风通络，温中止痛，止泻。"", ""Indication"": ""感冒头身疼痛，风寒湿痹，脘腹冷痛，泄泻，跌打损伤。"", ""Properties"": ""味甘、辛，性温"", ""Meridians"": ""归肺、膀胱、胃经""}"
HERB000742,当归,https://www.dayi.org.cn/cmedical/300362.html,Herb_latin_name|Toxicity|Therapeutic_cn_class|UsePart|Function|Indication|Properties|Meridians,"{""Herb_latin_name"": ""Angelicae Sinensis Radix"", ""Toxicity"": ""无毒"", ""Therapeutic_cn_class"": ""补血药"", ""UsePart"": ""根"", ""Function"": ""本品具有补血活血，调经止痛，润肠通便的功效。"", ""Indication"": ""主治血虚萎黄，眩晕心悸，月经不调，经闭痛经，虚寒腹痛，风湿痹痛，跌扑损伤，痈疽疮疡，肠燥便秘等。"", ""Properties"": ""味甘、辛，性温"", ""Meridians"": ""归肝、心、脾经""}"
HERB000733,长叶水麻,https://www.dayi.org.cn/cmedical/305785.html,Properties,"{""Properties"": ""味辛、苦，性凉""}"
HERB000744,潮风草,https://www.dayi.org.cn/cmedical/1117671.html,Properties|Meridians,"{""Properties"": ""味苦、咸，性寒"", ""Meridians"": ""归胃、肝、肺经""}"
HERB000740,唐松草,https://www.dayi.org.cn/cmedical/1116069.html,UsePart|Function|Indication|Properties|Meridians,"{""UsePart"": ""根及根茎"", ""Function"": ""清热泻火，燥湿解毒。"", ""Indication"": ""唐松草主要用于治疗热病心烦，湿热泻痢，肺热咳嗽，目赤肿痛，痈肿疮疖。"", ""Properties"": ""味苦，性寒，"", ""Meridians"": ""归心、肝、大肠经""}"
HERB000766,车前,https://www.dayi.org.cn/cmedical/1113935.html,Properties|Meridians,"{""Properties"": ""味甘，性寒，"", ""Meridians"": ""归肝、肾、肺、小肠经""}"
HERB000767,车前草,https://www.dayi.org.cn/cmedical/300172.html,UsePart,"{""UsePart"": ""全草""}"
HERB000770,车前子,https://www.dayi.org.cn/cmedical/300173.html,UsePart,"{""UsePart"": ""种子""}"
HERB000775,陈皮,https://www.dayi.org.cn/cmedical/300175.html,UsePart,"{""UsePart"": ""成熟果皮""}"
HERB000783,柽柳,https://www.dayi.org.cn/cmedical/300176.html,Toxicity,"{""Toxicity"": ""无毒""}"
HERB000779,秤杆草,https://www.dayi.org.cn/cmedical/1113914.html,Properties,"{""Properties"": ""味微酸、涩，性凉""}"
HERB000794,赤茯苓,https://www.dayi.org.cn/cmedical/1113943.html,Herb_latin_name|UsePart|Function|Indication|Properties|Meridians,"{""Herb_latin_name"": ""Poria Rubra"", ""UsePart"": ""菌核的淡红色部分"", ""Function"": ""行水，利湿热。"", ""Indication"": ""小便不利，水肿，淋浊，泄泻。"", ""Properties"": ""味甘、淡，性平"", ""Meridians"": ""归心、脾、膀胱经""}"
HERB000797,翅果藤,https://www.dayi.org.cn/cmedical/1116103.html,Properties,"{""Properties"": ""甘，苦，辛""}"
HERB000800,赤芍,https://www.dayi.org.cn/cmedical/300177.html,UsePart,"{""UsePart"": ""根""}"
HERB000803,赤石脂,https://www.dayi.org.cn/cmedical/300178.html,UsePart,"{""UsePart"": ""四水硅酸铝""}"
HERB000802,赤芍药,https://www.dayi.org.cn/cmedical/1113945.html,UsePart|Function|Indication|Properties|Meridians,"{""UsePart"": ""根"", ""Function"": ""清热凉血，散瘀止痛。"", ""Indication"": ""赤芍药主要用于治疗热入营血，温毒发斑，吐血衄血，目赤肿痛，肝郁胁痛，经闭痛经，癥瘕腹痛，跌仆损伤，痈肿疮疡。"", ""Properties"": ""味苦，性微寒，"", ""Meridians"": ""归肝经""}"
HERB000799,赤楠,https://www.dayi.org.cn/cmedical/1113942.html,Properties|Meridians,"{""Properties"": ""味甘，性平"", ""Meridians"": ""归脾、肾、肝经""}"
HERB000806,赤小豆,https://www.dayi.org.cn/cmedical/300179.html,Toxicity|UsePart,"{""Toxicity"": ""无毒"", ""UsePart"": ""成熟种子""}"
HERB000808,赤阳子,https://www.dayi.org.cn/cmedical/1113954.html,Herb_latin_name|UsePart|Function|Indication|Properties,"{""Herb_latin_name"": ""Pyracantha fortuneana（ Maxim.）Li"", ""UsePart"": ""果实"", ""Function"": ""健脾消积，收敛止痢，止痛。"", ""Indication"": ""主要用于痞块，食积停滞，脘腹胀满，泄泻，痢疾，崩漏，带下，跌打损伤。"", ""Properties"": ""味酸、涩，性平""}"
HERB000809,齿叶草,https://www.dayi.org.cn/cmedical/1113956.html,Toxicity|Properties,"{""Toxicity"": ""有小毒"", ""Properties"": ""味苦，性凉""}"
HERB000813,齿叶橐吾,https://www.dayi.org.cn/cmedical/1117429.html,Properties,"{""Properties"": ""味辛，性微温""}"
HERB000814,虫白蜡,https://www.dayi.org.cn/cmedical/300181.html,Toxicity|Properties|Meridians,"{""Toxicity"": ""无毒"", ""Properties"": ""味甘、淡，性温"", ""Meridians"": ""归肝经""}"
HERB000817,重唇鱼,https://www.dayi.org.cn/cmedical/305885.html,Toxicity|Properties|Meridians,"{""Toxicity"": ""无毒"", ""Properties"": ""味甘，性平。"", ""Meridians"": ""归脾、肾经""}"
HERB000822,茺蔚子,https://www.dayi.org.cn/cmedical/300180.html,Toxicity|UsePart,"{""Toxicity"": ""小毒"", ""UsePart"": ""河南、四川、江苏、安徽、湖北、浙江、山东、河北""}"
HERB000818,重楼,https://www.dayi.org.cn/cmedical/305886.html,Toxicity|Properties|Meridians,"{""Toxicity"": ""有小毒"", ""Properties"": ""味苦，性微寒"", ""Meridians"": ""归肝经""}"
HERB000825,臭柏,https://www.dayi.org.cn/cmedical/1113623.html,Properties|Meridians,"{""Properties"": ""味辛、苦，性平"", ""Meridians"": ""归肝、肾经""}"
HERB000829,臭茉莉,https://www.dayi.org.cn/cmedical/1113642.html,Properties,"{""Properties"": ""味苦、辛，性微温""}"
HERB000826,臭草,https://www.dayi.org.cn/cmedical/1113632.html,Properties,"{""Properties"": ""味辛、微苦，性寒""}"
HERB000830,臭牡丹,https://www.dayi.org.cn/cmedical/1113646.html,Properties|Meridians,"{""Properties"": ""味辛、微苦，性平"", ""Meridians"": ""归心、肝、脾经""}"
HERB000831,臭牡丹根,https://www.dayi.org.cn/cmedical/1113644.html,UsePart|Function|Indication|Properties,"{""UsePart"": ""根"", ""Function"": ""行气健脾，祛风除湿，消肿解毒。"", ""Indication"": ""食滞腹胀，头昏，虚咳，久痢脱肛，肠痔下血，淋浊带下，风湿痛，脚气，痈疽肿毒，漆疮，高血压病。"", ""Properties"": ""味辛、苦，性温""}"
HERB000833,臭山羊,https://www.dayi.org.cn/cmedical/1113650.html,Toxicity|Properties|Meridians,"{""Toxicity"": ""无毒"", ""Properties"": ""味苦、辛，性凉。归肺"", ""Meridians"": ""胃；肾；大肠经""}"
HERB000835,臭梧桐,https://www.dayi.org.cn/cmedical/300183.html,Meridians,"{""Meridians"": ""归肝经""}"
HERB000842,楮实子,https://www.dayi.org.cn/cmedical/1155640.html,Herb_latin_name|UsePart|Function|Indication|Properties|Meridians,"{""Herb_latin_name"": ""Broussonetiae Fructus"", ""UsePart"": ""成熟果实"", ""Function"": ""补肾清肝，明目，利尿。"", ""Indication"": ""肝肾不足，腰膝酸软，虚劳骨蒸，头晕目昏，目生翳膜，水肿胀满。"", ""Properties"": ""味甘，性寒"", ""Meridians"": ""归肝、肾经""}"
HERB000853,川党参,https://www.dayi.org.cn/cmedical/1113661.html,Properties,"{""Properties"": ""性平，味甘、微酸。""}"
HERB000860,川防风,https://www.dayi.org.cn/cmedical/1113666.html,UsePart|Function|Indication|Properties|Meridians,"{""UsePart"": ""根"", ""Function"": ""发表，祛风，胜湿，止痛。"", ""Indication"": ""风寒感冒，感冒夹湿，头痛，昏眩，寒湿腹痛，泄泻，风湿痹痛，四肢拘挛，破伤风，目赤，疮疡，疝瘕，疥癣，风疹。"", ""Properties"": ""味辛、微甘，性温"", ""Meridians"": ""归肺、膀胱、肝、脾经""}"
HERB000870,川木通,https://www.dayi.org.cn/cmedical/300187.html,UsePart|Properties|Meridians,"{""UsePart"": ""藤茎"", ""Properties"": ""味苦，性寒"", ""Meridians"": ""归心、小肠、膀胱经""}"
HERB000871,川木香,https://www.dayi.org.cn/cmedical/300188.html,Properties|Meridians,"{""Properties"": ""味辛、苦，性温"", ""Meridians"": ""归脾、胃、大肠、胆经""}"
HERB000873,穿破石,https://www.dayi.org.cn/cmedical/1113671.html,UsePart,"{""UsePart"": ""根""}"
HERB000877,穿山龙,https://www.dayi.org.cn/cmedical/300193.html,UsePart,"{""UsePart"": ""根茎""}"
HERB000881,川乌,https://www.dayi.org.cn/cmedical/300191.html,UsePart,"{""UsePart"": ""母根""}"
HERB000879,川射干,https://www.dayi.org.cn/cmedical/300190.html,UsePart|Function|Indication|Properties|Meridians,"{""UsePart"": ""根茎"", ""Function"": ""清热解毒，祛痰，利咽。"", ""Indication"": ""川射干主要用于治疗热毒痰火郁结，咽喉肿痛，痰涎壅盛，咳嗽气喘。"", ""Properties"": ""味苦，性寒，"", ""Meridians"": ""归肺经""}"
HERB000886,船形乌头,https://www.dayi.org.cn/cmedical/1113678.html,Function|Indication,"{""Function"": ""清热利湿。"", ""Indication"": ""主治胃炎，肝炎，肾炎，肠炎。""}"
HERB000898,椿白皮,https://www.dayi.org.cn/cmedical/1113710.html,Properties|Meridians,"{""Properties"": ""味苦、涩，性微寒"", ""Meridians"": ""归大肠、胃经""}"
HERB000891,木防己,https://www.dayi.org.cn/cmedical/302397.html,UsePart|Function|Indication|Properties|Meridians,"{""UsePart"": ""根"", ""Function"": ""祛风除湿，通经活络，解毒消肿。"", ""Indication"": ""用于风湿痹痛，水肿，小便淋痛，闭经，跌打损伤，咽喉肿痛，疮疡肿毒，湿疹，毒蛇咬伤。"", ""Properties"": ""味苦、辛，性寒。"", ""Meridians"": ""归膀胱、肾、脾经""}"
HERB000892,垂盆草,https://www.dayi.org.cn/cmedical/300195.html,UsePart,"{""UsePart"": ""全草""}"
HERB000903,椿皮,https://www.dayi.org.cn/cmedical/300197.html,UsePart,"{""UsePart"": ""根皮或干皮""}"
HERB000900,福寿草,https://www.dayi.org.cn/cmedical/1114111.html,Toxicity|UsePart|Function|Indication|Properties|Meridians,"{""Toxicity"": ""有毒"", ""UsePart"": ""带根全草"", ""Function"": ""强心，利尿，镇静。"", ""Indication"": ""心悸，水肿，癫痫等。"", ""Properties"": ""味苦，性平"", ""Meridians"": ""归心经""}"
HERB000917,刺果苏木,https://www.dayi.org.cn/cmedical/1113746.html,Properties,"{""Properties"": ""广州部队《常用中草药手册》：苦，凉""}"
HERB000921,刺槐花,https://www.dayi.org.cn/cmedical/1113754.html,Properties|Meridians,"{""Properties"": ""味甘，性平"", ""Meridians"": ""归肺、大肠经""}"
HERB000923,刺黄连,https://www.dayi.org.cn/cmedical/1113766.html,UsePart|Function|Indication|Properties|Meridians,"{""UsePart"": ""根和茎"", ""Function"": ""清热解毒，化痰止咳。"", ""Indication"": ""感冒发热，咽喉肿痛，肠炎，痢疾，黄疸，高血压，痨嗽咯血，跌打损伤，牙痛。"", ""Properties"": ""味苦，性寒"", ""Meridians"": ""归肝、胃经""}"
HERB000924,刺蒺藜,https://www.dayi.org.cn/cmedical/1113770.html,Toxicity,"{""Toxicity"": ""有小毒""}"
HERB000927,刺梨,https://www.dayi.org.cn/cmedical/1113764.html,Properties|Meridians,"{""Properties"": ""味酸，微涩，性凉，"", ""Meridians"": ""归胃、脾、肾经""}"
HERB000931,刺南蛇藤,https://www.dayi.org.cn/cmedical/1113796.html,Properties,"{""Properties"": ""《东北常用中草药手册》：甘，平""}"
HERB000933,刺人参,https://www.dayi.org.cn/cmedical/1113810.html,UsePart|Function|Indication|Properties,"{""UsePart"": ""根"", ""Function"": ""补气助阳，止咳，通络。"", ""Indication"": ""气虚体弱，神疲乏力，畏寒肢冷，阳痿，虚咳久嗽，风寒湿痹，糖尿病，高血压病。"", ""Properties"": ""味甘、微苦。性温""}"
HERB000935,磁石,https://www.dayi.org.cn/cmedical/300198.html,UsePart,"{""UsePart"": ""磁铁矿""}"
HERB000936,刺天茄,https://www.dayi.org.cn/cmedical/1113814.html,Toxicity|Properties,"{""Toxicity"": ""有小毒"", ""Properties"": ""味微苦，性寒""}"
HERB000940,刺五加,https://www.dayi.org.cn/cmedical/1155620.html,Toxicity,"{""Toxicity"": ""无毒""}"
HERB000950,葱花,https://www.dayi.org.cn/cmedical/1113836.html,UsePart|Function|Indication|Properties,"{""UsePart"": ""花"", ""Function"": ""散寒通阳。"", ""Indication"": ""葱花主要用于治疗脘腹冷痛，胀满。"", ""Properties"": ""味辛，性温""}"
HERB000954,葱实,https://www.dayi.org.cn/cmedical/1113844.html,UsePart|Function|Indication|Properties,"{""UsePart"": ""种子"", ""Function"": ""温肾，明目，解毒。"", ""Indication"": ""主要用于肾虚阳毒，遗精，目眩，视物昏暗，疮痈。"", ""Properties"": ""味辛，性温""}"
HERB000957,葱汁,https://www.dayi.org.cn/cmedical/1113848.html,Toxicity|UsePart|Function|Indication|Properties|Meridians,"{""Toxicity"": ""无毒"", ""UsePart"": ""茎或全株捣取之汁"", ""Function"": ""散瘀，解毒，驱虫。"", ""Indication"": ""治头痛，衄血，尿血，虫积，痈肿，跌打损伤。"", ""Properties"": ""味辛，性温"", ""Meridians"": ""归肝经""}"
HERB000956,葱叶,https://www.dayi.org.cn/cmedical/1113846.html,UsePart|Function|Indication|Properties|Meridians,"{""UsePart"": ""叶"", ""Function"": ""发汗解表，解毒散肿。"", ""Indication"": ""主治感冒风寒，风水浮肿，疮痈肿痛，跌打损伤。"", ""Properties"": ""味辛，性温，"", ""Meridians"": ""归肺经""}"
HERB000955,葱须,https://www.dayi.org.cn/cmedical/1113842.html,UsePart|Function|Indication|Properties,"{""UsePart"": ""须根"", ""Function"": ""祛风散寒，通气散瘀。"", ""Indication"": ""风寒头痛，喉疮，持疮，冻伤。"", ""Properties"": ""《食疗本草》：平。""}"
HERB000993,粗叶悬钩子,https://www.dayi.org.cn/cmedical/1113864.html,Properties|Meridians,"{""Properties"": ""味甘、淡，性平"", ""Meridians"": ""归胃、肝经""}"
HERB001006,翠雀花,https://www.dayi.org.cn/cmedical/1113869.html,Properties|Meridians,"{""Properties"": ""味苦，性寒"", ""Meridians"": ""归胃经""}"
HERB001016,大草寇,https://www.dayi.org.cn/cmedical/300202.html,Properties,"{""Properties"": ""味苦、辛，性温，入脾、胃经""}"
HERB001013,大白顶草,https://www.dayi.org.cn/cmedical/1113960.html,Toxicity|Properties,"{""Toxicity"": ""有毒"", ""Properties"": ""味甘，性平""}"
HERB001022,大丁草,https://www.dayi.org.cn/cmedical/1113989.html,Properties,"{""Properties"": ""味苦，性寒""}"
HERB001031,大飞扬草,https://www.dayi.org.cn/cmedical/300207.html,Toxicity|Properties|Meridians,"{""Toxicity"": ""小毒"", ""Properties"": ""味辛、酸，性凉，"", ""Meridians"": ""归肺、膀胱、大肠经""}"
HERB001034,大腹皮,https://www.dayi.org.cn/cmedical/300213.html,Herb_latin_name|UsePart|Function|Properties|Meridians,"{""Herb_latin_name"": ""Arecae Pericarpium"", ""UsePart"": ""果皮"", ""Function"": ""行气宽中，行水消肿。"", ""Properties"": ""性微温，味辛，"", ""Meridians"": ""归脾、胃、大肠、小肠经""}"
HERB001032,大风子,https://www.dayi.org.cn/cmedical/300211.html,UsePart|Function|Properties|Meridians,"{""UsePart"": ""种子"", ""Function"": ""祛风燥湿，攻毒杀虫。"", ""Properties"": ""味辛，性热，"", ""Meridians"": ""归肝、脾经""}"
HERB001052,大花剪秋罗,https://www.dayi.org.cn/cmedical/1116063.html,Properties,"{""Properties"": ""味甘，性寒""}"
HERB001061,大花细辛,https://www.dayi.org.cn/cmedical/1113987.html,Properties,"{""Properties"": ""味辛，性温""}"
HERB001074,大蓟,https://www.dayi.org.cn/cmedical/300236.html,UsePart|Indication,"{""UsePart"": ""地上部分"", ""Indication"": ""衄血，吐血，尿血，便血，崩漏外伤出血，痈肿疮毒。""}"
HERB001078,大蓟,https://www.dayi.org.cn/cmedical/300236.html,Herb_latin_name|UsePart|Function|Indication|Properties|Meridians,"{""Herb_latin_name"": ""Cirsii Japonici Herba"", ""UsePart"": ""地上部分"", ""Function"": ""凉血止血，散瘀解毒消痈。"", ""Indication"": ""衄血，吐血，尿血，便血，崩漏外伤出血，痈肿疮毒。"", ""Properties"": ""味甘、苦，性凉"", ""Meridians"": ""归心、肝经""}"
HERB001079,大蓟,https://www.dayi.org.cn/cmedical/300236.html,Properties|Meridians,"{""Properties"": ""味甘、苦，性凉"", ""Meridians"": ""归心、肝经""}"
HERB001080,大蓟,https://www.dayi.org.cn/cmedical/300236.html,Properties|Meridians,"{""Properties"": ""味甘、苦，性凉"", ""Meridians"": ""归心、肝经""}"
HERB001077,大蓟,https://www.dayi.org.cn/cmedical/300236.html,Herb_latin_name|UsePart|Function|Indication|Properties|Meridians,"{""Herb_latin_name"": ""Cirsii Japonici Herba"", ""UsePart"": ""地上部分"", ""Function"": ""凉血止血，散瘀解毒消痈。"", ""Indication"": ""衄血，吐血，尿血，便血，崩漏外伤出血，痈肿疮毒。"", ""Properties"": ""味甘、苦，性凉"", ""Meridians"": ""归心、肝经""}"
HERB001082,大金钱草,https://www.dayi.org.cn/cmedical/1113523.html,Properties|Meridians,"{""Properties"": ""味甘、淡，性平，"", ""Meridians"": ""归肝、胆、肾、膀胱经""}"
HERB001081,大金牛草,https://www.dayi.org.cn/cmedical/1113522.html,Properties|Meridians,"{""Properties"": ""味辛、甘，性平"", ""Meridians"": ""归肺、脾经""}"
HERB001084,大丽花,https://www.dayi.org.cn/cmedical/300248.html,Properties,"{""Properties"": ""味辛、甘，性平""}"
HERB001097,打破碗花花,https://www.dayi.org.cn/cmedical/1114013.html,Toxicity|Properties|Meridians,"{""Toxicity"": ""有毒"", ""Properties"": ""味苦、辛，性凉"", ""Meridians"": ""归脾、胃、大肠经""}"
HERB001103,大三叶升麻,https://www.dayi.org.cn/cmedical/1116013.html,Properties,"{""Properties"": ""味甘、辛，性微寒""}"
HERB001111,大尾摇,https://www.dayi.org.cn/cmedical/300281.html,Properties,"{""Properties"": ""味苦，性平""}"
HERB001120,大叶菜,https://www.dayi.org.cn/cmedical/1114026.html,Properties|Meridians,"{""Properties"": ""味涩，性温"", ""Meridians"": ""归肺经""}"
HERB001119,大叶白头翁,https://www.dayi.org.cn/cmedical/300290.html,Properties,"{""Properties"": ""味苦、辛，性凉""}"
HERB001126,大叶钩藤根,https://www.dayi.org.cn/cmedical/1114029.html,UsePart|Function|Indication|Properties,"{""UsePart"": ""根"", ""Function"": ""舒筋活血。"", ""Indication"": ""治风湿性关节炎，坐骨神经痛，跌打损伤。"", ""Properties"": ""味甘、苦，性凉""}"
HERB001125,大叶钩藤,https://www.dayi.org.cn/cmedical/1114028.html,Properties|Meridians,"{""Properties"": ""味甘，性凉"", ""Meridians"": ""归肝、心包经""}"
HERB001130,大叶花椒,https://www.dayi.org.cn/cmedical/300294.html,Toxicity|Properties,"{""Toxicity"": ""小毒"", ""Properties"": ""味辛，性温""}"
HERB001127,大叶骨碎补,https://www.dayi.org.cn/cmedical/300293.html,Properties,"{""Properties"": ""味苦，性温""}"
HERB001132,大叶金花草,https://www.dayi.org.cn/cmedical/1114036.html,Properties|Meridians,"{""Properties"": ""味微苦，性寒，"", ""Meridians"": ""归肝、肺、大肠经""}"
HERB001135,大叶苣荬菜,https://www.dayi.org.cn/cmedical/300301.html,Toxicity|UsePart|Function|Indication|Properties,"{""Toxicity"": ""无毒"", ""UsePart"": ""全草或根"", ""Function"": ""清热解毒，止血。"", ""Indication"": ""主治疮疡肿毒，小儿咳喘，肺痨咳血。"", ""Properties"": ""味苦，性寒""}"
HERB001153,大叶香薷,https://www.dayi.org.cn/cmedical/1114034.html,Properties|Meridians,"{""Properties"": ""味苦、微辛，性温，"", ""Meridians"": ""归肺、大肠、肝经""}"
HERB001151,大叶仙茅,https://www.dayi.org.cn/cmedical/1116981.html,Toxicity|Properties,"{""Toxicity"": ""小毒"", ""Properties"": ""味苦、涩，性平""}"
HERB001159,大叶醉鱼草,https://www.dayi.org.cn/cmedical/1117031.html,Toxicity|Properties,"{""Toxicity"": ""有毒"", ""Properties"": ""味辛、微苦，性温""}"
HERB001172,玳瑁,https://www.dayi.org.cn/cmedical/1117827.html,Toxicity|UsePart|Indication,"{""Toxicity"": ""无毒"", ""UsePart"": ""背甲"", ""Indication"": ""用于热病发狂，谵语，小儿惊风，痈肿疮毒。""}"
HERB001171,玳玳花,https://www.dayi.org.cn/cmedical/300330.html,UsePart|Function|Properties|Meridians,"{""UsePart"": ""花蕾"", ""Function"": ""理气宽胸，和胃止呕。"", ""Properties"": ""味辛、甘、微苦，性平，"", ""Meridians"": ""归脾、胃经""}"
HERB001173,代赭石,https://www.dayi.org.cn/cmedical/300329.html,UsePart,"{""UsePart"": ""三氧化二铁""}"
HERB001175,淡豆豉,https://www.dayi.org.cn/cmedical/300353.html,UsePart,"{""UsePart"": ""成熟种子""}"
HERB001176,胆矾,https://www.dayi.org.cn/cmedical/1117772.html,UsePart,"{""UsePart"": ""人工制成的含水硫酸铜""}"
HERB001192,胆南星,https://www.dayi.org.cn/cmedical/1117404.html,UsePart|Meridians,"{""UsePart"": ""天南星的细粉与牛、羊或猪胆汁"", ""Meridians"": ""归肺、肝、脾经""}"
HERB001196,胆星,https://www.dayi.org.cn/cmedical/300351.html,Toxicity|Meridians,"{""Toxicity"": ""有毒（《本草再新》）"", ""Meridians"": ""归肝、胆、肺经""}"
HERB001193,丹参,https://www.dayi.org.cn/cmedical/300337.html,Toxicity,"{""Toxicity"": ""无毒""}"
HERB001195,单条草,https://www.dayi.org.cn/cmedical/300347.html,Toxicity|Properties,"{""Toxicity"": ""有毒"", ""Properties"": ""味苦，性凉""}"
HERB001210,当归,https://www.dayi.org.cn/cmedical/300362.html,Toxicity,"{""Toxicity"": ""无毒""}"
HERB001214,稻草,https://www.dayi.org.cn/cmedical/300388.html,Properties|Meridians,"{""Properties"": ""味辛，性温。"", ""Meridians"": ""归脾、肺经""}"
HERB001215,刀豆,https://www.dayi.org.cn/cmedical/300366.html,Toxicity|Properties|Meridians,"{""Toxicity"": ""无毒"", ""Properties"": ""味甘，性温，"", ""Meridians"": ""归胃、肾经""}"
HERB001217,倒扣草,https://www.dayi.org.cn/cmedical/300379.html,Function|Indication|Properties|Meridians,"{""Function"": ""活血化瘀，利尿通淋，清热解表。"", ""Indication"": ""用于经闭，痛经，月经不调，跌打损伤，风湿关节痛，淋病，水肿，湿热带下，外感发热，疟疾，咽痛，疔疮痈肿。"", ""Properties"": ""味苦、酸，性微寒。"", ""Meridians"": ""归肝、肺、膀胱经""}"
HERB001232,灯笼草,https://www.dayi.org.cn/cmedical/1113941.html,Properties,"{""Properties"": ""味苦，性凉""}"
HERB001233,灯台树,https://www.dayi.org.cn/cmedical/300397.html,Properties|Meridians,"{""Properties"": ""味微苦，性凉。"", ""Meridians"": ""归肺经""}"
HERB001243,地丁,https://www.dayi.org.cn/cmedical/1114046.html,Function|Indication,"{""Function"": ""清热解毒，凉血消肿。"", ""Indication"": ""主要用于治疗疔疮肿毒，痈疽发背，丹毒，毒蛇咬伤。""}"
HERB001241,地不容,https://www.dayi.org.cn/cmedical/300410.html,Toxicity|Properties|Meridians,"{""Toxicity"": ""有毒"", ""Properties"": ""味苦，性寒"", ""Meridians"": ""归肝、胃经""}"
HERB001247,地肤子,https://www.dayi.org.cn/cmedical/300420.html,UsePart,"{""UsePart"": ""成熟果实""}"
HERB001244,地耳草,https://www.dayi.org.cn/cmedical/1114047.html,Properties|Meridians,"{""Properties"": ""味苦、辛，性平"", ""Meridians"": ""归肝、胆经""}"
HERB001249,地骨皮,https://www.dayi.org.cn/cmedical/1113972.html,UsePart,"{""UsePart"": ""根皮""}"
HERB001251,地黄,https://www.dayi.org.cn/cmedical/300433.html,Herb_latin_name|UsePart|Function|Indication|Properties|Meridians,"{""Herb_latin_name"": ""Rehmanniae Radix"", ""UsePart"": ""块根"", ""Function"": ""1、鲜地黄：清热生津，凉血止血。\n2、生地黄：清热凉血，养阴生津。"", ""Indication"": ""1、鲜地黄：用于热病伤阴，舌绛烦渴，温毒发斑，吐血衄血，咽喉肿痛。\n2、生地黄：用于热入营血，温毒发斑，吐血衄血，热病伤阴，舌绛烦渴，津伤便秘，阴虚发热，骨蒸劳热，内热消渴。"", ""Properties"": ""鲜地黄味甘、苦，性寒，归心、肝、肾经"", ""Meridians"": ""生地黄味甘，性寒，归心、肝、肾经""}"
HERB001253,地锦,https://www.dayi.org.cn/cmedical/300439.html,Properties,"{""Properties"": ""味辛、微涩，性温""}"
HERB001252,地椒,https://www.dayi.org.cn/cmedical/300438.html,Toxicity|UsePart|Function|Indication|Properties|Meridians,"{""Toxicity"": ""小毒"", ""UsePart"": ""地上部分"", ""Function"": ""温中散寒，祛风止痛。"", ""Indication"": ""主治吐逆，腹痛，泄泻，食少痞胀，风寒咳嗽，咽肿，周身疼痛。"", ""Properties"": ""味辛，性温"", ""Meridians"": ""归肺、胃经""}"
HERB001258,地钱,https://www.dayi.org.cn/cmedical/300456.html,Function|Indication|Properties|Meridians,"{""Function"": ""清热利湿，解毒敛疮。"", ""Indication"": ""湿热黄疸，疮痈肿毒，毒蛇咬伤，水火烫伤，骨折，刀伤。"", ""Properties"": ""味淡，性凉。"", ""Meridians"": ""归肝、胃经""}"
HERB001259,地梢瓜,https://www.dayi.org.cn/cmedical/300461.html,Properties,"{""Properties"": ""味甘，性凉""}"
HERB001267,地桃花,https://www.dayi.org.cn/cmedical/300466.html,Toxicity|Properties|Meridians,"{""Toxicity"": ""无毒"", ""Properties"": ""味甘、辛，性平"", ""Meridians"": ""归脾、肺经""}"
HERB001266,棣棠花,https://www.dayi.org.cn/cmedical/300479.html,Toxicity|Properties|Meridians,"{""Toxicity"": ""无毒（棣棠花）"", ""Properties"": ""味微苦、涩，性平。"", ""Meridians"": ""归肺、脾、胃经""}"
HERB001292,颠茄草,https://www.dayi.org.cn/cmedical/300515.html,Indication,"{""Indication"": ""胃及十二指肠溃疡，胃肠道、肾、胆绞痛，呕恶，盗汗，流涎。""}"
HERB001309,丁香,https://www.dayi.org.cn/cmedical/300549.html,Toxicity,"{""Toxicity"": ""无毒""}"
HERB001308,丁茄,https://www.dayi.org.cn/cmedical/300548.html,Toxicity|Properties|Meridians,"{""Toxicity"": ""有毒"", ""Properties"": ""味苦、辛，性微温，"", ""Meridians"": ""归肺、胃经""}"
HERB001312,丁香罗勒,https://www.dayi.org.cn/cmedical/300554.html,UsePart|Function|Indication|Properties,"{""UsePart"": ""地上部分"", ""Function"": ""发汗解表，祛风利湿，散瘀止痛。"", ""Indication"": ""丁香罗勒主要用于治疗风寒感冒，头痛，胃胀腹痛，消化不良，肠鸣腹泻，跌打肿痛，风湿性关节炎。"", ""Properties"": ""味辛，凉""}"
HERB001311,丁香露,https://www.dayi.org.cn/cmedical/300553.html,Toxicity|Function|Indication|Properties,"{""Toxicity"": ""无毒"", ""Function"": ""温中散寒，理气止痛。"", ""Indication"": ""主治寒澼，胃痛。"", ""Properties"": ""味微辛，性微温""}"
HERB001310,丁香根,https://www.dayi.org.cn/cmedical/300550.html,Toxicity|UsePart|Function|Indication|Properties|Meridians,"{""Toxicity"": ""小毒"", ""UsePart"": ""树根"", ""Function"": ""散热解毒。"", ""Indication"": ""风热肿毒。"", ""Properties"": ""味辛，性平，"", ""Meridians"": ""归肺经""}"
HERB001314,丁香树皮,https://www.dayi.org.cn/cmedical/300555.html,Herb_latin_name|Toxicity|UsePart|Function|Indication|Properties|Meridians,"{""Herb_latin_name"": ""Syzygium aromaticum(L.) Merr. Et Perry"", ""Toxicity"": ""无毒"", ""UsePart"": ""树皮"", ""Function"": ""散寒理气，止痛止泻。"", ""Indication"": ""中寒脘腹痛胀，泄泻，齿痛。"", ""Properties"": ""味辛，性温，"", ""Meridians"": ""归脾、胃经""}"
HERB001316,丁香油,https://www.dayi.org.cn/cmedical/300556.html,Toxicity|Indication,"{""Toxicity"": ""无毒"", ""Indication"": ""胃寒胀痛，呃逆，吐血，痹痛，疝痛，口臭，牙痛。""}"
HERB001317,丁香枝,https://www.dayi.org.cn/cmedical/300557.html,Herb_latin_name|Toxicity|UsePart|Function|Indication|Properties|Meridians,"{""Herb_latin_name"": ""Syzygium aromaticum(L.) Merr.Et Perry"", ""Toxicity"": ""无毒"", ""UsePart"": ""树枝"", ""Function"": ""理气散寒，温中止泻。"", ""Indication"": ""脘腹胀满，恶心，泄泻虚滑，水谷不消。"", ""Properties"": ""味辛，性平，"", ""Meridians"": ""归脾、胃经""}"
HERB001326,东北雷公藤,https://www.dayi.org.cn/cmedical/300573.html,Herb_latin_name|Toxicity|UsePart|Function|Indication|Properties|Meridians,"{""Herb_latin_name"": ""Tripterygium regelii Spragus et Takeda"", ""Toxicity"": ""有毒"", ""UsePart"": ""根、全株"", ""Function"": ""祛风除湿，利水消肿，杀虫解毒。"", ""Indication"": ""主治类风湿性关节炎，臌胀水肿，黄疸，痞积，跌打损伤，瘰疬，疮疡肿痛，头癣，皮肤瘙痒，毒蛇咬伤。"", ""Properties"": ""味苦、辛，性凉"", ""Meridians"": ""归肝、胆、脾经""}"
HERB001331,东北延胡索,https://www.dayi.org.cn/cmedical/300577.html,Properties|Meridians,"{""Properties"": ""味辛、苦，性温，"", ""Meridians"": ""归肝、胃经""}"
HERB001334,东当归,https://www.dayi.org.cn/cmedical/300580.html,Properties,"{""Properties"": ""味辛、甘，性温""}"
HERB001352,东风菜,https://www.dayi.org.cn/cmedical/300585.html,Properties,"{""Properties"": ""味辛、甘，性寒""}"
HERB001353,东风橘根,https://www.dayi.org.cn/cmedical/300589.html,Properties|Meridians,"{""Properties"": ""味辛，性温"", ""Meridians"": ""归肺、脾、胃经""}"
HERB001357,冬瓜子,https://www.dayi.org.cn/cmedical/1114060.html,UsePart|Function|Properties|Meridians,"{""UsePart"": ""种子"", ""Function"": ""清热化痰，排脓，利湿。"", ""Properties"": ""味甘，性微寒"", ""Meridians"": ""归肺、脾、小肠经""}"
HERB001360,冬葵果,https://www.dayi.org.cn/cmedical/300603.html,Toxicity|UsePart|Properties|Meridians,"{""Toxicity"": ""无毒"", ""UsePart"": ""成熟果实"", ""Properties"": ""味甘、涩，性凉。"", ""Meridians"": ""归小肠、大肠、膀胱经""}"
HERB001378,豆蔻,https://www.dayi.org.cn/cmedical/300628.html,UsePart|Properties|Meridians,"{""UsePart"": ""成熟果实"", ""Properties"": ""味辛，性温"", ""Meridians"": ""归肺、脾、胃经""}"
HERB001388,杜衡,https://www.dayi.org.cn/cmedical/300657.html,Toxicity|Properties|Meridians,"{""Toxicity"": ""小毒"", ""Properties"": ""味辛，性温，"", ""Meridians"": ""归肺、肾经""}"
HERB001396,杜茎山,https://www.dayi.org.cn/cmedical/300658.html,Toxicity|Properties|Meridians,"{""Toxicity"": ""无毒"", ""Properties"": ""味苦，性寒，"", ""Meridians"": ""归心、肝、脾、肾经""}"
HERB001395,独角莲,https://www.dayi.org.cn/cmedical/300643.html,Toxicity|UsePart|Function|Indication|Properties|Meridians,"{""Toxicity"": ""有毒"", ""UsePart"": ""全草"", ""Function"": ""具有清热解毒的功效。"", ""Indication"": ""主治毒蛇咬伤、瘰疬、跌打损伤。"", ""Properties"": ""味苦，性寒，"", ""Meridians"": ""归肝经""}"
HERB001398,杜鹃花叶,https://www.dayi.org.cn/cmedical/300663.html,Toxicity|Properties|Meridians,"{""Toxicity"": ""无毒"", ""Properties"": ""味酸，性平，"", ""Meridians"": ""归心经""}"
HERB001397,杜鹃花,https://www.dayi.org.cn/cmedical/300660.html,Toxicity|Properties|Meridians,"{""Toxicity"": ""有小毒"", ""Properties"": ""味甘、酸，性平，"", ""Meridians"": ""归肝、脾、肾经""}"
HERB001399,杜鹃兰,https://www.dayi.org.cn/cmedical/300664.html,Toxicity|Properties|Meridians,"{""Toxicity"": ""小毒"", ""Properties"": ""味甘、微辛，性凉。"", ""Meridians"": ""归肝、脾经""}"
HERB001407,独一味,https://www.dayi.org.cn/cmedical/300655.html,Meridians,"{""Meridians"": ""归肝经""}"
HERB001402,毒芹根,https://www.dayi.org.cn/cmedical/300636.html,Toxicity|Properties|Meridians,"{""Toxicity"": ""大毒"", ""Properties"": ""味辛、微甘，性温，"", ""Meridians"": ""归肝、肾经""}"
HERB001409,杜仲,https://www.dayi.org.cn/cmedical/1114072.html,Toxicity,"{""Toxicity"": ""无毒""}"
HERB001426,断节参,https://www.dayi.org.cn/cmedical/300699.html,Properties|Meridians,"{""Properties"": ""味甘、微苦，性温。"", ""Meridians"": ""归肝、肾经""}"
HERB001442,椴树,https://www.dayi.org.cn/cmedical/1116939.html,UsePart|Function|Indication|Properties,"{""UsePart"": ""根"", ""Function"": ""祛风活血，止痛。"", ""Indication"": ""跌打损伤，风湿疼痛，四肢麻木。"", ""Properties"": ""味苦，性温""}"
HERB001466,对叶榕,https://www.dayi.org.cn/cmedical/300718.html,Toxicity|Properties|Meridians,"{""Toxicity"": ""果实有小毒"", ""Properties"": ""味甘、微苦，性凉。"", ""Meridians"": ""归肺、肝、肾经""}"
HERB001464,对叶豆,https://www.dayi.org.cn/cmedical/300715.html,Herb_latin_name|Toxicity|UsePart|Function|Indication|Properties|Meridians,"{""Herb_latin_name"": ""CassiaalataLinn."", ""Toxicity"": ""无毒"", ""UsePart"": ""叶"", ""Function"": ""祛风燥湿，止痒，缓泻。"", ""Indication"": ""湿疹，皮肤瘙痒，牛皮癣，神经性皮炎，疱疹，疮疖肿疡，便秘。"", ""Properties"": ""味苦，性寒，"", ""Meridians"": ""归心、脾经""}"
HERB001481,盾叶薯蓣,https://www.dayi.org.cn/cmedical/300730.html,Properties,"{""Properties"": ""味甘、苦，性凉""}"
HERB001496,多刺绿绒蒿,https://www.dayi.org.cn/cmedical/300731.html,Toxicity|Properties|Meridians,"{""Toxicity"": ""小毒"", ""Properties"": ""味苦，性寒，"", ""Meridians"": ""归肝经""}"
HERB001527,多穗石柯叶,https://www.dayi.org.cn/cmedical/300749.html,Toxicity|Properties|Meridians,"{""Toxicity"": ""无毒"", ""Properties"": ""味甘、微苦，性平，"", ""Meridians"": ""归肝经""}"
HERB001556,鹅不食草,https://www.dayi.org.cn/cmedical/300768.html,Properties|Meridians,"{""Properties"": ""味辛，性温"", ""Meridians"": ""归肺经""}"
HERB001557,鹅肠菜,https://www.dayi.org.cn/cmedical/1115668.html,Properties,"{""Properties"": ""味酸，性平""}"
HERB001564,阿胶,https://www.dayi.org.cn/cmedical/1117802.html,UsePart,"{""UsePart"": ""胶块""}"
HERB001574,峨参,https://www.dayi.org.cn/cmedical/300756.html,Properties|Meridians,"{""Properties"": ""味甘、辛，性微温"", ""Meridians"": ""归脾、胃、肺经""}"
HERB001572,鹅绒藤,https://www.dayi.org.cn/cmedical/300780.html,Toxicity|Properties|Meridians,"{""Toxicity"": ""无毒"", ""Properties"": ""味苦，性寒，"", ""Meridians"": ""归脾、胃、肾经""}"
HERB001579,莪术,https://www.dayi.org.cn/cmedical/300755.html,UsePart,"{""UsePart"": ""根茎""}"
HERB001582,耳草,https://www.dayi.org.cn/cmedical/300799.html,Properties,"{""Properties"": ""味苦，性凉""}"
HERB001583,儿茶,https://www.dayi.org.cn/cmedical/300798.html,UsePart,"{""UsePart"": ""去皮枝、干""}"
HERB001605,发菜,https://www.dayi.org.cn/cmedical/1116012.html,Properties,"{""Properties"": ""味微甘，性微寒""}"
HERB001610,翻白草,https://www.dayi.org.cn/cmedical/1008582.html,Properties|Meridians,"{""Properties"": ""味甘、微苦，性平"", ""Meridians"": ""归肝、胃、大肠经""}"
HERB001612,番荔枝,https://www.dayi.org.cn/cmedical/300810.html,Toxicity|Properties,"{""Toxicity"": ""无毒"", ""Properties"": ""味甘，性寒""}"
HERB001614,番木瓜,https://www.dayi.org.cn/cmedical/300813.html,Toxicity|Properties|Meridians,"{""Toxicity"": ""无毒"", ""Properties"": ""味甘，性平"", ""Meridians"": ""归脾、胃经""}"
HERB001615,番木瓜叶,https://www.dayi.org.cn/cmedical/300814.html,Properties,"{""Properties"": ""味甘，性平""}"
HERB001619,番石榴叶,https://www.dayi.org.cn/cmedical/300820.html,Toxicity|Properties|Meridians,"{""Toxicity"": ""无毒"", ""Properties"": ""味苦、涩，性平，"", ""Meridians"": ""归大肠经""}"
HERB001621,番泻叶,https://www.dayi.org.cn/cmedical/1114102.html,Meridians,"{""Meridians"": ""归大肠经""}"
HERB001622,防风,https://www.dayi.org.cn/cmedical/300835.html,Toxicity,"{""Toxicity"": ""无毒""}"
HERB001623,防风花,https://www.dayi.org.cn/cmedical/300837.html,Herb_latin_name|Toxicity|UsePart|Function|Indication|Properties|Meridians,"{""Herb_latin_name"": ""Saposhnikoviadivaricata(Trucz.)Schischk."", ""Toxicity"": ""无毒"", ""UsePart"": ""花"", ""Function"": ""理气通络止痛。"", ""Indication"": ""脘腹痛，四肢拘挛，骨节疼痛。"", ""Properties"": ""味辛，性微温，"", ""Meridians"": ""归脾、胃、肝经""}"
HERB001624,防风叶,https://www.dayi.org.cn/cmedical/300838.html,Herb_latin_name|Toxicity|UsePart|Function|Indication|Properties|Meridians,"{""Herb_latin_name"": ""Saposhnikovia divaricata(Turcz. ) Schischk."", ""Toxicity"": ""无毒"", ""UsePart"": ""叶"", ""Function"": ""解表祛风。"", ""Indication"": ""中风热汗出。"", ""Properties"": ""味辛，性微温，"", ""Meridians"": ""归肺经""}"
HERB001635,飞蛾藤,https://www.dayi.org.cn/cmedical/300843.html,Properties|Meridians,"{""Properties"": ""味辛，性温，"", ""Meridians"": ""归肺、胃经""}"
HERB001642,飞龙掌血,https://www.dayi.org.cn/cmedical/300847.html,Toxicity|Properties|Meridians,"{""Toxicity"": ""小毒"", ""Properties"": ""味辛、微苦，性温。"", ""Meridians"": ""归肝经""}"
HERB001643,飞龙掌血,https://www.dayi.org.cn/cmedical/300847.html,Toxicity|Function|Indication|Properties|Meridians,"{""Toxicity"": ""小毒"", ""Function"": ""祛风止痛，散瘀止血，解毒消肿。"", ""Indication"": ""风湿痹痛，腰痛，胃痛，痛经，经闭，跌打损伤，劳伤吐血，衄血，瘀滞崩漏，疮痈肿毒。"", ""Properties"": ""味辛、微苦，性温。"", ""Meridians"": ""归肝经""}"
HERB001655,飞燕草,https://www.dayi.org.cn/cmedical/300850.html,Toxicity|Properties|Meridians,"{""Toxicity"": ""有毒"", ""Properties"": ""味辛、苦，性温，"", ""Meridians"": ""归肺、心、胃经""}"
HERB001679,粉萆薢,https://www.dayi.org.cn/cmedical/300869.html,Herb_latin_name|UsePart|Function|Properties|Meridians,"{""Herb_latin_name"": ""Dioscoreae Hypoglaucae Rhizoma"", ""UsePart"": ""根茎"", ""Function"": ""利湿去浊，祛风除痹。"", ""Properties"": ""味苦，性平，"", ""Meridians"": ""归肾、胃经""}"
HERB001682,粉防己,https://www.dayi.org.cn/cmedical/300870.html,Properties|Meridians,"{""Properties"": ""味苦，性寒，"", ""Meridians"": ""归膀胱、肺经""}"
HERB001683,粉葛,https://www.dayi.org.cn/cmedical/1155675.html,Toxicity|Therapeutic_cn_class|UsePart|Function|Indication|Properties|Meridians,"{""Toxicity"": ""无毒"", ""Therapeutic_cn_class"": ""解表药"", ""UsePart"": ""根"", ""Function"": ""解肌退热，生津止渴，透疹，升阳止泻，通经活络，解酒毒。"", ""Indication"": ""主要用于外感发热头痛，项背强痛，口渴，消渴，麻疹不透，热痢，泄泻，眩晕头痛，中风偏瘫，胸痹心痛，酒毒伤中。"", ""Properties"": ""味甘、辛，性凉"", ""Meridians"": ""归脾、胃经""}"
HERB001686,粪箕笃,https://www.dayi.org.cn/cmedical/1114098.html,UsePart|Function|Properties|Meridians,"{""UsePart"": ""根、根茎或全株"", ""Function"": ""清热解毒，利湿消肿，祛风活络。"", ""Properties"": ""味苦，性寒，"", ""Meridians"": ""归大肠、膀胱、肝经""}"
HERB001694,粉团花,https://www.dayi.org.cn/cmedical/1113526.html,Toxicity|Properties,"{""Toxicity"": ""无毒"", ""Properties"": ""味苦，性温""}"
HERB001695,分心木,https://www.dayi.org.cn/cmedical/300865.html,Toxicity|UsePart|Function|Indication|Properties|Meridians,"{""Toxicity"": ""无毒"", ""UsePart"": ""果核内的木质隔膜"", ""Function"": ""涩精缩尿，止血止带，止泻痢。"", ""Indication"": ""主治遗精滑泄，尿频遗尿，崩漏，带下，泄泻，痢疾。"", ""Properties"": ""味苦、涩，性平"", ""Meridians"": ""归脾、肾经""}"
HERB001700,蜂斗菜,https://www.dayi.org.cn/cmedical/300893.html,Properties|Meridians,"{""Properties"": ""味苦、辛，性凉。"", ""Meridians"": ""归心、肺经""}"
HERB001704,凤凰木,https://www.dayi.org.cn/cmedical/300904.html,Properties|Meridians,"{""Properties"": ""甘、淡，寒。"", ""Meridians"": ""归肝经""}"
HERB001706,蜂蜡,https://www.dayi.org.cn/cmedical/300896.html,Properties|Meridians,"{""Properties"": ""味甘，性微温，"", ""Meridians"": ""归脾经""}"
HERB001709,风轮菜,https://www.dayi.org.cn/cmedical/1114090.html,Properties|Meridians,"{""Properties"": ""味苦、辛，性凉"", ""Meridians"": ""归肝经""}"
HERB001714,凤尾茶,https://www.dayi.org.cn/cmedical/300908.html,Properties|Meridians,"{""Properties"": ""味辛，性平，"", ""Meridians"": ""归肺、胃、肝经""}"
HERB001718,凤仙花,https://www.dayi.org.cn/cmedical/300917.html,Toxicity|Properties|Meridians,"{""Toxicity"": ""有小毒"", ""Properties"": ""味甘、微苦，性温，"", ""Meridians"": ""归肝、肺经""}"
HERB001717,凤仙,https://www.dayi.org.cn/cmedical/1114091.html,Toxicity|Properties,"{""Toxicity"": ""有小毒"", ""Properties"": ""味辛、苦，性平""}"
HERB001720,枫香寄生,https://www.dayi.org.cn/cmedical/300888.html,Properties|Meridians,"{""Properties"": ""味辛、苦，性平"", ""Meridians"": ""肺、脾、肾经""}"
HERB001719,凤仙透骨草,https://www.dayi.org.cn/cmedical/1115970.html,UsePart|Indication|Meridians,"{""UsePart"": ""茎"", ""Indication"": ""风湿痹痛，跌打伤痛。"", ""Meridians"": ""归肝、肾经""}"
HERB001723,枫香树皮,https://www.dayi.org.cn/cmedical/300890.html,Herb_latin_name|UsePart|Function|Indication|Properties|Meridians,"{""Herb_latin_name"": ""LiquidambarformosanaHance"", ""UsePart"": ""树皮"", ""Function"": ""除湿止泻，祛风止痒。"", ""Indication"": ""用于痢疾，泄泻，大风癞疾，痒疹。"", ""Properties"": ""味辛、微涩，性平，"", ""Meridians"": ""归脾、肝经""}"
HERB001724,风箱树叶,https://www.dayi.org.cn/cmedical/300882.html,Properties|Meridians,"{""Properties"": ""味苦，性凉，"", ""Meridians"": ""归心、肺经""}"
HERB001729,凤眼草,https://www.dayi.org.cn/cmedical/300919.html,UsePart|Function|Indication|Properties,"{""UsePart"": ""果实"", ""Function"": ""清热燥湿，止痢，止血。"", ""Indication"": ""主治痢疾，白浊，带下，便血，尿血，崩漏。"", ""Properties"": ""味苦、涩，性凉""}"
HERB001733,佛甲草,https://www.dayi.org.cn/cmedical/300926.html,Properties,"{""Properties"": ""甘、淡、寒。肺、肝经""}"
HERB001740,浮海石,https://www.dayi.org.cn/cmedical/1156342.html,UsePart|Properties|Meridians,"{""UsePart"": ""骨骼"", ""Properties"": ""味咸，性寒"", ""Meridians"": ""归肺、肾经""}"
HERB001750,茯苓皮,https://www.dayi.org.cn/cmedical/300937.html,Toxicity,"{""Toxicity"": ""无毒""}"
HERB001754,覆盆子,https://www.dayi.org.cn/cmedical/306236.html,Herb_latin_name|Toxicity|UsePart|Function|Properties|Meridians,"{""Herb_latin_name"": ""Rubi Fructus"", ""Toxicity"": ""无毒"", ""UsePart"": ""未成熟果实"", ""Function"": ""本品具有益肾固精缩尿，养肝明目的功效。"", ""Properties"": ""味甘、酸，性温"", ""Meridians"": ""归肝、肾、膀胱经""}"
HERB001755,覆盆子根,https://www.dayi.org.cn/cmedical/300964.html,Function|Indication|Properties|Meridians,"{""Function"": ""祛风止痛，明目退翳，和胃止呕。"", ""Indication"": ""用于牙痛，风湿痹痛，目翳，呕逆。"", ""Properties"": ""苦，平。"", ""Meridians"": ""归胃、肝经""}"
HERB001762,扶桑花,https://www.dayi.org.cn/cmedical/1114109.html,Toxicity|Properties|Meridians,"{""Toxicity"": ""无毒"", ""Properties"": ""味甘、淡，性平，"", ""Meridians"": ""归心、肺、肝、脾经""}"
HERB001756,覆盆子叶,https://www.dayi.org.cn/cmedical/300965.html,Toxicity|UsePart|Function|Indication|Properties|Meridians,"{""Toxicity"": ""无毒"", ""UsePart"": ""茎叶"", ""Function"": ""清热解毒，明目，敛疮。"", ""Indication"": ""眼睑赤烂，目赤肿痛，青盲，牙痛，臁疮，疖肿。"", ""Properties"": ""味微酸、咸，性平"", ""Meridians"": ""归肝经""}"
HERB001765,茯神,https://www.dayi.org.cn/cmedical/1114153.html,Indication,"{""Indication"": ""惊悸，怔忡，健忘失眠。""}"
HERB001766,茯神木,https://www.dayi.org.cn/cmedical/300938.html,Toxicity|UsePart|Function|Indication|Properties,"{""Toxicity"": ""无毒"", ""UsePart"": ""松根"", ""Function"": ""平肝安神。"", ""Indication"": ""茯神木主要用于治疗惊悸健忘，中风不语，脚气转筋。"", ""Properties"": ""味甘，性平""}"
HERB001779,甘草,https://www.dayi.org.cn/cmedical/1155619.html,Toxicity,"{""Toxicity"": ""无毒""}"
HERB001773,泽兰,https://www.dayi.org.cn/cmedical/305693.html,UsePart|Function|Indication|Properties|Meridians,"{""UsePart"": ""地上部分"", ""Function"": ""活血调经，祛瘀消痈，利水消肿。"", ""Indication"": ""主治月经不调，经闭，痛经，产后瘀血腹痛，疮痈肿毒，水肿腹水。"", ""Properties"": ""味苦、辛，性微温"", ""Meridians"": ""归肝、脾经""}"
HERB001782,甘草头,https://www.dayi.org.cn/cmedical/300970.html,Herb_latin_name|UsePart|Function|Indication|Properties|Meridians,"{""Herb_latin_name"": ""GlycyrrhizauralensisFisch."", ""UsePart"": ""根茎上端的芦头部分"", ""Function"": ""活血解毒，缩尿止遗。"", ""Indication"": ""用于上部痈肿，小儿遗尿。"", ""Properties"": ""味甘，性微寒，"", ""Meridians"": ""归肝、胃经""}"
HERB001780,甘草节,https://www.dayi.org.cn/cmedical/300968.html,Function|Indication|Properties,"{""Function"": ""解毒，利咽，和中。"", ""Indication"": ""用于痈疽疮毒，咽喉肿痛。"", ""Properties"": ""甘，生凉，炙温。心、脾、胃经。""}"
HERB001784,肝风草,https://www.dayi.org.cn/cmedical/300986.html,Toxicity|Properties|Meridians,"{""Toxicity"": ""有毒"", ""Properties"": ""味甘，性平，"", ""Meridians"": ""归肝经""}"
HERB001783,干地黄,https://www.dayi.org.cn/cmedical/301006.html,Toxicity|Therapeutic_cn_class|Properties|Meridians,"{""Toxicity"": ""无毒"", ""Therapeutic_cn_class"": ""清热凉血药"", ""Properties"": ""味甘，性寒，"", ""Meridians"": ""归心、肝、肾经""}"
HERB001790,橄榄核,https://www.dayi.org.cn/cmedical/301000.html,Toxicity|Function|Indication|Properties,"{""Toxicity"": ""无毒"", ""Function"": ""解毒，敛疮，止血，利气。"", ""Indication"": ""用于咽喉肿痛，口舌生疮，冻疮，疳疮，天疱疮，肠风下血，睾丸肿痛。"", ""Properties"": ""甘、涩，温""}"
HERB001791,橄榄仁,https://www.dayi.org.cn/cmedical/301002.html,UsePart|Function|Indication|Properties,"{""UsePart"": ""种仁"", ""Function"": ""润燥，醒酒，解毒。"", ""Indication"": ""用于口唇燥痛，醉酒，鱼、蟹中毒。"", ""Properties"": ""味甘，性平""}"
HERB001806,甘遂,https://www.dayi.org.cn/cmedical/1114179.html,Toxicity,"{""Toxicity"": ""有毒""}"
HERB001809,甘蔗,https://www.dayi.org.cn/cmedical/300983.html,Toxicity|Properties|Meridians,"{""Toxicity"": ""无毒"", ""Properties"": ""味甘，性寒，"", ""Meridians"": ""归肺、脾、胃经""}"
HERB001817,岗松,https://www.dayi.org.cn/cmedical/301023.html,Toxicity|UsePart|Function|Indication|Properties,"{""Toxicity"": ""无毒"", ""UsePart"": ""枝叶"", ""Function"": ""化瘀止痛，清热解毒，利尿通淋，杀虫止痒。"", ""Indication"": ""跌打瘀肿，肝硬化，热泻，热淋，小便不利，阴痒，脚气，湿疹，皮肤瘙痒，疥癣，水火烫伤，虫蛇咬伤。"", ""Properties"": ""味苦、辛，性凉""}"
HERB001816,岗梅,https://www.dayi.org.cn/cmedical/301020.html,Properties,"{""Properties"": ""味苦、微甘，性凉""}"
HERB001821,藁本,https://www.dayi.org.cn/cmedical/301046.html,Herb_latin_name|UsePart|Function|Properties|Meridians,"{""Herb_latin_name"": ""Ligustici Rhizoma Et Radix"", ""UsePart"": ""根茎和根"", ""Function"": ""具有祛风、散寒、除湿、止痛的功效。"", ""Properties"": ""味辛，性温"", ""Meridians"": ""归膀胱经""}"
HERB001851,高粱,https://www.dayi.org.cn/cmedical/1114119.html,Toxicity|Properties|Meridians,"{""Toxicity"": ""无毒"", ""Properties"": ""味甘、涩，性温"", ""Meridians"": ""归脾、胃、肺经""}"
HERB001852,高良姜,https://www.dayi.org.cn/cmedical/301029.html,Herb_latin_name|UsePart|Function|Properties|Meridians,"{""Herb_latin_name"": ""Alpiniae Officinarum Rhizoma"", ""UsePart"": ""根茎"", ""Function"": ""散寒止痛，温胃止呕。"", ""Properties"": ""味辛，性热"", ""Meridians"": ""归脾、胃经""}"
HERB001859,高山黄华根,https://www.dayi.org.cn/cmedical/306210.html,Toxicity|UsePart|Function|Indication|Properties,"{""Toxicity"": ""小毒"", ""UsePart"": ""根"", ""Function"": ""截疟，降压。"", ""Indication"": ""主治疟疾，高血压。"", ""Properties"": ""味苦，性寒""}"
HERB001861,高山辣根菜,https://www.dayi.org.cn/cmedical/301036.html,Toxicity|Function|Indication|Properties|Meridians,"{""Toxicity"": ""无毒"", ""Function"": ""清热解毒，清肺止咳，止血，消肿。"", ""Indication"": ""用于温病发热，肺热咳嗽，咯血，创伤出血，四肢浮肿。"", ""Properties"": ""味苦、辛，性寒，"", ""Meridians"": ""归肺、肝经""}"
HERB001863,高山唐松草,https://www.dayi.org.cn/cmedical/301039.html,Properties|Meridians,"{""Properties"": ""味苦，性寒，"", ""Meridians"": ""归胃、肝、心经""}"
HERB001875,葛谷,https://www.dayi.org.cn/cmedical/301053.html,Toxicity|UsePart|Function|Indication|Properties|Meridians,"{""Toxicity"": ""无毒"", ""UsePart"": ""种子"", ""Function"": ""健脾止泻，解酒。"", ""Indication"": ""用于泄泻，痢疾，饮酒过度。"", ""Properties"": ""味甘，性平，"", ""Meridians"": ""归大肠、胃经""}"
HERB001873,茖葱,https://www.dayi.org.cn/cmedical/1115606.html,Toxicity|Properties|Meridians,"{""Toxicity"": ""无毒"", ""Properties"": ""味辛，性温"", ""Meridians"": ""归肺经""}"
HERB001876,葛花,https://www.dayi.org.cn/cmedical/301054.html,UsePart,"{""UsePart"": ""花""}"
HERB001874,葛根,https://www.dayi.org.cn/cmedical/301051.html,Toxicity,"{""Toxicity"": ""无毒""}"
HERB001886,隔山消,https://www.dayi.org.cn/cmedical/1116047.html,Properties|Meridians,"{""Properties"": ""味甘、苦，性平"", ""Meridians"": ""归脾、胃、肝经""}"
HERB001891,葛叶,https://www.dayi.org.cn/cmedical/1114128.html,UsePart|Function|Indication|Properties|Meridians,"{""UsePart"": ""叶"", ""Function"": ""止血。"", ""Indication"": ""主治外伤出血。"", ""Properties"": ""味甘、微涩，性凉，"", ""Meridians"": ""归肝经""}"
HERB001899,枸骨根,https://www.dayi.org.cn/cmedical/1114131.html,Toxicity|UsePart|Function|Indication|Properties,"{""Toxicity"": ""无毒"", ""UsePart"": ""根"", ""Function"": ""补肝肾，凉血，祛风，止痛。"", ""Indication"": ""腰膝痿弱，关节疼痛，流火，瘰疬，头风，赤眼，牙痛。"", ""Properties"": ""味微苦、带酸，性平""}"
HERB001901,枸骨叶,https://www.dayi.org.cn/cmedical/301063.html,UsePart|Function|Properties|Meridians,"{""UsePart"": ""叶"", ""Function"": ""清热养阴，益肾，平肝。"", ""Properties"": ""味苦，性凉，"", ""Meridians"": ""归肝、肾经""}"
HERB001904,枸橘,https://www.dayi.org.cn/cmedical/1113534.html,Properties|Meridians,"{""Properties"": ""味辛、苦，性温"", ""Meridians"": ""归肝、胃经""}"
HERB001911,枸杞,https://www.dayi.org.cn/cmedical/1155607.html,Herb_latin_name|UsePart|Function|Indication|Properties|Meridians,"{""Herb_latin_name"": ""Lycii Fructus"", ""UsePart"": ""成熟果实"", ""Function"": ""滋补肝肾，益精明目。"", ""Indication"": ""虚劳精亏，腰膝酸痛，眩晕耳鸣，阳痿遗精，内热消渴，血虚萎黄，目昏不明。"", ""Properties"": ""味甘，性平"", ""Meridians"": ""归肝、肾经""}"
HERB001914,枸杞叶,https://www.dayi.org.cn/cmedical/1114137.html,Toxicity|Properties|Meridians,"{""Toxicity"": ""无毒"", ""Properties"": ""味苦、甘，性凉"", ""Meridians"": ""归肝、脾、肾经""}"
HERB001917,狗舌草,https://www.dayi.org.cn/cmedical/1114138.html,Toxicity|Properties,"{""Toxicity"": ""有小毒"", ""Properties"": ""味苦，性寒""}"
HERB001919,狗屎花,https://www.dayi.org.cn/cmedical/1114139.html,Properties|Meridians,"{""Properties"": ""味苦，性凉"", ""Meridians"": ""归肺、肝、肾经""}"
HERB001920,构树,https://www.dayi.org.cn/cmedical/1116660.html,Toxicity|Properties|Meridians,"{""Toxicity"": ""无毒"", ""Properties"": ""楮实子：味甘，性寒"", ""Meridians"": ""归肝、肾经。楮树白皮：味甘，性平。楮树根：味甘，性微寒。楮皮间白汁：味甘、性平。楮叶：味甘，性凉。""}"
HERB001928,狗仔花,https://www.dayi.org.cn/cmedical/301061.html,Function|Indication,"{""Function"": ""发表散寒，凉血解毒，清热止泻。"", ""Indication"": ""用于感冒发热，疟疾，热泻，痧气，湿疹，荨麻疹，久热不退，高血压，乳腺炎。""}"
HERB001937,骨节草,https://www.dayi.org.cn/cmedical/1114162.html,Properties,"{""Properties"": ""味甘、微苦，性平""}"
HERB001947,谷芽,https://www.dayi.org.cn/cmedical/301064.html,Toxicity,"{""Toxicity"": ""无毒""}"
HERB001952,瓜蒌,https://www.dayi.org.cn/cmedical/1114152.html,Herb_latin_name|UsePart|Function|Properties|Meridians,"{""Herb_latin_name"": ""Trichosanthis Fructus"", ""UsePart"": ""成熟果实"", ""Function"": ""清热涤痰，宽胸散结，润燥滑肠。"", ""Properties"": ""味甘、微苦，性寒"", ""Meridians"": ""归肺、胃、大肠经""}"
HERB001960,关苍术,https://www.dayi.org.cn/cmedical/301070.html,Properties|Meridians,"{""Properties"": ""味辛、苦，性温，"", ""Meridians"": ""归脾、胃经""}"
HERB001963,关公须,https://www.dayi.org.cn/cmedical/301072.html,Herb_latin_name|UsePart|Function|Indication|Properties|Meridians,"{""Herb_latin_name"": ""Salvia kiangsiensis C. Y. Wu"", ""UsePart"": ""带根全草"", ""Function"": ""凉血止血，活血消肿，清热解毒。"", ""Indication"": ""用于吐血，衄血，便血，崩漏，月经不调，跌打损伤，腰痛，乳腺炎，疖痈肿毒，毒蛇咬伤。"", ""Properties"": ""味苦、辛，性凉，"", ""Meridians"": ""归肝、胃经""}"
HERB001983,贯叶连翘,https://www.dayi.org.cn/cmedical/301081.html,UsePart|Function|Indication|Properties|Meridians,"{""UsePart"": ""全草"", ""Function"": ""收敛止血，调经通乳，清热解毒，利湿。"", ""Indication"": ""用于咯血，吐血，肠风下血，崩漏，外伤出血，月经不调，乳妇乳汁不下，黄疸，咽喉疼痛，目赤肿痛，口鼻生疮，痈疖肿毒，烫火伤。"", ""Properties"": ""味苦、涩，性平。"", ""Meridians"": ""归肝经""}"
HERB001981,贯叶金丝桃,https://www.dayi.org.cn/cmedical/301080.html,Herb_latin_name|UsePart|Function|Indication|Properties|Meridians,"{""Herb_latin_name"": ""Hyperici Perforati Herba"", ""UsePart"": ""地上部分"", ""Function"": ""疏肝解郁、清热利湿、消肿通乳。"", ""Indication"": ""用于肝气郁结、情志不畅、心胸郁闷、关节肿痛、乳痈、乳少。"", ""Properties"": ""辛，寒"", ""Meridians"": ""归肝经""}"
HERB001985,贯众,https://www.dayi.org.cn/cmedical/301082.html,Toxicity|UsePart,"{""Toxicity"": ""有小毒"", ""UsePart"": ""根茎""}"
HERB001989,贯众,https://www.dayi.org.cn/cmedical/301082.html,Toxicity,"{""Toxicity"": ""有小毒""}"
HERB001994,广东金钱草,https://www.dayi.org.cn/cmedical/301115.html,Properties,"{""Properties"": ""甘、淡，平。肝、胆、膀胱、肾经""}"
HERB001995,广东土牛膝,https://www.dayi.org.cn/cmedical/301118.html,Toxicity|UsePart|Function|Indication|Properties|Meridians,"{""Toxicity"": ""有毒"", ""UsePart"": ""根"", ""Function"": ""清热利咽，凉血散瘀，解毒消肿。"", ""Indication"": ""主治咽喉肿痛，白喉，吐血，血淋，赤白下痢，跌打损伤，痈疮肿毒，毒蛇咬伤，水火烫伤。"", ""Properties"": ""味苦、甘，性凉，"", ""Meridians"": ""归肺、肝经""}"
HERB001998,广防己,https://www.dayi.org.cn/cmedical/301122.html,Properties|Meridians,"{""Properties"": ""味苦、辛，大寒。"", ""Meridians"": ""归膀胱、肺经""}"
HERB002002,广藿香,https://www.dayi.org.cn/cmedical/301123.html,Herb_latin_name|UsePart|Function|Properties|Meridians,"{""Herb_latin_name"": ""Pogostemonis Herba"", ""UsePart"": ""地上部分"", ""Function"": ""芳香化浊，和中止呕，发表解暑。"", ""Properties"": ""味辛，性微温"", ""Meridians"": ""归脾、胃、肺经""}"
HERB002007,广金钱草,https://www.dayi.org.cn/cmedical/301124.html,Properties|Meridians,"{""Properties"": ""味甘、淡，性凉"", ""Meridians"": ""归肝、肾、膀胱经""}"
HERB002021,广西莪术,https://www.dayi.org.cn/cmedical/301127.html,Properties|Meridians,"{""Properties"": ""味辛、苦，性温。"", ""Meridians"": ""归肝、脾经""}"
HERB002023,广西九里香,https://www.dayi.org.cn/cmedical/301131.html,Properties|Meridians,"{""Properties"": ""味辛、苦，性微温"", ""Meridians"": ""归肝经""}"
HERB002033,光叶水苏,https://www.dayi.org.cn/cmedical/301112.html,Properties|Meridians,"{""Properties"": ""味微甘，性平"", ""Meridians"": ""归肺、大肠经""}"
HERB002035,光叶水苏,https://www.dayi.org.cn/cmedical/301112.html,UsePart|Function|Indication|Properties|Meridians,"{""UsePart"": ""根或全草"", ""Function"": ""清热化痰，抗菌消炎。"", ""Indication"": ""风热咳嗽，咽喉肿痛，百日咳，痢疾，带状疱疹。"", ""Properties"": ""味微甘，性平"", ""Meridians"": ""归肺、大肠经""}"
HERB002043,光枝勾儿茶,https://www.dayi.org.cn/cmedical/301113.html,Properties|Meridians,"{""Properties"": ""味苦，性平，"", ""Meridians"": ""归肺经""}"
HERB002047,桂丁,https://www.dayi.org.cn/cmedical/301156.html,Function|Indication|Properties,"{""Function"": ""温里散寒，止痛，止呃。"", ""Indication"": ""用于心胸疼痛，胃腹冷痛，恶心，嗳气，呃逆，呕吐；肺寒咳喘。"", ""Properties"": ""味甘、辛，性温。肉桂子、桂子、桂丁香""}"
HERB002051,鬼箭锦鸡儿,https://www.dayi.org.cn/cmedical/301145.html,Toxicity|Properties,"{""Toxicity"": ""无毒"", ""Properties"": ""味辛、苦、涩，性微寒""}"
HERB002052,鬼箭羽,https://www.dayi.org.cn/cmedical/301146.html,UsePart,"{""UsePart"": ""具翅状物枝条或翅状附属物""}"
HERB002053,鬼箭羽,https://www.dayi.org.cn/cmedical/301146.html,Indication,"{""Indication"": ""主治症瘕结块、心腹疼痛、闭经、痛经、崩中漏下、产后瘀滞腹痛、恶露不下、疝气、关节痹痛、疮肿、跌打伤痛、虫积腹痛、烫火伤、毒蛇咬伤。""}"
HERB002056,桂皮,https://www.dayi.org.cn/cmedical/301164.html,Toxicity|Properties|Meridians,"{""Toxicity"": ""无毒"", ""Properties"": ""味辛、甘，性温"", ""Meridians"": ""归脾、胃、肝、肾经""}"
HERB002061,鬼针草,https://www.dayi.org.cn/cmedical/301151.html,Toxicity|Properties|Meridians,"{""Toxicity"": ""无毒"", ""Properties"": ""味苦，性微寒。"", ""Meridians"": ""归肺、心、胃经""}"
HERB002067,过江龙,https://www.dayi.org.cn/cmedical/1114166.html,Properties|Meridians,"{""Properties"": ""味辛、苦，性温"", ""Meridians"": ""归肝、膀胱经""}"
HERB002085,孩儿茶,https://www.dayi.org.cn/cmedical/1114181.html,Properties|Meridians,"{""Properties"": ""味苦、涩，性凉，"", ""Meridians"": ""归心、肺、脾经""}"
HERB002089,海蛤壳,https://www.dayi.org.cn/cmedical/1118073.html,UsePart,"{""UsePart"": ""贝壳""}"
HERB002094,海金沙,https://www.dayi.org.cn/cmedical/301170.html,Toxicity,"{""Toxicity"": ""无毒""}"
HERB002092,海红豆,https://www.dayi.org.cn/cmedical/1114175.html,Toxicity|Properties|Meridians,"{""Toxicity"": ""有小毒"", ""Properties"": ""味微苦、辛，性微寒"", ""Meridians"": ""归肺、心、肝、脾经""}"
HERB002112,海参肠,https://www.dayi.org.cn/cmedical/1118151.html,Properties|Meridians,"{""Properties"": ""味咸，性温"", ""Meridians"": ""归心、肾经""}"
HERB002111,海参,https://www.dayi.org.cn/cmedical/1117876.html,UsePart|Function|Indication,"{""UsePart"": ""全体"", ""Function"": ""补肾益精，养血润燥，止血。"", ""Indication"": ""海参主要用于治疗精血亏损，虚弱劳怯，阳痿，梦遗，小便频数，肠燥便秘，肺虚咳嗽咯血，肠风便血，外伤出血。""}"
HERB002115,狗牙花,https://www.dayi.org.cn/cmedical/1116024.html,Properties|Meridians,"{""Properties"": ""味酸，性凉"", ""Meridians"": ""归肺经""}"
HERB002126,海藻,https://www.dayi.org.cn/cmedical/1155637.html,UsePart,"{""UsePart"": ""藻体""}"
HERB002128,旱菜,https://www.dayi.org.cn/cmedical/1114186.html,Toxicity|Properties,"{""Toxicity"": ""无毒"", ""Properties"": ""味甘、微辛，性凉""}"
HERB002132,旱莲花,https://www.dayi.org.cn/cmedical/1114190.html,Toxicity|Properties,"{""Toxicity"": ""无毒"", ""Properties"": ""味辛、酸，性凉""}"
HERB002135,旱芹,https://www.dayi.org.cn/cmedical/1114268.html,Toxicity|Properties|Meridians,"{""Toxicity"": ""无毒"", ""Properties"": ""味甘、辛、微苦，性凉"", ""Meridians"": ""归肝、胃、肺经""}"
HERB002168,荷花,https://www.dayi.org.cn/cmedical/1117060.html,UsePart|Function|Indication|Properties|Meridians,"{""UsePart"": ""大花蕾"", ""Function"": ""祛湿、止血。"", ""Indication"": ""主治跌损呕血、天疱疮。"", ""Properties"": ""味苦、甘，性温，"", ""Meridians"": ""归脾、肾、心经""}"
HERB002172,合欢花,https://www.dayi.org.cn/cmedical/1114276.html,Properties|Meridians,"{""Properties"": ""味甘，性平"", ""Meridians"": ""归心、肝经""}"
HERB002189,核桃仁,https://www.dayi.org.cn/cmedical/1114285.html,UsePart|Properties|Meridians,"{""UsePart"": ""种子"", ""Properties"": ""味甘，性温"", ""Meridians"": ""归肾、肺、大肠经""}"
HERB002191,荷叶,https://www.dayi.org.cn/cmedical/301178.html,Toxicity,"{""Toxicity"": ""无毒""}"
HERB002192,荷叶蒂,https://www.dayi.org.cn/cmedical/1114249.html,Toxicity|Properties|Meridians,"{""Toxicity"": ""无毒"", ""Properties"": ""味苦、涩，性平"", ""Meridians"": ""归脾、胃、肝经""}"
HERB002193,禾叶风毛菊,https://www.dayi.org.cn/cmedical/1115695.html,Properties,"{""Properties"": ""味苦，性凉""}"
HERB002210,黑风藤,https://www.dayi.org.cn/cmedical/1116794.html,Properties,"{""Properties"": ""味甘，性温""}"
HERB002227,黑蚂蚁,https://www.dayi.org.cn/cmedical/1118021.html,Properties|Meridians,"{""Properties"": ""味咸、酸，性平，"", ""Meridians"": ""归肝、肾经""}"
HERB002224,黑老虎,https://www.dayi.org.cn/cmedical/1115285.html,UsePart|Function|Indication|Properties,"{""UsePart"": ""根及蔓茎"", ""Function"": ""行气止痛，散瘀通络。"", ""Indication"": ""黑老虎主要用于治疗胃、十二指肠溃疡，慢性胃炎，急性胃肠炎，风湿痹痛，跌打损伤，骨折，痛经，产后瘀血腹痛，疝气痛。"", ""Properties"": ""味辛、微苦，性温""}"
HERB002230,黑木耳,https://www.dayi.org.cn/cmedical/1155670.html,Indication,"{""Indication"": ""血虚气亏，四肢抽搦，肺虚咳嗽，咯血，吐血，衄血，产后虚弱，白带过多，崩漏，血痢，肠风痔血，便秘和跌打损伤。""}"
HERB002242,黑芝麻,https://www.dayi.org.cn/cmedical/1114280.html,Toxicity,"{""Toxicity"": ""无毒""}"
HERB002258,红车轴草,https://www.dayi.org.cn/cmedical/1114261.html,Properties,"{""Properties"": ""味甘、苦，性微寒""}"
HERB002259,红椿,https://www.dayi.org.cn/cmedical/1116099.html,Properties,"{""Properties"": ""味苦、涩，性微寒""}"
HERB002262,红豆,https://www.dayi.org.cn/cmedical/1114262.html,Toxicity|Properties|Meridians,"{""Toxicity"": ""小毒"", ""Properties"": ""味苦，性平，"", ""Meridians"": ""归肝、脾经""}"
HERB002263,红豆蔻,https://www.dayi.org.cn/cmedical/301183.html,Properties|Meridians,"{""Properties"": ""味辛，性温"", ""Meridians"": ""归脾、肺经""}"
HERB002276,红花,https://www.dayi.org.cn/cmedical/301188.html,Toxicity,"{""Toxicity"": ""无毒""}"
HERB002280,红花龙胆,https://www.dayi.org.cn/cmedical/1116170.html,Properties|Meridians,"{""Properties"": ""味苦，性寒"", ""Meridians"": ""归肝、胆经""}"
HERB002284,红花苗,https://www.dayi.org.cn/cmedical/301191.html,Toxicity|Function|Indication|Properties|Meridians,"{""Toxicity"": ""无毒"", ""Function"": ""消肿解毒，健脾开胃。"", ""Indication"": ""生捣碎，敷游肿。"", ""Properties"": ""味辛，性温。"", ""Meridians"": ""归心、脾经""}"
HERB002283,红花绿绒蒿,https://www.dayi.org.cn/cmedical/1114279.html,Properties|Meridians,"{""Properties"": ""味苦，性寒"", ""Meridians"": ""归肝、肾经""}"
HERB002300,红毛七,https://www.dayi.org.cn/cmedical/301211.html,Toxicity|Properties|Meridians,"{""Toxicity"": ""无毒"", ""Properties"": ""味苦、辛，性温，"", ""Meridians"": ""归肝经""}"
HERB002294,红景天,https://www.dayi.org.cn/cmedical/301198.html,Indication,"{""Indication"": ""气虚血瘀，胸痹心痛，中风偏瘫，倦怠气喘。""}"
HERB002304,红母鸡草,https://www.dayi.org.cn/cmedical/301220.html,Toxicity|Properties|Meridians,"{""Toxicity"": ""无毒"", ""Properties"": ""味甘、微辛，性平，"", ""Meridians"": ""归肝经""}"
HERB002314,红曲,https://www.dayi.org.cn/cmedical/301230.html,Toxicity|Indication,"{""Toxicity"": ""无毒"", ""Indication"": ""主治经闭腹痛、产后瘀阻、跌打损伤、饮食积滞、赤白下痢、高脂血症。""}"
HERB002316,红三七,https://www.dayi.org.cn/cmedical/1114289.html,Toxicity|Properties,"{""Toxicity"": ""无毒"", ""Properties"": ""味涩，性平""}"
HERB002319,红参,https://www.dayi.org.cn/cmedical/1155671.html,UsePart,"{""UsePart"": ""根和根茎""}"
HERB002324,红丝线,https://www.dayi.org.cn/cmedical/301240.html,Toxicity|Properties|Meridians,"{""Toxicity"": ""无毒"", ""Properties"": ""味甘、淡，性凉。"", ""Meridians"": ""归肺经""}"
HERB002332,红泽兰,https://www.dayi.org.cn/cmedical/301261.html,Toxicity|Properties|Meridians,"{""Toxicity"": ""无毒"", ""Properties"": ""味苦、辛，性温，"", ""Meridians"": ""归肝、脾经""}"
HERB002339,厚朴,https://www.dayi.org.cn/cmedical/301269.html,Properties|Meridians,"{""Properties"": ""味苦、辛，性温"", ""Meridians"": ""归脾、胃、肺、大肠经""}"
HERB002342,厚朴,https://www.dayi.org.cn/cmedical/301269.html,UsePart,"{""UsePart"": ""干皮、根皮及枝皮""}"
HERB002340,厚朴花,https://www.dayi.org.cn/cmedical/1115595.html,Herb_latin_name|UsePart|Function|Indication|Properties|Meridians,"{""Herb_latin_name"": ""Magnoliae officinalis Flos"", ""UsePart"": ""花蕾"", ""Function"": ""芳香化湿，理气宽中。"", ""Indication"": ""脾胃湿阻气滞，胸脘痞闷胀满，纳谷不香。"", ""Properties"": ""味苦，性微温"", ""Meridians"": ""归脾、胃经""}"
HERB002343,厚朴花,https://www.dayi.org.cn/cmedical/1115595.html,Properties|Meridians,"{""Properties"": ""味苦，性微温"", ""Meridians"": ""归脾、胃经""}"
HERB002351,猴枣,https://www.dayi.org.cn/cmedical/1117857.html,Herb_latin_name|UsePart|Function|Indication|Properties|Meridians,"{""Herb_latin_name"": ""Calcalus Gasteris Macacae"", ""UsePart"": ""肠胃结石"", ""Function"": ""清热镇惊，豁痰定喘，解毒消肿。"", ""Indication"": ""1、痰热喘咳，咽痛喉痹，惊痫，小儿急惊，瘰疬痰核。\n2、西医诊为急支气管炎、上呼吸道感染、小儿重症肺炎、乙型脑炎、癫痫等属于热痰或顽痰胶结者。"", ""Properties"": ""味苦、微咸，性寒"", ""Meridians"": ""归心、肺、肝经""}"
HERB002360,虎刺,https://www.dayi.org.cn/cmedical/1114420.html,Toxicity|Properties|Meridians,"{""Toxicity"": ""无毒"", ""Properties"": ""味苦、甘，性平"", ""Meridians"": ""归脾、肝、肺经""}"
HERB002362,胡葱,https://www.dayi.org.cn/cmedical/1114419.html,Properties|Meridians,"{""Properties"": ""味辛，性温，"", ""Meridians"": ""归肺、脾经""}"
HERB002363,蝴蝶花,https://www.dayi.org.cn/cmedical/1114424.html,Toxicity|Properties|Meridians,"{""Toxicity"": ""小毒"", ""Properties"": ""味苦，性寒，"", ""Meridians"": ""归胃、肝经""}"
HERB002367,虎骨,https://www.dayi.org.cn/cmedical/301275.html,Toxicity,"{""Toxicity"": ""无毒""}"
HERB002369,胡黄连,https://www.dayi.org.cn/cmedical/1114382.html,Herb_latin_name|UsePart|Function|Properties|Meridians,"{""Herb_latin_name"": ""Picrorhizae Rhizoma"", ""UsePart"": ""根茎"", ""Function"": ""退虚热，消疳热，清湿热。"", ""Properties"": ""味苦，性寒"", ""Meridians"": ""归肝、胃、大肠经""}"
HERB002378,葫芦七,https://www.dayi.org.cn/cmedical/1114447.html,Properties|Meridians,"{""Properties"": ""味甘、辛，性温"", ""Meridians"": ""归肺、肾、大肠经""}"
HERB002376,胡芦巴,https://www.dayi.org.cn/cmedical/1114387.html,Herb_latin_name|Toxicity|UsePart|Function|Properties|Meridians,"{""Herb_latin_name"": ""Trigonellae Semen"", ""Toxicity"": ""无毒"", ""UsePart"": ""成熟种子"", ""Function"": ""温肾助阳、祛寒止痛。"", ""Properties"": ""味苦，性温"", ""Meridians"": ""归肾经""}"
HERB002383,胡麻花,https://www.dayi.org.cn/cmedical/1114450.html,UsePart|Function|Indication|Properties,"{""UsePart"": ""花"", ""Function"": ""生发，消肿。"", ""Indication"": ""主治秃发，冻疮。"", ""Properties"": ""味甘，性寒""}"
HERB002399,胡桃叶,https://www.dayi.org.cn/cmedical/1114481.html,Properties,"{""Properties"": ""味苦、涩，性平""}"
HERB002402,虎尾兰,https://www.dayi.org.cn/cmedical/1114493.html,Properties|Meridians,"{""Properties"": ""性凉，味酸"", ""Meridians"": ""归心、肺经""}"
HERB002404,槲叶,https://www.dayi.org.cn/cmedical/1114487.html,Toxicity|Properties,"{""Toxicity"": ""无毒《唐本草》"", ""Properties"": ""味甘、苦，性平""}"
HERB002406,虎掌草,https://www.dayi.org.cn/cmedical/1114490.html,Toxicity|Properties,"{""Toxicity"": ""小毒"", ""Properties"": ""味苦、辛，性平""}"
HERB002408,胡枝子,https://www.dayi.org.cn/cmedical/1114494.html,Properties,"{""Properties"": ""味甘，性平""}"
HERB002428,化橘红,https://www.dayi.org.cn/cmedical/301293.html,UsePart,"{""UsePart"": ""外层果皮""}"
HERB002432,桦木皮,https://www.dayi.org.cn/cmedical/301304.html,Properties,"{""Properties"": ""味苦，性平，入肺、胃、大肠经""}"
HERB002442,华千金藤,https://www.dayi.org.cn/cmedical/1117385.html,Properties,"{""Properties"": ""味苦，性凉""}"
HERB002443,花蕊石,https://www.dayi.org.cn/cmedical/301278.html,UsePart,"{""UsePart"": ""变质岩类岩石蛇纹大理岩""}"
HERB002448,花生衣,https://www.dayi.org.cn/cmedical/1117105.html,UsePart,"{""UsePart"": ""种皮""}"
HERB002449,花生油,https://www.dayi.org.cn/cmedical/1115867.html,UsePart|Function|Indication|Properties,"{""UsePart"": ""种子榨出的脂肪油"", ""Function"": ""润燥滑肠去积。"", ""Indication"": ""蛔虫性肠梗阻，胎衣不下，烫伤。"", ""Properties"": ""味甘，性平""}"
HERB002452,桦树液,https://www.dayi.org.cn/cmedical/301305.html,Function|Indication|Properties,"{""Function"": ""祛痰止咳，清热解毒。"", ""Indication"": ""用于咳嗽，气喘，小便赤涩。"", ""Properties"": ""苦，凉""}"
HERB002457,化香树果,https://www.dayi.org.cn/cmedical/301296.html,Herb_latin_name|UsePart|Function|Indication|Properties|Meridians,"{""Herb_latin_name"": ""PlatycaryastrobilaceaSieb.etZucc"", ""UsePart"": ""果实"", ""Function"": ""活血行气，止痛，杀虫止痒。"", ""Indication"": ""用于内伤胸腹胀痛，跌打损伤，筋骨疼痛，痈肿，湿疮，疥癣。"", ""Properties"": ""味辛、性温，"", ""Meridians"": ""归肺、脾、大肠经""}"
HERB002458,化香树叶,https://www.dayi.org.cn/cmedical/301297.html,Toxicity|Properties|Meridians,"{""Toxicity"": ""有毒"", ""Properties"": ""味辛，性温。"", ""Meridians"": ""归心、脾经""}"
HERB002462,华泽兰,https://www.dayi.org.cn/cmedical/301285.html,Toxicity|Properties,"{""Toxicity"": ""有毒"", ""Properties"": ""味苦、辛，性平""}"
HERB002465,华中五味子,https://www.dayi.org.cn/cmedical/1114415.html,Properties|Meridians,"{""Properties"": ""味酸，性温"", ""Meridians"": ""归肺、心、肾经""}"
HERB002472,槐花,https://www.dayi.org.cn/cmedical/301310.html,UsePart,"{""UsePart"": ""花及花蕾""}"
HERB002471,槐根,https://www.dayi.org.cn/cmedical/301309.html,Toxicity|Properties,"{""Toxicity"": ""无毒"", ""Properties"": ""味苦，性平""}"
HERB002473,槐角,https://www.dayi.org.cn/cmedical/301312.html,UsePart|Indication,"{""UsePart"": ""果实"", ""Indication"": ""痔疮出血，肠风下血，血痢，崩漏，血淋，血热吐衄，肝热目赤，头晕目眩。""}"
HERB002478,槐叶,https://www.dayi.org.cn/cmedical/301313.html,Function|Indication|Properties|Meridians,"{""Function"": ""清肝泻火，凉血解毒，燥湿杀虫。"", ""Indication"": ""用于小儿惊痫，壮热，肠风，尿血，痔疮，湿疹，疥癣，痈疮疔肿。"", ""Properties"": ""苦，平。"", ""Meridians"": ""归肝、胃经""}"
HERB002489,黄柏,https://www.dayi.org.cn/cmedical/301314.html,Indication,"{""Indication"": ""湿热泻痢，黄疸尿赤，带下阴痒，热淋涩痛，脚气痿躄，骨蒸劳热，盗汗，遗精，疮疡肿毒，湿疹湿疮。""}"
HERB002500,黄瓜藤,https://www.dayi.org.cn/cmedical/1114331.html,Toxicity|UsePart|Function|Indication|Properties|Meridians,"{""Toxicity"": ""有小毒"", ""UsePart"": ""藤茎"", ""Function"": ""清热，化痰，利湿，解毒。"", ""Indication"": ""痰热咳嗽，癫痫，湿热泻痢，湿痰流注，疮痈肿毒，高血压病。"", ""Properties"": ""味苦，性凉"", ""Meridians"": ""归心、肺经""}"
HERB002501,黄瓜叶,https://www.dayi.org.cn/cmedical/1114332.html,UsePart|Function|Indication|Properties|Meridians,"{""UsePart"": ""叶片"", ""Function"": ""清湿热，消毒肿。"", ""Indication"": ""湿热泻痢，无名肿毒，湿脚气。"", ""Properties"": ""味苦，性寒"", ""Meridians"": ""归脾、大肠经""}"
HERB002510,黄花菜,https://www.dayi.org.cn/cmedical/301344.html,Toxicity|UsePart|Function|Indication|Properties|Meridians,"{""Toxicity"": ""有毒"", ""UsePart"": ""全草"", ""Function"": ""散瘀消肿、祛风止痛、生肌疗疮。"", ""Indication"": ""主治跌打肿痛、劳伤腰痛、疝气疼痛、头痛、痢疾、疮疡溃烂、耳尖流脓、眼红痒痛、白带淋浊。"", ""Properties"": ""味苦、辛，性温，"", ""Meridians"": ""归肝、膀胱经""}"
HERB002509,黄花菜,https://www.dayi.org.cn/cmedical/301344.html,Toxicity|Properties|Meridians,"{""Toxicity"": ""有毒"", ""Properties"": ""味苦、辛，性温，"", ""Meridians"": ""归肝、膀胱经""}"
HERB002517,黄花夹竹桃,https://www.dayi.org.cn/cmedical/301351.html,Toxicity|Properties,"{""Toxicity"": ""大毒"", ""Properties"": ""辛、苦，温。心经""}"
HERB002515,黄花蒿,https://www.dayi.org.cn/cmedical/1114334.html,Properties|Meridians,"{""Properties"": ""性寒，味苦、辛，"", ""Meridians"": ""归肝、胆经""}"
HERB002519,黄花木,https://www.dayi.org.cn/cmedical/301357.html,Properties,"{""Properties"": ""味甘、淡，性微寒""}"
HERB002520,黄花稔,https://www.dayi.org.cn/cmedical/301361.html,Properties|Meridians,"{""Properties"": ""味微辛，性凉"", ""Meridians"": ""归肺、肝、大肠经""}"
HERB002525,黄花远志,https://www.dayi.org.cn/cmedical/1114341.html,Properties|Meridians,"{""Properties"": ""味甘、辛，性平"", ""Meridians"": ""归心、肺、肝、肾经""}"
HERB002539,黄葵,https://www.dayi.org.cn/cmedical/301390.html,Properties,"{""Properties"": ""《广西中草药》：味微甘，性凉""}"
HERB002545,黄栌,https://www.dayi.org.cn/cmedical/1114353.html,Toxicity|Properties|Meridians,"{""Toxicity"": ""无毒"", ""Properties"": ""黄栌根味涩，性温，归肝、肾经"", ""Meridians"": ""黄栌枝叶味苦、辛，性寒，归肝、肾经""}"
HERB002547,黄麻叶,https://www.dayi.org.cn/cmedical/1114350.html,Properties,"{""Properties"": ""味苦，性平""}"
HERB002554,黄明胶,https://www.dayi.org.cn/cmedical/1117849.html,Toxicity|Properties|Meridians,"{""Toxicity"": ""无毒"", ""Properties"": ""味甘，性平"", ""Meridians"": ""归肺、大肠经""}"
HERB002558,黄皮叶,https://www.dayi.org.cn/cmedical/1114365.html,Properties,"{""Properties"": ""味辛、苦，性平""}"
HERB002568,黄三七,https://www.dayi.org.cn/cmedical/1114376.html,Properties|Meridians,"{""Properties"": ""味苦，性凉"", ""Meridians"": ""归心、肺、胃、大肠经""}"
HERB002573,黄山药,https://www.dayi.org.cn/cmedical/301399.html,UsePart|Properties|Meridians,"{""UsePart"": ""根茎"", ""Properties"": ""味苦、微辛，性平"", ""Meridians"": ""归胃、心经""}"
HERB002574,黄蜀葵花,https://www.dayi.org.cn/cmedical/301400.html,Toxicity|Properties|Meridians,"{""Toxicity"": ""无毒"", ""Properties"": ""味甘，性寒，"", ""Meridians"": ""归肾、膀胱经""}"
HERB002582,黄细辛,https://www.dayi.org.cn/cmedical/1114401.html,Toxicity|Properties,"{""Toxicity"": ""有小毒"", ""Properties"": ""辛，温""}"
HERB002591,黄药子,https://www.dayi.org.cn/cmedical/301402.html,Toxicity,"{""Toxicity"": ""有毒""}"
HERB002627,茴香根,https://www.dayi.org.cn/cmedical/1114436.html,Properties,"{""Properties"": ""味辛、甘，性温""}"
HERB002626,茴香虫,https://www.dayi.org.cn/cmedical/1117848.html,UsePart|Function|Indication|Properties|Meridians,"{""UsePart"": ""幼虫"", ""Function"": ""理气，化瘀，止痛。"", ""Indication"": ""茴香虫主要用于治疗胃脘痛，疝气腹痛，呃逆，噎膈。"", ""Properties"": ""味辛、甘，性温，"", ""Meridians"": ""归肝、胃经""}"
HERB002629,茴香茎叶,https://www.dayi.org.cn/cmedical/1114438.html,Properties|Meridians,"{""Properties"": ""味甘、辛，性温。"", ""Meridians"": ""归脾、胃经""}"
HERB002640,火麻仁,https://www.dayi.org.cn/cmedical/1155581.html,Toxicity,"{""Toxicity"": ""无毒《吴普本草》""}"
HERB002643,火炭母草,https://www.dayi.org.cn/cmedical/301405.html,Toxicity|Properties,"{""Toxicity"": ""有毒"", ""Properties"": ""味辛、苦，性凉""}"
HERB002650,珍珠母,https://www.dayi.org.cn/cmedical/1118161.html,Properties|Meridians,"{""Properties"": ""味咸，性寒"", ""Meridians"": ""归肝、心经""}"
HERB002722,蓟罂粟,https://www.dayi.org.cn/cmedical/1115685.html,Properties|Meridians,"{""Properties"": ""味辛、苦，性凉"", ""Meridians"": ""归脾、肺、胆三经""}"
HERB002835,僵蚕,https://www.dayi.org.cn/cmedical/1155655.html,Therapeutic_cn_class|UsePart|Function|Indication|Properties|Meridians,"{""Therapeutic_cn_class"": ""息风止痉药"", ""UsePart"": ""干燥体"", ""Function"": ""具有息风止痉，祛风止痛，化痰散结的功效。"", ""Indication"": ""主要用于肝风挟痰，惊痫抽搐，小儿急惊，破伤风，中风口歪，风热头痛，目赤咽痛，风疹瘙痒，发颐痄腮。"", ""Properties"": ""味咸、辛，性平"", ""Meridians"": ""归肝、肺、胃经""}"
HERB002834,僵蚕,https://www.dayi.org.cn/cmedical/1155655.html,UsePart,"{""UsePart"": ""干燥体""}"
HERB002937,金钱草,https://www.dayi.org.cn/cmedical/1155600.html,Toxicity|UsePart,"{""Toxicity"": ""无毒"", ""UsePart"": ""全草""}"
HERB002976,京大戟,https://www.dayi.org.cn/cmedical/1114445.html,Toxicity|UsePart|Properties|Meridians,"{""Toxicity"": ""有毒"", ""UsePart"": ""根"", ""Properties"": ""味苦，性寒"", ""Meridians"": ""归肺、脾、肾经""}"
HERB003004,韭菜子,https://www.dayi.org.cn/cmedical/1114472.html,Toxicity|UsePart|Properties|Meridians,"{""Toxicity"": ""无毒"", ""UsePart"": ""成熟种子"", ""Properties"": ""味辛、甘，性温"", ""Meridians"": ""归肝、肾经""}"
HERB003249,十大功劳,https://www.dayi.org.cn/cmedical/1116724.html,UsePart|Function|Indication|Properties,"{""UsePart"": ""根、茎、叶"", ""Function"": ""1、叶：滋阴清热。\n2、根、茎：清热解毒。"", ""Indication"": ""1、叶：主治肺结核，感冒。\n2、根、茎：主治细菌性痢疾，急性胃肠炎，传染性肝炎，肺炎，肺结核，支气管炎，咽喉肿痛；外用治眼结膜炎，痈疖肿毒，烧、烫伤。"", ""Properties"": ""味苦，性寒""}"
HERB003416,赤芍,https://www.dayi.org.cn/cmedical/300177.html,UsePart|Function|Indication|Properties|Meridians,"{""UsePart"": ""根"", ""Function"": ""清热凉血，散瘀止痛。"", ""Indication"": ""热入营血，温毒发斑，吐血衄血，目赤肿痛，肝郁胁痛，经闭痛经，癥瘕腹痛，跌仆损伤，痈肿疮疡。"", ""Properties"": ""味苦，性微寒"", ""Meridians"": ""归肝经""}"
HERB003529,鹿角,https://www.dayi.org.cn/cmedical/1155673.html,UsePart|Indication,"{""UsePart"": ""角或角基"", ""Indication"": ""主治肾虚腰脊冷痛，阳痿遗精，崩漏，白带，尿频尿多，阴疽疮疡，乳痈肿痛，跌打瘀肿，筋骨疼痛。""}"
HERB003573,罗布麻叶,https://www.dayi.org.cn/cmedical/1114698.html,Herb_latin_name|UsePart|Function|Indication|Properties|Meridians,"{""Herb_latin_name"": ""Apocyni Veneti Folium"", ""UsePart"": ""叶"", ""Function"": ""平肝安神，清热利水。"", ""Indication"": ""肝阳眩晕，心悸失眠，浮肿尿少。"", ""Properties"": ""味甘、苦，性凉"", ""Meridians"": ""归肝经""}"
HERB003599,罗伞树,https://www.dayi.org.cn/cmedical/1155750.html,Toxicity|Properties,"{""Toxicity"": ""无毒"", ""Properties"": ""味苦、辛，性凉""}"
HERB003746,芒萁骨,https://www.dayi.org.cn/cmedical/1114956.html,Properties,"{""Properties"": ""味微苦、涩，性平""}"
HERB003748,芒硝,https://www.dayi.org.cn/cmedical/1151631.html,UsePart,"{""UsePart"": ""结晶体""}"
HERB004019,木防己,https://www.dayi.org.cn/cmedical/302397.html,Properties|Meridians,"{""Properties"": ""味苦、辛，性寒。"", ""Meridians"": ""归膀胱、肾、脾经""}"
HERB004102,南沙参,https://www.dayi.org.cn/cmedical/1155630.html,UsePart|Properties|Meridians,"{""UsePart"": ""根"", ""Properties"": ""味甘，性微寒"", ""Meridians"": ""归肺、胃经""}"
HERB004162,粘毛鼠尾草,https://www.dayi.org.cn/cmedical/305719.html,Properties|Meridians,"{""Properties"": ""味微苦，微甘，性凉"", ""Meridians"": ""归肝、胃经""}"
HERB004339,硼砂,https://www.dayi.org.cn/cmedical/302659.html,UsePart,"{""UsePart"": ""结晶""}"
HERB004348,枇杷,https://www.dayi.org.cn/cmedical/1155658.html,Toxicity|Properties|Meridians,"{""Toxicity"": ""无毒"", ""Properties"": ""味甘、酸，性凉"", ""Meridians"": ""归脾；肺；肝经""}"
HERB004465,荨麻,https://www.dayi.org.cn/cmedical/305060.html,Toxicity|Properties|Meridians,"{""Toxicity"": ""有毒"", ""Properties"": ""味苦、辛，性温"", ""Meridians"": ""归肝经""}"
HERB004572,当归,https://www.dayi.org.cn/cmedical/300362.html,Toxicity|Therapeutic_cn_class|UsePart|Function|Indication|Properties|Meridians,"{""Toxicity"": ""无毒"", ""Therapeutic_cn_class"": ""补血药"", ""UsePart"": ""根"", ""Function"": ""本品具有补血活血，调经止痛，润肠通便的功效。"", ""Indication"": ""主治血虚萎黄，眩晕心悸，月经不调，经闭痛经，虚寒腹痛，风湿痹痛，跌扑损伤，痈疽疮疡，肠燥便秘等。"", ""Properties"": ""味甘、辛，性温"", ""Meridians"": ""归肝、心、脾经""}"
HERB004596,川芎,https://www.dayi.org.cn/cmedical/306239.html,Herb_latin_name|Therapeutic_cn_class|UsePart|Function|Indication|Properties|Meridians,"{""Herb_latin_name"": ""Chuanxiong Rhizoma"", ""Therapeutic_cn_class"": ""活血止痛药"", ""UsePart"": ""根茎"", ""Function"": ""活血行气，祛风止痛。"", ""Indication"": ""主治胸痹心痛，胸胁刺痛，跌扑肿痛，月经不调，经闭痛经，癥瘕腹痛，头痛，风湿痹痛。"", ""Properties"": ""性温，味辛，"", ""Meridians"": ""归肝、胆、心包经""}"
HERB004882,山东肿足蕨,https://www.dayi.org.cn/cmedical/303220.html,Properties,"{""Properties"": ""味苦，性平。入肝、胃经""}"
HERB004924,山桐子,https://www.dayi.org.cn/cmedical/303296.html,Properties,"{""Properties"": ""味辛，性平。入肾经""}"
HERB004943,山油麻,https://www.dayi.org.cn/cmedical/1115127.html,Properties|Meridians,"{""Properties"": ""味苦，性凉"", ""Meridians"": ""归肝、肺经""}"
HERB004975,蛇果黄堇,https://www.dayi.org.cn/cmedical/303395.html,Toxicity|Properties,"{""Toxicity"": ""有毒"", ""Properties"": ""味苦、辛，性温""}"
HERB004993,穿心莲,https://www.dayi.org.cn/cmedical/300194.html,UsePart|Function|Indication|Properties|Meridians,"{""UsePart"": ""地上部分"", ""Function"": ""清热解毒，凉血，消肿。"", ""Indication"": ""感冒发热，咽喉肿痛，口舌生疮，顿咳劳嗽，泄泻痢疾，热淋涩痛，痈肿疮疡，蛇虫咬伤。"", ""Properties"": ""味苦，性寒"", ""Meridians"": ""归心、肺、大肠、膀胱经""}"
HERB005009,香茶菜,https://www.dayi.org.cn/cmedical/304656.html,Toxicity|UsePart|Function|Indication|Properties|Meridians,"{""Toxicity"": ""无毒"", ""UsePart"": ""地上部分"", ""Function"": ""清热利湿，活血散瘀，解毒消肿。"", ""Indication"": ""湿热黄疸，淋证，水肿，咽喉肿痛，关节痹痛，闭经，乳痈，痔疮，发背，跌打损伤，毒蛇咬伤。"", ""Properties"": ""味辛、苦，性凉"", ""Meridians"": ""归肝、肾经""}"
HERB005014,生瓜,https://www.dayi.org.cn/cmedical/1115138.html,Toxicity|UsePart|Function|Indication|Properties|Meridians,"{""Toxicity"": ""无毒"", ""UsePart"": ""果实"", ""Function"": ""益气和胃，清暑止渴。"", ""Indication"": ""心下胀满，食欲不振，消渴，暑温。"", ""Properties"": ""味甘，性微寒，"", ""Meridians"": ""归脾、胃经""}"
HERB005017,生姜,https://www.dayi.org.cn/cmedical/303437.html,Toxicity,"{""Toxicity"": ""无毒""}"
HERB005033,石莼,https://www.dayi.org.cn/cmedical/303471.html,Toxicity|Properties,"{""Toxicity"": ""无毒"", ""Properties"": ""味甘、咸，性寒""}"
HERB005034,十大功劳根,https://www.dayi.org.cn/cmedical/303455.html,Herb_latin_name|UsePart|Function|Indication|Properties|Meridians,"{""Herb_latin_name"": ""Mahoniabealei(Fort.)Carr./Mahoniafortunei(Lindl.)/Mahoniajaponica(Thunb.)DC./MahoniacalamicaulisSpareetFisch."", ""UsePart"": ""根"", ""Function"": ""清热，燥湿，消肿，解毒。"", ""Indication"": ""用于湿热痢疾，腹泻，黄疸，肺痨咳血，咽喉痛，目赤肿痛，疮疡，湿疹。"", ""Properties"": ""味苦，性寒。"", ""Meridians"": ""归脾、肝、大肠经""}"
HERB005041,石刁柏,https://www.dayi.org.cn/cmedical/303475.html,Properties,"{""Properties"": ""味微甘，性平""}"
HERB005042,石吊兰,https://www.dayi.org.cn/cmedical/303476.html,Properties,"{""Properties"": ""味苦、辛，性平""}"
HERB005046,石防风,https://www.dayi.org.cn/cmedical/303480.html,Properties|Meridians,"{""Properties"": ""味苦、辛，性微寒。"", ""Meridians"": ""归肺、肝经""}"
HERB005048,石膏,https://www.dayi.org.cn/cmedical/303485.html,Toxicity|UsePart,"{""Toxicity"": ""毒性甚小"", ""UsePart"": ""硫酸盐类矿物硬石膏""}"
HERB005055,石斛,https://www.dayi.org.cn/cmedical/303487.html,Properties|Meridians,"{""Properties"": ""性微寒，味甘，"", ""Meridians"": ""归胃、肾经""}"
HERB005049,柿根,https://www.dayi.org.cn/cmedical/303570.html,Toxicity|Properties,"{""Toxicity"": ""无毒"", ""Properties"": ""味涩，性平""}"
HERB005054,石斛,https://www.dayi.org.cn/cmedical/303487.html,Properties|Meridians,"{""Properties"": ""性微寒，味甘，"", ""Meridians"": ""归胃、肾经""}"
HERB005056,石花,https://www.dayi.org.cn/cmedical/303488.html,Toxicity|Properties|Meridians,"{""Toxicity"": ""无毒"", ""Properties"": ""味甘，性平。"", ""Meridians"": ""归肝、肾经""}"
HERB005059,石见穿,https://www.dayi.org.cn/cmedical/1115151.html,Toxicity|UsePart|Function|Indication|Properties|Meridians,"{""Toxicity"": ""无毒"", ""UsePart"": ""全草"", ""Function"": ""本品具有活血化瘀，清热利湿，散结消肿的功效。"", ""Indication"": ""主要用于月经不调，痛经，经闭，崩漏，便血，湿热黄疸，热毒血痢，淋痛，带下，风湿骨痛，瘰疬，疮肿，乳痈，带状疱疹，麻风，跌打瘀肿。"", ""Properties"": ""味苦、辛，性微寒"", ""Meridians"": ""归肝、脾经""}"
HERB005063,使君子根,https://www.dayi.org.cn/cmedical/303565.html,Herb_latin_name|UsePart|Function|Indication|Properties|Meridians,"{""Herb_latin_name"": ""QuisqualisindicaL."", ""UsePart"": ""根"", ""Function"": ""杀虫健脾，降逆止咳。"", ""Indication"": ""用于虫积，痢疾，呃逆，咳嗽。"", ""Properties"": ""味辛、苦，性平。"", ""Meridians"": ""归脾、肺经""}"
HERB005066,石蜡红,https://www.dayi.org.cn/cmedical/303504.html,Properties|Meridians,"{""Properties"": ""味苦、涩，性凉。"", ""Meridians"": ""归肝经""}"
HERB005070,石榴根,https://www.dayi.org.cn/cmedical/303510.html,Toxicity|Properties|Meridians,"{""Toxicity"": ""有毒《广西中药志》；无毒《纲目》"", ""Properties"": ""味酸、涩，性温。"", ""Meridians"": ""归脾、胃、大肠经""}"
HERB005075,石龙芮,https://www.dayi.org.cn/cmedical/303516.html,Herb_latin_name|Toxicity|UsePart|Function|Indication|Properties|Meridians,"{""Herb_latin_name"": ""Ranunculi Herba"", ""Toxicity"": ""有毒"", ""UsePart"": ""全草"", ""Function"": ""清热解毒，消肿散结，止痛，截疟。"", ""Indication"": ""痈疖肿毒，毒蛇咬伤，痰核瘰疬，风湿关节肿痛，牙痛，疟疾。"", ""Properties"": ""味苦、辛，性寒"", ""Meridians"": ""归心、肺经""}"
HERB005073,石榴叶,https://www.dayi.org.cn/cmedical/303512.html,Properties|Meridians,"{""Properties"": ""味酸、涩，性温。"", ""Meridians"": ""归肝经""}"
HERB005078,石南,https://www.dayi.org.cn/cmedical/303524.html,Toxicity|Properties|Meridians,"{""Toxicity"": ""小毒"", ""Properties"": ""味辛、苦，性平。"", ""Meridians"": ""归肝、肾经""}"
HERB005077,柿木皮,https://www.dayi.org.cn/cmedical/303573.html,Herb_latin_name|UsePart|Function|Indication|Properties,"{""Herb_latin_name"": ""DiospyroskakiThunb."", ""UsePart"": ""树皮"", ""Function"": ""清热解毒，止血。"", ""Indication"": ""用于下血，汤火伤。"", ""Properties"": ""味涩，性平""}"
HERB005081,柿皮,https://www.dayi.org.cn/cmedical/303574.html,Herb_latin_name|UsePart|Function|Indication|Properties,"{""Herb_latin_name"": ""DiospyroskakiThunb."", ""UsePart"": ""外果皮"", ""Function"": ""清热解毒。"", ""Indication"": ""用于疔疮，无名肿毒。"", ""Properties"": ""味甘、涩，性寒""}"
HERB005088,当归,https://www.dayi.org.cn/cmedical/300362.html,Toxicity|Therapeutic_cn_class|UsePart|Function|Indication|Properties|Meridians,"{""Toxicity"": ""无毒"", ""Therapeutic_cn_class"": ""补血药"", ""UsePart"": ""根"", ""Function"": ""本品具有补血活血，调经止痛，润肠通便的功效。"", ""Indication"": ""主治血虚萎黄，眩晕心悸，月经不调，经闭痛经，虚寒腹痛，风湿痹痛，跌扑损伤，痈疽疮疡，肠燥便秘等。"", ""Properties"": ""味甘、辛，性温"", ""Meridians"": ""归肝、心、脾经""}"
HERB005085,石上柏,https://www.dayi.org.cn/cmedical/303536.html,Herb_latin_name|Toxicity|UsePart|Function|Properties|Meridians,"{""Herb_latin_name"": ""Selaginellae Doederleinii Herba"", ""Toxicity"": ""有毒"", ""UsePart"": ""全草"", ""Function"": ""清热解毒，祛风除湿。"", ""Properties"": ""味甘、微苦、涩，性凉"", ""Meridians"": ""归肝、胆、肺经""}"
HERB005083,石蕊,https://www.dayi.org.cn/cmedical/303534.html,Meridians,"{""Meridians"": ""归甘、涩，性凉。归心、肝经""}"
HERB005086,湿生扁蕾,https://www.dayi.org.cn/cmedical/303450.html,Properties,"{""Properties"": ""味苦，性寒""}"
HERB005092,石韦,https://www.dayi.org.cn/cmedical/303547.html,Herb_latin_name|UsePart|Function|Properties|Meridians,"{""Herb_latin_name"": ""Pyrrosiae Folium"", ""UsePart"": ""叶"", ""Function"": ""利尿通淋，清肺止咳，凉血止血。"", ""Properties"": ""味甘、苦，性微寒"", ""Meridians"": ""归肺、膀胱经""}"
HERB005091,石蒜,https://www.dayi.org.cn/cmedical/303546.html,Toxicity|Properties|Meridians,"{""Toxicity"": ""有毒"", ""Properties"": ""味辛、甘，性温，"", ""Meridians"": ""归肺、胃、肝经""}"
HERB005097,石燕,https://www.dayi.org.cn/cmedical/1142768.html,UsePart|Function|Indication|Properties|Meridians,"{""UsePart"": ""化石"", ""Function"": ""除湿热，利小便，退目翳。"", ""Indication"": ""石燕主要用于治疗淋病，小便不通，带下，尿血，小儿疳积，肠风痔漏，眼目障翳。"", ""Properties"": ""味甘、咸，性凉，"", ""Meridians"": ""归肾、膀胱经""}"
HERB005099,柿叶,https://www.dayi.org.cn/cmedical/303577.html,Toxicity|Properties|Meridians,"{""Toxicity"": ""无毒"", ""Properties"": ""味苦，性寒"", ""Meridians"": ""归肺经""}"
HERB005109,柿子,https://www.dayi.org.cn/cmedical/303578.html,Properties|Meridians,"{""Properties"": ""味甘、涩，性凉。"", ""Meridians"": ""归心、肺、大肠经""}"
HERB005115,手掌参,https://www.dayi.org.cn/cmedical/303585.html,Properties|Meridians,"{""Properties"": ""味甘，性平，"", ""Meridians"": ""归肺、脾、胃经""}"
HERB005118,熟地黄,https://www.dayi.org.cn/cmedical/1115491.html,Toxicity,"{""Toxicity"": ""无毒""}"
HERB005121,束花石斛,https://www.dayi.org.cn/cmedical/1115171.html,Properties,"{""Properties"": ""味甘、淡、微咸，性寒""}"
HERB005124,蜀葵花,https://www.dayi.org.cn/cmedical/303596.html,Toxicity|Properties|Meridians,"{""Toxicity"": ""无毒《别录》"", ""Properties"": ""味甘、咸，性凉。"", ""Meridians"": ""归肝、大肠经、小肠经""}"
HERB005126,鼠李,https://www.dayi.org.cn/cmedical/303607.html,Toxicity|Properties|Meridians,"{""Toxicity"": ""小毒《新修本草》"", ""Properties"": ""味苦、甘，性凉。"", ""Meridians"": ""归肝、肾经""}"
HERB005134,树舌,https://www.dayi.org.cn/cmedical/303632.html,Properties|Meridians,"{""Properties"": ""味微苦，性平。"", ""Meridians"": ""归脾、胃经""}"
HERB005135,鼠尾草,https://www.dayi.org.cn/cmedical/303614.html,Toxicity|UsePart|Function|Indication|Properties,"{""Toxicity"": ""无毒"", ""UsePart"": ""全草"", ""Function"": ""清热利湿，活血调经，解毒消肿。"", ""Indication"": ""黄疸、赤白下痢，湿热带下，月经不调，痛经，疮疡疖肿，跌打损伤。"", ""Properties"": ""味苦、辛，性平""}"
HERB005132,鼠曲草,https://www.dayi.org.cn/cmedical/303610.html,UsePart|Function|Properties|Meridians,"{""UsePart"": ""全草"", ""Function"": ""化痰止咳，祛风除湿，解毒。"", ""Properties"": ""味甘、微酸，性平，"", ""Meridians"": ""归肺经""}"
HERB005162,水飞蓟,https://www.dayi.org.cn/cmedical/303664.html,Toxicity|Function|Properties|Meridians,"{""Toxicity"": ""无毒"", ""Function"": ""清热解毒，疏肝利胆。"", ""Properties"": ""味苦，性凉"", ""Meridians"": ""归肝、胆经""}"
HERB005163,水甘草,https://www.dayi.org.cn/cmedical/303667.html,Properties,"{""Properties"": ""味甘，性凉""}"
HERB005161,水朝阳,https://www.dayi.org.cn/cmedical/1115198.html,Properties,"{""Properties"": ""水朝阳草：味辛、甘，性温。 水朝阳花：味苦、咸，性微温""}"
HERB005165,水红花子,https://www.dayi.org.cn/cmedical/303674.html,UsePart|Properties|Meridians,"{""UsePart"": ""成熟果实"", ""Properties"": ""味咸，性微寒"", ""Meridians"": ""归肝、胃经""}"
HERB005166,水葫芦,https://www.dayi.org.cn/cmedical/1115175.html,Properties|Meridians,"{""Properties"": ""味辛、淡，性凉，"", ""Meridians"": ""归肺、胃、膀胱经""}"
HERB005169,水茴香,https://www.dayi.org.cn/cmedical/303685.html,Properties|Meridians,"{""Properties"": ""味辛、甘，性温"", ""Meridians"": ""归肺、脾、胃经""}"
HERB005172,水金凤,https://www.dayi.org.cn/cmedical/303692.html,Indication|Properties|Meridians,"{""Indication"": ""用于月经不调，痛经，经闭，跌打损伤，风湿痹痛，脚气肿痛，阴囊湿疹，癣疮，癞疮。"", ""Properties"": ""味甘，性温。"", ""Meridians"": ""归肺、肝经""}"
HERB005173,水晶兰,https://www.dayi.org.cn/cmedical/303695.html,Properties|Meridians,"{""Properties"": ""味甘，性平。"", ""Meridians"": ""归肺经""}"
HERB005174,水苦荬,https://www.dayi.org.cn/cmedical/303698.html,Function|Indication|Properties|Meridians,"{""Function"": ""清热解毒，活血止血。"", ""Indication"": ""感冒，咽痛，劳伤咯血，痢疾，血淋，月经不调，疮肿，跌打损伤。"", ""Properties"": ""味苦，性凉"", ""Meridians"": ""归肺、肝、肾经""}"
HERB005181,水木草,https://www.dayi.org.cn/cmedical/303723.html,Properties,"{""Properties"": ""味苦，性凉""}"
HERB005177,水流豆,https://www.dayi.org.cn/cmedical/303705.html,Toxicity|Properties|Meridians,"{""Toxicity"": ""小毒"", ""Properties"": ""味苦，性寒。"", ""Meridians"": ""归肺经""}"
HERB005183,水牛角,https://www.dayi.org.cn/cmedical/303724.html,Properties|Meridians,"{""Properties"": ""味苦，性寒"", ""Meridians"": ""归心、肝经""}"
HERB005184,水茄,https://www.dayi.org.cn/cmedical/303728.html,Toxicity|Properties|Meridians,"{""Toxicity"": ""小毒"", ""Properties"": ""味辛，性平。"", ""Meridians"": ""归肺、心、肝经""}"
HERB005185,水芹,https://www.dayi.org.cn/cmedical/303733.html,Properties|Meridians,"{""Properties"": ""味辛、甘，性凉"", ""Meridians"": ""归肺、肝、膀胱经""}"
HERB005187,水曲柳,https://www.dayi.org.cn/cmedical/303735.html,Properties|Meridians,"{""Properties"": ""味苦，性寒。"", ""Meridians"": ""归肝、肺、大肠经""}"
HERB005190,水松,https://www.dayi.org.cn/cmedical/303743.html,Toxicity|Properties|Meridians,"{""Toxicity"": ""无毒"", ""Properties"": ""味甘、咸，性寒。"", ""Meridians"": ""归膀胱、大肠经""}"
HERB005192,水团花,https://www.dayi.org.cn/cmedical/303753.html,Properties,"{""Properties"": ""味苦、涩，性凉""}"
HERB005193,水蜈蚣,https://www.dayi.org.cn/cmedical/303759.html,Properties|Meridians,"{""Properties"": ""味辛、微苦、甘，性平。"", ""Meridians"": ""归肺、肝经""}"
HERB005194,水仙花,https://www.dayi.org.cn/cmedical/1115195.html,Herb_latin_name|Toxicity|UsePart|Function|Indication|Properties|Meridians,"{""Herb_latin_name"": ""Flos Narcissus Tazettae"", ""Toxicity"": ""有毒"", ""UsePart"": ""花"", ""Function"": ""清心悦神，理气调经，解毒辟秽。"", ""Indication"": ""神疲头昏，月经不调，痢疾，疮肿。"", ""Properties"": ""味辛，性凉"", ""Meridians"": ""归肝、肺经""}"
HERB005197,水仙花,https://www.dayi.org.cn/cmedical/1115195.html,Toxicity|Properties|Meridians,"{""Toxicity"": ""有毒"", ""Properties"": ""味辛，性凉"", ""Meridians"": ""归肝、肺经""}"
HERB005198,水杨梅,https://www.dayi.org.cn/cmedical/303769.html,Properties,"{""Properties"": ""味苦、涩，性凉""}"
HERB005202,水杨梅,https://www.dayi.org.cn/cmedical/303769.html,UsePart|Function|Indication|Properties,"{""UsePart"": ""地上部分"", ""Function"": ""清利湿热，解毒消肿。"", ""Indication"": ""水杨梅主要用于治疗湿热泄泻，痢疾，湿疹，疮疖肿毒，风火牙痛，跌打损伤，外伤出血。"", ""Properties"": ""味苦、涩，性凉""}"
HERB005201,水杨梅,https://www.dayi.org.cn/cmedical/303769.html,UsePart|Function|Indication|Properties,"{""UsePart"": ""地上部分"", ""Function"": ""清利湿热，解毒消肿。"", ""Indication"": ""水杨梅主要用于治疗湿热泄泻，痢疾，湿疹，疮疖肿毒，风火牙痛，跌打损伤，外伤出血。"", ""Properties"": ""味苦、涩，性凉""}"
HERB005196,水仙根,https://www.dayi.org.cn/cmedical/303765.html,Toxicity|Properties|Meridians,"{""Toxicity"": ""有毒"", ""Properties"": ""味苦、微辛，性寒。"", ""Meridians"": ""归心、肺经""}"
HERB005207,水栀,https://www.dayi.org.cn/cmedical/303779.html,Function|Indication|Properties|Meridians,"{""Function"": ""清热解毒，消肿止痛。"", ""Indication"": ""用于热毒，黄疸，鼻衄，肾炎水肿，挫伤扭伤。"", ""Properties"": ""味苦，性寒。"", ""Meridians"": ""归心、肝经""}"
HERB005209,水栀叶,https://www.dayi.org.cn/cmedical/303781.html,Properties|Meridians,"{""Properties"": ""味涩，性平。"", ""Meridians"": ""归肝经""}"
HERB005222,丝瓜络,https://www.dayi.org.cn/cmedical/303795.html,Properties|Meridians,"{""Properties"": ""性平，味甘，"", ""Meridians"": ""归肺、胃、肝经""}"
HERB005243,丝棉木,https://www.dayi.org.cn/cmedical/303798.html,Toxicity|Properties|Meridians,"{""Toxicity"": ""小毒"", ""Properties"": ""味苦、辛，性凉。"", ""Meridians"": ""归肝、脾、肾经""}"
HERB005257,松蒿,https://www.dayi.org.cn/cmedical/303833.html,Properties,"{""Properties"": ""味微辛，性凉""}"
HERB005258,松花粉,https://www.dayi.org.cn/cmedical/303835.html,Herb_latin_name|UsePart|Function|Properties|Meridians,"{""Herb_latin_name"": ""Pini Pollen"", ""UsePart"": ""花粉"", ""Function"": ""收敛止血，燥湿敛疮。"", ""Properties"": ""味甘，性温，"", ""Meridians"": ""归肝、脾经""}"
HERB005259,松节,https://www.dayi.org.cn/cmedical/303837.html,Toxicity|UsePart,"{""Toxicity"": ""无毒"", ""UsePart"": ""马尾松、油松及其同属植物枝干的结节""}"
HERB005260,松节油,https://www.dayi.org.cn/cmedical/1116652.html,UsePart|Properties|Meridians,"{""UsePart"": ""油树脂"", ""Properties"": ""味苦，性温"", ""Meridians"": ""归肝、肾经""}"
HERB005262,松萝,https://www.dayi.org.cn/cmedical/306233.html,Toxicity|Properties|Meridians,"{""Toxicity"": ""无毒《名医别录》"", ""Properties"": ""味甘、苦，性平，"", ""Meridians"": ""归心、肾、肺经""}"
HERB005266,松香,https://www.dayi.org.cn/cmedical/303843.html,Properties|Meridians,"{""Properties"": ""味苦、甘，性温。"", ""Meridians"": ""归肝、脾经""}"
HERB005268,松叶,https://www.dayi.org.cn/cmedical/303845.html,UsePart|Function|Indication|Properties|Meridians,"{""UsePart"": ""针叶"", ""Function"": ""祛风燥湿，杀虫止痒，活血安神。"", ""Indication"": ""风湿痹痛，脚气，湿疮，癣，风疹瘙痒，跌打损伤，神经衰弱，慢性肾炎，高血压病，预防乙脑、流感。"", ""Properties"": ""味苦，性温。"", ""Meridians"": ""归心、脾经""}"
HERB005273,松子仁,https://www.dayi.org.cn/cmedical/1117235.html,Toxicity|UsePart|Function|Indication|Properties|Meridians,"{""Toxicity"": ""无毒"", ""UsePart"": ""种仁"", ""Function"": ""松子仁具有润肠通便、润肺止咳的功效。"", ""Indication"": ""松子仁主要用于治疗肠燥便秘、肺燥干咳等症。"", ""Properties"": ""味甘，性温，"", ""Meridians"": ""归大肠、肺经""}"
HERB005271,松油,https://www.dayi.org.cn/cmedical/1115214.html,UsePart|Function|Indication|Properties,"{""UsePart"": ""油树脂"", ""Function"": ""祛风、杀虫。"", ""Indication"": ""疥疮、皮癣。"", ""Properties"": ""味苦，性温""}"
HERB005272,松针,https://www.dayi.org.cn/cmedical/1117616.html,Properties|Meridians,"{""Properties"": ""味苦，性温，"", ""Meridians"": ""归心、脾经""}"
HERB005295,粟米,https://www.dayi.org.cn/cmedical/303862.html,Toxicity|Properties|Meridians,"{""Toxicity"": ""无毒《别录》"", ""Properties"": ""味甘、咸，性凉"", ""Meridians"": ""归肾、脾、胃经。陈粟米：味苦，性寒""}"
HERB005296,粟米草,https://www.dayi.org.cn/cmedical/303863.html,Properties|Meridians,"{""Properties"": ""味淡、涩，性凉。"", ""Meridians"": ""归胃、肺经""}"
HERB005302,素馨花,https://www.dayi.org.cn/cmedical/303860.html,Toxicity|Properties|Meridians,"{""Toxicity"": ""无毒"", ""Properties"": ""味微苦，性平"", ""Meridians"": ""归肝经""}"
HERB005311,酸角,https://www.dayi.org.cn/cmedical/303873.html,Toxicity|Properties|Meridians,"{""Toxicity"": ""无毒《食物本草》"", ""Properties"": ""味甘、酸，性凉。"", ""Meridians"": ""归心、胃经""}"
HERB005312,酸模,https://www.dayi.org.cn/cmedical/303875.html,Toxicity|Properties|Meridians,"{""Toxicity"": ""无毒"", ""Properties"": ""味酸、微苦，性寒"", ""Meridians"": ""归肝、膀胱经""}"
HERB005313,酸模叶,https://www.dayi.org.cn/cmedical/303876.html,Properties|Meridians,"{""Properties"": ""味酸，微苦，性寒。"", ""Meridians"": ""归胃、脾经""}"
HERB005314,酸石榴,https://www.dayi.org.cn/cmedical/303877.html,Toxicity|Properties|Meridians,"{""Toxicity"": ""无毒《纲目》"", ""Properties"": ""味酸，性温。"", ""Meridians"": ""归胃、大肠经""}"
HERB005319,酸枣仁,https://www.dayi.org.cn/cmedical/1115571.html,Toxicity,"{""Toxicity"": ""无毒""}"
HERB005335,娑罗子,https://www.dayi.org.cn/cmedical/303893.html,Properties|Meridians,"{""Properties"": ""味甘，性温"", ""Meridians"": ""归肝、胃经""}"
HERB005338,锁阳,https://www.dayi.org.cn/cmedical/1155641.html,Toxicity,"{""Toxicity"": ""无毒""}"
HERB005390,太子参,https://www.dayi.org.cn/cmedical/1155615.html,Toxicity|UsePart,"{""Toxicity"": ""无毒"", ""UsePart"": ""块根""}"
HERB005394,檀香油,https://www.dayi.org.cn/cmedical/303941.html,UsePart|Function|Indication|Properties|Meridians,"{""UsePart"": ""挥发油"", ""Function"": ""降逆和胃，行气止痛。"", ""Indication"": ""主治呃逆，呕吐，胃脘痛，腰痛。"", ""Properties"": ""味苦，性温，"", ""Meridians"": ""归胃、肾经""}"
HERB005397,棠梨,https://www.dayi.org.cn/cmedical/1115229.html,Toxicity|Properties|Meridians,"{""Toxicity"": ""无毒"", ""Properties"": ""味酸、甘、涩，性寒"", ""Meridians"": ""归肺、胃、大肠经""}"
HERB005404,桃儿七,https://www.dayi.org.cn/cmedical/303949.html,Toxicity|Properties,"{""Toxicity"": ""有毒"", ""Properties"": ""味苦、微辛，性温""}"
HERB005405,桃根,https://www.dayi.org.cn/cmedical/303951.html,Properties|Meridians,"{""Properties"": ""味苦，性平。"", ""Meridians"": ""归肝、心、胃、大肠经""}"
HERB005408,桃胶,https://www.dayi.org.cn/cmedical/303952.html,Toxicity|UsePart|Function|Indication|Properties|Meridians,"{""Toxicity"": ""无毒"", ""UsePart"": ""树皮中分泌出来的树脂"", ""Function"": ""和血、通淋、止痢。"", ""Indication"": ""主治血瘕、石淋、痢疾、腹痛、糖尿病、乳糜尿。"", ""Properties"": ""味苦，性平，"", ""Meridians"": ""归大肠、膀胱经""}"
HERB005406,桃花,https://www.dayi.org.cn/cmedical/1123677.html,Toxicity|Properties|Meridians,"{""Toxicity"": ""无毒"", ""Properties"": ""味苦，性平"", ""Meridians"": ""归心、肝、大肠经""}"
HERB005409,桃金娘,https://www.dayi.org.cn/cmedical/303953.html,Properties|Meridians,"{""Properties"": ""味甘、涩，性平。"", ""Meridians"": ""归肝、脾经""}"
HERB005413,桃叶,https://www.dayi.org.cn/cmedical/303958.html,Toxicity|Properties|Meridians,"{""Toxicity"": ""有毒"", ""Properties"": ""味苦、辛，性平。"", ""Meridians"": ""归脾、肾经""}"
HERB005414,桃叶蓼,https://www.dayi.org.cn/cmedical/303959.html,Properties|Meridians,"{""Properties"": ""味辛、苦，性温，"", ""Meridians"": ""归肺、脾、大肠经""}"
HERB005416,桃子,https://www.dayi.org.cn/cmedical/303961.html,Function|Indication|Properties|Meridians,"{""Function"": ""生津，润肠，活血，消积。"", ""Indication"": ""用于津少口渴，肠燥便秘，闭经，积聚。"", ""Properties"": ""味甘、酸，性温。"", ""Meridians"": ""归肺、大肠经""}"
HERB005434,天冬,https://www.dayi.org.cn/cmedical/303978.html,UsePart,"{""UsePart"": ""块根""}"
HERB005433,甜地丁,https://www.dayi.org.cn/cmedical/304025.html,Function|Indication,"{""Function"": ""清热解毒，凉血消肿。"", ""Indication"": ""痈肿疔疮，丹毒，肠痈，瘰疬，毒蛇咬伤，黄疸，肠炎，痢疾。""}"
HERB005437,甜瓜根,https://www.dayi.org.cn/cmedical/1115234.html,UsePart|Function|Indication|Properties,"{""UsePart"": ""根"", ""Function"": ""祛风止痒。"", ""Indication"": ""风热湿疮。"", ""Properties"": ""味甘、苦，性寒""}"
HERB005443,天胡荽,https://www.dayi.org.cn/cmedical/303979.html,Properties,"{""Properties"": ""味辛、微苦，性凉""}"
HERB005445,田基黄,https://www.dayi.org.cn/cmedical/304015.html,Toxicity|Function|Indication,"{""Toxicity"": ""无毒"", ""Function"": ""清热利湿，解毒，散瘀消肿，止痛。"", ""Indication"": ""湿热黄疸，泄泻，痢疾，肠痈，肺痈，痈疖肿毒，乳蛾，口疮，目赤肿痛，毒蛇咬伤，跌打损伤。""}"
HERB005447,天葵子,https://www.dayi.org.cn/cmedical/1155667.html,Toxicity|UsePart,"{""Toxicity"": ""有小毒"", ""UsePart"": ""块根""}"
HERB005450,天罗水,https://www.dayi.org.cn/cmedical/303986.html,Herb_latin_name|UsePart|Function|Indication|Properties,"{""Herb_latin_name"": ""Luffacylindrica(L.)Roem./Luffaacutangula（L.）Roem."", ""UsePart"": ""茎中的液汁"", ""Function"": ""清热解毒，止咳化痰。"", ""Indication"": ""肺痈，肺痿，咳喘，肺痨，夏令皮肤疮疹，痤疮，烫伤。"", ""Properties"": ""味甘、微苦，性微寒""}"
HERB005451,天麻,https://www.dayi.org.cn/cmedical/1115608.html,Toxicity,"{""Toxicity"": ""无毒""}"
HERB005461,天荞麦根,https://www.dayi.org.cn/cmedical/1115248.html,Toxicity|Properties|Meridians,"{""Toxicity"": ""无毒"", ""Properties"": ""味酸、苦，性寒"", ""Meridians"": ""归心、肺、脾、肝经""}"
HERB005467,天山花楸,https://www.dayi.org.cn/cmedical/303998.html,Toxicity|Properties,"{""Toxicity"": ""无毒《新疆中草药》"", ""Properties"": ""味甘、苦，性凉。入脾、肺、胃经""}"
HERB005471,天山雪莲,https://www.dayi.org.cn/cmedical/304000.html,UsePart|Function|Indication|Properties|Meridians,"{""UsePart"": ""地上部分"", ""Function"": ""具有温肾助阳、祛风胜湿、通经活血的功效。"", ""Indication"": ""主治风寒湿痹痛、类风湿性关节炎、小腹冷痛、月经不调。"", ""Properties"": ""味微苦，性温，"", ""Meridians"": ""归肝、肾经""}"
HERB005474,天文草,https://www.dayi.org.cn/cmedical/304006.html,Toxicity|Properties,"{""Toxicity"": ""小毒"", ""Properties"": ""味辛、苦，性微温。入肺、胃、脾经""}"
HERB005478,天雄,https://www.dayi.org.cn/cmedical/304010.html,Toxicity|Function|Indication|Properties,"{""Toxicity"": ""大毒"", ""Function"": ""祛风散寒，益火助阳。"", ""Indication"": ""风寒湿痹，历节风痛，四肢拘挛，心腹冷痛，痃癖症瘕。"", ""Properties"": ""味辛，性热。入肾经""}"
HERB005479,田旋花,https://www.dayi.org.cn/cmedical/304019.html,Toxicity|Properties,"{""Toxicity"": ""有毒"", ""Properties"": ""味辛，性温""}"
HERB005485,天竺黄,https://www.dayi.org.cn/cmedical/304012.html,UsePart|Indication,"{""UsePart"": ""秆内分泌液干燥后的块状物"", ""Indication"": ""热病神昏，中风痰迷，小儿痰热惊痫、抽搐、夜啼。""}"
HERB005483,甜叶菊,https://www.dayi.org.cn/cmedical/304029.html,Properties|Meridians,"{""Properties"": ""味甘，性平"", ""Meridians"": ""入肺、胃经""}"
HERB005499,铁筷子,https://www.dayi.org.cn/cmedical/304055.html,Properties,"{""Properties"": ""味辛，性温。入心、肝、肺、膀胱经""}"
HERB005494,铁棒锤,https://www.dayi.org.cn/cmedical/1115257.html,Toxicity|Properties,"{""Toxicity"": ""有大毒"", ""Properties"": ""味苦、辛，性温""}"
HERB005500,铁筷子,https://www.dayi.org.cn/cmedical/304055.html,Function|Indication|Properties,"{""Function"": ""祛风止痛，理气活血，止咳平喘。"", ""Indication"": ""风湿痹痛，风寒感冒，跌打损伤，脘腹疼痛，哮喘，劳伤咳嗽，疔疮肿毒。"", ""Properties"": ""味辛，性温。入心、肝、肺、膀胱经""}"
HERB005497,铁海棠,https://www.dayi.org.cn/cmedical/304044.html,Toxicity|Properties,"{""Toxicity"": ""小毒"", ""Properties"": ""味苦、涩，性凉""}"
HERB005501,铁力木,https://www.dayi.org.cn/cmedical/1115871.html,Properties,"{""Properties"": ""味苦，性凉""}"
HERB005507,铁丝七,https://www.dayi.org.cn/cmedical/304078.html,Properties|Meridians,"{""Properties"": ""味苦，性微寒。"", ""Meridians"": ""归肺、肝、膀胱经""}"
HERB005511,铁线透骨草,https://www.dayi.org.cn/cmedical/304084.html,Herb_latin_name|Toxicity|UsePart|Function|Indication|Properties,"{""Herb_latin_name"": ""Clematis intricata Bunge"", ""Toxicity"": ""小毒"", ""UsePart"": ""全草"", ""Function"": ""祛风除湿，通络止痛。"", ""Indication"": ""风湿性关节炎，四肢麻木，拘挛疼痛，牛皮癣，疥癞。"", ""Properties"": ""味辛、咸，性温。入肾、膀胱经""}"
HERB005509,铁苋菜,https://www.dayi.org.cn/cmedical/304081.html,Properties,"{""Properties"": ""味苦、涩，性平。入心、肺、大肠、小肠经""}"
HERB005514,铁轴草,https://www.dayi.org.cn/cmedical/304086.html,Toxicity|Properties,"{""Toxicity"": ""无毒《湖南药物志》"", ""Properties"": ""味辛、苦，性凉。入肺、肝、脾经""}"
HERB005523,通草,https://www.dayi.org.cn/cmedical/304089.html,UsePart,"{""UsePart"": ""茎髓""}"
HERB005524,铜锤玉带草,https://www.dayi.org.cn/cmedical/304117.html,Toxicity|Properties,"{""Toxicity"": ""无毒"", ""Properties"": ""味辛、苦，性平""}"
HERB005526,通关藤,https://www.dayi.org.cn/cmedical/304094.html,Properties|Meridians,"{""Properties"": ""味苦，微寒。"", ""Meridians"": ""归肺经""}"
HERB005527,茼蒿,https://www.dayi.org.cn/cmedical/304106.html,Properties,"{""Properties"": ""味辛、甘，性凉，入心、脾、胃经""}"
HERB005528,通花根,https://www.dayi.org.cn/cmedical/304096.html,Properties,"{""Properties"": ""味淡、微苦，性微寒。入肝、脾、肾经""}"
HERB005533,铜绿,https://www.dayi.org.cn/cmedical/304123.html,Indication,"{""Indication"": ""目翳，烂弦风眼，痈疽肿痛，鼻息肉，喉痹，牙疳，臁疮，顽癣，痔漏，风痰卒中。""}"
HERB005540,桐油,https://www.dayi.org.cn/cmedical/304112.html,Toxicity|Properties,"{""Toxicity"": ""有毒"", ""Properties"": ""味甘、辛，性寒""}"
HERB005541,透骨草,https://www.dayi.org.cn/cmedical/304138.html,Toxicity,"{""Toxicity"": ""凤仙透骨草有小毒""}"
HERB005542,头花杜鹃,https://www.dayi.org.cn/cmedical/304135.html,Properties,"{""Properties"": ""味苦、辛，性温。入肺经""}"
HERB005548,土贝母,https://www.dayi.org.cn/cmedical/304155.html,UsePart,"{""UsePart"": ""块茎""}"
HERB005550,秃疮花,https://www.dayi.org.cn/cmedical/304144.html,Toxicity|Properties,"{""Toxicity"": ""有毒（《全国中草药汇编》）"", ""Properties"": ""味苦，性寒。入心、肺、胃经""}"
HERB005549,土鳖虫,https://www.dayi.org.cn/cmedical/304156.html,Toxicity|Properties|Meridians,"{""Toxicity"": ""有小毒"", ""Properties"": ""味咸，性寒"", ""Meridians"": ""归肝经""}"
HERB005551,土当归,https://www.dayi.org.cn/cmedical/304165.html,Properties,"{""Properties"": ""味辛，性温。入肝、肾经""}"
HERB005554,土丁桂,https://www.dayi.org.cn/cmedical/304168.html,Properties,"{""Properties"": ""味甘。微苦，性凉。入肝、脾、肾经""}"
HERB005563,兔儿伞,https://www.dayi.org.cn/cmedical/304219.html,Toxicity|Function|Indication|Properties,"{""Toxicity"": ""有毒"", ""Function"": ""温肺祛痰，祛风止痢，消肿杀虫。"", ""Indication"": ""外感风寒，咳嗽痰梗，温寒痢，腹泻，下痢禁口，肠风下血，风虚牙肿，疔头疮，便毒初起，眉癣，疥疮。"", ""Properties"": ""味苦、辛，性温。入肺、大肠经""}"
HERB005564,土茯苓,https://www.dayi.org.cn/cmedical/1008637.html,Toxicity,"{""Toxicity"": ""无毒""}"
HERB005568,土荆芥,https://www.dayi.org.cn/cmedical/304184.html,Properties,"{""Properties"": ""味辛、苦，性微温。入脾、胃经""}"
HERB005569,土荆皮,https://www.dayi.org.cn/cmedical/304185.html,Herb_latin_name|Toxicity|UsePart|Function|Properties|Meridians,"{""Herb_latin_name"": ""Pseudolaricis Cortex"", ""Toxicity"": ""有毒"", ""UsePart"": ""根皮或近根树皮"", ""Function"": ""杀虫，疗癣，止痒。"", ""Properties"": ""味辛，性温"", ""Meridians"": ""归肺、脾经""}"
HERB005571,土连翘,https://www.dayi.org.cn/cmedical/304186.html,Properties,"{""Properties"": ""味苦，性凉。入肺、三焦经""}"
HERB005578,土三七,https://www.dayi.org.cn/cmedical/304202.html,Properties,"{""Properties"": ""味甘、微苦，性温""}"
HERB005575,土牛膝,https://www.dayi.org.cn/cmedical/304197.html,Properties|Meridians,"{""Properties"": ""味苦、酸，性平"", ""Meridians"": ""归肝、肾经""}"
HERB005580,菟丝子,https://www.dayi.org.cn/cmedical/1155624.html,UsePart,"{""UsePart"": ""成熟种子""}"
HERB005579,土砂仁,https://www.dayi.org.cn/cmedical/1115299.html,Properties|Meridians,"{""Properties"": ""味苦、辛，性温"", ""Meridians"": ""归脾、胃经""}"
HERB005582,土香薷,https://www.dayi.org.cn/cmedical/304209.html,Properties|Meridians,"{""Properties"": ""味辛，性微温"", ""Meridians"": ""归肺、胃经""}"
HERB005602,瓦楞子,https://www.dayi.org.cn/cmedical/304255.html,UsePart,"{""UsePart"": ""贝壳""}"
HERB005601,娃儿藤,https://www.dayi.org.cn/cmedical/304252.html,Toxicity|Properties,"{""Toxicity"": ""小毒"", ""Properties"": ""味辛，性温。入肝经""}"
HERB005615,贯叶金丝桃,https://www.dayi.org.cn/cmedical/301080.html,Therapeutic_cn_class|UsePart|Function|Indication|Properties|Meridians,"{""Therapeutic_cn_class"": ""理气药"", ""UsePart"": ""地上部分"", ""Function"": ""疏肝解郁、清热利湿、消肿通乳。"", ""Indication"": ""用于肝气郁结、情志不畅、心胸郁闷、关节肿痛、乳痈、乳少。"", ""Properties"": ""辛，寒"", ""Meridians"": ""归肝经""}"
HERB005618,万年蒿,https://www.dayi.org.cn/cmedical/304270.html,Function|Indication,"{""Function"": ""清热解毒，凉血止血。"", ""Indication"": ""阴虚潮热，小儿惊风，肝炎，阑尾炎，创伤出血。""}"
HERB005619,万年青根,https://www.dayi.org.cn/cmedical/304272.html,Toxicity|Properties,"{""Toxicity"": ""小毒"", ""Properties"": ""味苦、微甘，性寒。入肺、心经""}"
HERB005628,万寿菊,https://www.dayi.org.cn/cmedical/304277.html,Properties,"{""Properties"": ""味苦，性凉""}"
HERB005629,万寿菊叶,https://www.dayi.org.cn/cmedical/304279.html,Properties,"{""Properties"": ""味甘，性寒，有臭气。入肺经""}"
HERB005631,晚香玉,https://www.dayi.org.cn/cmedical/304265.html,Properties,"{""Properties"": ""味微甘、淡，性凉""}"
HERB005637,王不留行,https://www.dayi.org.cn/cmedical/304282.html,Toxicity,"{""Toxicity"": ""无毒""}"
HERB005641,王瓜子,https://www.dayi.org.cn/cmedical/304285.html,Toxicity|Properties,"{""Toxicity"": ""无毒《纲目》"", ""Properties"": ""味酸、苦，性平。入肺、大肠经""}"
HERB005644,望江南,https://www.dayi.org.cn/cmedical/304294.html,Toxicity|Properties,"{""Toxicity"": ""小毒"", ""Properties"": ""味苦，性寒""}"
HERB005673,益母草,https://www.dayi.org.cn/cmedical/305423.html,Therapeutic_cn_class|UsePart|Function|Indication|Properties|Meridians,"{""Therapeutic_cn_class"": ""活血调经药"", ""UsePart"": ""地上部分"", ""Function"": ""本品具有活血调经，利尿消肿，清热解毒的功效。"", ""Indication"": ""用于月经不调，痛经经闭，恶露不尽，水肿尿少，疮疡肿毒。"", ""Properties"": ""味苦、辛，性微寒、"", ""Meridians"": ""归肝、心包、膀胱经""}"
HERB005685,窝儿七,https://www.dayi.org.cn/cmedical/304339.html,Toxicity|Properties|Meridians,"{""Toxicity"": ""有毒"", ""Properties"": ""味苦、辛，性温"", ""Meridians"": ""归肝、肾经""}"
HERB005684,蕹菜,https://www.dayi.org.cn/cmedical/304335.html,Toxicity|Properties|Meridians,"{""Toxicity"": ""无毒"", ""Properties"": ""味甘，性寒"", ""Meridians"": ""归肝、小肠、大肠经""}"
HERB005687,莴苣,https://www.dayi.org.cn/cmedical/304337.html,Properties|Meridians,"{""Properties"": ""味苦、甘，性凉"", ""Meridians"": ""归胃、小肠经""}"
HERB005689,蜗牛,https://www.dayi.org.cn/cmedical/304340.html,Toxicity|Indication,"{""Toxicity"": ""小毒"", ""Indication"": ""风热惊痫，小儿脐风，消渴，喉痹，痄腮，瘰疬，痈肿丹毒，痔疮，脱肛，蜈蚣咬伤。""}"
HERB005692,五倍子,https://www.dayi.org.cn/cmedical/304445.html,UsePart,"{""UsePart"": ""虫瘿""}"
HERB005708,蜈蚣,https://www.dayi.org.cn/cmedical/304434.html,Toxicity|Properties|Meridians,"{""Toxicity"": ""有毒"", ""Properties"": ""味辛，性温"", ""Meridians"": ""归肝经""}"
HERB005707,蜈蚣草,https://www.dayi.org.cn/cmedical/304435.html,Toxicity|Properties,"{""Toxicity"": ""无毒《滇南本草》"", ""Properties"": ""味淡、苦，性凉。入肝、大肠、膀胱经""}"
HERB005711,无花果叶,https://www.dayi.org.cn/cmedical/304408.html,Toxicity|Properties|Meridians,"{""Toxicity"": ""有小毒"", ""Properties"": ""味甘、微辛，性平"", ""Meridians"": ""归心、大肠经""}"
HERB005710,无花果,https://www.dayi.org.cn/cmedical/304406.html,Properties,"{""Properties"": ""味甘，性凉。入肺、胃、大肠经""}"
HERB005712,无患子,https://www.dayi.org.cn/cmedical/304411.html,Toxicity|Function|Properties,"{""Toxicity"": ""小毒"", ""Function"": ""清热，祛痰，消积，杀虫。"", ""Properties"": ""味苦、辛，性寒。入心、肺经""}"
HERB005713,无患子皮,https://www.dayi.org.cn/cmedical/304412.html,Herb_latin_name|Toxicity|Function|Properties,"{""Herb_latin_name"": ""SapindusmukorossiGaertn."", ""Toxicity"": ""小毒"", ""Function"": ""清热化痰，止痛，消积。"", ""Properties"": ""味苦，性平。入心、肝、脾经""}"
HERB005719,五加叶,https://www.dayi.org.cn/cmedical/304456.html,Toxicity|Function|Indication|Properties,"{""Toxicity"": ""无毒"", ""Function"": ""散风除湿，活血止痛，清热解毒。"", ""Indication"": ""皮肤风湿，跌打肿痛，疝痛，丹毒。"", ""Properties"": ""味辛，性平。入肺、肝、肾经""}"
HERB005724,无距耧斗菜,https://www.dayi.org.cn/cmedical/304416.html,Properties,"{""Properties"": ""味甘，性平。入肺经""}"
HERB005732,五灵脂,https://www.dayi.org.cn/cmedical/1118127.html,Toxicity,"{""Toxicity"": ""无毒""}"
HERB005746,乌骚风,https://www.dayi.org.cn/cmedical/304377.html,Herb_latin_name|Toxicity|UsePart|Function|Indication|Properties,"{""Herb_latin_name"": ""RamulusPeriplocaeCalophyllae"", ""Toxicity"": ""小毒"", ""UsePart"": ""茎"", ""Function"": ""祛风除湿，活血止痛。"", ""Indication"": ""风寒湿痹，肢体麻木，腰痛，跌打损伤。"", ""Properties"": ""味辛、微苦，性温""}"
HERB005756,梧桐花,https://www.dayi.org.cn/cmedical/1123695.html,UsePart|Function|Indication|Properties,"{""UsePart"": ""花"", ""Function"": ""利水消肿，清热解毒。"", ""Indication"": ""梧桐花主要用于治疗水肿，小便不利，创伤红肿，头癣，汤火伤。"", ""Properties"": ""味甘，性平""}"
HERB005761,五味草,https://www.dayi.org.cn/cmedical/304472.html,Toxicity|Properties,"{""Toxicity"": ""有毒"", ""Properties"": ""味辛、微寒""}"
HERB005762,五味子,https://www.dayi.org.cn/cmedical/304474.html,Toxicity,"{""Toxicity"": ""无毒""}"
HERB005779,飞燕草,https://www.dayi.org.cn/cmedical/300850.html,Toxicity|Function|Indication|Properties|Meridians,"{""Toxicity"": ""有毒"", ""Function"": ""种子有催吐、泻下作用。"", ""Indication"": ""种子：外用杀虫，治疥疮、头虱。根：外用治跌打损伤。"", ""Properties"": ""味辛、苦，性温，"", ""Meridians"": ""归肺、心、胃经""}"
HERB005776,五月茶,https://www.dayi.org.cn/cmedical/304486.html,Properties,"{""Properties"": ""味酸，性平。入肺、肾经""}"
HERB005781,吴茱萸根,https://www.dayi.org.cn/cmedical/304432.html,Herb_latin_name|Toxicity|UsePart|Function|Indication|Properties,"{""Herb_latin_name"": ""Evodiarutaecarpa（Juss.）Benth."", ""Toxicity"": ""无毒《纲目》"", ""UsePart"": ""根或根皮"", ""Function"": ""温中行气，杀虫。"", ""Indication"": ""脘腹冷痛，泄泻，痢疾，风寒头痛，经闭腹痛，寒湿腰痛，疝气，蛲虫病，小儿疳䘌疮。"", ""Properties"": ""味辛、苦，性热。入脾、胃、肾经""}"
HERB005783,吴茱萸叶,https://www.dayi.org.cn/cmedical/304433.html,Herb_latin_name|Toxicity|UsePart|Function|Indication|Properties|Meridians,"{""Herb_latin_name"": ""Folium Evodiae Rutaecarpae"", ""Toxicity"": ""无毒"", ""UsePart"": ""叶"", ""Function"": ""散寒，止痛，敛疮。"", ""Indication"": ""霍乱转筋，心腹冷痛，头痛，疮疡肿毒。"", ""Properties"": ""味辛、苦，性热"", ""Meridians"": ""归肝、胃经""}"
HERB005811,西番莲,https://www.dayi.org.cn/cmedical/1115363.html,Toxicity|Properties,"{""Toxicity"": ""无毒"", ""Properties"": ""味苦，性温""}"
HERB005843,锡兰肉桂,https://www.dayi.org.cn/cmedical/304538.html,UsePart|Function|Indication|Properties|Meridians,"{""UsePart"": ""树皮"", ""Function"": ""补火助阳，引火归元，散寒止痛，温通经脉。"", ""Indication"": ""阳痿宫冷，腰膝冷痛，肾虚作喘，阳虚上浮，眩晕目赤，心腹冷痛，虚寒吐泻，寒疝腹痛，痛经经闭。"", ""Properties"": ""味辛、甘，性大热"", ""Meridians"": ""归肾、脾、心、肝经""}"
HERB005859,西南菝葜,https://www.dayi.org.cn/cmedical/304521.html,Properties|Meridians,"{""Properties"": ""味辛，性温。"", ""Meridians"": ""归肝、胃经""}"
HERB005875,锡生藤,https://www.dayi.org.cn/cmedical/304539.html,Properties|Meridians,"{""Properties"": ""味苦、性凉。"", ""Meridians"": ""归肝、脾经""}"
HERB005883,香茶菜,https://www.dayi.org.cn/cmedical/304656.html,Toxicity|UsePart|Function|Indication|Properties|Meridians,"{""Toxicity"": ""无毒"", ""UsePart"": ""地上部分"", ""Function"": ""清热利湿，活血散瘀，解毒消肿。"", ""Indication"": ""湿热黄疸，淋证，水肿，咽喉肿痛，关节痹痛，闭经，乳痈，痔疮，发背，跌打损伤，毒蛇咬伤。"", ""Properties"": ""味辛、苦，性凉"", ""Meridians"": ""归肝、肾经""}"
HERB005879,喜树皮,https://www.dayi.org.cn/cmedical/304553.html,Herb_latin_name|Toxicity|UsePart|Function|Indication|Properties|Meridians,"{""Herb_latin_name"": ""CamptothecaacuminateDecne."", ""Toxicity"": ""小毒"", ""UsePart"": ""树皮"", ""Function"": ""活血解毒，祛风止痒。"", ""Indication"": ""用于牛皮癣。"", ""Properties"": ""味苦，性寒。"", ""Meridians"": ""归肝经""}"
HERB005881,喜树叶,https://www.dayi.org.cn/cmedical/304554.html,Herb_latin_name|Toxicity|UsePart|Function|Indication|Properties|Meridians,"{""Herb_latin_name"": ""CamptothecaacuminateDecne."", ""Toxicity"": ""有毒"", ""UsePart"": ""叶"", ""Function"": ""清热解毒，祛风止痒。"", ""Indication"": ""用于痈疮疖肿，牛皮癣。"", ""Properties"": ""味苦，性寒。"", ""Meridians"": ""归心、肝经""}"
HERB005889,豨莶草,https://www.dayi.org.cn/cmedical/304544.html,Herb_latin_name|UsePart|Function|Indication|Properties|Meridians,"{""Herb_latin_name"": ""Siegesbeckiae Herba"", ""UsePart"": ""地上部分"", ""Function"": ""祛风湿，利关节，解毒。"", ""Indication"": ""风湿痹痛，筋骨无力，腰膝酸软，四肢麻痹，半身不遂，风疹湿疮。"", ""Properties"": ""味辛、苦，性寒"", ""Meridians"": ""归肝、肾经""}"
HERB005900,西洋参,https://www.dayi.org.cn/cmedical/1115952.html,Toxicity,"{""Toxicity"": ""无毒""}"
HERB005904,细叶大戟,https://www.dayi.org.cn/cmedical/304569.html,Properties|Meridians,"{""Properties"": ""味微苦，性凉。"", ""Meridians"": ""归肝经""}"
HERB005928,细锥香茶菜,https://www.dayi.org.cn/cmedical/304585.html,Properties|Meridians,"{""Properties"": ""根味苦，性温"", ""Meridians"": ""归肝经。全草味辛、苦，性微温，归肺、脾经""}"
HERB005940,夏枯草,https://www.dayi.org.cn/cmedical/304617.html,Toxicity,"{""Toxicity"": ""无毒""}"
HERB005943,霞天膏,https://www.dayi.org.cn/cmedical/304613.html,Properties|Meridians,"{""Properties"": ""味甘，性温。"", ""Meridians"": ""归脾经""}"
HERB005945,夏天无,https://www.dayi.org.cn/cmedical/304619.html,Properties|Meridians,"{""Properties"": ""味苦、微辛，性温"", ""Meridians"": ""归肝经""}"
HERB005953,狭叶当归,https://www.dayi.org.cn/cmedical/304605.html,Properties,"{""Properties"": ""味辛，性温""}"
HERB005963,狭叶山胡椒,https://www.dayi.org.cn/cmedical/1115356.html,Properties,"{""Properties"": ""味辛，性温""}"
HERB005971,虾子花,https://www.dayi.org.cn/cmedical/304596.html,Properties|Meridians,"{""Properties"": ""味微甘、涩，性温。"", ""Meridians"": ""归肝经""}"
HERB005970,夏至草,https://www.dayi.org.cn/cmedical/304621.html,Properties|Meridians,"{""Properties"": ""味辛、微苦，性寒"", ""Meridians"": ""归肝经""}"
HERB005990,仙人掌,https://www.dayi.org.cn/cmedical/304628.html,Toxicity|Properties|Meridians,"{""Toxicity"": ""小毒"", ""Properties"": ""味苦，性寒，"", ""Meridians"": ""归胃、肺、大肠经""}"
HERB005985,显脉香茶菜,https://www.dayi.org.cn/cmedical/1117044.html,Properties|Meridians,"{""Properties"": ""味微辛、苦，性寒"", ""Meridians"": ""归肝、胃经""}"
HERB005991,蚬肉,https://www.dayi.org.cn/cmedical/304643.html,Toxicity|Function|Indication|Properties|Meridians,"{""Toxicity"": ""无毒"", ""Function"": ""清热，利湿，解毒。"", ""Indication"": ""用于消渴，目黄，湿毒脚气，疔疮痈肿。"", ""Properties"": ""味甘、咸，性寒。"", ""Meridians"": ""归脾、肾经""}"
HERB005993,藓生马先蒿,https://www.dayi.org.cn/cmedical/304644.html,Properties|Meridians,"{""Properties"": ""味甘、微苦，性温。"", ""Meridians"": ""归脾、心经""}"
HERB006001,线叶金鸡菊,https://www.dayi.org.cn/cmedical/304649.html,Properties,"{""Properties"": ""味辛，性平""}"
HERB006012,香茶菜,https://www.dayi.org.cn/cmedical/304656.html,Toxicity|Properties|Meridians,"{""Toxicity"": ""无毒"", ""Properties"": ""味辛、苦，性凉"", ""Meridians"": ""归肝、肾经""}"
HERB006021,香根芹,https://www.dayi.org.cn/cmedical/304665.html,Toxicity|Properties|Meridians,"{""Toxicity"": ""无毒"", ""Properties"": ""味辛，性温。"", ""Meridians"": ""归肺经""}"
HERB006022,香菇,https://www.dayi.org.cn/cmedical/304668.html,Toxicity|Properties|Meridians,"{""Toxicity"": ""无毒"", ""Properties"": ""味甘，性平。"", ""Meridians"": ""归肝、胃经""}"
HERB006033,香茅,https://www.dayi.org.cn/cmedical/304681.html,Herb_latin_name|Toxicity|UsePart|Function|Properties|Meridians,"{""Herb_latin_name"": ""Herba Cymbopogonis Citrati"", ""Toxicity"": ""无毒"", ""UsePart"": ""全草"", ""Function"": ""祛风通络，温中止痛，止泻。"", ""Properties"": ""味甘、辛，性温"", ""Meridians"": ""归肺、膀胱、胃经""}"
HERB006026,香加皮,https://www.dayi.org.cn/cmedical/304674.html,Herb_latin_name|UsePart|Function|Properties|Meridians,"{""Herb_latin_name"": ""Periplocae Cortex"", ""UsePart"": ""根皮"", ""Function"": ""利水消肿，祛风湿，强筋骨。"", ""Properties"": ""味辛、苦，性温"", ""Meridians"": ""归肝、肾、心经""}"
HERB006031,响铃草,https://www.dayi.org.cn/cmedical/304714.html,Properties|Meridians,"{""Properties"": ""味苦、微酸，性平"", ""Meridians"": ""归肺、肝、肾经""}"
HERB006038,香青兰,https://www.dayi.org.cn/cmedical/304687.html,Properties|Meridians,"{""Properties"": ""味辛、苦，性凉。"", ""Meridians"": ""归肺、肝经""}"
HERB006040,向日葵茎髓,https://www.dayi.org.cn/cmedical/304720.html,Properties|Meridians,"{""Properties"": ""味甘，性平。"", ""Meridians"": ""归膀胱经""}"
HERB006039,向日葵花,https://www.dayi.org.cn/cmedical/304718.html,Properties|Meridians,"{""Properties"": ""味苦，性平。"", ""Meridians"": ""归肝经""}"
HERB006041,向日葵叶,https://www.dayi.org.cn/cmedical/304722.html,Properties|Meridians,"{""Properties"": ""味淡、苦，性平。"", ""Meridians"": ""归肝、胃经""}"
HERB006045,香薷,https://www.dayi.org.cn/cmedical/304689.html,Meridians,"{""Meridians"": ""归肺、胃经""}"
HERB006051,铁筷子,https://www.dayi.org.cn/cmedical/304055.html,Function|Indication|Properties,"{""Function"": ""祛风止痛，理气活血，止咳平喘。"", ""Indication"": ""风湿痹痛，风寒感冒，跌打损伤，脘腹疼痛，哮喘，劳伤咳嗽，疔疮肿毒。"", ""Properties"": ""味辛，性温。入心、肝、肺、膀胱经""}"
HERB006047,相思藤,https://www.dayi.org.cn/cmedical/1115327.html,Properties|Meridians,"{""Properties"": ""味甘，性凉"", ""Meridians"": ""归肺、胃、肝经""}"
HERB006049,相思子根,https://www.dayi.org.cn/cmedical/304653.html,Herb_latin_name|UsePart|Function|Indication|Properties|Meridians,"{""Herb_latin_name"": ""AbrusprecatoriusL."", ""UsePart"": ""根"", ""Function"": ""清热解毒，利尿。"", ""Indication"": ""用于咽喉肿痛，支气管炎，黄疸，肝炎。"", ""Properties"": ""味甘，性凉。"", ""Meridians"": ""归肺、胆、膀胱经""}"
HERB006048,相思子,https://www.dayi.org.cn/cmedical/1115328.html,Toxicity|Function|Properties|Meridians,"{""Toxicity"": ""有毒"", ""Function"": ""清热解毒，祛痰，杀虫。"", ""Properties"": ""味辛、苦，性平"", ""Meridians"": ""归心、肺经""}"
HERB006050,香唐松草,https://www.dayi.org.cn/cmedical/304695.html,Toxicity|Properties|Meridians,"{""Toxicity"": ""无毒"", ""Properties"": ""味苦，性寒。"", ""Meridians"": ""归胃、大肠、肝经""}"
HERB006053,香蕈,https://www.dayi.org.cn/cmedical/1115329.html,Properties|Meridians,"{""Properties"": ""味甘，性平"", ""Meridians"": ""归肝、胃经""}"
HERB006057,香叶,https://www.dayi.org.cn/cmedical/304698.html,Properties,"{""Properties"": ""味辛，性温""}"
HERB006055,香橼,https://www.dayi.org.cn/cmedical/304704.html,UsePart|Function|Indication|Properties|Meridians,"{""UsePart"": ""成熟果实"", ""Function"": ""疏肝理气，宽中，化痰。"", ""Indication"": ""肝胃气滞，胸胁胀痛，脘腹痞满，呕吐噫气，痰多咳嗽。"", ""Properties"": ""味辛、苦、酸，性温"", ""Meridians"": ""归肝、脾、肺经""}"
HERB006058,响叶杨,https://www.dayi.org.cn/cmedical/304715.html,Properties|Meridians,"{""Properties"": ""味苦，性平。"", ""Meridians"": ""归肝、脾经""}"
HERB006056,杨梅,https://www.dayi.org.cn/cmedical/305228.html,Toxicity|UsePart|Function|Indication|Properties|Meridians,"{""Toxicity"": ""无毒"", ""UsePart"": ""果实"", ""Function"": ""具有生津解烦、和中消食、解酒、涩肠、止血的功效。"", ""Indication"": ""主治烦渴、呕吐、呃逆、胃痛、食欲不振、食积腹痛、饮酒过度、腹泻、痢疾、衄血、头痛、跌打损伤、骨折、烫火伤。"", ""Properties"": ""味酸、甘，性温，"", ""Meridians"": ""归脾、胃、肝经""}"
HERB006068,香附,https://www.dayi.org.cn/cmedical/304661.html,Herb_latin_name|UsePart|Function|Indication|Properties|Meridians,"{""Herb_latin_name"": ""Cyperi Rhizoma"", ""UsePart"": ""根茎"", ""Function"": ""疏肝解郁，理气宽中，调经止痛。"", ""Indication"": ""主要用于肝郁气滞，胸胁胀痛，疝气疼痛，乳房胀痛，脾胃气滞，脘腹痞闷，胀满疼痛，月经不调，经闭痛经。"", ""Properties"": ""味辛、微苦、微甘，性平，"", ""Meridians"": ""归肝、脾、三焦经""}"
HERB006063,香樟,https://www.dayi.org.cn/cmedical/1115331.html,Properties|Meridians,"{""Properties"": ""香樟木（木材）味辛，性温，归肝、脾经"", ""Meridians"": ""香樟根味辛，性温，归肝、脾经；香樟皮味辛、苦，性温；香樟叶味辛，性温；香樟子（果实）味辛，性温""}"
HERB006061,香橼,https://www.dayi.org.cn/cmedical/304704.html,Herb_latin_name|UsePart|Function|Properties|Meridians,"{""Herb_latin_name"": ""Citri Fructus"", ""UsePart"": ""成熟果实"", ""Function"": ""疏肝理气，宽中，化痰。"", ""Properties"": ""味辛、苦、酸，性温"", ""Meridians"": ""归肝、脾、肺经""}"
HERB006070,小百部,https://www.dayi.org.cn/cmedical/304740.html,Toxicity|Properties|Meridians,"{""Toxicity"": ""小毒"", ""Properties"": ""味苦、甘、微辛，性温。"", ""Meridians"": ""归肺经""}"
HERB006072,小檗,https://www.dayi.org.cn/cmedical/304748.html,Properties|Meridians,"{""Properties"": ""味苦，性寒。"", ""Meridians"": ""归大肠、心、肝经""}"
HERB006075,小巢菜,https://www.dayi.org.cn/cmedical/304751.html,Properties|Meridians,"{""Properties"": ""味辛、甘，性平。"", ""Meridians"": ""归肺、胃经""}"
HERB006098,小红蒜,https://www.dayi.org.cn/cmedical/1116423.html,Function|Indication|Properties,"{""Function"": ""清热凉血，活血通经，消肿解毒。"", ""Indication"": ""吐血，咯血，痢疾，经闭腹痛，风湿痹痛，跌打损伤，疮疖肿毒。"", ""Properties"": ""味苦、辛，性凉""}"
HERB006100,小花八角枫,https://www.dayi.org.cn/cmedical/304800.html,UsePart|Function|Indication|Properties|Meridians,"{""UsePart"": ""根、叶"", ""Function"": ""祛风除湿，活血止痛。"", ""Indication"": ""主治风湿痹痛，胃脘痛，跌打损伤。"", ""Properties"": ""味辛、苦，性微温，"", ""Meridians"": ""归肝、胃经""}"
HERB006121,小茴香,https://www.dayi.org.cn/cmedical/304817.html,UsePart,"{""UsePart"": ""成熟果实""}"
HERB006130,小连翘,https://www.dayi.org.cn/cmedical/304837.html,Toxicity|Properties|Meridians,"{""Toxicity"": ""无毒（《四川中药志》1960年版）"", ""Properties"": ""味苦，性平。"", ""Meridians"": ""归肝、胃经""}"
HERB006133,小麦,https://www.dayi.org.cn/cmedical/1115344.html,Toxicity,"{""Toxicity"": ""无毒""}"
HERB006134,小茅香,https://www.dayi.org.cn/cmedical/1115346.html,Herb_latin_name|UsePart|Function|Indication|Properties|Meridians,"{""Herb_latin_name"": ""Inula cappa DC."", ""UsePart"": ""根"", ""Function"": ""祛风散寒，活血舒筋。"", ""Indication"": ""主要用于风寒感冒，咳嗽，哮喘，风湿痹痛，月经不调。"", ""Properties"": ""味辛、甘，性寒"", ""Meridians"": ""归肺、肾经""}"
HERB006136,小米草,https://www.dayi.org.cn/cmedical/304843.html,Properties|Meridians,"{""Properties"": ""味苦，性微寒，"", ""Meridians"": ""归膀胱经""}"
HERB006138,香排草,https://www.dayi.org.cn/cmedical/304685.html,Function|Indication|Meridians,"{""Function"": ""祛风除湿，行气止痛，调经，解毒。"", ""Indication"": ""感冒，咳嗽，风湿痹痛，脘腹胀痛，月经不调，疔疮，蛇咬伤。"", ""Meridians"": ""归心、肺经""}"
HERB006145,小三颗针,https://www.dayi.org.cn/cmedical/304859.html,Herb_latin_name|UsePart|Function|Indication|Properties|Meridians,"{""Herb_latin_name"": ""BerberiswilsonaeHemsl.etWils."", ""UsePart"": ""根"", ""Function"": ""清热燥湿，泻火解毒。"", ""Indication"": ""用于湿热泻痢，黄疸，肺热咳嗽，目赤肿痛，小儿口疮，热毒痈肿。"", ""Properties"": ""味苦，性寒。"", ""Meridians"": ""归心、肺、大肠经""}"
HERB006156,苍耳,https://www.dayi.org.cn/cmedical/1113870.html,Toxicity|UsePart|Function|Indication|Properties|Meridians,"{""Toxicity"": ""有小毒"", ""UsePart"": ""全草"", ""Function"": ""祛风，散热，除湿，解毒。"", ""Indication"": ""感冒，头风，头晕，鼻渊，目赤，目翳，风湿痹痛，拘挛麻木，风癞，疔疮，疥癣，皮肤瘙痒，痔疮，痢疾。"", ""Properties"": ""味苦、辛，性微寒"", ""Meridians"": ""归肺、脾、肝经""}"
HERB006151,小通草,https://www.dayi.org.cn/cmedical/304877.html,UsePart|Properties|Meridians,"{""UsePart"": ""茎髓"", ""Properties"": ""味甘、淡，性寒"", ""Meridians"": ""归肺、胃经""}"
HERB006172,小野鸡尾,https://www.dayi.org.cn/cmedical/304896.html,Properties|Meridians,"{""Properties"": ""味苦，性寒。"", ""Meridians"": ""归心、肝、肺、胃经""}"
HERB006179,小叶枇杷,https://www.dayi.org.cn/cmedical/304911.html,Properties,"{""Properties"": ""味辛、苦，性微温""}"
HERB006177,小叶买麻藤,https://www.dayi.org.cn/cmedical/1116704.html,UsePart|Function|Indication|Properties,"{""UsePart"": ""藤、根和叶"", ""Function"": ""祛风活血，消肿止痛，化痰止咳。"", ""Indication"": ""风湿性关节炎，腰肌劳损，筋骨酸软，跌打损伤，支气管炎，溃疡出血，蛇咬伤；外用治骨折。"", ""Properties"": ""味苦，性微温""}"
HERB006181,小叶石楠,https://www.dayi.org.cn/cmedical/304916.html,Properties|Meridians,"{""Properties"": ""味苦，性微寒。"", ""Meridians"": ""归肝经""}"
HERB006185,小叶杨,https://www.dayi.org.cn/cmedical/304921.html,Toxicity|Properties,"{""Toxicity"": ""低毒"", ""Properties"": ""味苦，性寒""}"
HERB006192,缬草,https://www.dayi.org.cn/cmedical/304939.html,Properties|Meridians,"{""Properties"": ""味辛、苦，性温"", ""Meridians"": ""归心、肝经""}"
HERB006203,蟹爪兰,https://www.dayi.org.cn/cmedical/304945.html,Properties|Meridians,"{""Properties"": ""味苦，性寒。"", ""Meridians"": ""归脾、胃经""}"
HERB006209,新疆藁本,https://www.dayi.org.cn/cmedical/304956.html,Properties|Meridians,"{""Properties"": ""味辛，性温。"", ""Meridians"": ""归膀胱经""}"
HERB006228,辛夷,https://www.dayi.org.cn/cmedical/304955.html,Herb_latin_name|UsePart|Function|Properties|Meridians,"{""Herb_latin_name"": ""Magnoliae Flos"", ""UsePart"": ""花蕾"", ""Function"": ""散风寒，通鼻窍。"", ""Properties"": ""味辛，性温"", ""Meridians"": ""归肺、胃经""}"
HERB006244,雄黄兰,https://www.dayi.org.cn/cmedical/304983.html,Toxicity|Properties|Meridians,"{""Toxicity"": ""小毒（《云南天然药物图鉴》）"", ""Properties"": ""味甘、辛，性平。"", ""Meridians"": ""归肝、肾、脾经""}"
HERB006256,绣线菊,https://www.dayi.org.cn/cmedical/1117083.html,Properties,"{""Properties"": ""味苦，性凉""}"
HERB006258,徐长卿,https://www.dayi.org.cn/cmedical/305004.html,Toxicity,"{""Toxicity"": ""无毒""}"
HERB006265,萱草根,https://www.dayi.org.cn/cmedical/305007.html,Toxicity|Function|Properties|Meridians,"{""Toxicity"": ""有毒"", ""Function"": ""清热利湿，凉血止血，解毒消肿。"", ""Properties"": ""味甘，性凉，"", ""Meridians"": ""归脾、肝、膀胱经""}"
HERB006269,旋覆花,https://www.dayi.org.cn/cmedical/305013.html,UsePart,"{""UsePart"": ""头状花序""}"
HERB006272,悬钩子,https://www.dayi.org.cn/cmedical/1115389.html,Toxicity|UsePart|Function|Indication|Properties|Meridians,"{""Toxicity"": ""无毒"", ""UsePart"": ""未成熟果实"", ""Function"": ""醒酒，止渴，祛痰，解毒。"", ""Indication"": ""痛风，丹毒，遗精。"", ""Properties"": ""味甘、酸，性平"", ""Meridians"": ""归肝、肺、肾经""}"
HERB006286,雪茶,https://www.dayi.org.cn/cmedical/305019.html,Properties|Meridians,"{""Properties"": ""味甘、苦，性凉，"", ""Meridians"": ""归肺、心经""}"
HERB006297,血散薯,https://www.dayi.org.cn/cmedical/305050.html,Properties|Meridians,"{""Properties"": ""味苦，性寒。"", ""Meridians"": ""归肺、胃、肝经""}"
HERB006298,雪山林,https://www.dayi.org.cn/cmedical/305026.html,Properties|Meridians,"{""Properties"": ""味苦、辛，性凉。"", ""Meridians"": ""归肝、肾经""}"
HERB006307,寻骨风,https://www.dayi.org.cn/cmedical/305059.html,Herb_latin_name|UsePart|Function|Properties|Meridians,"{""Herb_latin_name"": ""Herba Aristolochiae Mollissimae"", ""UsePart"": ""根茎或全草"", ""Function"": ""祛风湿，通络止痛。"", ""Properties"": ""味辛、苦，性平"", ""Meridians"": ""归肝经""}"
HERB006312,鸭儿芹,https://www.dayi.org.cn/cmedical/305069.html,Toxicity|Properties|Meridians,"{""Toxicity"": ""无毒"", ""Properties"": ""味辛、苦，性平"", ""Meridians"": ""归心、肺经""}"
HERB006315,鸭脚艾,https://www.dayi.org.cn/cmedical/305074.html,Toxicity|Properties,"{""Toxicity"": ""无毒"", ""Properties"": ""味辛、微苦，性微温""}"
HERB006317,雅丽千金藤,https://www.dayi.org.cn/cmedical/305100.html,Properties,"{""Properties"": ""味辛、苦，性寒""}"
HERB006326,亚麻子,https://www.dayi.org.cn/cmedical/1115994.html,Toxicity|Properties|Meridians,"{""Toxicity"": ""无毒"", ""Properties"": ""味甘，性平"", ""Meridians"": ""归肺、肝、大肠经""}"
HERB006335,鸭跖草,https://www.dayi.org.cn/cmedical/305092.html,UsePart|Properties|Meridians,"{""UsePart"": ""地上部分"", ""Properties"": ""味甘、淡，性寒，"", ""Meridians"": ""归肺、胃、小肠经""}"
HERB006336,鸭跖草,https://www.dayi.org.cn/cmedical/305092.html,UsePart|Properties|Meridians,"{""UsePart"": ""地上部分"", ""Properties"": ""味甘、淡，性寒，"", ""Meridians"": ""归肺、胃、小肠经""}"
HERB006344,烟草,https://www.dayi.org.cn/cmedical/305110.html,Toxicity|Properties,"{""Toxicity"": ""有毒"", ""Properties"": ""味辛，性温。""}"
HERB006354,岩黄连,https://www.dayi.org.cn/cmedical/305130.html,Toxicity|Properties|Meridians,"{""Toxicity"": ""无毒"", ""Properties"": ""味苦，性凉。"", ""Meridians"": ""归胃、大肠经""}"
HERB006359,雁来红,https://www.dayi.org.cn/cmedical/305180.html,Properties|Meridians,"{""Properties"": ""味甘，涩，性凉，"", ""Meridians"": ""归肝，胃，大肠经""}"
HERB006374,兖州卷柏,https://www.dayi.org.cn/cmedical/305172.html,Toxicity|Properties|Meridians,"{""Toxicity"": ""无毒"", ""Properties"": ""味淡、微苦，性凉，"", ""Meridians"": ""归肺、肝、脾经""}"
HERB006380,羊耳朵叶,https://www.dayi.org.cn/cmedical/1115398.html,UsePart|Function|Indication|Properties,"{""UsePart"": ""叶"", ""Function"": ""解毒疗疮，活血化瘀。"", ""Indication"": ""主治臁疮，顽疮久不收口，跌打创伤。"", ""Properties"": ""味酸、苦，性微温，入肝、心经""}"
HERB006389,杨梅,https://www.dayi.org.cn/cmedical/305228.html,Toxicity|Properties|Meridians,"{""Toxicity"": ""无毒"", ""Properties"": ""味酸、甘，性温，"", ""Meridians"": ""归脾、胃、肝经""}"
HERB006386,羊角藤,https://www.dayi.org.cn/cmedical/305202.html,Properties|Meridians,"{""Properties"": ""味辛、甘，性温。"", ""Meridians"": ""归肾经""}"
HERB006393,杨梅树皮,https://www.dayi.org.cn/cmedical/305232.html,Toxicity|Properties|Meridians,"{""Toxicity"": ""无毒"", ""Properties"": ""味苦、辛、微涩，性温。"", ""Meridians"": ""归肝、胃经""}"
HERB006397,阳起石,https://www.dayi.org.cn/cmedical/305219.html,UsePart|Indication,"{""UsePart"": ""全体"", ""Indication"": ""肾阳不足，阳痿不孕，腰膝酸软。""}"
HERB006402,洋蓍草,https://www.dayi.org.cn/cmedical/305241.html,Toxicity|Properties|Meridians,"{""Toxicity"": ""有毒"", ""Properties"": ""味辛、微苦，性凉。"", ""Meridians"": ""归心、肝经""}"
HERB006405,羊蹄,https://www.dayi.org.cn/cmedical/305214.html,Properties|Meridians,"{""Properties"": ""味苦、涩，性寒"", ""Meridians"": ""归心、肝、大肠经""}"
HERB006408,羊蹄叶,https://www.dayi.org.cn/cmedical/305216.html,Function|Indication|Properties|Meridians,"{""Function"": ""凉血止血，通便，解毒消肿，杀虫止痒。"", ""Indication"": ""肠风便血，便秘，小儿疳积，痈疮肿毒，疥癣。"", ""Properties"": ""味甘，性寒"", ""Meridians"": ""归心、脾、大肠经""}"
HERB006432,药用狗牙花,https://www.dayi.org.cn/cmedical/305257.html,Toxicity|Properties,"{""Toxicity"": ""有毒"", ""Properties"": ""味苦，性凉""}"
HERB006444,野百合,https://www.dayi.org.cn/cmedical/305263.html,Toxicity|Properties,"{""Toxicity"": ""有毒"", ""Properties"": ""味甘、淡，性平""}"
HERB006449,野甘草,https://www.dayi.org.cn/cmedical/1115267.html,Properties,"{""Properties"": ""味甘，性凉""}"
HERB006452,夜关门,https://www.dayi.org.cn/cmedical/1115417.html,Properties|Meridians,"{""Properties"": ""味苦、涩，性凉，"", ""Meridians"": ""归肺、肝、肾经""}"
HERB006455,夜合花,https://www.dayi.org.cn/cmedical/305376.html,Properties|Meridians,"{""Properties"": ""味甘，性平，"", ""Meridians"": ""归心、肝经""}"
HERB006456,野核桃仁,https://www.dayi.org.cn/cmedical/305286.html,Herb_latin_name|UsePart|Function|Indication|Properties|Meridians,"{""Herb_latin_name"": ""JuglanscathayensisDode"", ""UsePart"": ""种仁"", ""Function"": ""润肺止咳，温肾助阳，润肤，通便。"", ""Indication"": ""用于燥咳无痰，虚喘，腰膝酸软，肠燥便秘，皮肤干裂。"", ""Properties"": ""味甘，性温。"", ""Meridians"": ""归肺、肾、大肠经""}"
HERB006461,野花椒根,https://www.dayi.org.cn/cmedical/305292.html,Properties|Meridians,"{""Properties"": ""味辛，性微温。"", ""Meridians"": ""归肺、肝、胃经""}"
HERB006463,野花椒叶,https://www.dayi.org.cn/cmedical/305294.html,Toxicity|Properties|Meridians,"{""Toxicity"": ""有毒"", ""Properties"": ""味辛，性温。"", ""Meridians"": ""归肝、胃经""}"
HERB006464,野花生,https://www.dayi.org.cn/cmedical/1115268.html,UsePart|Function|Indication|Properties,"{""UsePart"": ""全草或叶"", ""Function"": ""清热明目，解毒利湿。"", ""Indication"": ""急性结膜炎，流感，湿热黄疸，急慢性肾炎，带下，瘰疬。"", ""Properties"": ""味咸、苦、甘，性凉""}"
HERB006468,夜交藤,https://www.dayi.org.cn/cmedical/305378.html,Properties|Meridians,"{""Properties"": ""味甘，性平，"", ""Meridians"": ""归心、肝经""}"
HERB006470,野菊,https://www.dayi.org.cn/cmedical/305303.html,Properties|Meridians,"{""Properties"": ""味苦、辛，性寒，"", ""Meridians"": ""归肝、心经""}"
HERB006476,野木瓜,https://www.dayi.org.cn/cmedical/305322.html,Therapeutic_cn_class|Properties|Meridians,"{""Therapeutic_cn_class"": ""祛风寒湿药"", ""Properties"": ""味微苦，性平，"", ""Meridians"": ""归肝、胃经""}"
HERB006477,野苜蓿,https://www.dayi.org.cn/cmedical/305325.html,Properties|Meridians,"{""Properties"": ""味甘、微苦，性平。"", ""Meridians"": ""归脾、胃、膀胱经""}"
HERB006479,野葡萄根,https://www.dayi.org.cn/cmedical/305326.html,Function|Indication,"{""Function"": ""清热解毒。"", ""Indication"": ""用于痈疽疔疮，慢性骨髓炎。""}"
HERB006480,野漆树叶,https://www.dayi.org.cn/cmedical/1115423.html,Toxicity|Properties,"{""Toxicity"": ""无毒"", ""Properties"": ""《福建民间草药》：辛，温""}"
HERB006483,野山楂,https://www.dayi.org.cn/cmedical/1115427.html,Toxicity|Properties|Meridians,"{""Toxicity"": ""无毒"", ""Properties"": ""味酸、甘，性微温"", ""Meridians"": ""归肝、胃经""}"
HERB006491,野梧桐,https://www.dayi.org.cn/cmedical/305337.html,Properties|Meridians,"{""Properties"": ""味微苦、涩，性平。"", ""Meridians"": ""归胃、肝经""}"
HERB006496,野鸦椿,https://www.dayi.org.cn/cmedical/305346.html,Toxicity|Properties|Meridians,"{""Toxicity"": ""无毒"", ""Properties"": ""根：味微苦，性平"", ""Meridians"": ""果：味辛，性温。归肝、脾、肾经""}"
HERB006492,叶下珠,https://www.dayi.org.cn/cmedical/305373.html,Properties|Meridians,"{""Properties"": ""味微苦，性凉"", ""Meridians"": ""归肝、脾、肾经""}"
HERB006497,野烟叶,https://www.dayi.org.cn/cmedical/305353.html,Toxicity|Properties,"{""Toxicity"": ""有毒"", ""Properties"": ""味辛、苦，性微温""}"
HERB006498,野罂粟,https://www.dayi.org.cn/cmedical/305355.html,Toxicity|Properties|Meridians,"{""Toxicity"": ""有毒"", ""Properties"": ""味酸、苦、涩，性凉。"", ""Meridians"": ""归肺、肾、大肠经""}"
HERB006500,野芝麻,https://www.dayi.org.cn/cmedical/1115433.html,Properties,"{""Properties"": ""味甘、辛，性平""}"
HERB006506,椰子油,https://www.dayi.org.cn/cmedical/1115438.html,Properties|Meridians,"{""Properties"": ""味辛，性微温，"", ""Meridians"": ""归肺、脾经""}"
HERB006504,椰子皮,https://www.dayi.org.cn/cmedical/1115436.html,Properties|Meridians,"{""Properties"": ""味苦，性平"", ""Meridians"": ""归肺、脾、肝经""}"
HERB006517,一点红,https://www.dayi.org.cn/cmedical/305383.html,Toxicity|Properties,"{""Toxicity"": ""无毒"", ""Properties"": ""味微苦，性凉""}"
HERB006539,一年蓬,https://www.dayi.org.cn/cmedical/305388.html,Properties|Meridians,"{""Properties"": ""味甘、苦，性凉"", ""Meridians"": ""归胃、大肠经""}"
HERB006538,益母草花,https://www.dayi.org.cn/cmedical/305424.html,Function|Indication|Properties|Meridians,"{""Function"": ""养血，活血，利水。"", ""Indication"": ""贫血，疮疡肿毒，血滞经闭，痛经，产后瘀阻腹痛，恶露不下。"", ""Properties"": ""味甘、微苦，性凉、"", ""Meridians"": ""归肺、肝经""}"
HERB006553,唐松草,https://www.dayi.org.cn/cmedical/1116069.html,UsePart|Function|Indication|Properties|Meridians,"{""UsePart"": ""根及根茎"", ""Function"": ""清热泻火，燥湿解毒。"", ""Indication"": ""唐松草主要用于治疗热病心烦，湿热泻痢，肺热咳嗽，目赤肿痛，痈肿疮疖。"", ""Properties"": ""味苦，性寒，"", ""Meridians"": ""归心、肝、大肠经""}"
HERB006542,一品红,https://www.dayi.org.cn/cmedical/305391.html,Toxicity,"{""Toxicity"": ""有毒""}"
HERB006546,饴糖,https://www.dayi.org.cn/cmedical/1116158.html,UsePart|Indication,"{""UsePart"": ""米、大麦、粟或玉蜀黍等粮食经发酵糖化制成"", ""Indication"": ""主治脾胃虚寒，里急腹痛，肺虚咳嗽，干咳无痰等。""}"
HERB006560,一叶萩,https://www.dayi.org.cn/cmedical/305397.html,Toxicity|Properties,"{""Toxicity"": ""小毒"", ""Properties"": ""味辛、苦，性微温""}"
HERB006570,一枝蒿,https://www.dayi.org.cn/cmedical/305399.html,Toxicity|Properties|Meridians,"{""Toxicity"": ""有小毒"", ""Properties"": ""味辛、苦，性微温，"", ""Meridians"": ""归心、肝、肺经""}"
HERB006571,一枝黄花,https://www.dayi.org.cn/cmedical/305400.html,Herb_latin_name|UsePart|Function|Properties|Meridians,"{""Herb_latin_name"": ""Solidaginis Herba"", ""UsePart"": ""全草"", ""Function"": ""清热解毒，疏散风热。"", ""Properties"": ""味辛、苦，性凉，"", ""Meridians"": ""归肺、肝经""}"
HERB006573,一枝香,https://www.dayi.org.cn/cmedical/1115458.html,Properties|Meridians,"{""Properties"": ""味苦，性平"", ""Meridians"": ""归肺经""}"
HERB006583,银箔,https://www.dayi.org.cn/cmedical/305440.html,Indication,"{""Indication"": ""惊痫癫狂，心悸恍惚，夜不安寐。""}"
HERB006585,银柴胡,https://www.dayi.org.cn/cmedical/1116137.html,Toxicity,"{""Toxicity"": ""无毒""}"
HERB006586,茵陈,https://www.dayi.org.cn/cmedical/305437.html,UsePart,"{""UsePart"": ""地上部分""}"
HERB006616,银耳,https://www.dayi.org.cn/cmedical/1155669.html,Properties|Meridians,"{""Properties"": ""味甘，性平"", ""Meridians"": ""归肺、胃、肾经""}"
HERB006621,银花子,https://www.dayi.org.cn/cmedical/1115450.html,UsePart|Function|Indication|Properties,"{""UsePart"": ""成熟果实"", ""Function"": ""解毒止痢。"", ""Indication"": ""热疮肿毒，痢疾。"", ""Properties"": ""味甘，性凉""}"
HERB006629,银线草,https://www.dayi.org.cn/cmedical/1115451.html,Toxicity|Properties,"{""Toxicity"": ""有毒"", ""Properties"": ""味辛、苦，性温""}"
HERB006633,淫羊藿,https://www.dayi.org.cn/cmedical/1116150.html,Herb_latin_name|UsePart|Function|Properties|Meridians,"{""Herb_latin_name"": ""Epimedii Folium"", ""UsePart"": ""叶"", ""Function"": ""补肾阳，强筋骨，祛风湿。"", ""Properties"": ""味辛、甘，性温"", ""Meridians"": ""归肝、肾经""}"
HERB006632,银杏叶,https://www.dayi.org.cn/cmedical/305451.html,Herb_latin_name|UsePart|Function|Indication|Properties|Meridians,"{""Herb_latin_name"": ""Ginkgo Folium"", ""UsePart"": ""叶"", ""Function"": ""活血化瘀，通络止痛，敛肺平喘，化浊降脂。"", ""Indication"": ""主要用于治疗瘀血阻络，胸痹心痛，中风偏瘫，肺虚咳喘，高脂血症。"", ""Properties"": ""性平，味甘、苦、涩，"", ""Meridians"": ""归心、肺经""}"
HERB006634,淫羊藿根,https://www.dayi.org.cn/cmedical/305457.html,Properties|Meridians,"{""Properties"": ""味辛、甘，性温"", ""Meridians"": ""归肾、肝经""}"
HERB006635,银叶树,https://www.dayi.org.cn/cmedical/305453.html,UsePart|Function|Indication|Properties|Meridians,"{""UsePart"": ""种子"", ""Function"": ""涩肠止泻。"", ""Indication"": ""腹泻，痢疾。"", ""Properties"": ""味甘、涩，性平。"", ""Meridians"": ""归大肠经""}"
HERB006638,鹰不泊,https://www.dayi.org.cn/cmedical/1115445.html,Properties,"{""Properties"": ""味辛，性温""}"
HERB006639,迎春花,https://www.dayi.org.cn/cmedical/305471.html,Toxicity|Properties|Meridians,"{""Toxicity"": ""无毒"", ""Properties"": ""味苦、微辛，性平，"", ""Meridians"": ""归肾、膀胱经""}"
HERB006644,瘿花香茶菜,https://www.dayi.org.cn/cmedical/1115626.html,Properties,"{""Properties"": ""味辛、微苦，性平""}"
HERB006658,银杏叶,https://www.dayi.org.cn/cmedical/305451.html,Herb_latin_name|UsePart|Function|Indication|Properties|Meridians,"{""Herb_latin_name"": ""Ginkgo Folium"", ""UsePart"": ""叶"", ""Function"": ""活血化瘀，通络止痛，敛肺平喘，化浊降脂。"", ""Indication"": ""主要用于治疗瘀血阻络，胸痹心痛，中风偏瘫，肺虚咳喘，高脂血症。"", ""Properties"": ""性平，味甘、苦、涩，"", ""Meridians"": ""归心、肺经""}"
HERB006655,樱桃,https://www.dayi.org.cn/cmedical/1115447.html,Properties|Meridians,"{""Properties"": ""味甘、酸，性温"", ""Meridians"": ""归脾、肾经""}"
HERB006665,蝇子草,https://www.dayi.org.cn/cmedical/305477.html,Properties,"{""Properties"": ""味辛、涩，性凉。入膀胱、大肠经""}"
HERB006668,莸,https://www.dayi.org.cn/cmedical/305514.html,Function|Indication|Properties|Meridians,"{""Function"": ""清暑解表，利湿解毒。"", ""Indication"": ""夏季感冒，中暑，热淋，带下，外伤出血。"", ""Properties"": ""味微甘，性凉。"", ""Meridians"": ""归脾、膀胱经""}"
HERB006680,油柑叶,https://www.dayi.org.cn/cmedical/305498.html,Properties,"{""Properties"": ""味甘、微苦，性凉""}"
HERB006676,油柑根,https://www.dayi.org.cn/cmedical/305496.html,Properties|Meridians,"{""Properties"": ""味甘、微苦，性凉。"", ""Meridians"": ""归肝、脾经""}"
HERB006681,柚根,https://www.dayi.org.cn/cmedical/305520.html,Herb_latin_name|Toxicity|UsePart|Function|Indication|Properties|Meridians,"{""Herb_latin_name"": ""Citrusmaxima(Burm.)Merr."", ""Toxicity"": ""无毒"", ""UsePart"": ""根"", ""Function"": ""理气止痛，散风寒。"", ""Indication"": ""胃脘胀痛，疝气疼痛，风寒咳嗽。"", ""Properties"": ""味辛、苦，性温。"", ""Meridians"": ""归肺、胃、肝经""}"
HERB006684,柚核,https://www.dayi.org.cn/cmedical/305521.html,Properties|Meridians,"{""Properties"": ""味辛、苦，性温。"", ""Meridians"": ""归肝经""}"
HERB006697,柚叶,https://www.dayi.org.cn/cmedical/305525.html,UsePart|Function|Indication|Properties,"{""UsePart"": ""叶"", ""Function"": ""行气止痛，解毒消肿。"", ""Indication"": ""主治头风痛，寒湿痹痛，食滞腹痛，乳痈，扁桃体炎，中耳炎。"", ""Properties"": ""味辛、苦，性温""}"
HERB006714,余甘子,https://www.dayi.org.cn/cmedical/305529.html,Toxicity|UsePart,"{""Toxicity"": ""无毒"", ""UsePart"": ""果实""}"
HERB006716,榆花,https://www.dayi.org.cn/cmedical/305550.html,Toxicity|UsePart|Function|Indication|Properties|Meridians,"{""Toxicity"": ""无毒"", ""UsePart"": ""花"", ""Function"": ""清热定惊，利尿，疗疮。"", ""Indication"": ""小儿惊痫，小便不利，头疮。"", ""Properties"": ""味甘，性平"", ""Meridians"": ""归脾、胃经""}"
HERB006719,郁金香,https://www.dayi.org.cn/cmedical/305582.html,Toxicity|Properties|Meridians,"{""Toxicity"": ""小毒《中国花膳与花疗》"", ""Properties"": ""味苦、辛，性平。"", ""Meridians"": ""归肺经""}"
HERB006720,郁金香根,https://www.dayi.org.cn/cmedical/305583.html,Toxicity|Properties|Meridians,"{""Toxicity"": ""无毒"", ""Properties"": ""味苦，性平。"", ""Meridians"": ""归心、肝经""}"
HERB006733,玉米须,https://www.dayi.org.cn/cmedical/305574.html,Properties|Meridians,"{""Properties"": ""性平，味甘，"", ""Meridians"": ""归肝、肾经""}"
HERB006736,榆树,https://www.dayi.org.cn/cmedical/1117647.html,Properties|Meridians,"{""Properties"": ""榆树叶味甘，性平，归脾、胃经"", ""Meridians"": ""榆钱味甘、微辛，性平，归肺、脾、心经；榆白皮味甘，性微寒，归肺、脾、膀胱经""}"
HERB006739,鱼藤,https://www.dayi.org.cn/cmedical/305539.html,Toxicity|Properties|Meridians,"{""Toxicity"": ""有毒"", ""Properties"": ""味苦、辛，性温。"", ""Meridians"": ""归肝经""}"
HERB006743,羽叶丁香,https://www.dayi.org.cn/cmedical/305561.html,Properties|Meridians,"{""Properties"": ""味辛，性微温。"", ""Meridians"": ""归胃、肾经""}"
HERB006740,鱼香草,https://www.dayi.org.cn/cmedical/305543.html,Toxicity|Properties|Meridians,"{""Toxicity"": ""无毒"", ""Properties"": ""味辛，性凉。"", ""Meridians"": ""归肺、胃、肝经""}"
HERB006745,玉叶金花,https://www.dayi.org.cn/cmedical/1116975.html,UsePart|Function|Indication|Properties,"{""UsePart"": ""藤、根"", ""Function"": ""清热解暑，凉血解毒。"", ""Indication"": ""玉叶金花主要用于治疗中暑，感冒，支气管炎，扁桃体炎，咽喉炎，肾炎水肿，肠炎，子宫出血，毒蛇咬伤。"", ""Properties"": ""味甘、淡，性凉""}"
HERB006747,羽叶三七,https://www.dayi.org.cn/cmedical/1115480.html,Properties|Meridians,"{""Properties"": ""味微苦、甘，性微温"", ""Meridians"": ""归肝、脾经""}"
HERB006752,预知子,https://www.dayi.org.cn/cmedical/306227.html,Properties|Meridians,"{""Properties"": ""味苦，性寒"", ""Meridians"": ""归肝、胆、胃、膀胱经""}"
HERB006759,香茶菜,https://www.dayi.org.cn/cmedical/304656.html,Toxicity|UsePart|Function|Indication|Properties|Meridians,"{""Toxicity"": ""无毒"", ""UsePart"": ""地上部分"", ""Function"": ""清热利湿，活血散瘀，解毒消肿。"", ""Indication"": ""湿热黄疸，淋证，水肿，咽喉肿痛，关节痹痛，闭经，乳痈，痔疮，发背，跌打损伤，毒蛇咬伤。"", ""Properties"": ""味辛、苦，性凉"", ""Meridians"": ""归肝、肾经""}"
HERB006760,元宝草,https://www.dayi.org.cn/cmedical/305586.html,Toxicity|Properties|Meridians,"{""Toxicity"": ""有毒"", ""Properties"": ""味苦、辛，性寒"", ""Meridians"": ""归肝、脾经""}"
HERB006771,元胡,https://www.dayi.org.cn/cmedical/1155692.html,Therapeutic_cn_class,"{""Therapeutic_cn_class"": ""活血止痛药""}"
HERB006775,芫花根,https://www.dayi.org.cn/cmedical/305588.html,Toxicity|Properties|Meridians,"{""Toxicity"": ""有毒"", ""Properties"": ""味辛、苦，性温。"", ""Meridians"": ""归肺、脾、肝、肾经""}"
HERB006784,芫荽,https://www.dayi.org.cn/cmedical/305590.html,UsePart|Function|Indication|Properties|Meridians,"{""UsePart"": ""全草"", ""Function"": ""发表透疹、健胃。"", ""Indication"": ""主治麻疹不透、感冒无汗。"", ""Properties"": ""味辛，性温，"", ""Meridians"": ""归肺、胃经""}"
HERB006785,鸢尾,https://www.dayi.org.cn/cmedical/1116185.html,Toxicity|Properties,"{""Toxicity"": ""有毒"", ""Properties"": ""味辛、苦，性凉""}"
HERB006792,圆叶茅膏菜,https://www.dayi.org.cn/cmedical/305604.html,Properties|Meridians,"{""Properties"": ""味辛、甘，性平。"", ""Meridians"": ""归肝经""}"
HERB006806,月桂叶,https://www.dayi.org.cn/cmedical/305617.html,Properties,"{""Properties"": ""味辛，性微温""}"
HERB006808,月桂子,https://www.dayi.org.cn/cmedical/305618.html,Toxicity|Properties|Meridians,"{""Toxicity"": ""无毒 《纲目》"", ""Properties"": ""味辛，性温。"", ""Meridians"": ""归肺经""}"
HERB006811,月季花,https://www.dayi.org.cn/cmedical/305619.html,Toxicity|Meridians,"{""Toxicity"": ""无毒"", ""Meridians"": ""归肝经""}"
HERB006814,越橘叶,https://www.dayi.org.cn/cmedical/305628.html,Toxicity|Properties,"{""Toxicity"": ""小毒"", ""Properties"": ""味苦，性温""}"
HERB006813,月见草,https://www.dayi.org.cn/cmedical/305622.html,UsePart|Function|Indication|Properties,"{""UsePart"": ""根"", ""Function"": ""祛风湿，强筋骨。"", ""Indication"": ""主治风寒湿痹，筋骨酸软。"", ""Properties"": ""味甘、苦，性温""}"
HERB006855,芸薹,https://www.dayi.org.cn/cmedical/305672.html,Toxicity|Function|Indication|Properties|Meridians,"{""Toxicity"": ""无毒（《千金·食治》）"", ""Function"": ""凉血散血，解毒消肿。"", ""Indication"": ""用于血痢，丹毒，热毒疮肿，乳痈，风疹，吐血。"", ""Properties"": ""味辛、甘，性平，"", ""Meridians"": ""归肺、肝、脾经""}"
HERB006858,芸香草,https://www.dayi.org.cn/cmedical/305676.html,Meridians,"{""Meridians"": ""归肺、胃经""}"
HERB006879,藏三七,https://www.dayi.org.cn/cmedical/1115882.html,Properties,"{""Properties"": ""味微苦、甘，性温""}"
HERB006885,枣核,https://www.dayi.org.cn/cmedical/305683.html,Function|Indication|Properties|Meridians,"{""Function"": ""解毒，敛疮。"", ""Indication"": ""用于臁疮，牙疳。"", ""Properties"": ""味苦，性平，"", ""Meridians"": ""归肝、肾经""}"
HERB006889,皂荚叶,https://www.dayi.org.cn/cmedical/305688.html,Properties|Meridians,"{""Properties"": ""味辛，性微温"", ""Meridians"": ""归肺经""}"
HERB006890,皂荚子,https://www.dayi.org.cn/cmedical/305689.html,Herb_latin_name|Toxicity|UsePart|Function|Indication|Properties|Meridians,"{""Herb_latin_name"": ""Gleditsia sinensis Lam."", ""Toxicity"": ""小毒（《本草经疏》）"", ""UsePart"": ""种子"", ""Function"": ""润肠通便，祛风散热，化痰散结。"", ""Indication"": ""用于大便燥结，肠风下血，痢疾里急后重，痰喘肿满，疝气疼痛，瘰疬，肿毒，疮癣。"", ""Properties"": ""味辛，性温，"", ""Meridians"": ""归肺、大肠经""}"
HERB006891,皂角刺,https://www.dayi.org.cn/cmedical/305690.html,UsePart,"{""UsePart"": ""棘刺""}"
HERB006896,枣树皮,https://www.dayi.org.cn/cmedical/305685.html,Function|Indication|Properties,"{""Function"": ""涩肠止泻，镇咳止血。"", ""Indication"": ""用于泄泻，痢疾，咳嗽，崩漏，外伤出血，烧烫伤。"", ""Properties"": ""味苦、涩，性温，归肺、大肠经。""}"
HERB006900,枣叶,https://www.dayi.org.cn/cmedical/305686.html,Herb_latin_name|UsePart|Function|Indication|Properties|Meridians,"{""Herb_latin_name"": ""ZiziphusjujubaMill."", ""UsePart"": ""叶"", ""Function"": ""清热解毒。"", ""Indication"": ""用于小儿发热，疮疖，热疿，烂脚，烫火伤。"", ""Properties"": ""味甘，性温，"", ""Meridians"": ""归肺、脾经""}"
HERB006905,泽漆,https://www.dayi.org.cn/cmedical/305694.html,Herb_latin_name|Toxicity|UsePart|Function|Properties|Meridians,"{""Herb_latin_name"": ""Euphorbiae Helioscopiae Herba"", ""Toxicity"": ""有小毒"", ""UsePart"": ""全草"", ""Function"": ""逐水消肿，化痰散结，杀虫疗癣。"", ""Properties"": ""味苦，性微寒"", ""Meridians"": ""归大肠、小肠、脾经""}"
HERB006929,樟柳头,https://www.dayi.org.cn/cmedical/305739.html,Properties,"{""Properties"": ""味辛，性寒。入肾经""}"
HERB006928,蟑螂,https://www.dayi.org.cn/cmedical/305746.html,Toxicity|Properties,"{""Toxicity"": ""有毒《别录》"", ""Properties"": ""味咸，性寒。入肝、脾、肾经""}"
HERB006924,展枝唐松草,https://www.dayi.org.cn/cmedical/1115495.html,Toxicity|Properties,"{""Toxicity"": ""有毒"", ""Properties"": ""味苦，性平""}"
HERB006930,樟木,https://www.dayi.org.cn/cmedical/305740.html,Herb_latin_name|UsePart|Function|Indication|Properties|Meridians,"{""Herb_latin_name"": ""Cinnamomumcamphora（L.）Presl"", ""UsePart"": ""木材"", ""Function"": ""祛风散寒，温中理气，活血通络。"", ""Indication"": ""风寒感冒，胃寒胀痛，寒湿吐泻，风湿痹痛，脚气，跌打伤痛，疥癣风痒。"", ""Properties"": ""味辛，性温"", ""Meridians"": ""归肝、脾经""}"
HERB006934,樟树叶,https://www.dayi.org.cn/cmedical/305745.html,UsePart|Function|Indication|Properties,"{""UsePart"": ""叶或枝叶"", ""Function"": ""祛风，除湿，解毒，杀虫。"", ""Indication"": ""樟树叶主要用于治疗风湿痹痛，胃痛，水火烫伤，疮疡肿毒，慢性下肢溃疡，疥癣，皮肤瘙痒，毒虫咬伤。"", ""Properties"": ""味辛，性温，入心、脾、肺经""}"
HERB006936,獐牙菜,https://www.dayi.org.cn/cmedical/1115490.html,Properties,"{""Properties"": ""味苦、辛，性寒""}"
HERB006952,鹧鸪菜,https://www.dayi.org.cn/cmedical/305812.html,Toxicity|Properties,"{""Toxicity"": ""小毒《福建药物志》"", ""Properties"": ""味咸，性平。入肾、大肠经""}"
HERB006962,榛蘑,https://www.dayi.org.cn/cmedical/1115497.html,Properties|Meridians,"{""Properties"": ""味甘，性平"", ""Meridians"": ""归肝经""}"
HERB006972,珍珠母,https://www.dayi.org.cn/cmedical/1118161.html,UsePart,"{""UsePart"": ""贝壳""}"
HERB006970,珍珠露水草,https://www.dayi.org.cn/cmedical/1115501.html,Properties,"{""Properties"": ""味辛、微苦，性温""}"
HERB006971,珍珠梅,https://www.dayi.org.cn/cmedical/1115503.html,Toxicity|Properties,"{""Toxicity"": ""有毒"", ""Properties"": ""味苦，性寒""}"
HERB006985,制川乌,https://www.dayi.org.cn/cmedical/305868.html,Toxicity|Properties|Meridians,"{""Toxicity"": ""有毒"", ""Properties"": ""性热，味辛、苦，"", ""Meridians"": ""归心、肝、肾、脾经""}"
HERB007001,枳椇根,https://www.dayi.org.cn/cmedical/305858.html,Toxicity|Properties,"{""Toxicity"": ""无毒《重庆草药》"", ""Properties"": ""味甘、涩，性温。入肝、肾经""}"
HERB007017,芝麻菜,https://www.dayi.org.cn/cmedical/305829.html,Properties|Meridians,"{""Properties"": ""味辛、苦，性寒"", ""Meridians"": ""归肺、膀胱经""}"
HERB007023,知母,https://www.dayi.org.cn/cmedical/305833.html,Toxicity,"{""Toxicity"": ""无毒""}"
HERB007044,蜘蛛香,https://www.dayi.org.cn/cmedical/305845.html,Toxicity|Properties|Meridians,"{""Toxicity"": ""无毒"", ""Properties"": ""微苦、辛，温。"", ""Meridians"": ""归心、脾、胃经""}"
HERB007047,栀子花,https://www.dayi.org.cn/cmedical/305836.html,UsePart|Function|Indication|Properties,"{""UsePart"": ""花"", ""Function"": ""清肺止咳、凉血止血。"", ""Indication"": ""主治肺热咳嗽、鼻衄。"", ""Properties"": ""味苦，性寒。入肺、肝经""}"
HERB007050,栀子叶,https://www.dayi.org.cn/cmedical/305837.html,Properties,"{""Properties"": ""味苦、涩，性寒。入心、肝、肺经""}"
HERB007072,中华绣线梅,https://www.dayi.org.cn/cmedical/305879.html,Herb_latin_name|UsePart|Function|Indication|Properties,"{""Herb_latin_name"": ""NeilliasinensisOliv."", ""UsePart"": ""全株"", ""Function"": ""祛风解表，和中止泻。"", ""Indication"": ""用于感冒，泄泻。"", ""Properties"": ""味辛、性平""}"
HERB007079,肿节风,https://www.dayi.org.cn/cmedical/1116313.html,UsePart|Properties|Meridians,"{""UsePart"": ""全草"", ""Properties"": ""味辛、苦，性平"", ""Meridians"": ""归心、肝经""}"
HERB007099,猪胆汁,https://www.dayi.org.cn/cmedical/1155635.html,Toxicity|UsePart|Indication,"{""Toxicity"": ""无毒"", ""UsePart"": ""胆汁"", ""Indication"": ""热病燥渴，大便秘结，咳嗽，哮喘，目赤，目翳，泄痢，黄疸，喉痹，聤耳，痈疽疔疮，鼠瘘，湿疹，头癣。""}"
HERB007095,竹柏,https://www.dayi.org.cn/cmedical/305932.html,Properties|Meridians,"{""Properties"": ""味淡、涩，性平"", ""Meridians"": ""归肝经""}"
HERB007107,竹节三七,https://www.dayi.org.cn/cmedical/1115513.html,Properties|Meridians,"{""Properties"": ""味甘、苦，性温，"", ""Meridians"": ""归肺、脾、肝经""}"
HERB007109,竹节香附,https://www.dayi.org.cn/cmedical/305945.html,Toxicity|Function|Indication,"{""Toxicity"": ""有毒"", ""Function"": ""祛风湿，散寒止痛，消痈肿。"", ""Indication"": ""用于风寒湿痹，四肢拘挛，骨节疼痛，痈疮肿痛。""}"
HERB007114,苎麻根,https://www.dayi.org.cn/cmedical/305974.html,UsePart|Indication,"{""UsePart"": ""根和根茎"", ""Indication"": ""内治尿血，胎漏下血，胎动不安；外治痈肿初起。""}"
HERB007111,竹沥,https://www.dayi.org.cn/cmedical/305949.html,UsePart,"{""UsePart"": ""茎经火烤后所流出的液汁""}"
HERB007119,朱砂根,https://www.dayi.org.cn/cmedical/305904.html,Properties,"{""Properties"": ""味苦、辛，性凉""}"
HERB007115,猪毛菜,https://www.dayi.org.cn/cmedical/305920.html,Properties|Meridians,"{""Properties"": ""味淡，性凉，"", ""Meridians"": ""归肝经""}"
HERB007117,朱砂,https://www.dayi.org.cn/cmedical/305902.html,Toxicity|UsePart,"{""Toxicity"": ""有毒"", ""UsePart"": ""硫化汞""}"
HERB007120,朱砂莲,https://www.dayi.org.cn/cmedical/305906.html,Toxicity|Properties|Meridians,"{""Toxicity"": ""无毒《蜀本草》"", ""Properties"": ""味苦、辛，性寒。"", ""Meridians"": ""归心、肺、肝经""}"
HERB007122,猪屎豆,https://www.dayi.org.cn/cmedical/305925.html,Toxicity|Properties|Meridians,"{""Toxicity"": ""有毒"", ""Properties"": ""味苦、辛，性平，"", ""Meridians"": ""归大肠、膀胱经""}"
HERB007127,猪牙皂,https://www.dayi.org.cn/cmedical/1116331.html,Toxicity|UsePart|Properties|Meridians,"{""Toxicity"": ""有小毒"", ""UsePart"": ""不育果实"", ""Properties"": ""味辛、咸，性温"", ""Meridians"": ""归肺、大肠经""}"
HERB007130,竹叶椒,https://www.dayi.org.cn/cmedical/305963.html,Toxicity|Properties|Meridians,"{""Toxicity"": ""小毒"", ""Properties"": ""味辛、微苦，性温，"", ""Meridians"": ""归脾、胃经""}"
HERB007131,竹叶椒根,https://www.dayi.org.cn/cmedical/305964.html,Toxicity|Properties|Meridians,"{""Toxicity"": ""小毒"", ""Properties"": ""味辛、微苦，性温。"", ""Meridians"": ""归肺经""}"
HERB007134,竹叶心,https://www.dayi.org.cn/cmedical/1117116.html,UsePart|Function|Indication,"{""UsePart"": ""嫩叶"", ""Function"": ""清头热。"", ""Indication"": ""主治头昏。""}"
HERB007138,猪鬃草,https://www.dayi.org.cn/cmedical/305927.html,Toxicity|Properties|Meridians,"{""Toxicity"": ""无毒《贵阳民间药草》"", ""Properties"": ""味苦，性凉，"", ""Meridians"": ""归肝、肾经""}"
HERB007158,紫背天葵草,https://www.dayi.org.cn/cmedical/1115524.html,Properties,"{""Properties"": ""《昆明民间常用草药》：辛微酸湿，平""}"
HERB007161,紫草茸,https://www.dayi.org.cn/cmedical/306009.html,Properties,"{""Properties"": ""味甘、咸，性平""}"
HERB007165,紫丁香,https://www.dayi.org.cn/cmedical/306016.html,Properties|Meridians,"{""Properties"": ""味苦，性寒。"", ""Meridians"": ""归胃、肝、胆经""}"
HERB007172,紫红獐牙菜,https://www.dayi.org.cn/cmedical/306021.html,Properties|Meridians,"{""Properties"": ""味苦，性寒。"", ""Meridians"": ""归肝、胆经""}"
HERB007179,紫花景天,https://www.dayi.org.cn/cmedical/1117040.html,Properties,"{""Properties"": ""味苦，性凉""}"
HERB007183,紫金莲,https://www.dayi.org.cn/cmedical/306031.html,Toxicity|Properties|Meridians,"{""Toxicity"": ""有毒"", ""Properties"": ""味辛、甘，性温"", ""Meridians"": ""归肝经""}"
HERB007189,自扣草,https://www.dayi.org.cn/cmedical/306093.html,Toxicity|Properties|Meridians,"{""Toxicity"": ""有毒"", ""Properties"": ""味微苦、辛，性温。"", ""Meridians"": ""归肝经""}"
HERB007196,紫茉莉叶,https://www.dayi.org.cn/cmedical/306049.html,Properties|Meridians,"{""Properties"": ""味甘、淡，性微寒。"", ""Meridians"": ""归肺、胃经""}"
HERB007204,紫杉,https://www.dayi.org.cn/cmedical/1115535.html,Toxicity|Properties|Meridians,"{""Toxicity"": ""有毒"", ""Properties"": ""味甘、淡，性平，"", ""Meridians"": ""归肾经""}"
HERB007206,紫石英,https://www.dayi.org.cn/cmedical/1155650.html,UsePart|Properties|Meridians,"{""UsePart"": ""矿石"", ""Properties"": ""味甘，性温"", ""Meridians"": ""归肾、心、肺经""}"
HERB007200,自然铜,https://www.dayi.org.cn/cmedical/306095.html,UsePart,"{""UsePart"": ""黄铁矿""}"
HERB007208,紫苏,https://www.dayi.org.cn/cmedical/1155634.html,Herb_latin_name|Toxicity|Function|Properties|Meridians,"{""Herb_latin_name"": ""Perilla Frutescens"", ""Toxicity"": ""无毒"", ""Function"": ""1、紫苏梗具有理气宽中、止痛、安胎的功效。\n2、紫苏叶具有解表散寒、行气和胃的功效。\n3、紫苏子具有降气化痰、止咳平喘、润肠通便的功效。"", ""Properties"": ""紫苏叶和紫苏梗味辛，性温，归脾、肺经"", ""Meridians"": ""紫苏子味辛，性温；归肺经""}"
HERB007211,紫苏叶,https://www.dayi.org.cn/cmedical/1116369.html,Toxicity,"{""Toxicity"": ""无毒""}"
HERB007210,紫苏梗,https://www.dayi.org.cn/cmedical/1116366.html,Toxicity|Therapeutic_cn_class|Properties|Meridians,"{""Toxicity"": ""无毒"", ""Therapeutic_cn_class"": ""理气药"", ""Properties"": ""味辛，性温"", ""Meridians"": ""归脾、肺经""}"
HERB007213,紫苏子,https://www.dayi.org.cn/cmedical/306061.html,Toxicity|UsePart|Properties|Meridians,"{""Toxicity"": ""无毒"", ""UsePart"": ""果实"", ""Properties"": ""味辛，性温"", ""Meridians"": ""归肺经""}"
HERB007215,紫檀,https://www.dayi.org.cn/cmedical/306062.html,Toxicity,"{""Toxicity"": ""无毒《日华子》""}"
HERB007217,紫藤,https://www.dayi.org.cn/cmedical/306063.html,Toxicity|Properties|Meridians,"{""Toxicity"": ""小毒"", ""Properties"": ""味甘、苦，性微温。"", ""Meridians"": ""归肾经""}"
HERB007218,紫藤根,https://www.dayi.org.cn/cmedical/306064.html,Herb_latin_name|UsePart|Function|Indication|Properties|Meridians,"{""Herb_latin_name"": ""WisteriasinensisSweet"", ""UsePart"": ""根"", ""Function"": ""祛风除湿，舒筋活络。"", ""Indication"": ""痛风，痹症。"", ""Properties"": ""味甘，性温。"", ""Meridians"": ""归肝、肾、心经""}"
HERB007219,紫藤子,https://www.dayi.org.cn/cmedical/306065.html,Toxicity|Properties|Meridians,"{""Toxicity"": ""小毒"", ""Properties"": ""味甘，性微温。"", ""Meridians"": ""归脾、肝经""}"
HERB007224,紫薇花,https://www.dayi.org.cn/cmedical/306072.html,Toxicity|Properties|Meridians,"{""Toxicity"": ""无毒《重庆草药》"", ""Properties"": ""味苦、微酸，性寒。"", ""Meridians"": ""归肝经""}"
HERB007226,紫薇叶,https://www.dayi.org.cn/cmedical/306074.html,Toxicity|Properties|Meridians,"{""Toxicity"": ""无毒《湖南药物志》"", ""Properties"": ""味微苦、涩，性寒。"", ""Meridians"": ""归肺、脾、大肠经""}"
HERB007231,紫雪花,https://www.dayi.org.cn/cmedical/306076.html,Toxicity|Properties|Meridians,"{""Toxicity"": ""小毒"", ""Properties"": ""味辛、苦，性温。"", ""Meridians"": ""归肝经""}"
HERB007237,紫云英子,https://www.dayi.org.cn/cmedical/306089.html,Properties|Meridians,"{""Properties"": ""味辛，性凉。"", ""Meridians"": ""归肝经""}"
HERB007239,紫珠,https://www.dayi.org.cn/cmedical/306090.html,Properties|Meridians,"{""Properties"": ""味苦、涩，性凉"", ""Meridians"": ""归肝、肺、胃经""}"
HERB007236,紫云英,https://www.dayi.org.cn/cmedical/1117608.html,Properties|Meridians,"{""Properties"": ""味甘、辛，性平，"", ""Meridians"": ""归肺、肝经""}"
HERB007255,总状土木香,https://www.dayi.org.cn/cmedical/1115545.html,Properties|Meridians,"{""Properties"": ""味辛、苦，性温。"", ""Meridians"": ""归脾、肝经""}"
HERB007257,走马芹,https://www.dayi.org.cn/cmedical/1115875.html,UsePart|Function|Indication|Properties,"{""UsePart"": ""根"", ""Function"": ""祛风消斑。"", ""Indication"": ""主治白癜风。"", ""Properties"": ""味辛，性温""}"
HERB007263,酢浆草,https://www.dayi.org.cn/cmedical/306127.html,Properties|Meridians,"{""Properties"": ""味酸，性寒"", ""Meridians"": ""归肝、肺、膀胱经""}"
