Herb_ID,Herb_cn_name,status,detail_url,reason
HERB000001,阿比西尼亚刺桐,not_found,,no exact cmedical result in search page
HERB000002,阿比西尼亚牛筋果,not_found,,no exact cmedical result in search page
HERB000003,阿尔及利亚棉蓟,not_found,,no exact cmedical result in search page
HERB000004,阿尔及利亚补血草,not_found,,no exact cmedical result in search page
HERB000008,阿富汗丁香,not_found,,no exact cmedical result in search page
HERB000006,阿尔泰银莲花,not_found,,no exact cmedical result in search page
HERB000009,阿富汗杜鹃花,not_found,,no exact cmedical result in search page
HERB000010,阿富汗黑麦草,not_found,,no exact cmedical result in search page
HERB000011,阿福泽尔马钱子,not_found,,no exact cmedical result in search page
HERB000016,阿江榄仁,not_found,,no exact cmedical result in search page
HERB000014,阿根廷鼠曲草,not_found,,no exact cmedical result in search page
HERB000019,阿拉伯金合欢,not_found,,no exact cmedical result in search page
HERB000005,阿尔及利亚鸢尾,not_found,,no exact cmedical result in search page
HERB000018,阿拉伯胶金合欢,not_found,,no exact cmedical result in search page
HERB000022,阿里山五味子,not_found,,no exact cmedical result in search page
HERB000020,阿拉伯婆婆纳,no_fields,https://www.dayi.org.cn/cmedical/1156031.html,detail page parsed but no mapped fields found
HERB000025,阿曼苏丹没药,not_found,,no exact cmedical result in search page
HERB000026,阿诺特花椒,not_found,,no exact cmedical result in search page
HERB000035,矮大黄,not_found,,no exact cmedical result in search page
HERB000029,阿魏,ok_no_empty_fields,https://www.dayi.org.cn/cmedical/300008.html,matched page but target columns already had values
HERB000037,埃及车轴草,not_found,,no exact cmedical result in search page
HERB000038,埃及大翅蓟,not_found,,no exact cmedical result in search page
HERB000039,埃及假虎刺,not_found,,no exact cmedical result in search page
HERB000040,埃及千里光,not_found,,no exact cmedical result in search page
HERB000044,埃及种植鸢尾,not_found,,no exact cmedical result in search page
HERB000041,埃及鼠尾草,not_found,,no exact cmedical result in search page
HERB000046,艾菊,not_found,,no exact cmedical result in search page
HERB000048,埃利斯多孔菌,not_found,,no exact cmedical result in search page
HERB000049,艾麻黄,not_found,,no exact cmedical result in search page
HERB000052,埃塞俄比亚羽扇豆,not_found,,no exact cmedical result in search page
HERB000063,爱娃筋骨草,not_found,,no exact cmedical result in search page
HERB000062,矮桐子,not_found,,no exact cmedical result in search page
HERB000065,矮向日葵,not_found,,no exact cmedical result in search page
HERB000067,艾叶黄芩,not_found,,no exact cmedical result in search page
HERB000071,安哥拉八角枫,not_found,,no exact cmedical result in search page
HERB000068,矮紫金牛,not_found,,no exact cmedical result in search page
HERB000072,安哥拉八角枫,not_found,,no exact cmedical result in search page
HERB000074,安哥拉紫檀,not_found,,no exact cmedical result in search page
HERB000083,安徽银莲花,not_found,,no exact cmedical result in search page
HERB000078,暗红委陵菜,not_found,,no exact cmedical result in search page
HERB000082,安徽松木,not_found,,no exact cmedical result in search page
HERB000073,安哥拉黄瓜,not_found,,no exact cmedical result in search page
HERB000080,安徽贝母,not_found,,no exact cmedical result in search page
HERB000084,氨基比林,not_found,,no exact cmedical result in search page
HERB000088,安乃近,not_found,,no exact cmedical result in search page
HERB000085,龙舌兰,no_fields,https://www.dayi.org.cn/cmedical/301901.html,detail page parsed but no mapped fields found
HERB000086,安罗,not_found,,no exact cmedical result in search page
HERB000091,按叶,not_found,,no exact cmedical result in search page
HERB000092,按油,not_found,,no exact cmedical result in search page
HERB000090,安息香,no_fields,https://www.dayi.org.cn/cmedical/1113500.html,detail page parsed but no mapped fields found
HERB000097,澳大利亚千金藤,not_found,,no exact cmedical result in search page
HERB000095,暗棕炭团菌,not_found,,no exact cmedical result in search page
HERB000096,澳大利亚红豆杉,not_found,,no exact cmedical result in search page
HERB000098,澳大利亚桑,not_found,,no exact cmedical result in search page
HERB000107,凹脉丁公藤,not_found,,no exact cmedical result in search page
HERB000101,奥地利鳞毛蕨,not_found,,no exact cmedical result in search page
HERB000109,凹舌兰,not_found,,no exact cmedical result in search page
HERB000117,凹叶厚朴,not_found,,no exact cmedical result in search page
HERB000115,奥托肉豆蔻,not_found,,no exact cmedical result in search page
HERB000118,凹叶瑞香,not_found,,no exact cmedical result in search page
HERB000120,澳洲百脉根,not_found,,no exact cmedical result in search page
HERB000119,凹叶野百合,not_found,,no exact cmedical result in search page
HERB000121,澳洲坚果,not_found,,no exact cmedical result in search page
HERB000114,凹头苋,no_fields,https://www.dayi.org.cn/cmedical/300057.html,detail page parsed but no mapped fields found
HERB000122,澳洲茄,not_found,,no exact cmedical result in search page
HERB000124,澳洲屎豆,not_found,,no exact cmedical result in search page
HERB000123,澳洲商陆,not_found,,no exact cmedical result in search page
HERB000131,巴伐利亚龙胆,not_found,,no exact cmedical result in search page
HERB000133,巴戟,not_found,,no exact cmedical result in search page
HERB000128,巴旦杏仁,no_fields,https://www.dayi.org.cn/cmedical/300077.html,detail page parsed but no mapped fields found
HERB000136,八角黄皮,not_found,,no exact cmedical result in search page
HERB000138,八角茴香油,not_found,,no exact cmedical result in search page
HERB000140,巴拉圭茶,not_found,,no exact cmedical result in search page
HERB000141,巴拿马合欢,not_found,,no exact cmedical result in search page
HERB000139,八角莲,no_fields,https://www.dayi.org.cn/cmedical/300068.html,detail page parsed but no mapped fields found
HERB000142,巴拿马山石榴,not_found,,no exact cmedical result in search page
HERB000147,巴西萝芙木,not_found,,no exact cmedical result in search page
HERB000148,巴西马兜铃,not_found,,no exact cmedical result in search page
HERB000149,巴西千里光,not_found,,no exact cmedical result in search page
HERB000152,巴西香无患子,not_found,,no exact cmedical result in search page
HERB000150,巴西千里光,not_found,,no exact cmedical result in search page
HERB000155,巴夏嘎,not_found,,no exact cmedical result in search page
HERB000153,巴西页岩,not_found,,no exact cmedical result in search page
HERB000158,八月扎,not_found,,no exact cmedical result in search page
HERB000163,白草霜,not_found,,no exact cmedical result in search page
HERB000162,百部,ok_no_empty_fields,https://www.dayi.org.cn/cmedical/1155631.html,matched page but target columns already had values
HERB000164,白鲳,not_found,,no exact cmedical result in search page
HERB000169,白刺花根,not_found,,no exact cmedical result in search page
HERB000171,白刺花子,not_found,,no exact cmedical result in search page
HERB000172,白葱,not_found,,no exact cmedical result in search page
HERB000170,白刺花叶,no_fields,https://www.dayi.org.cn/cmedical/1113495.html,detail page parsed but no mapped fields found
HERB000176,白鹅膏,no_fields,https://www.dayi.org.cn/cmedical/1118075.html,detail page parsed but no mapped fields found
HERB000174,白豆蔻,ok_no_empty_fields,https://www.dayi.org.cn/cmedical/1113501.html,matched page but target columns already had values
HERB000178,白饭豆,no_fields,https://www.dayi.org.cn/cmedical/300108.html,detail page parsed but no mapped fields found
HERB000181,白茯苓,not_found,,no exact cmedical result in search page
HERB000180,白饭树根,no_fields,https://www.dayi.org.cn/cmedical/300110.html,detail page parsed but no mapped fields found
HERB000183,柏根白皮,no_fields,https://www.dayi.org.cn/cmedical/1113502.html,detail page parsed but no mapped fields found
HERB000187,白果根,no_fields,https://www.dayi.org.cn/cmedical/1113503.html,detail page parsed but no mapped fields found
HERB000192,百合,ok_no_empty_fields,https://www.dayi.org.cn/cmedical/300136.html,matched page but target columns already had values
HERB000196,白鹤乌头,not_found,,no exact cmedical result in search page
HERB000200,百花蜂斗菜,not_found,,no exact cmedical result in search page
HERB000201,白花甘西鼠尾草,not_found,,no exact cmedical result in search page
HERB000202,百花蒿,not_found,,no exact cmedical result in search page
HERB000199,白花丹参,not_found,,no exact cmedical result in search page
HERB000203,白花爵床,not_found,,no exact cmedical result in search page
HERB000205,白花前胡,not_found,,no exact cmedical result in search page
HERB000204,白花龙胆,no_fields,https://www.dayi.org.cn/cmedical/1113555.html,detail page parsed but no mapped fields found
HERB000209,白花水飞蓟,not_found,,no exact cmedical result in search page
HERB000208,白花蛇舌草,ok_no_empty_fields,https://www.dayi.org.cn/cmedical/300124.html,matched page but target columns already had values
HERB000212,白花夏至草,not_found,,no exact cmedical result in search page
HERB000210,白花藤,no_fields,https://www.dayi.org.cn/cmedical/1115987.html,detail page parsed but no mapped fields found
HERB000214,白花罂粟,not_found,,no exact cmedical result in search page
HERB000218,白坚木,not_found,,no exact cmedical result in search page
HERB000217,白蒺藜,no_fields,https://www.dayi.org.cn/cmedical/1155987.html,detail page parsed but no mapped fields found
HERB000219,败酱,no_fields,https://www.dayi.org.cn/cmedical/1113570.html,detail page parsed but no mapped fields found
HERB000220,白僵蚕,ok_no_empty_fields,https://www.dayi.org.cn/cmedical/1117912.html,matched page but target columns already had values
HERB000224,白桔梗,not_found,,no exact cmedical result in search page
HERB000228,白蜡树,not_found,,no exact cmedical result in search page
HERB000226,白槿花,not_found,,no exact cmedical result in search page
HERB000230,白兰根,not_found,,no exact cmedical result in search page
HERB000232,白藜芦醇,not_found,,no exact cmedical result in search page
HERB000234,百里香酚,not_found,,no exact cmedical result in search page
HERB000238,白蔹子,no_fields,https://www.dayi.org.cn/cmedical/1113582.html,detail page parsed but no mapped fields found
HERB000240,白萝卜清膏,not_found,,no exact cmedical result in search page
HERB000237,白蔹,ok_no_empty_fields,https://www.dayi.org.cn/cmedical/300127.html,matched page but target columns already had values
HERB000250,白木通,not_found,,no exact cmedical result in search page
HERB000249,白梅花,no_fields,https://www.dayi.org.cn/cmedical/1113617.html,detail page parsed but no mapped fields found
HERB000252,白木乌桕,not_found,,no exact cmedical result in search page
HERB000251,白木通根,not_found,,no exact cmedical result in search page
HERB000253,白木香,not_found,,no exact cmedical result in search page
HERB000256,白皮松,not_found,,no exact cmedical result in search page
HERB000254,白牛胆,no_fields,https://www.dayi.org.cn/cmedical/1113604.html,detail page parsed but no mapped fields found
HERB000255,白牛膝,no_fields,https://www.dayi.org.cn/cmedical/1113599.html,detail page parsed but no mapped fields found
HERB000262,百日青,not_found,,no exact cmedical result in search page
HERB000263,白柔毛香茶菜,not_found,,no exact cmedical result in search page
HERB000260,白屈菜根,no_fields,https://www.dayi.org.cn/cmedical/1113608.html,detail page parsed but no mapped fields found
HERB000265,白散沫花,not_found,,no exact cmedical result in search page
HERB000268,白芍药,not_found,,no exact cmedical result in search page
HERB000269,白舌根,not_found,,no exact cmedical result in search page
HERB000272,白鼠狼,not_found,,no exact cmedical result in search page
HERB000274,白水仙,not_found,,no exact cmedical result in search page
HERB000276,白苏梗,no_fields,https://www.dayi.org.cn/cmedical/1113633.html,detail page parsed but no mapped fields found
HERB000281,白头翁,ok_no_empty_fields,https://www.dayi.org.cn/cmedical/300132.html,matched page but target columns already had values
HERB000277,白苏叶,no_fields,https://www.dayi.org.cn/cmedical/1113635.html,detail page parsed but no mapped fields found
HERB000279,百岁叶,not_found,,no exact cmedical result in search page
HERB000283,白头翁叶,not_found,,no exact cmedical result in search page
HERB000284,白土苓,not_found,,no exact cmedical result in search page
HERB000287,白鲜树,not_found,,no exact cmedical result in search page
HERB000288,白香草木樨,not_found,,no exact cmedical result in search page
HERB000285,白薇,ok_no_empty_fields,https://www.dayi.org.cn/cmedical/1008863.html,matched page but target columns already had values
HERB000291,白亚麻,not_found,,no exact cmedical result in search page
HERB000289,白鲜根,not_found,,no exact cmedical result in search page
HERB000293,白药子,no_fields,https://www.dayi.org.cn/cmedical/1113541.html,detail page parsed but no mapped fields found
HERB000292,百眼藤,no_fields,https://www.dayi.org.cn/cmedical/1113663.html,detail page parsed but no mapped fields found
HERB000294,白叶瓜馥木,no_fields,https://www.dayi.org.cn/cmedical/1116797.html,detail page parsed but no mapped fields found
HERB000296,白叶莓,not_found,,no exact cmedical result in search page
HERB000297,白夜米仔兰,not_found,,no exact cmedical result in search page
HERB000299,白叶香茶菜,not_found,,no exact cmedical result in search page
HERB000302,白玉兰,not_found,,no exact cmedical result in search page
HERB000300,白罂粟,not_found,,no exact cmedical result in search page
HERB000304,白芸花,not_found,,no exact cmedical result in search page
HERB000303,白羽扇豆,not_found,,no exact cmedical result in search page
HERB000307,白芝麻,not_found,,no exact cmedical result in search page
HERB000310,白竹鼠,not_found,,no exact cmedical result in search page
HERB000306,柏枝节,no_fields,https://www.dayi.org.cn/cmedical/1113675.html,detail page parsed but no mapped fields found
HERB000308,白芷叶,no_fields,https://www.dayi.org.cn/cmedical/1113679.html,detail page parsed but no mapped fields found
HERB000311,柏子仁,ok_no_empty_fields,https://www.dayi.org.cn/cmedical/300137.html,matched page but target columns already had values
HERB000315,斑地锦,no_fields,https://www.dayi.org.cn/cmedical/1113688.html,detail page parsed but no mapped fields found
HERB000320,斑鸠菊,no_fields,https://www.dayi.org.cn/cmedical/1115278.html,detail page parsed but no mapped fields found
HERB000324,板栗,not_found,,no exact cmedical result in search page
HERB000325,斑蝥,not_found,,no exact cmedical result in search page
HERB000332,斑叶地锦,not_found,,no exact cmedical result in search page
HERB000329,斑纹芦荟,not_found,,no exact cmedical result in search page
HERB000327,瓣蕊唐松草,no_fields,https://www.dayi.org.cn/cmedical/1113707.html,detail page parsed but no mapped fields found
HERB000334,斑叶萍蓬草,not_found,,no exact cmedical result in search page
HERB000336,半月形铁线蕨,not_found,,no exact cmedical result in search page
HERB000339,斑子麻黄,not_found,,no exact cmedical result in search page
HERB000342,榜嘎,no_fields,https://www.dayi.org.cn/cmedical/1116053.html,detail page parsed but no mapped fields found
HERB000343,棒叶蕨藻,not_found,,no exact cmedical result in search page
HERB000338,半枝莲,ok_no_empty_fields,https://www.dayi.org.cn/cmedical/300143.html,matched page but target columns already had values
HERB000333,斑叶萍蓬草,not_found,,no exact cmedical result in search page
HERB000331,半夏曲,no_fields,https://www.dayi.org.cn/cmedical/1113715.html,detail page parsed but no mapped fields found
HERB000347,报春石斛,not_found,,no exact cmedical result in search page
HERB000350,宝盖灵芝,not_found,,no exact cmedical result in search page
HERB000351,保肝浸膏,not_found,,no exact cmedical result in search page
HERB000355,抱茎獐牙菜,not_found,,no exact cmedical result in search page
HERB000352,豹骨,no_fields,https://www.dayi.org.cn/cmedical/1117908.html,detail page parsed but no mapped fields found
HERB000357,毛豆,not_found,,no exact cmedical result in search page
HERB000356,暴马子,no_fields,https://www.dayi.org.cn/cmedical/1155993.html,detail page parsed but no mapped fields found
HERB000353,抱茎苦荬菜,no_fields,https://www.dayi.org.cn/cmedical/1155816.html,detail page parsed but no mapped fields found
HERB000359,薄片矢车菊,not_found,,no exact cmedical result in search page
HERB000360,包片鼠尾草,not_found,,no exact cmedical result in search page
HERB000368,孢子甘蓝,not_found,,no exact cmedical result in search page
HERB000372,北侧金盏花,not_found,,no exact cmedical result in search page
HERB000371,北苍术,not_found,,no exact cmedical result in search page
HERB000367,苞叶香茶菜,not_found,,no exact cmedical result in search page
HERB000375,北方枸杞根皮,not_found,,no exact cmedical result in search page
HERB000376,北方乌头,not_found,,no exact cmedical result in search page
HERB000377,北非雪松,not_found,,no exact cmedical result in search page
HERB000379,北海当归,not_found,,no exact cmedical result in search page
HERB000381,北黄花菜,not_found,,no exact cmedical result in search page
HERB000385,贝壳杉,not_found,,no exact cmedical result in search page
HERB000382,贝加尔唐松草,not_found,,no exact cmedical result in search page
HERB000389,北马兜铃根,not_found,,no exact cmedical result in search page
HERB000390,北美艾蒿,not_found,,no exact cmedical result in search page
HERB000391,北美鹅掌楸,not_found,,no exact cmedical result in search page
HERB000388,北马兜铃,not_found,,no exact cmedical result in search page
HERB000394,北美球子蕨,not_found,,no exact cmedical result in search page
HERB000392,北美鬼臼,not_found,,no exact cmedical result in search page
HERB000393,北美红杉,not_found,,no exact cmedical result in search page
HERB000395,北美葶苈子,not_found,,no exact cmedical result in search page
HERB000396,北美香柏,not_found,,no exact cmedical result in search page
HERB000398,北美圆柏,not_found,,no exact cmedical result in search page
HERB000399,北美洲山梗菜,not_found,,no exact cmedical result in search page
HERB000402,杯鞘石斛,not_found,,no exact cmedical result in search page
HERB000400,贝母,no_fields,https://www.dayi.org.cn/cmedical/1155765.html,detail page parsed but no mapped fields found
HERB000405,北水苦荬,not_found,,no exact cmedical result in search page
HERB000401,贝母兰,no_fields,https://www.dayi.org.cn/cmedical/1113745.html,detail page parsed but no mapped fields found
HERB000407,北乌头,not_found,,no exact cmedical result in search page
HERB000408,北五味,not_found,,no exact cmedical result in search page
HERB000411,北野菊,not_found,,no exact cmedical result in search page
HERB000409,北五味子,not_found,,no exact cmedical result in search page
HERB000412,北越钩藤,not_found,,no exact cmedical result in search page
HERB000418,荜澄茄,no_fields,https://www.dayi.org.cn/cmedical/300150.html,detail page parsed but no mapped fields found
HERB000406,北五加皮,no_fields,https://www.dayi.org.cn/cmedical/1155981.html,detail page parsed but no mapped fields found
HERB000419,篦齿眼子菜,not_found,,no exact cmedical result in search page
HERB000417,毕澄茄,no_fields,https://www.dayi.org.cn/cmedical/1156041.html,detail page parsed but no mapped fields found
HERB000424,秘鲁钩藤,not_found,,no exact cmedical result in search page
HERB000425,秘鲁古柯,not_found,,no exact cmedical result in search page
HERB000427,秘鲁香蕉,not_found,,no exact cmedical result in search page
HERB000421,碧冬茄,not_found,,no exact cmedical result in search page
HERB000433,蓖麻子与蓖麻油,not_found,,no exact cmedical result in search page
HERB000429,蓖麻根,no_fields,https://www.dayi.org.cn/cmedical/1113785.html,detail page parsed but no mapped fields found
HERB000432,蓖麻子,no_fields,https://www.dayi.org.cn/cmedical/1113581.html,detail page parsed but no mapped fields found
HERB000436,彼氏堆心菊,not_found,,no exact cmedical result in search page
HERB000440,碧玉散,not_found,,no exact cmedical result in search page
HERB000441,壁纸唐松草,not_found,,no exact cmedical result in search page
HERB000437,萝芙木,no_fields,https://www.dayi.org.cn/cmedical/301987.html,detail page parsed but no mapped fields found
HERB000439,萆薢,ok_no_empty_fields,https://www.dayi.org.cn/cmedical/300151.html,matched page but target columns already had values
HERB000444,鳞毛蕨,not_found,,no exact cmedical result in search page
HERB000438,碧桃干,no_fields,https://www.dayi.org.cn/cmedical/1113799.html,detail page parsed but no mapped fields found
HERB000448,遍地锦,not_found,,no exact cmedical result in search page
HERB000451,变豆菜叶,not_found,,no exact cmedical result in search page
HERB000445,马利筋,not_found,,no exact cmedical result in search page
HERB000443,马利筋,not_found,,no exact cmedical result in search page
HERB000447,鞭打绣球,no_fields,https://www.dayi.org.cn/cmedical/1113749.html,detail page parsed but no mapped fields found
HERB000452,扁豆根,not_found,,no exact cmedical result in search page
HERB000450,扁豆,ok_no_empty_fields,https://www.dayi.org.cn/cmedical/1113753.html,matched page but target columns already had values
HERB000454,扁豆藤,not_found,,no exact cmedical result in search page
HERB000453,扁豆花,no_fields,https://www.dayi.org.cn/cmedical/1155903.html,detail page parsed but no mapped fields found
HERB000455,扁豆叶,not_found,,no exact cmedical result in search page
HERB000460,山黧豆,not_found,,no exact cmedical result in search page
HERB000461,扁茎黄芪,not_found,,no exact cmedical result in search page
HERB000459,绞股蓝,no_fields,https://www.dayi.org.cn/cmedical/1114422.html,detail page parsed but no mapped fields found
HERB000466,变色石竹,not_found,,no exact cmedical result in search page
HERB000462,扁茎沿阶草,not_found,,no exact cmedical result in search page
HERB000465,变色马兜铃,not_found,,no exact cmedical result in search page
HERB000467,扁蒴藤,not_found,,no exact cmedical result in search page
HERB000468,鞭苔,not_found,,no exact cmedical result in search page
HERB000471,变形木兰,not_found,,no exact cmedical result in search page
HERB000469,扁桃,not_found,,no exact cmedical result in search page
HERB000474,变异凤尾蕨,not_found,,no exact cmedical result in search page
HERB000478,扁枝槲寄生,not_found,,no exact cmedical result in search page
HERB000472,萹蓄,ok_no_empty_fields,https://www.dayi.org.cn/cmedical/300153.html,matched page but target columns already had values
HERB000477,边缘鳞毛蕨,not_found,,no exact cmedical result in search page
HERB000476,边缘鳞盖蕨,no_fields,https://www.dayi.org.cn/cmedical/1115797.html,detail page parsed but no mapped fields found
HERB000473,鞭叶铁线蕨,no_fields,https://www.dayi.org.cn/cmedical/1113775.html,detail page parsed but no mapped fields found
HERB000483,荜澄茄,no_fields,https://www.dayi.org.cn/cmedical/300150.html,detail page parsed but no mapped fields found
HERB000480,变种尖槐藤,not_found,,no exact cmedical result in search page
HERB000479,变种长叶暗罗,not_found,,no exact cmedical result in search page
HERB000482,鞭柱唐松草,not_found,,no exact cmedical result in search page
HERB000486,滨海当归,not_found,,no exact cmedical result in search page
HERB000485,别致琉璃草,not_found,,no exact cmedical result in search page
HERB000484,鳖甲,ok_no_empty_fields,https://www.dayi.org.cn/cmedical/1124360.html,matched page but target columns already had values
HERB000494,柄果花椒,not_found,,no exact cmedical result in search page
HERB000492,冰豆,not_found,,no exact cmedical result in search page
HERB000487,滨海前胡,no_fields,https://www.dayi.org.cn/cmedical/1115734.html,detail page parsed but no mapped fields found
HERB000495,冰果唐松草,not_found,,no exact cmedical result in search page
HERB000493,柄果槲寄生,no_fields,https://www.dayi.org.cn/cmedical/1115738.html,detail page parsed but no mapped fields found
HERB000499,冰蛇床,not_found,,no exact cmedical result in search page
HERB000498,冰片,ok_no_empty_fields,https://www.dayi.org.cn/cmedical/1113587.html,matched page but target columns already had values
HERB000501,并头草,not_found,,no exact cmedical result in search page
HERB000497,槟榔,no_fields,https://www.dayi.org.cn/cmedical/300155.html,detail page parsed but no mapped fields found
HERB000502,并头黄芩,not_found,,no exact cmedical result in search page
HERB000505,波瓣合叶苔,not_found,,no exact cmedical result in search page
HERB000507,伯格斑鸠菊,not_found,,no exact cmedical result in search page
HERB000509,薄荷脑,ok_no_empty_fields,https://www.dayi.org.cn/cmedical/1116127.html,matched page but target columns already had values
HERB000513,伯利兹花椒,not_found,,no exact cmedical result in search page
HERB000521,菠萝蜜,not_found,,no exact cmedical result in search page
HERB000523,播娘蒿,not_found,,no exact cmedical result in search page
HERB000522,菠萝香藤,not_found,,no exact cmedical result in search page
HERB000512,波棱瓜子,no_fields,https://www.dayi.org.cn/cmedical/1116688.html,detail page parsed but no mapped fields found
HERB000529,波士茄,not_found,,no exact cmedical result in search page
HERB000534,波斯罂粟,not_found,,no exact cmedical result in search page
HERB000524,黄瓜,no_fields,https://www.dayi.org.cn/cmedical/1114328.html,detail page parsed but no mapped fields found
HERB000531,波士吴茱萸,not_found,,no exact cmedical result in search page
HERB000533,波斯益母草,not_found,,no exact cmedical result in search page
HERB000539,波叶山橙,not_found,,no exact cmedical result in search page
HERB000538,波叶枯木,not_found,,no exact cmedical result in search page
HERB000537,波叶大黄,not_found,,no exact cmedical result in search page
HERB000541,波叶乌头,not_found,,no exact cmedical result in search page
HERB000552,不育红,not_found,,no exact cmedical result in search page
HERB000551,捕蝇草,not_found,,no exact cmedical result in search page
HERB000546,补骨脂,ok_no_empty_fields,https://www.dayi.org.cn/cmedical/1113592.html,matched page but target columns already had values
HERB000562,蔡文千金藤,not_found,,no exact cmedical result in search page
HERB000567,蚕豆叶,not_found,,no exact cmedical result in search page
HERB000564,蚕豆荚壳,no_fields,https://www.dayi.org.cn/cmedical/1113855.html,detail page parsed but no mapped fields found
HERB000565,蚕豆茎,no_fields,https://www.dayi.org.cn/cmedical/1113859.html,detail page parsed but no mapped fields found
HERB000569,蚕桑,not_found,,no exact cmedical result in search page
HERB000579,苍耳花,no_fields,https://www.dayi.org.cn/cmedical/1113868.html,detail page parsed but no mapped fields found
HERB000573,苍白秤钩风,no_fields,https://www.dayi.org.cn/cmedical/1113863.html,detail page parsed but no mapped fields found
HERB000583,苍山香茶菜,not_found,,no exact cmedical result in search page
HERB000589,草地毛茛,not_found,,no exact cmedical result in search page
HERB000587,草本威灵仙,no_fields,https://www.dayi.org.cn/cmedical/1115597.html,detail page parsed but no mapped fields found
HERB000584,苍术,ok_no_empty_fields,https://www.dayi.org.cn/cmedical/300160.html,matched page but target columns already had values
HERB000590,草地乌头,not_found,,no exact cmedical result in search page
HERB000591,草甸千里光,not_found,,no exact cmedical result in search page
HERB000596,草决明,not_found,,no exact cmedical result in search page
HERB000592,草豆蔻,ok_no_empty_fields,https://www.dayi.org.cn/cmedical/300162.html,matched page but target columns already had values
HERB000597,草寇仁,not_found,,no exact cmedical result in search page
HERB000598,草帽假杜鹃,not_found,,no exact cmedical result in search page
HERB000602,草酸,not_found,,no exact cmedical result in search page
HERB000600,草莓车轴草,not_found,,no exact cmedical result in search page
HERB000601,草芍药,not_found,,no exact cmedical result in search page
HERB000599,草莓,no_fields,https://www.dayi.org.cn/cmedical/300164.html,detail page parsed but no mapped fields found
HERB000605,草乌酒,not_found,,no exact cmedical result in search page
HERB000606,草乌头,not_found,,no exact cmedical result in search page
HERB000603,草问荆,no_fields,https://www.dayi.org.cn/cmedical/1115993.html,detail page parsed but no mapped fields found
HERB000607,草乌叶,not_found,,no exact cmedical result in search page
HERB000609,糙叶败酱,not_found,,no exact cmedical result in search page
HERB000608,草香豌豆,not_found,,no exact cmedical result in search page
HERB000611,草原大蓟,not_found,,no exact cmedical result in search page
HERB000614,侧柏叶,ok_no_empty_fields,https://www.dayi.org.cn/cmedical/300167.html,matched page but target columns already had values
HERB000618,层孔菌,not_found,,no exact cmedical result in search page
HERB000612,草原老鹳草,no_fields,https://www.dayi.org.cn/cmedical/1113892.html,detail page parsed but no mapped fields found
HERB000616,侧子,no_fields,https://www.dayi.org.cn/cmedical/1113893.html,detail page parsed but no mapped fields found
HERB000620,茶梅,not_found,,no exact cmedical result in search page
HERB000626,茶室蛇鞭菊,not_found,,no exact cmedical result in search page
HERB000625,叉蕊薯蓣,not_found,,no exact cmedical result in search page
HERB000627,茶树,not_found,,no exact cmedical result in search page
HERB000622,叉歧繁缕,no_fields,https://www.dayi.org.cn/cmedical/1113906.html,detail page parsed but no mapped fields found
HERB000631,茶芎,not_found,,no exact cmedical result in search page
HERB000634,察隅遍地金,not_found,,no exact cmedical result in search page
HERB000637,叉子圆柏,not_found,,no exact cmedical result in search page
HERB000639,柴胡装千里光,not_found,,no exact cmedical result in search page
HERB000635,茶子,no_fields,https://www.dayi.org.cn/cmedical/1113909.html,detail page parsed but no mapped fields found
HERB000640,柴胡装千里光,not_found,,no exact cmedical result in search page
HERB000641,柴黄姜,not_found,,no exact cmedical result in search page
HERB000642,柴黄姜,not_found,,no exact cmedical result in search page
HERB000638,柴胡,ok_no_empty_fields,https://www.dayi.org.cn/cmedical/300168.html,matched page but target columns already had values
HERB000647,潺槁木姜子,not_found,,no exact cmedical result in search page
HERB000651,蝉蜕,ok_no_empty_fields,https://www.dayi.org.cn/cmedical/300169.html,matched page but target columns already had values
HERB000649,黄檀,not_found,,no exact cmedical result in search page
HERB000646,蟾蜍胆,no_fields,https://www.dayi.org.cn/cmedical/1117828.html,detail page parsed but no mapped fields found
HERB000654,长白山报春,not_found,,no exact cmedical result in search page
HERB000648,蟾皮,no_fields,https://www.dayi.org.cn/cmedical/1117821.html,detail page parsed but no mapped fields found
HERB000655,长白松,not_found,,no exact cmedical result in search page
HERB000660,长柄胡椒,not_found,,no exact cmedical result in search page
HERB000659,长柄凤尾蕨,not_found,,no exact cmedical result in search page
HERB000661,长柄七叶树,not_found,,no exact cmedical result in search page
HERB000662,长柄圆柏,not_found,,no exact cmedical result in search page
HERB000667,长萼金莲木皮,not_found,,no exact cmedical result in search page
HERB000668,长萼瞿麦,not_found,,no exact cmedical result in search page
HERB000671,长梗粗榧,not_found,,no exact cmedical result in search page
HERB000669,长萼香茶菜,not_found,,no exact cmedical result in search page
HERB000670,长梗百蕊草,not_found,,no exact cmedical result in search page
HERB000672,长梗冬青,not_found,,no exact cmedical result in search page
HERB000673,长梗绞股蓝,not_found,,no exact cmedical result in search page
HERB000675,长梗郁李仁,not_found,,no exact cmedical result in search page
HERB000674,长梗南五味子,not_found,,no exact cmedical result in search page
HERB000676,长管假茉莉,no_fields,https://www.dayi.org.cn/cmedical/305765.html,detail page parsed but no mapped fields found
HERB000678,长管萱草,not_found,,no exact cmedical result in search page
HERB000681,长果雪胆,not_found,,no exact cmedical result in search page
HERB000679,长果荜茇,no_fields,https://www.dayi.org.cn/cmedical/305767.html,detail page parsed but no mapped fields found
HERB000680,长果山橙,no_fields,https://www.dayi.org.cn/cmedical/305768.html,detail page parsed but no mapped fields found
HERB000682,长果罂粟,not_found,,no exact cmedical result in search page
HERB000683,长胡椒,not_found,,no exact cmedical result in search page
HERB000684,长话版克亚树,not_found,,no exact cmedical result in search page
HERB000687,长话图拉书,not_found,,no exact cmedical result in search page
HERB000689,马钱子,not_found,,no exact cmedical result in search page
HERB000692,长角豆,not_found,,no exact cmedical result in search page
HERB000685,长话钩藤,not_found,,no exact cmedical result in search page
HERB000690,长喙桉,not_found,,no exact cmedical result in search page
HERB000694,长距延胡索,not_found,,no exact cmedical result in search page
HERB000698,绒叶含笑,not_found,,no exact cmedical result in search page
HERB000697,长毛风毛菊,no_fields,https://www.dayi.org.cn/cmedical/305769.html,detail page parsed but no mapped fields found
HERB000700,长毛籽远志,not_found,,no exact cmedical result in search page
HERB000702,菖蒲,no_fields,https://www.dayi.org.cn/cmedical/1155991.html,detail page parsed but no mapped fields found
HERB000703,长前胡,no_fields,https://www.dayi.org.cn/cmedical/305773.html,detail page parsed but no mapped fields found
HERB000704,长柔毛委陵菜,not_found,,no exact cmedical result in search page
HERB000699,长毛香科科,no_fields,https://www.dayi.org.cn/cmedical/305771.html,detail page parsed but no mapped fields found
HERB000707,长生铁角蕨,not_found,,no exact cmedical result in search page
HERB000705,长蕊琉璃草,not_found,,no exact cmedical result in search page
HERB000709,巴豆,not_found,,no exact cmedical result in search page
HERB000708,长蒴黄麻,not_found,,no exact cmedical result in search page
HERB000710,长穗地榆,not_found,,no exact cmedical result in search page
HERB000712,长筒瞿麦,not_found,,no exact cmedical result in search page
HERB000719,长药隔重楼,not_found,,no exact cmedical result in search page
HERB000715,长尾婆婆纳,not_found,,no exact cmedical result in search page
HERB000720,长叶艾菊,not_found,,no exact cmedical result in search page
HERB000722,长叶薄荷,not_found,,no exact cmedical result in search page
HERB000721,长叶暗罗,not_found,,no exact cmedical result in search page
HERB000724,长叶长春花,not_found,,no exact cmedical result in search page
HERB000725,长叶车前,not_found,,no exact cmedical result in search page
HERB000726,长叶地榆,not_found,,no exact cmedical result in search page
HERB000729,长叶厚壳桂,not_found,,no exact cmedical result in search page
HERB000727,长叶榧树,not_found,,no exact cmedical result in search page
HERB000728,长叶哥纳香,not_found,,no exact cmedical result in search page
HERB000732,长叶千里光,not_found,,no exact cmedical result in search page
HERB000735,长叶天名精,not_found,,no exact cmedical result in search page
HERB000737,长叶野萝卜,not_found,,no exact cmedical result in search page
HERB000736,长叶香茶菜,not_found,,no exact cmedical result in search page
HERB000734,长叶松,not_found,,no exact cmedical result in search page
HERB000739,长圆叶小波,not_found,,no exact cmedical result in search page
HERB000741,长籽马钱,not_found,,no exact cmedical result in search page
HERB000746,炒山甲,not_found,,no exact cmedical result in search page
HERB000747,炒山甲珠,not_found,,no exact cmedical result in search page
HERB000745,炒麦芽,no_fields,https://www.dayi.org.cn/cmedical/1156262.html,detail page parsed but no mapped fields found
HERB000748,炒神曲,no_fields,https://www.dayi.org.cn/cmedical/1155964.html,detail page parsed but no mapped fields found
HERB000749,炒苏子,not_found,,no exact cmedical result in search page
HERB000751,朝鲜苍术,not_found,,no exact cmedical result in search page
HERB000750,朝鲜白头翁,not_found,,no exact cmedical result in search page
HERB000756,朝鲜狼牙刺,not_found,,no exact cmedical result in search page
HERB000755,朝鲜蓟,not_found,,no exact cmedical result in search page
HERB000754,朝鲜槐,not_found,,no exact cmedical result in search page
HERB000757,朝鲜冷杉,not_found,,no exact cmedical result in search page
HERB000759,朝鲜罗万,not_found,,no exact cmedical result in search page
HERB000758,朝鲜连翘,not_found,,no exact cmedical result in search page
HERB000753,朝鲜当归,no_fields,https://www.dayi.org.cn/cmedical/1116059.html,detail page parsed but no mapped fields found
HERB000761,朝鲜五角枫,not_found,,no exact cmedical result in search page
HERB000762,朝鲜淫羊藿,not_found,,no exact cmedical result in search page
HERB000763,炒香干蟾蜍,not_found,,no exact cmedical result in search page
HERB000765,炒枳壳,not_found,,no exact cmedical result in search page
HERB000764,炒枣仁,no_fields,https://www.dayi.org.cn/cmedical/1155990.html,detail page parsed but no mapped fields found
HERB000768,车前叶蓝蓟,not_found,,no exact cmedical result in search page
HERB000769,车前与车前草,not_found,,no exact cmedical result in search page
HERB000771,车桑子叶,no_fields,https://www.dayi.org.cn/cmedical/1115895.html,detail page parsed but no mapped fields found
HERB000774,陈蒿,not_found,,no exact cmedical result in search page
HERB000778,陈棕炭,not_found,,no exact cmedical result in search page
HERB000776,辰砂,not_found,,no exact cmedical result in search page
HERB000773,陈冬菜卤汁,no_fields,https://www.dayi.org.cn/cmedical/1113913.html,detail page parsed but no mapped fields found
HERB000777,沉香,ok_no_empty_fields,https://www.dayi.org.cn/cmedical/300174.html,matched page but target columns already had values
HERB000782,西南唐松草,not_found,,no exact cmedical result in search page
HERB000780,秤杆升麻,no_fields,https://www.dayi.org.cn/cmedical/1113916.html,detail page parsed but no mapped fields found
HERB000785,澄茄子,no_fields,https://www.dayi.org.cn/cmedical/1115898.html,detail page parsed but no mapped fields found
HERB000786,蛏子,not_found,,no exact cmedical result in search page
HERB000793,赤豆,not_found,,no exact cmedical result in search page
HERB000791,齿瓣延胡索,no_fields,https://www.dayi.org.cn/cmedical/1113934.html,detail page parsed but no mapped fields found
HERB000796,翅果黄芪,not_found,,no exact cmedical result in search page
HERB000795,赤梗藤,not_found,,no exact cmedical result in search page
HERB000804,赤松,not_found,,no exact cmedical result in search page
HERB000805,赤硝,no_fields,https://www.dayi.org.cn/cmedical/1156218.html,detail page parsed but no mapped fields found
HERB000810,驰野美登木,not_found,,no exact cmedical result in search page
HERB000811,齿叶睡莲,not_found,,no exact cmedical result in search page
HERB000815,重瓣萱草,not_found,,no exact cmedical result in search page
HERB000816,重瓣栀子,not_found,,no exact cmedical result in search page
HERB000819,重楼排草,not_found,,no exact cmedical result in search page
HERB000820,崇明八角莲,not_found,,no exact cmedical result in search page
HERB000824,臭阿魏,not_found,,no exact cmedical result in search page
HERB000828,臭冷杉,not_found,,no exact cmedical result in search page
HERB000827,臭节草根,no_fields,https://www.dayi.org.cn/cmedical/1113634.html,detail page parsed but no mapped fields found
HERB000832,臭苜蓿根,no_fields,https://www.dayi.org.cn/cmedical/1113648.html,detail page parsed but no mapped fields found
HERB000834,臭味红豆,not_found,,no exact cmedical result in search page
HERB000839,除虫菊,not_found,,no exact cmedical result in search page
HERB000838,樗白皮,no_fields,https://www.dayi.org.cn/cmedical/1113689.html,detail page parsed but no mapped fields found
HERB000840,雏菊,not_found,,no exact cmedical result in search page
HERB000836,臭梧桐根,no_fields,https://www.dayi.org.cn/cmedical/1113654.html,detail page parsed but no mapped fields found
HERB000844,樗叶花椒,not_found,,no exact cmedical result in search page
HERB000845,樗叶花椒根,not_found,,no exact cmedical result in search page
HERB000841,楮实,no_fields,https://www.dayi.org.cn/cmedical/1113720.html,detail page parsed but no mapped fields found
HERB000847,川八角莲,not_found,,no exact cmedical result in search page
HERB000848,川百合,not_found,,no exact cmedical result in search page
HERB000846,樗叶花椒皮,no_fields,https://www.dayi.org.cn/cmedical/1113734.html,detail page parsed but no mapped fields found
HERB000850,川赤芍,not_found,,no exact cmedical result in search page
HERB000852,川赤芍,not_found,,no exact cmedical result in search page
HERB000851,川产九节龙,not_found,,no exact cmedical result in search page
HERB000854,川滇金丝桃,not_found,,no exact cmedical result in search page
HERB000849,川贝母,ok_no_empty_fields,https://www.dayi.org.cn/cmedical/300184.html,matched page but target columns already had values
HERB000856,川滇淫羊藿,not_found,,no exact cmedical result in search page
HERB000858,川杜仲,not_found,,no exact cmedical result in search page
HERB000857,川东獐牙菜,not_found,,no exact cmedical result in search page
HERB000863,川黄芩,not_found,,no exact cmedical result in search page
HERB000859,川鄂淫羊藿,not_found,,no exact cmedical result in search page
HERB000861,川蚣,not_found,,no exact cmedical result in search page
HERB000864,川槿皮,not_found,,no exact cmedical result in search page
HERB000862,川黄连,not_found,,no exact cmedical result in search page
HERB000865,川菊,not_found,,no exact cmedical result in search page
HERB000866,川黎果,not_found,,no exact cmedical result in search page
HERB000867,川楝皮,not_found,,no exact cmedical result in search page
HERB000869,穿龙薯蓣,not_found,,no exact cmedical result in search page
HERB000874,川黔翠雀花,not_found,,no exact cmedical result in search page
HERB000872,川牛膝,ok_no_empty_fields,https://www.dayi.org.cn/cmedical/300189.html,matched page but target columns already had values
HERB000876,穿山甲,not_found,,no exact cmedical result in search page
HERB000875,川山橙,not_found,,no exact cmedical result in search page
HERB000882,川西淫羊藿,not_found,,no exact cmedical result in search page
HERB000883,川西獐牙菜,not_found,,no exact cmedical result in search page
HERB000885,穿心莲叶,not_found,,no exact cmedical result in search page
HERB000884,穿心莲,ok_no_empty_fields,https://www.dayi.org.cn/cmedical/300194.html,matched page but target columns already had values
HERB000888,川续断,not_found,,no exact cmedical result in search page
HERB000887,川芎,ok_no_empty_fields,https://www.dayi.org.cn/cmedical/306239.html,matched page but target columns already had values
HERB000890,串珠耳叶苔,not_found,,no exact cmedical result in search page
HERB000889,川藏香茶菜,not_found,,no exact cmedical result in search page
HERB000895,垂珠算盘子,not_found,,no exact cmedical result in search page
HERB000896,垂子买麻藤,not_found,,no exact cmedical result in search page
HERB000899,唇萼薄荷,not_found,,no exact cmedical result in search page
HERB000901,椿根皮,not_found,,no exact cmedical result in search page
HERB000909,刺菜蓟,not_found,,no exact cmedical result in search page
HERB000906,唇柱苣苔,not_found,,no exact cmedical result in search page
HERB000907,刺柏,not_found,,no exact cmedical result in search page
HERB000912,茨菇,not_found,,no exact cmedical result in search page
HERB000911,刺豆蔻,not_found,,no exact cmedical result in search page
HERB000913,刺瑰,not_found,,no exact cmedical result in search page
HERB000914,刺果番荔枝,not_found,,no exact cmedical result in search page
HERB000915,刺果甘草,not_found,,no exact cmedical result in search page
HERB000916,刺果松,not_found,,no exact cmedical result in search page
HERB000919,刺花椒,not_found,,no exact cmedical result in search page
HERB000920,刺花莲子草,not_found,,no exact cmedical result in search page
HERB000922,刺槐角,not_found,,no exact cmedical result in search page
HERB000926,刺壳花椒,not_found,,no exact cmedical result in search page
HERB000928,刺马前子,not_found,,no exact cmedical result in search page
HERB000930,刺芒柄花,not_found,,no exact cmedical result in search page
HERB000934,刺三加,not_found,,no exact cmedical result in search page
HERB000938,刺头复叶耳蕨,not_found,,no exact cmedical result in search page
HERB000932,刺楸树皮,no_fields,https://www.dayi.org.cn/cmedical/1113798.html,detail page parsed but no mapped fields found
HERB000941,刺五加片,not_found,,no exact cmedical result in search page
HERB000942,刺五加叶,not_found,,no exact cmedical result in search page
HERB000939,刺猬皮,no_fields,https://www.dayi.org.cn/cmedical/300199.html,detail page parsed but no mapped fields found
HERB000945,刺异叶花椒,not_found,,no exact cmedical result in search page
HERB000952,丛粒藻,not_found,,no exact cmedical result in search page
HERB000949,葱白,ok_no_empty_fields,https://www.dayi.org.cn/cmedical/300200.html,matched page but target columns already had values
HERB000944,十大功劳叶,no_fields,https://www.dayi.org.cn/cmedical/303456.html,detail page parsed but no mapped fields found
HERB000948,葱,no_fields,https://www.dayi.org.cn/cmedical/1114699.html,detail page parsed but no mapped fields found
HERB000953,枞木,not_found,,no exact cmedical result in search page
HERB000958,雪莲,not_found,,no exact cmedical result in search page
HERB000959,臭冷杉,not_found,,no exact cmedical result in search page
HERB000960,醋,not_found,,no exact cmedical result in search page
HERB000962,粗糙菝葜,not_found,,no exact cmedical result in search page
HERB000961,粗柄铁线莲,not_found,,no exact cmedical result in search page
HERB000964,粗糙蛇鞭菊,not_found,,no exact cmedical result in search page
HERB000965,粗糙矢车菊,not_found,,no exact cmedical result in search page
HERB000968,粗果香茶菜,not_found,,no exact cmedical result in search page
HERB000969,簇花獐牙菜,not_found,,no exact cmedical result in search page
HERB000967,粗果唐松草,not_found,,no exact cmedical result in search page
HERB000970,粗茎秦艽,not_found,,no exact cmedical result in search page
HERB000963,龙胆,no_fields,https://www.dayi.org.cn/cmedical/1008810.html,detail page parsed but no mapped fields found
HERB000971,粗茎乌头,not_found,,no exact cmedical result in search page
HERB000972,粗糠柴,not_found,,no exact cmedical result in search page
HERB000976,粗毛鳞盖蕨,not_found,,no exact cmedical result in search page
HERB000974,粗毛甘草,not_found,,no exact cmedical result in search page
HERB000977,粗毛南蛇藤,not_found,,no exact cmedical result in search page
HERB000973,醋柳果,no_fields,https://www.dayi.org.cn/cmedical/1113854.html,detail page parsed but no mapped fields found
HERB000978,粗毛牛舌草,not_found,,no exact cmedical result in search page
HERB000980,粗毛淫羊藿,not_found,,no exact cmedical result in search page
HERB000979,粗毛栓菌,not_found,,no exact cmedical result in search page
HERB000981,粗皮山核桃,not_found,,no exact cmedical result in search page
HERB000992,粗叶榕,not_found,,no exact cmedical result in search page
HERB000982,粗蛇鞭菊,not_found,,no exact cmedical result in search page
HERB000987,醋酸,not_found,,no exact cmedical result in search page
HERB000988,醋酸地塞米松,not_found,,no exact cmedical result in search page
HERB000996,粗硬毛豚草,not_found,,no exact cmedical result in search page
HERB000998,粗壮龙胆,not_found,,no exact cmedical result in search page
HERB000995,粗硬毛铁苋菜,not_found,,no exact cmedical result in search page
HERB000999,粗壮金鸡纳,not_found,,no exact cmedical result in search page
HERB001000,粗壮咖啡,not_found,,no exact cmedical result in search page
HERB001001,粗壮女贞,not_found,,no exact cmedical result in search page
HERB001002,粗壮酸藤子,not_found,,no exact cmedical result in search page
HERB001005,催眠睡茄,not_found,,no exact cmedical result in search page
HERB001004,灯芯柳珊瑚,not_found,,no exact cmedical result in search page
HERB001009,翠云草,not_found,,no exact cmedical result in search page
HERB001010,寸冬,not_found,,no exact cmedical result in search page
HERB001008,催吐萝芙木,not_found,,no exact cmedical result in search page
HERB001012,大芭蕉,not_found,,no exact cmedical result in search page
HERB001015,大波斯菊,not_found,,no exact cmedical result in search page
HERB001017,大长春花,not_found,,no exact cmedical result in search page
HERB001014,大驳骨,no_fields,https://www.dayi.org.cn/cmedical/1113965.html,detail page parsed but no mapped fields found
HERB001019,大车前,not_found,,no exact cmedical result in search page
HERB001020,大翅蓟,not_found,,no exact cmedical result in search page
HERB001024,大独活,not_found,,no exact cmedical result in search page
HERB001018,大巢菜,no_fields,https://www.dayi.org.cn/cmedical/300203.html,detail page parsed but no mapped fields found
HERB001027,大萼金丝桃,not_found,,no exact cmedical result in search page
HERB001023,大豆,not_found,,no exact cmedical result in search page
HERB001025,大渡乌头,not_found,,no exact cmedical result in search page
HERB001030,达尔文小檗,not_found,,no exact cmedical result in search page
HERB001028,大萼香茶菜,not_found,,no exact cmedical result in search page
HERB001036,大果柏木,not_found,,no exact cmedical result in search page
HERB001037,大果大戟,not_found,,no exact cmedical result in search page
HERB001040,大果西番莲,not_found,,no exact cmedical result in search page
HERB001038,大果咖啡,not_found,,no exact cmedical result in search page
HERB001039,大果桃金娘,not_found,,no exact cmedical result in search page
HERB001041,大黑,not_found,,no exact cmedical result in search page
HERB001044,大红罂粟,not_found,,no exact cmedical result in search page
HERB001046,大花倒地铃,not_found,,no exact cmedical result in search page
HERB001045,大花糙苏,no_fields,https://www.dayi.org.cn/cmedical/300225.html,detail page parsed but no mapped fields found
HERB001043,大红菇,no_fields,https://www.dayi.org.cn/cmedical/1117355.html,detail page parsed but no mapped fields found
HERB001042,大黑头草,no_fields,https://www.dayi.org.cn/cmedical/300219.html,detail page parsed but no mapped fields found
HERB001048,大花哥纳香,not_found,,no exact cmedical result in search page
HERB001049,大花红景天,not_found,,no exact cmedical result in search page
HERB001050,大花黄花蒿,not_found,,no exact cmedical result in search page
HERB001051,大花樫木,not_found,,no exact cmedical result in search page
HERB001053,大花金鸡菊,not_found,,no exact cmedical result in search page
HERB001055,大花菊,not_found,,no exact cmedical result in search page
HERB001054,大花金挖耳,not_found,,no exact cmedical result in search page
HERB001058,大花山牵牛,not_found,,no exact cmedical result in search page
HERB001060,大花五味子,not_found,,no exact cmedical result in search page
HERB001059,大花杓兰,not_found,,no exact cmedical result in search page
HERB001057,大花马齿苋,not_found,,no exact cmedical result in search page
HERB001056,大花落新妇,not_found,,no exact cmedical result in search page
HERB001062,大花旋覆花,not_found,,no exact cmedical result in search page
HERB001063,大花旋覆花,not_found,,no exact cmedical result in search page
HERB001065,大花淫羊藿,not_found,,no exact cmedical result in search page
HERB001068,大花紫玉盘,not_found,,no exact cmedical result in search page
HERB001064,大花妖文殊兰,not_found,,no exact cmedical result in search page
HERB001067,大花紫薇,not_found,,no exact cmedical result in search page
HERB001070,大黄豆卷,not_found,,no exact cmedical result in search page
HERB001073,大活血,not_found,,no exact cmedical result in search page
HERB001071,大黄茎,no_fields,https://www.dayi.org.cn/cmedical/1113994.html,detail page parsed but no mapped fields found
HERB001069,大黄,ok_no_empty_fields,https://www.dayi.org.cn/cmedical/1113883.html,matched page but target columns already had values
HERB001075,大蓟,ok_no_empty_fields,https://www.dayi.org.cn/cmedical/300236.html,matched page but target columns already had values
HERB001083,大狼毒,not_found,,no exact cmedical result in search page
HERB001085,大理鹿蹄草,not_found,,no exact cmedical result in search page
HERB001086,大力子,not_found,,no exact cmedical result in search page
HERB001076,大蓟,ok_no_empty_fields,https://www.dayi.org.cn/cmedical/300236.html,matched page but target columns already had values
HERB001088,大马兜铃,not_found,,no exact cmedical result in search page
HERB001091,大马士革蔷薇,not_found,,no exact cmedical result in search page
HERB001087,大良姜,no_fields,https://www.dayi.org.cn/cmedical/1113993.html,detail page parsed but no mapped fields found
HERB001090,大马金,not_found,,no exact cmedical result in search page
HERB001093,大米,not_found,,no exact cmedical result in search page
HERB001092,大麻叶泽兰,not_found,,no exact cmedical result in search page
HERB001096,大平丝芋,not_found,,no exact cmedical result in search page
HERB001095,大棚藤,not_found,,no exact cmedical result in search page
HERB001098,大前胡,not_found,,no exact cmedical result in search page
HERB001100,大青杨,not_found,,no exact cmedical result in search page
HERB001099,大青木根,not_found,,no exact cmedical result in search page
HERB001102,大青叶胆,not_found,,no exact cmedical result in search page
HERB001106,大头黄花蒿,not_found,,no exact cmedical result in search page
HERB001101,大青叶,ok_no_empty_fields,https://www.dayi.org.cn/cmedical/300260.html,matched page but target columns already had values
HERB001107,大头蒜,not_found,,no exact cmedical result in search page
HERB001104,大蒜,ok_no_empty_fields,https://www.dayi.org.cn/cmedical/300271.html,matched page but target columns already had values
HERB001112,达乌里秦艽,not_found,,no exact cmedical result in search page
HERB001109,大菟丝子,not_found,,no exact cmedical result in search page
HERB001108,大头橐吾,no_fields,https://www.dayi.org.cn/cmedical/1117677.html,detail page parsed but no mapped fields found
HERB001115,大星芹,not_found,,no exact cmedical result in search page
HERB001110,大团囊虫草,no_fields,https://www.dayi.org.cn/cmedical/300279.html,detail page parsed but no mapped fields found
HERB001116,大雪花莲,not_found,,no exact cmedical result in search page
HERB001113,大乌泡,no_fields,https://www.dayi.org.cn/cmedical/300283.html,detail page parsed but no mapped fields found
HERB001117,大血藤,ok_no_empty_fields,https://www.dayi.org.cn/cmedical/300287.html,matched page but target columns already had values
HERB001118,大叶桉叶,no_fields,https://www.dayi.org.cn/cmedical/1114023.html,detail page parsed but no mapped fields found
HERB001121,大叶柴胡,not_found,,no exact cmedical result in search page
HERB001122,大叶臭花椒,not_found,,no exact cmedical result in search page
HERB001123,大叶吊兰,not_found,,no exact cmedical result in search page
HERB001124,大叶冬青,not_found,,no exact cmedical result in search page
HERB001131,大叶花椒根,not_found,,no exact cmedical result in search page
HERB001134,大叶菊,not_found,,no exact cmedical result in search page
HERB001137,大叶萝芙木,not_found,,no exact cmedical result in search page
HERB001138,大叶落新妇,not_found,,no exact cmedical result in search page
HERB001133,大叶井口边草,no_fields,https://www.dayi.org.cn/cmedical/1116994.html,detail page parsed but no mapped fields found
HERB001139,大叶帽柱木,not_found,,no exact cmedical result in search page
HERB001141,大叶南洋参,not_found,,no exact cmedical result in search page
HERB001140,大叶南洋杉,not_found,,no exact cmedical result in search page
HERB001143,大叶牛奶菜,not_found,,no exact cmedical result in search page
HERB001142,大叶牛防风,not_found,,no exact cmedical result in search page
HERB001144,大叶茜草,not_found,,no exact cmedical result in search page
HERB001146,大叶寄树兰,not_found,,no exact cmedical result in search page
HERB001147,大叶糖胶树,not_found,,no exact cmedical result in search page
HERB001149,大叶藤黄,not_found,,no exact cmedical result in search page
HERB001145,大叶蛇葡萄,not_found,,no exact cmedical result in search page
HERB001148,大叶唐松草,not_found,,no exact cmedical result in search page
HERB001152,大叶香茶菜,not_found,,no exact cmedical result in search page
HERB001150,大叶土木香,not_found,,no exact cmedical result in search page
HERB001154,大叶杨,not_found,,no exact cmedical result in search page
HERB001155,大冶有木云香,not_found,,no exact cmedical result in search page
HERB001157,大叶紫玉盘,not_found,,no exact cmedical result in search page
HERB001156,大叶芸香草,not_found,,no exact cmedical result in search page
HERB001161,大一枝箭,no_fields,https://www.dayi.org.cn/cmedical/1114039.html,detail page parsed but no mapped fields found
HERB001160,大一枝箭,no_fields,https://www.dayi.org.cn/cmedical/1114039.html,detail page parsed but no mapped fields found
HERB001163,大陨石,not_found,,no exact cmedical result in search page
HERB001162,大鱼鳔花,no_fields,https://www.dayi.org.cn/cmedical/1114037.html,detail page parsed but no mapped fields found
HERB001158,大叶紫珠,no_fields,https://www.dayi.org.cn/cmedical/300319.html,detail page parsed but no mapped fields found
HERB001166,大锥香茶菜,not_found,,no exact cmedical result in search page
HERB001167,大籽筋骨草,not_found,,no exact cmedical result in search page
HERB001168,大子买麻藤,not_found,,no exact cmedical result in search page
HERB001165,大皂荚,not_found,,no exact cmedical result in search page
HERB001164,大枣,ok_no_empty_fields,https://www.dayi.org.cn/cmedical/1113944.html,matched page but target columns already had values
HERB001170,大籽獐牙菜,not_found,,no exact cmedical result in search page
HERB001169,大籽雪胆,not_found,,no exact cmedical result in search page
HERB001174,单瓣狗牙花,not_found,,no exact cmedical result in search page
HERB001178,淡红枪刀药,not_found,,no exact cmedical result in search page
HERB001177,单盖铁线蕨,not_found,,no exact cmedical result in search page
HERB001179,淡黄巴豆,not_found,,no exact cmedical result in search page
HERB001180,淡黄苦马豆,not_found,,no exact cmedical result in search page
HERB001181,淡黄木犀草,not_found,,no exact cmedical result in search page
HERB001182,淡黄香茶菜,not_found,,no exact cmedical result in search page
HERB001185,丹吉尔鸢尾,not_found,,no exact cmedical result in search page
HERB001186,丹吉尔鸢尾,not_found,,no exact cmedical result in search page
HERB001183,淡黄獐牙菜,not_found,,no exact cmedical result in search page
HERB001188,单粒小麦,not_found,,no exact cmedical result in search page
HERB001187,丹爵床,not_found,,no exact cmedical result in search page
HERB001194,单穗石松,not_found,,no exact cmedical result in search page
HERB001198,单叶蔓荆,not_found,,no exact cmedical result in search page
HERB001199,单叶蔓荆子,not_found,,no exact cmedical result in search page
HERB001200,单叶新月蕨,not_found,,no exact cmedical result in search page
HERB001208,单子山楂,not_found,,no exact cmedical result in search page
HERB001207,单子麻黄,not_found,,no exact cmedical result in search page
HERB001205,淡竹叶根,not_found,,no exact cmedical result in search page
HERB001204,淡竹叶,ok_no_empty_fields,https://www.dayi.org.cn/cmedical/300358.html,matched page but target columns already had values
HERB001212,党参芦头,not_found,,no exact cmedical result in search page
HERB001216,道孚香茶菜,not_found,,no exact cmedical result in search page
HERB001213,当药,no_fields,https://www.dayi.org.cn/cmedical/300364.html,detail page parsed but no mapped fields found
HERB001211,党参,ok_no_empty_fields,https://www.dayi.org.cn/cmedical/1129180.html,matched page but target columns already had values
HERB001218,倒卵叶伏石蕨,not_found,,no exact cmedical result in search page
HERB001223,倒叶瘤足蕨,not_found,,no exact cmedical result in search page
HERB001219,倒卵叶蒲公英根,not_found,,no exact cmedical result in search page
HERB001220,倒捻子,not_found,,no exact cmedical result in search page
HERB001226,德国龙胆草,not_found,,no exact cmedical result in search page
HERB001227,德国鸢尾,not_found,,no exact cmedical result in search page
HERB001222,稻芽,no_fields,https://www.dayi.org.cn/cmedical/300391.html,detail page parsed but no mapped fields found
HERB001230,德拉梦的金丝桃,not_found,,no exact cmedical result in search page
HERB001231,德钦红景天,not_found,,no exact cmedical result in search page
HERB001237,灯芯柳珊瑚,not_found,,no exact cmedical result in search page
HERB001235,灯心草,ok_no_empty_fields,https://www.dayi.org.cn/cmedical/300399.html,matched page but target columns already had values
HERB001234,灯台叶,no_fields,https://www.dayi.org.cn/cmedical/1155824.html,detail page parsed but no mapped fields found
HERB001238,灯油藤子,no_fields,https://www.dayi.org.cn/cmedical/300401.html,detail page parsed but no mapped fields found
HERB001240,地蟞虫,not_found,,no exact cmedical result in search page
HERB001239,灯盏细辛,no_fields,https://www.dayi.org.cn/cmedical/300402.html,detail page parsed but no mapped fields found
HERB001242,地胆头,not_found,,no exact cmedical result in search page
HERB001245,地枫,not_found,,no exact cmedical result in search page
HERB001248,迪根金丝桃,not_found,,no exact cmedical result in search page
HERB001250,地瓜子,no_fields,https://www.dayi.org.cn/cmedical/300428.html,detail page parsed but no mapped fields found
HERB001254,地锦草,ok_no_empty_fields,https://www.dayi.org.cn/cmedical/300440.html,matched page but target columns already had values
HERB001257,地龙,ok_no_empty_fields,https://www.dayi.org.cn/cmedical/1155651.html,matched page but target columns already had values
HERB001260,地虱,not_found,,no exact cmedical result in search page
HERB001264,百步穿杨,not_found,,no exact cmedical result in search page
HERB001265,地棠草,not_found,,no exact cmedical result in search page
HERB001263,地梭罗,no_fields,https://www.dayi.org.cn/cmedical/1114054.html,detail page parsed but no mapped fields found
HERB001262,地梭罗,no_fields,https://www.dayi.org.cn/cmedical/1114054.html,detail page parsed but no mapped fields found
HERB001269,地下车轴草,not_found,,no exact cmedical result in search page
HERB001271,地榆,ok_no_empty_fields,https://www.dayi.org.cn/cmedical/300476.html,matched page but target columns already had values
HERB001272,地中海柏木,not_found,,no exact cmedical result in search page
HERB001270,地羊鹊,no_fields,https://www.dayi.org.cn/cmedical/300474.html,detail page parsed but no mapped fields found
HERB001282,淀粉,not_found,,no exact cmedical result in search page
HERB001276,大毛蕊花,not_found,,no exact cmedical result in search page
HERB001279,滇白珠树,not_found,,no exact cmedical result in search page
HERB001275,地中海马桑,not_found,,no exact cmedical result in search page
HERB001284,滇黄精,not_found,,no exact cmedical result in search page
HERB001283,滇钩藤,not_found,,no exact cmedical result in search page
HERB001287,滇姜花,not_found,,no exact cmedical result in search page
HERB001290,滇南红厚壳,not_found,,no exact cmedical result in search page
HERB001285,滇黄芩,not_found,,no exact cmedical result in search page
HERB001289,滇牡丹,not_found,,no exact cmedical result in search page
HERB001286,滇鸡骨常山,no_fields,https://www.dayi.org.cn/cmedical/300494.html,detail page parsed but no mapped fields found
HERB001288,滇龙胆草,not_found,,no exact cmedical result in search page
HERB001291,颠茄,not_found,,no exact cmedical result in search page
HERB001294,滇西乌头,not_found,,no exact cmedical result in search page
HERB001295,滇藏木兰,not_found,,no exact cmedical result in search page
HERB001296,垫状卷柏,not_found,,no exact cmedical result in search page
HERB001297,滇紫草,not_found,,no exact cmedical result in search page
HERB001298,吊灯树,not_found,,no exact cmedical result in search page
HERB001301,钓樟根皮,no_fields,https://www.dayi.org.cn/cmedical/300532.html,detail page parsed but no mapped fields found
HERB001304,叠鞘石斛,not_found,,no exact cmedical result in search page
HERB001306,鼎湖钓樟,not_found,,no exact cmedical result in search page
HERB001302,钓樟枝叶,no_fields,https://www.dayi.org.cn/cmedical/300533.html,detail page parsed but no mapped fields found
HERB001300,吊岩风,no_fields,https://www.dayi.org.cn/cmedical/300528.html,detail page parsed but no mapped fields found
HERB001303,跌打老,no_fields,https://www.dayi.org.cn/cmedical/300536.html,detail page parsed but no mapped fields found
HERB001315,丁香叶,not_found,,no exact cmedical result in search page
HERB001313,丁香罗勒油,not_found,,no exact cmedical result in search page
HERB001319,东安那托利亚矢车菊,not_found,,no exact cmedical result in search page
HERB001320,暗花金挖耳,not_found,,no exact cmedical result in search page
HERB001321,东北刺人参,not_found,,no exact cmedical result in search page
HERB001324,东北胡桃木,not_found,,no exact cmedical result in search page
HERB001318,顶羽菊,no_fields,https://www.dayi.org.cn/cmedical/1117568.html,detail page parsed but no mapped fields found
HERB001322,东北多足蕨,not_found,,no exact cmedical result in search page
HERB001327,东北龙胆,not_found,,no exact cmedical result in search page
HERB001330,东北天南星,not_found,,no exact cmedical result in search page
HERB001328,东北牡蒿,not_found,,no exact cmedical result in search page
HERB001325,东北蛔蒿,no_fields,https://www.dayi.org.cn/cmedical/300571.html,detail page parsed but no mapped fields found
HERB001338,东方飞燕草,not_found,,no exact cmedical result in search page
HERB001333,冬虫夏草,ok_no_empty_fields,https://www.dayi.org.cn/cmedical/1015009.html,matched page but target columns already had values
HERB001340,东方钩藤,not_found,,no exact cmedical result in search page
HERB001339,东方狗脊,no_fields,https://www.dayi.org.cn/cmedical/300581.html,detail page parsed but no mapped fields found
HERB001341,东方狗牙花,not_found,,no exact cmedical result in search page
HERB001344,东方天仙子,not_found,,no exact cmedical result in search page
HERB001342,东方核桃,not_found,,no exact cmedical result in search page
HERB001348,东方香可可,not_found,,no exact cmedical result in search page
HERB001347,东方西门菲草,not_found,,no exact cmedical result in search page
HERB001349,东方洋地黄,not_found,,no exact cmedical result in search page
HERB001350,东非决明,not_found,,no exact cmedical result in search page
HERB001343,东方荚果蕨,no_fields,https://www.dayi.org.cn/cmedical/300582.html,detail page parsed but no mapped fields found
HERB001351,东非玛茜,not_found,,no exact cmedical result in search page
HERB001354,东风桔叶子,not_found,,no exact cmedical result in search page
HERB001356,冬瓜仁,not_found,,no exact cmedical result in search page
HERB001355,冬瓜皮,ok_no_empty_fields,https://www.dayi.org.cn/cmedical/300599.html,matched page but target columns already had values
HERB001359,东京巴豆,not_found,,no exact cmedical result in search page
HERB001363,冬淩草,not_found,,no exact cmedical result in search page
HERB001362,东莨菪碱,not_found,,no exact cmedical result in search page
HERB001366,冬青叶美登木,not_found,,no exact cmedical result in search page
HERB001367,东亚唐松草,not_found,,no exact cmedical result in search page
HERB001364,东南景天,not_found,,no exact cmedical result in search page
HERB001361,冬葵子,ok_no_empty_fields,https://www.dayi.org.cn/cmedical/300605.html,matched page but target columns already had values
HERB001369,东亚紫金牛,not_found,,no exact cmedical result in search page
HERB001371,东瀛珊瑚木,not_found,,no exact cmedical result in search page
HERB001372,豆瓣菜,not_found,,no exact cmedical result in search page
HERB001370,剑麻,not_found,,no exact cmedical result in search page
HERB001374,豆豉,not_found,,no exact cmedical result in search page
HERB001373,豆包菌,no_fields,https://www.dayi.org.cn/cmedical/300622.html,detail page parsed but no mapped fields found
HERB001377,豆腐柴,not_found,,no exact cmedical result in search page
HERB001375,豆豉草,no_fields,https://www.dayi.org.cn/cmedical/1114065.html,detail page parsed but no mapped fields found
HERB001376,豆豉姜,no_fields,https://www.dayi.org.cn/cmedical/300623.html,detail page parsed but no mapped fields found
HERB001379,豆薯,not_found,,no exact cmedical result in search page
HERB001380,豆叶九里香,not_found,,no exact cmedical result in search page
HERB001383,兜状荷包牡丹,not_found,,no exact cmedical result in search page
HERB001385,毒扁豆,not_found,,no exact cmedical result in search page
HERB001387,毒鹅膏,not_found,,no exact cmedical result in search page
HERB001386,毒豆,not_found,,no exact cmedical result in search page
HERB001382,豆油,no_fields,https://www.dayi.org.cn/cmedical/300633.html,detail page parsed but no mapped fields found
HERB001390,毒胡萝卜,not_found,,no exact cmedical result in search page
HERB001389,杜虹花,not_found,,no exact cmedical result in search page
HERB001391,毒花椒,not_found,,no exact cmedical result in search page
HERB001394,独活,ok_no_empty_fields,https://www.dayi.org.cn/cmedical/300641.html,matched page but target columns already had values
HERB001401,毒漆藤,not_found,,no exact cmedical result in search page
HERB001400,毒马钱,not_found,,no exact cmedical result in search page
HERB001408,杜宇鼠尾草,not_found,,no exact cmedical result in search page
HERB001411,短茎古当归,not_found,,no exact cmedical result in search page
HERB001412,煅白矾,not_found,,no exact cmedical result in search page
HERB001414,短瓣金莲花,not_found,,no exact cmedical result in search page
HERB001415,短棒石斛,not_found,,no exact cmedical result in search page
HERB001410,杜仲叶,no_fields,https://www.dayi.org.cn/cmedical/1155803.html,detail page parsed but no mapped fields found
HERB001418,断翅黄芪,not_found,,no exact cmedical result in search page
HERB001419,断刺花椒,not_found,,no exact cmedical result in search page
HERB001417,短柄和叶澜,not_found,,no exact cmedical result in search page
HERB001421,短萼黄连,not_found,,no exact cmedical result in search page
HERB001423,煅狗骨,not_found,,no exact cmedical result in search page
HERB001422,短梗胡枝子,not_found,,no exact cmedical result in search page
HERB001420,煅磁石,no_fields,https://www.dayi.org.cn/cmedical/1156126.html,detail page parsed but no mapped fields found
HERB001428,煅龙齿,not_found,,no exact cmedical result in search page
HERB001430,煅龙牡,not_found,,no exact cmedical result in search page
HERB001431,短毛独活,not_found,,no exact cmedical result in search page
HERB001429,煅龙骨,no_fields,https://www.dayi.org.cn/cmedical/1156010.html,detail page parsed but no mapped fields found
HERB001432,短毛金线草根,not_found,,no exact cmedical result in search page
HERB001434,端绒毛钩藤,not_found,,no exact cmedical result in search page
HERB001433,短片藁本,not_found,,no exact cmedical result in search page
HERB001435,端绒毛钩藤,not_found,,no exact cmedical result in search page
HERB001437,短柔毛飞燕草,not_found,,no exact cmedical result in search page
HERB001438,短柔毛马兜铃,not_found,,no exact cmedical result in search page
HERB001436,端绒毛大蓟,not_found,,no exact cmedical result in search page
HERB001439,短柔毛止泻木,not_found,,no exact cmedical result in search page
HERB001444,短葶山麦冬,not_found,,no exact cmedical result in search page
HERB001443,短碎胡椒,not_found,,no exact cmedical result in search page
HERB001441,煅石膏,no_fields,https://www.dayi.org.cn/cmedical/1155888.html,detail page parsed but no mapped fields found
HERB001446,短线小米草,not_found,,no exact cmedical result in search page
HERB001447,短小蛇根草,no_fields,https://www.dayi.org.cn/cmedical/300693.html,detail page parsed but no mapped fields found
HERB001449,短叶红豆杉,not_found,,no exact cmedical result in search page
HERB001445,煅瓦楞,no_fields,https://www.dayi.org.cn/cmedical/1155999.html,detail page parsed but no mapped fields found
HERB001450,短叶假木贼,not_found,,no exact cmedical result in search page
HERB001451,短叶绢蒿,not_found,,no exact cmedical result in search page
HERB001448,断血流,no_fields,https://www.dayi.org.cn/cmedical/300701.html,detail page parsed but no mapped fields found
HERB001455,短叶罗汉松叶,not_found,,no exact cmedical result in search page
HERB001452,短叶龙胆,not_found,,no exact cmedical result in search page
HERB001457,短叶山蚂蝗,not_found,,no exact cmedical result in search page
HERB001461,对生玛茜,not_found,,no exact cmedical result in search page
HERB001460,短柱八角,not_found,,no exact cmedical result in search page
HERB001463,堆心菊,not_found,,no exact cmedical result in search page
HERB001465,对叶金腰,not_found,,no exact cmedical result in search page
HERB001459,煅自然铜,no_fields,https://www.dayi.org.cn/cmedical/1156121.html,detail page parsed but no mapped fields found
HERB001462,对虾,no_fields,https://www.dayi.org.cn/cmedical/300713.html,detail page parsed but no mapped fields found
HERB001468,钝苞雪莲,not_found,,no exact cmedical result in search page
HERB001470,钝形凹顶藻,not_found,,no exact cmedical result in search page
HERB001469,钝裂银莲花,not_found,,no exact cmedical result in search page
HERB001467,对叶元胡,not_found,,no exact cmedical result in search page
HERB001473,钝性鸡蛋花,not_found,,no exact cmedical result in search page
HERB001471,遁形白叶藤,not_found,,no exact cmedical result in search page
HERB001477,盾叶鬼臼,not_found,,no exact cmedical result in search page
HERB001475,盾叶大戟,not_found,,no exact cmedical result in search page
HERB001474,钝叶车轴草,not_found,,no exact cmedical result in search page
HERB001478,蹲野桂皮,not_found,,no exact cmedical result in search page
HERB001479,蹲野胡椒,not_found,,no exact cmedical result in search page
HERB001480,钝叶决明,not_found,,no exact cmedical result in search page
HERB001482,钝叶酸模,not_found,,no exact cmedical result in search page
HERB001484,钝叶土牛膝,not_found,,no exact cmedical result in search page
HERB001486,盾叶茅膏菜,not_found,,no exact cmedical result in search page
HERB001483,盾叶唐松草,no_fields,https://www.dayi.org.cn/cmedical/1117742.html,detail page parsed but no mapped fields found
HERB001490,多变小冠花,not_found,,no exact cmedical result in search page
HERB001488,多被银莲花,not_found,,no exact cmedical result in search page
HERB001494,刺黄花稔,not_found,,no exact cmedical result in search page
HERB001497,多根乌头,not_found,,no exact cmedical result in search page
HERB001492,多次柴胡,not_found,,no exact cmedical result in search page
HERB001491,多齿千里光,not_found,,no exact cmedical result in search page
HERB001498,多果树,not_found,,no exact cmedical result in search page
HERB001502,多花菜豆,not_found,,no exact cmedical result in search page
HERB001503,多花黑麦草,not_found,,no exact cmedical result in search page
HERB001504,多花黄精,not_found,,no exact cmedical result in search page
HERB001505,多花蓝果树,not_found,,no exact cmedical result in search page
HERB001500,多花八角莲,no_fields,https://www.dayi.org.cn/cmedical/300732.html,detail page parsed but no mapped fields found
HERB001508,多花芍药,not_found,,no exact cmedical result in search page
HERB001506,多花山麻杆,not_found,,no exact cmedical result in search page
HERB001507,多花山麻根,not_found,,no exact cmedical result in search page
HERB001509,多花水仙,not_found,,no exact cmedical result in search page
HERB001510,多花藤黄,not_found,,no exact cmedical result in search page
HERB001513,多花杨梅,not_found,,no exact cmedical result in search page
HERB001512,多花小波,not_found,,no exact cmedical result in search page
HERB001516,多裂乌头,not_found,,no exact cmedical result in search page
HERB001514,多家草,not_found,,no exact cmedical result in search page
HERB001517,多买钩藤,not_found,,no exact cmedical result in search page
HERB001518,多买南美肉豆蔻,not_found,,no exact cmedical result in search page
HERB001521,朵蕊白花菜,not_found,,no exact cmedical result in search page
HERB001515,多裂委陵菜,no_fields,https://www.dayi.org.cn/cmedical/300739.html,detail page parsed but no mapped fields found
HERB001522,多伞阿魏,not_found,,no exact cmedical result in search page
HERB001525,多岁罗汉松是,not_found,,no exact cmedical result in search page
HERB001523,多舌飞蓬,not_found,,no exact cmedical result in search page
HERB001528,剁碎鼠尾草,not_found,,no exact cmedical result in search page
HERB001529,剁碎豚草,not_found,,no exact cmedical result in search page
HERB001532,多香果,not_found,,no exact cmedical result in search page
HERB001536,多须公,not_found,,no exact cmedical result in search page
HERB001530,多头风轮菜,no_fields,https://www.dayi.org.cn/cmedical/300750.html,detail page parsed but no mapped fields found
HERB001533,惰性金发藓,not_found,,no exact cmedical result in search page
HERB001535,多雄蕊商陆,not_found,,no exact cmedical result in search page
HERB001534,多雄蕊领春木,not_found,,no exact cmedical result in search page
HERB001537,多序岩黄耆,not_found,,no exact cmedical result in search page
HERB001539,多叶棘豆,not_found,,no exact cmedical result in search page
HERB001538,多叶百脉根,not_found,,no exact cmedical result in search page
HERB001541,多枝桉,not_found,,no exact cmedical result in search page
HERB001540,多叶金丝桃,not_found,,no exact cmedical result in search page
HERB001542,多枝柴胡,not_found,,no exact cmedical result in search page
HERB001543,多枝柽柳,not_found,,no exact cmedical result in search page
HERB001545,多枝龙胆,not_found,,no exact cmedical result in search page
HERB001544,多指阔苞菊,not_found,,no exact cmedical result in search page
HERB001549,多汁甜姐菜,not_found,,no exact cmedical result in search page
HERB001546,多指龙血树,not_found,,no exact cmedical result in search page
HERB001551,多汁止疼黄,not_found,,no exact cmedical result in search page
HERB001550,多汁甜姐草,not_found,,no exact cmedical result in search page
HERB001552,多种芦荟提取物,not_found,,no exact cmedical result in search page
HERB001554,鄂报春,no_fields,https://www.dayi.org.cn/cmedical/300792.html,detail page parsed but no mapped fields found
HERB001563,俄国西门菲草,not_found,,no exact cmedical result in search page
HERB001560,鹅膏,not_found,,no exact cmedical result in search page
HERB001565,俄勒冈荷包牡丹,not_found,,no exact cmedical result in search page
HERB001567,峨眉翠雀花,not_found,,no exact cmedical result in search page
HERB001570,峨眉唐松草,not_found,,no exact cmedical result in search page
HERB001571,峨眉野黄连,not_found,,no exact cmedical result in search page
HERB001576,鄂西香茶菜,not_found,,no exact cmedical result in search page
HERB001573,鹅绒委陵菜,not_found,,no exact cmedical result in search page
HERB001578,鹅掌藤,not_found,,no exact cmedical result in search page
HERB001577,鹅掌草,not_found,,no exact cmedical result in search page
HERB001580,莪术油,not_found,,no exact cmedical result in search page
HERB001584,儿茶钩藤,not_found,,no exact cmedical result in search page
HERB001585,二齿香科科,not_found,,no exact cmedical result in search page
HERB001586,二次陨石,not_found,,no exact cmedical result in search page
HERB001588,二沟黄芪,not_found,,no exact cmedical result in search page
HERB001594,儿十蕊商陆,not_found,,no exact cmedical result in search page
HERB001591,二七狗牙花,not_found,,no exact cmedical result in search page
HERB001593,二色华鼠尾草,not_found,,no exact cmedical result in search page
HERB001589,二角多甲藻,not_found,,no exact cmedical result in search page
HERB001596,二星金合欢,not_found,,no exact cmedical result in search page
HERB001595,而行鸡血藤,not_found,,no exact cmedical result in search page
HERB001598,二星杨二兰,not_found,,no exact cmedical result in search page
HERB001597,耳形瘤足蕨,not_found,,no exact cmedical result in search page
HERB001601,耳叶牛皮消,not_found,,no exact cmedical result in search page
HERB001600,二爷金罂粟,not_found,,no exact cmedical result in search page
HERB001602,二一拖包地钱,not_found,,no exact cmedical result in search page
HERB001607,法国金雀儿,not_found,,no exact cmedical result in search page
HERB001609,法抗乌头,not_found,,no exact cmedical result in search page
HERB001608,法国蔷薇,not_found,,no exact cmedical result in search page
HERB001604,法半夏,ok_no_empty_fields,https://www.dayi.org.cn/cmedical/1116104.html,matched page but target columns already had values
HERB001611,繁华止泻木,not_found,,no exact cmedical result in search page
HERB001616,番茄,not_found,,no exact cmedical result in search page
HERB001617,番石榴干,no_fields,https://www.dayi.org.cn/cmedical/300816.html,detail page parsed but no mapped fields found
HERB001620,番石榴籽,not_found,,no exact cmedical result in search page
HERB001618,番石榴皮,no_fields,https://www.dayi.org.cn/cmedical/300818.html,detail page parsed but no mapped fields found
HERB001625,方海,not_found,,no exact cmedical result in search page
HERB001629,芳香堆心菊,not_found,,no exact cmedical result in search page
HERB001628,芳香白珠,not_found,,no exact cmedical result in search page
HERB001627,防己叶菝葜,not_found,,no exact cmedical result in search page
HERB001626,防己,ok_no_empty_fields,https://www.dayi.org.cn/cmedical/300839.html,matched page but target columns already had values
HERB001634,肥城酸浆,not_found,,no exact cmedical result in search page
HERB001632,菲菜,not_found,,no exact cmedical result in search page
HERB001633,费城飞蓬,not_found,,no exact cmedical result in search page
HERB001636,飞猴面包果,not_found,,no exact cmedical result in search page
HERB001638,飞蓟草,not_found,,no exact cmedical result in search page
HERB001644,菲律宾罗汉松,not_found,,no exact cmedical result in search page
HERB001641,飞廉,no_fields,https://www.dayi.org.cn/cmedical/300846.html,detail page parsed but no mapped fields found
HERB001647,菲律宾罗汉松,not_found,,no exact cmedical result in search page
HERB001646,菲律宾肉豆蔻,not_found,,no exact cmedical result in search page
HERB001651,菲律宾肉豆蔻,not_found,,no exact cmedical result in search page
HERB001645,菲律宾千里光,not_found,,no exact cmedical result in search page
HERB001649,菲律宾千斤拔,not_found,,no exact cmedical result in search page
HERB001650,菲律宾千里光,not_found,,no exact cmedical result in search page
HERB001652,菲律宾石梓,not_found,,no exact cmedical result in search page
HERB001658,肥皂草,not_found,,no exact cmedical result in search page
HERB001656,肥一点红,not_found,,no exact cmedical result in search page
HERB001653,腓尼基刺柏,not_found,,no exact cmedical result in search page
HERB001657,费约果,not_found,,no exact cmedical result in search page
HERB001659,非洲百子莲,not_found,,no exact cmedical result in search page
HERB001660,非洲闭鞘姜,not_found,,no exact cmedical result in search page
HERB001661,非洲番荔枝,not_found,,no exact cmedical result in search page
HERB001662,非洲防己,not_found,,no exact cmedical result in search page
HERB001665,非洲钩藤,not_found,,no exact cmedical result in search page
HERB001663,非洲橄榄,not_found,,no exact cmedical result in search page
HERB001664,非洲格木,not_found,,no exact cmedical result in search page
HERB001668,非洲黄檀,not_found,,no exact cmedical result in search page
HERB001669,非洲剑雪封喉,not_found,,no exact cmedical result in search page
HERB001672,非洲帽柱木,not_found,,no exact cmedical result in search page
HERB001671,非洲罗勒,not_found,,no exact cmedical result in search page
HERB001670,非洲枯木,not_found,,no exact cmedical result in search page
HERB001677,粉芭蕉,not_found,,no exact cmedical result in search page
HERB001673,非洲蛙,not_found,,no exact cmedical result in search page
HERB001674,非洲止泻木,not_found,,no exact cmedical result in search page
HERB001680,分叉当归,not_found,,no exact cmedical result in search page
HERB001676,榧子,no_fields,https://www.dayi.org.cn/cmedical/300862.html,detail page parsed but no mapped fields found
HERB001681,分叉马钱子,not_found,,no exact cmedical result in search page
HERB001685,粉红色西番莲,not_found,,no exact cmedical result in search page
HERB001690,坟墓草,not_found,,no exact cmedical result in search page
HERB001691,分路猪殃殃,not_found,,no exact cmedical result in search page
HERB001688,粉瘤菌,no_fields,https://www.dayi.org.cn/cmedical/1115985.html,detail page parsed but no mapped fields found
HERB001692,分肉层孔菌,not_found,,no exact cmedical result in search page
HERB001693,分时唐松草,not_found,,no exact cmedical result in search page
HERB001684,粉红色西番莲,not_found,,no exact cmedical result in search page
HERB001696,分支颇具,not_found,,no exact cmedical result in search page
HERB001697,蜂巢草,not_found,,no exact cmedical result in search page
HERB001699,丰城鸡血藤,not_found,,no exact cmedical result in search page
HERB001702,蜂房,no_fields,https://www.dayi.org.cn/cmedical/1156341.html,detail page parsed but no mapped fields found
HERB001707,凤梨,not_found,,no exact cmedical result in search page
HERB001705,蜂胶,no_fields,https://www.dayi.org.cn/cmedical/1117850.html,detail page parsed but no mapped fields found
HERB001708,风铃草,not_found,,no exact cmedical result in search page
HERB001710,风毛菊,no_fields,https://www.dayi.org.cn/cmedical/1116793.html,detail page parsed but no mapped fields found
HERB001715,凤尾蕨,not_found,,no exact cmedical result in search page
HERB001711,蜂蜜,ok_no_empty_fields,https://www.dayi.org.cn/cmedical/1117852.html,matched page but target columns already had values
HERB001716,凤尾爬山虎,not_found,,no exact cmedical result in search page
HERB001713,凤尾草,ok_no_empty_fields,https://www.dayi.org.cn/cmedical/1114123.html,matched page but target columns already had values
HERB001721,枫香树,not_found,,no exact cmedical result in search page
HERB001722,风箱树根,no_fields,https://www.dayi.org.cn/cmedical/300880.html,detail page parsed but no mapped fields found
HERB001727,风信子,not_found,,no exact cmedical result in search page
HERB001728,凤丫蕨,not_found,,no exact cmedical result in search page
HERB001726,枫香脂,no_fields,https://www.dayi.org.cn/cmedical/300892.html,detail page parsed but no mapped fields found
HERB001731,紫菀花,not_found,,no exact cmedical result in search page
HERB001732,佛耳草,not_found,,no exact cmedical result in search page
HERB001730,凤羽花,not_found,,no exact cmedical result in search page
HERB001738,伏尔加侧金盏花,not_found,,no exact cmedical result in search page
HERB001734,佛手,ok_no_empty_fields,https://www.dayi.org.cn/cmedical/300928.html,matched page but target columns already had values
HERB001741,弗吉尼亚地笋,not_found,,no exact cmedical result in search page
HERB001742,弗吉尼亚狗脊蕨,not_found,,no exact cmedical result in search page
HERB001739,扶芳藤,no_fields,https://www.dayi.org.cn/cmedical/1114103.html,detail page parsed but no mapped fields found
HERB001743,福建细辛,not_found,,no exact cmedical result in search page
HERB001744,福橘,not_found,,no exact cmedical result in search page
HERB001747,扶郎花,not_found,,no exact cmedical result in search page
HERB001748,弗雷是杜鹃花,not_found,,no exact cmedical result in search page
HERB001745,阜康阿魏根,not_found,,no exact cmedical result in search page
HERB001753,富宁藤,not_found,,no exact cmedical result in search page
HERB001749,茯苓,ok_no_empty_fields,https://www.dayi.org.cn/cmedical/300936.html,matched page but target columns already had values
HERB001751,伏毛山豆根,no_fields,https://www.dayi.org.cn/cmedical/1117197.html,detail page parsed but no mapped fields found
HERB001758,浮萍,ok_no_empty_fields,https://www.dayi.org.cn/cmedical/300939.html,matched page but target columns already had values
HERB001759,芙蓉菊根,no_fields,https://www.dayi.org.cn/cmedical/300934.html,detail page parsed but no mapped fields found
HERB001764,辐射松,not_found,,no exact cmedical result in search page
HERB001763,扶桑叶,no_fields,https://www.dayi.org.cn/cmedical/1114110.html,detail page parsed but no mapped fields found
HERB001768,福寿草?,not_found,,no exact cmedical result in search page
HERB001770,浮小麦,ok_no_empty_fields,https://www.dayi.org.cn/cmedical/300942.html,matched page but target columns already had values
HERB001772,浮叶眼子菜,not_found,,no exact cmedical result in search page
HERB001781,甘草稍,not_found,,no exact cmedical result in search page
HERB001785,甘葛藤根,not_found,,no exact cmedical result in search page
HERB001786,干花豆,not_found,,no exact cmedical result in search page
HERB001787,干姜,ok_no_empty_fields,https://www.dayi.org.cn/cmedical/301009.html,matched page but target columns already had values
HERB001789,橄榄白蜡伞,not_found,,no exact cmedical result in search page
HERB001788,橄榄,ok_no_empty_fields,https://www.dayi.org.cn/cmedical/300997.html,matched page but target columns already had values
HERB001792,干老鸡骨常山,not_found,,no exact cmedical result in search page
HERB001793,甘露秦,not_found,,no exact cmedical result in search page
HERB001794,干鹿肉,not_found,,no exact cmedical result in search page
HERB001799,甘青乌头,not_found,,no exact cmedical result in search page
HERB001797,甘青青兰,no_fields,https://www.dayi.org.cn/cmedical/300976.html,detail page parsed but no mapped fields found
HERB001798,甘青铁线莲,no_fields,https://www.dayi.org.cn/cmedical/1115805.html,detail page parsed but no mapped fields found
HERB001800,甘薯,no_fields,https://www.dayi.org.cn/cmedical/1114116.html,detail page parsed but no mapped fields found
HERB001801,甘松,ok_no_empty_fields,https://www.dayi.org.cn/cmedical/300978.html,matched page but target columns already had values
HERB001802,甘肃贝母,not_found,,no exact cmedical result in search page
HERB001804,甘肃黄芩,not_found,,no exact cmedical result in search page
HERB001803,甘肃槐树,not_found,,no exact cmedical result in search page
HERB001805,甘肃山楂,not_found,,no exact cmedical result in search page
HERB001808,甘西鼠尾草,not_found,,no exact cmedical result in search page
HERB001807,赣皖乌头,not_found,,no exact cmedical result in search page
HERB001814,刚毛柽柳,not_found,,no exact cmedical result in search page
HERB001810,杠板归根,not_found,,no exact cmedical result in search page
HERB001812,刚果剑雪封喉,not_found,,no exact cmedical result in search page
HERB001813,刚果萝芙木,not_found,,no exact cmedical result in search page
HERB001815,刚毛藤山柳,not_found,,no exact cmedical result in search page
HERB001823,高春黄菊,not_found,,no exact cmedical result in search page
HERB001826,高大翠雀花,not_found,,no exact cmedical result in search page
HERB001824,高丛珍珠梅,not_found,,no exact cmedical result in search page
HERB001828,高达山蓝,not_found,,no exact cmedical result in search page
HERB001829,高当归,not_found,,no exact cmedical result in search page
HERB001833,高贵波罗蜜,not_found,,no exact cmedical result in search page
HERB001832,高飞燕草,not_found,,no exact cmedical result in search page
HERB001834,高贵春黄菊,not_found,,no exact cmedical result in search page
HERB001835,高贵假紫草,not_found,,no exact cmedical result in search page
HERB001840,高黄芩,not_found,,no exact cmedical result in search page
HERB001842,高加索摆线,not_found,,no exact cmedical result in search page
HERB001843,高加索蓝盆花,not_found,,no exact cmedical result in search page
HERB001844,高加索鳞毛蕨,not_found,,no exact cmedical result in search page
HERB001841,高灰毛豆,not_found,,no exact cmedical result in search page
HERB001845,高加索龙胆,not_found,,no exact cmedical result in search page
HERB001847,高加索罂粟,not_found,,no exact cmedical result in search page
HERB001846,高加索乌头,not_found,,no exact cmedical result in search page
HERB001848,高加索紫金,not_found,,no exact cmedical result in search page
HERB001849,高咖啡,not_found,,no exact cmedical result in search page
HERB001850,高丽参,no_fields,https://www.dayi.org.cn/cmedical/1156129.html,detail page parsed but no mapped fields found
HERB001853,高梁泡,not_found,,no exact cmedical result in search page
HERB001855,高山扁枝石松,no_fields,https://www.dayi.org.cn/cmedical/306211.html,detail page parsed but no mapped fields found
HERB001857,高山花椒,not_found,,no exact cmedical result in search page
HERB001860,高山火绒草,not_found,,no exact cmedical result in search page
HERB001862,高山罗汉松,not_found,,no exact cmedical result in search page
HERB001858,高山黄华,no_fields,https://www.dayi.org.cn/cmedical/301032.html,detail page parsed but no mapped fields found
HERB001864,高山条蕨,not_found,,no exact cmedical result in search page
HERB001866,高山罂粟,not_found,,no exact cmedical result in search page
HERB001869,高原唐松草,not_found,,no exact cmedical result in search page
HERB001867,高乌头,not_found,,no exact cmedical result in search page
HERB001871,戈壁天门冬,not_found,,no exact cmedical result in search page
HERB001868,高一枝黄花,not_found,,no exact cmedical result in search page
HERB001870,高泽兰,not_found,,no exact cmedical result in search page
HERB001877,蛤蚧,no_fields,https://www.dayi.org.cn/cmedical/1155647.html,detail page parsed but no mapped fields found
HERB001878,格里菲斯十大功劳,not_found,,no exact cmedical result in search page
HERB001881,哥伦比亚巴豆,not_found,,no exact cmedical result in search page
HERB001879,格里菲斯藤黄,not_found,,no exact cmedical result in search page
HERB001882,哥伦比亚木瓣树?,not_found,,no exact cmedical result in search page
HERB001883,葛蔓,no_fields,https://www.dayi.org.cn/cmedical/1114122.html,detail page parsed but no mapped fields found
HERB001884,哥纳香,not_found,,no exact cmedical result in search page
HERB001887,葛上亭长,no_fields,https://www.dayi.org.cn/cmedical/1118001.html,detail page parsed but no mapped fields found
HERB001888,格式鼠尾草,not_found,,no exact cmedical result in search page
HERB001885,蛤壳,no_fields,https://www.dayi.org.cn/cmedical/1155799.html,detail page parsed but no mapped fields found
HERB001890,各样西番莲,not_found,,no exact cmedical result in search page
HERB001892,革叶猕猴桃,not_found,,no exact cmedical result in search page
HERB001895,贡嘎山乌头,not_found,,no exact cmedical result in search page
HERB001894,工布乌头,no_fields,https://www.dayi.org.cn/cmedical/1115954.html,detail page parsed but no mapped fields found
HERB001896,功劳木,no_fields,https://www.dayi.org.cn/cmedical/1114203.html,detail page parsed but no mapped fields found
HERB001898,公兴马兜铃,not_found,,no exact cmedical result in search page
HERB001897,功劳子,no_fields,https://www.dayi.org.cn/cmedical/1114129.html,detail page parsed but no mapped fields found
HERB001900,枸骨树皮,no_fields,https://www.dayi.org.cn/cmedical/1113529.html,detail page parsed but no mapped fields found
HERB001902,枸骨子,no_fields,https://www.dayi.org.cn/cmedical/1113530.html,detail page parsed but no mapped fields found
HERB001903,狗脊,ok_no_empty_fields,https://www.dayi.org.cn/cmedical/301057.html,matched page but target columns already had values
HERB001905,狗桔刺,not_found,,no exact cmedical result in search page
HERB001910,钩毛茜草,not_found,,no exact cmedical result in search page
HERB001906,枸橘核,no_fields,https://www.dayi.org.cn/cmedical/1114140.html,detail page parsed but no mapped fields found
HERB001909,枸橘枳实,not_found,,no exact cmedical result in search page
HERB001913,枸杞小波,not_found,,no exact cmedical result in search page
HERB001912,枸杞根皮,not_found,,no exact cmedical result in search page
HERB001907,枸橘叶,no_fields,https://www.dayi.org.cn/cmedical/1113536.html,detail page parsed but no mapped fields found
HERB001915,枸杞子,ok_no_empty_fields,https://www.dayi.org.cn/cmedical/1114210.html,matched page but target columns already had values
HERB001918,狗肾,no_fields,https://www.dayi.org.cn/cmedical/1118054.html,detail page parsed but no mapped fields found
HERB001916,狗肉,no_fields,https://www.dayi.org.cn/cmedical/1118037.html,detail page parsed but no mapped fields found
HERB001921,构树白皮,not_found,,no exact cmedical result in search page
HERB001923,构树果,not_found,,no exact cmedical result in search page
HERB001922,构树根,not_found,,no exact cmedical result in search page
HERB001924,钩藤,ok_no_empty_fields,https://www.dayi.org.cn/cmedical/1155649.html,matched page but target columns already had values
HERB001929,钩枝藤,not_found,,no exact cmedical result in search page
HERB001930,钩状胡椒,not_found,,no exact cmedical result in search page
HERB001927,狗心,no_fields,https://www.dayi.org.cn/cmedical/1118132.html,detail page parsed but no mapped fields found
HERB001925,钩藤根,no_fields,https://www.dayi.org.cn/cmedical/1114142.html,detail page parsed but no mapped fields found
HERB001931,钩状胡椒,not_found,,no exact cmedical result in search page
HERB001932,钩状石斛,not_found,,no exact cmedical result in search page
HERB001936,鼓槌石斛,not_found,,no exact cmedical result in search page
HERB001935,古城玫瑰树,not_found,,no exact cmedical result in search page
HERB001934,古巴萝芙木,not_found,,no exact cmedical result in search page
HERB001940,古蔺雪丹,not_found,,no exact cmedical result in search page
HERB001939,谷壳,not_found,,no exact cmedical result in search page
HERB001938,谷精草,ok_no_empty_fields,https://www.dayi.org.cn/cmedical/1008535.html,matched page but target columns already had values
HERB001942,骨碎补,ok_no_empty_fields,https://www.dayi.org.cn/cmedical/1114253.html,matched page but target columns already had values
HERB001945,孤挺花,not_found,,no exact cmedical result in search page
HERB001944,孤挺花,not_found,,no exact cmedical result in search page
HERB001943,骨碎补毛,no_fields,https://www.dayi.org.cn/cmedical/1114171.html,detail page parsed but no mapped fields found
HERB001946,孤挺花杂交种,not_found,,no exact cmedical result in search page
HERB001951,挂金灯跟,not_found,,no exact cmedical result in search page
HERB001953,瓜篓皮,not_found,,no exact cmedical result in search page
HERB001949,瓜馥木,no_fields,https://www.dayi.org.cn/cmedical/1116887.html,detail page parsed but no mapped fields found
HERB001958,瓜叶乌头,not_found,,no exact cmedical result in search page
HERB001954,瓜篓子,not_found,,no exact cmedical result in search page
HERB001950,挂金灯,no_fields,https://www.dayi.org.cn/cmedical/301067.html,detail page parsed but no mapped fields found
HERB001955,栝楼茎叶,no_fields,https://www.dayi.org.cn/cmedical/301646.html,detail page parsed but no mapped fields found
HERB001964,观光木,not_found,,no exact cmedical result in search page
HERB001959,拐芹,no_fields,https://www.dayi.org.cn/cmedical/1116034.html,detail page parsed but no mapped fields found
HERB001965,管花党参,not_found,,no exact cmedical result in search page
HERB001967,管花秦艽,not_found,,no exact cmedical result in search page
HERB001968,管花肉苁蓉,not_found,,no exact cmedical result in search page
HERB001966,管花马兜铃,not_found,,no exact cmedical result in search page
HERB001969,关黄柏,no_fields,https://www.dayi.org.cn/cmedical/1155819.html,detail page parsed but no mapped fields found
HERB001973,灌木萝芙木,not_found,,no exact cmedical result in search page
HERB001971,灌木奥拓斯特草,not_found,,no exact cmedical result in search page
HERB001974,灌木天门冬,not_found,,no exact cmedical result in search page
HERB001972,灌木柴胡,not_found,,no exact cmedical result in search page
HERB001976,灌木文殊兰,not_found,,no exact cmedical result in search page
HERB001979,灌木状车轴草,not_found,,no exact cmedical result in search page
HERB001978,灌木远志,not_found,,no exact cmedical result in search page
HERB001975,关木通,not_found,,no exact cmedical result in search page
HERB001977,灌木亚菊,not_found,,no exact cmedical result in search page
HERB001984,观音草,not_found,,no exact cmedical result in search page
HERB001980,观赏獐牙菜,not_found,,no exact cmedical result in search page
HERB001982,贯叶连翘,ok_no_empty_fields,https://www.dayi.org.cn/cmedical/301081.html,matched page but target columns already had values
HERB001986,冠状沟轧花,not_found,,no exact cmedical result in search page
HERB001993,广地龙,not_found,,no exact cmedical result in search page
HERB001992,光慈姑,no_fields,https://www.dayi.org.cn/cmedical/1114220.html,detail page parsed but no mapped fields found
HERB001996,光萼猪屎豆,not_found,,no exact cmedical result in search page
HERB001999,光飞燕草,not_found,,no exact cmedical result in search page
HERB002001,光华当归,not_found,,no exact cmedical result in search page
HERB002000,光果甘草,not_found,,no exact cmedical result in search page
HERB001997,广防风,no_fields,https://www.dayi.org.cn/cmedical/1117283.html,detail page parsed but no mapped fields found
HERB002004,广藿香油,not_found,,no exact cmedical result in search page
HERB002003,广藿香叶,not_found,,no exact cmedical result in search page
HERB002005,光洁秋海棠,not_found,,no exact cmedical result in search page
HERB002008,光亮黄檀,not_found,,no exact cmedical result in search page
HERB002009,光亮假龙胆,not_found,,no exact cmedical result in search page
HERB002006,广金钱草,ok_no_empty_fields,https://www.dayi.org.cn/cmedical/301124.html,matched page but target columns already had values
HERB002010,光亮萝芙木,not_found,,no exact cmedical result in search page
HERB002011,光良石松,not_found,,no exact cmedical result in search page
HERB002013,光良远志,not_found,,no exact cmedical result in search page
HERB002014,广木香,not_found,,no exact cmedical result in search page
HERB002019,光头独活,not_found,,no exact cmedical result in search page
HERB002020,广西八角莲,not_found,,no exact cmedical result in search page
HERB002015,光囊紫柄蕨,not_found,,no exact cmedical result in search page
HERB002017,光石韦,no_fields,https://www.dayi.org.cn/cmedical/301100.html,detail page parsed but no mapped fields found
HERB002025,广西千户,not_found,,no exact cmedical result in search page
HERB002022,广西莪术,ok_no_empty_fields,https://www.dayi.org.cn/cmedical/301127.html,matched page but target columns already had values
HERB002026,广西石蒜,not_found,,no exact cmedical result in search page
HERB002024,广西美登木,no_fields,https://www.dayi.org.cn/cmedical/301134.html,detail page parsed but no mapped fields found
HERB002027,光药大黄花,not_found,,no exact cmedical result in search page
HERB002030,光叶丁公藤,not_found,,no exact cmedical result in search page
HERB002032,光叶决明,not_found,,no exact cmedical result in search page
HERB002029,光叶地不容,no_fields,https://www.dayi.org.cn/cmedical/301106.html,detail page parsed but no mapped fields found
HERB002031,光叶粉花绣线菊,not_found,,no exact cmedical result in search page
HERB002034,光叶蛇葡萄,not_found,,no exact cmedical result in search page
HERB002028,光叶巴豆,not_found,,no exact cmedical result in search page
HERB002036,光叶眼子菜,not_found,,no exact cmedical result in search page
HERB002037,光叶猪屎豆,not_found,,no exact cmedical result in search page
HERB002039,光叶紫玉盘,not_found,,no exact cmedical result in search page
HERB002038,光叶子花,not_found,,no exact cmedical result in search page
HERB002040,广枣,ok_no_empty_fields,https://www.dayi.org.cn/cmedical/301137.html,matched page but target columns already had values
HERB002042,光泽乌头,not_found,,no exact cmedical result in search page
HERB002045,龟板胶,not_found,,no exact cmedical result in search page
HERB002044,龟板,not_found,,no exact cmedical result in search page
HERB002050,龟甲,no_fields,https://www.dayi.org.cn/cmedical/1155654.html,detail page parsed but no mapped fields found
HERB002046,鬼灯笼,no_fields,https://www.dayi.org.cn/cmedical/1114233.html,detail page parsed but no mapped fields found
HERB002049,桂花,no_fields,https://www.dayi.org.cn/cmedical/301157.html,detail page parsed but no mapped fields found
HERB002054,鬼臼,no_fields,https://www.dayi.org.cn/cmedical/301147.html,detail page parsed but no mapped fields found
HERB002057,桂皮钓樟,not_found,,no exact cmedical result in search page
HERB002055,鬼毛针,no_fields,https://www.dayi.org.cn/cmedical/301149.html,detail page parsed but no mapped fields found
HERB002058,桂皮油,not_found,,no exact cmedical result in search page
HERB002059,圭亚那钩藤,not_found,,no exact cmedical result in search page
HERB002060,桧叶,not_found,,no exact cmedical result in search page
HERB002065,桂竹香,not_found,,no exact cmedical result in search page
HERB002062,桂枝,ok_no_empty_fields,https://www.dayi.org.cn/cmedical/301167.html,matched page but target columns already had values
HERB002063,贵州獐牙菜,no_fields,https://www.dayi.org.cn/cmedical/301155.html,detail page parsed but no mapped fields found
HERB002064,桂竹糖芥,no_fields,https://www.dayi.org.cn/cmedical/301168.html,detail page parsed but no mapped fields found
HERB002066,桂子,not_found,,no exact cmedical result in search page
HERB002069,果香菊,not_found,,no exact cmedical result in search page
HERB002073,哈市罗汉松,not_found,,no exact cmedical result in search page
HERB002068,过路黄,not_found,,no exact cmedical result in search page
HERB002072,蛤蟆油,no_fields,https://www.dayi.org.cn/cmedical/1155646.html,detail page parsed but no mapped fields found
HERB002075,哈市山梗菜,not_found,,no exact cmedical result in search page
HERB002076,海巴戟,not_found,,no exact cmedical result in search page
HERB002078,海滨柳穿鱼,not_found,,no exact cmedical result in search page
HERB002081,海葱,not_found,,no exact cmedical result in search page
HERB002079,海滨萝芙木,not_found,,no exact cmedical result in search page
HERB002084,海岛棉,not_found,,no exact cmedical result in search page
HERB002087,海风藤,ok_no_empty_fields,https://www.dayi.org.cn/cmedical/301169.html,matched page but target columns already had values
HERB002082,海带,no_fields,https://www.dayi.org.cn/cmedical/1114173.html,detail page parsed but no mapped fields found
HERB002086,孩儿参,not_found,,no exact cmedical result in search page
HERB002083,海带根,no_fields,https://www.dayi.org.cn/cmedical/1114176.html,detail page parsed but no mapped fields found
HERB002091,海龟,not_found,,no exact cmedical result in search page
HERB002090,海狗肾,no_fields,https://www.dayi.org.cn/cmedical/1155622.html,detail page parsed but no mapped fields found
HERB002088,海浮石,no_fields,https://www.dayi.org.cn/cmedical/1156351.html,detail page parsed but no mapped fields found
HERB002095,海韭菜,not_found,,no exact cmedical result in search page
HERB002097,海马,ok_no_empty_fields,https://www.dayi.org.cn/cmedical/1155623.html,matched page but target columns already had values
HERB002096,海龙,no_fields,https://www.dayi.org.cn/cmedical/1117881.html,detail page parsed but no mapped fields found
HERB002100,海南狗牙花,not_found,,no exact cmedical result in search page
HERB002099,海南哥纳香,not_found,,no exact cmedical result in search page
HERB002102,海南萝芙木,not_found,,no exact cmedical result in search page
HERB002101,海南樫木,not_found,,no exact cmedical result in search page
HERB002098,海南粗榧,no_fields,https://www.dayi.org.cn/cmedical/1115866.html,detail page parsed but no mapped fields found
HERB002104,海南青牛胆,not_found,,no exact cmedical result in search page
HERB002103,海南买麻藤,not_found,,no exact cmedical result in search page
HERB002107,海泥钩枝藤,not_found,,no exact cmedical result in search page
HERB002109,氦气,not_found,,no exact cmedical result in search page
HERB002106,海南野扇花,not_found,,no exact cmedical result in search page
HERB002110,海人草,not_found,,no exact cmedical result in search page
HERB002108,海螵蛸,ok_no_empty_fields,https://www.dayi.org.cn/cmedical/301171.html,matched page but target columns already had values
HERB002105,海南砂仁,no_fields,https://www.dayi.org.cn/cmedical/1114178.html,detail page parsed but no mapped fields found
HERB002114,海狮,not_found,,no exact cmedical result in search page
HERB002117,海棠果,not_found,,no exact cmedical result in search page
HERB002116,海松子,no_fields,https://www.dayi.org.cn/cmedical/1155862.html,detail page parsed but no mapped fields found
HERB002120,海豚鱼,not_found,,no exact cmedical result in search page
HERB002118,海桐,not_found,,no exact cmedical result in search page
HERB002119,海桐皮,ok_no_empty_fields,https://www.dayi.org.cn/cmedical/1114182.html,matched page but target columns already had values
HERB002125,海罂粟,not_found,,no exact cmedical result in search page
HERB002127,海州骨碎补,not_found,,no exact cmedical result in search page
HERB002129,汉城细辛,not_found,,no exact cmedical result in search page
HERB002133,旱麦瓶草,not_found,,no exact cmedical result in search page
HERB002130,汉防己,no_fields,https://www.dayi.org.cn/cmedical/1156182.html,detail page parsed but no mapped fields found
HERB002131,旱莲草,no_fields,https://www.dayi.org.cn/cmedical/1155714.html,detail page parsed but no mapped fields found
HERB002137,韩瑞五味子,not_found,,no exact cmedical result in search page
HERB002136,旱芹变种,not_found,,no exact cmedical result in search page
HERB002138,汉三七,not_found,,no exact cmedical result in search page
HERB002141,寒食,not_found,,no exact cmedical result in search page
HERB002139,旱生卷柏,not_found,,no exact cmedical result in search page
HERB002140,旱生香茶菜,not_found,,no exact cmedical result in search page
HERB002143,韩信草,not_found,,no exact cmedical result in search page
HERB002145,杭白芷,not_found,,no exact cmedical result in search page
HERB002146,杭矾,not_found,,no exact cmedical result in search page
HERB002148,杭芍,not_found,,no exact cmedical result in search page
HERB002144,含羞草,no_fields,https://www.dayi.org.cn/cmedical/1155756.html,detail page parsed but no mapped fields found
HERB002142,寒水石,no_fields,https://www.dayi.org.cn/cmedical/1155932.html,detail page parsed but no mapped fields found
HERB002147,杭菊,ok_no_empty_fields,https://www.dayi.org.cn/cmedical/1155665.html,matched page but target columns already had values
HERB002149,蒿本,not_found,,no exact cmedical result in search page
HERB002151,好望角罗汉松,not_found,,no exact cmedical result in search page
HERB002150,好望角芦荟,not_found,,no exact cmedical result in search page
HERB002154,河岸狗肝菜,not_found,,no exact cmedical result in search page
HERB002157,荷包地不容,not_found,,no exact cmedical result in search page
HERB002159,河北杨,not_found,,no exact cmedical result in search page
HERB002158,荷包牡丹根,no_fields,https://www.dayi.org.cn/cmedical/1114192.html,detail page parsed but no mapped fields found
HERB002160,和草香豌豆,not_found,,no exact cmedical result in search page
HERB002162,禾草叶佳贝防风,not_found,,no exact cmedical result in search page
HERB002165,河谷地不容,not_found,,no exact cmedical result in search page
HERB002166,核果粗榧,not_found,,no exact cmedical result in search page
HERB002164,荷梗,ok_no_empty_fields,https://www.dayi.org.cn/cmedical/1114212.html,matched page but target columns already had values
HERB002167,核果状补骨脂,not_found,,no exact cmedical result in search page
HERB002161,鹤草芽,ok_no_empty_fields,https://www.dayi.org.cn/cmedical/1116917.html,matched page but target columns already had values
HERB002169,荷花雪莲,not_found,,no exact cmedical result in search page
HERB002170,荷花延龄草,not_found,,no exact cmedical result in search page
HERB002171,荷花玉兰,not_found,,no exact cmedical result in search page
HERB002174,和卡尼亚黄杨,not_found,,no exact cmedical result in search page
HERB002173,合欢皮,ok_no_empty_fields,https://www.dayi.org.cn/cmedical/1114278.html,matched page but target columns already had values
HERB002175,荷兰种植番红花,not_found,,no exact cmedical result in search page
HERB002177,和木瓜,not_found,,no exact cmedical result in search page
HERB002180,褐绒盖牛肝菌,not_found,,no exact cmedical result in search page
HERB002178,河南唐松草,not_found,,no exact cmedical result in search page
HERB002184,鹤氏唐松草碱,not_found,,no exact cmedical result in search page
HERB002181,褐色钟花树,not_found,,no exact cmedical result in search page
HERB002182,鹤虱,no_fields,https://www.dayi.org.cn/cmedical/301179.html,detail page parsed but no mapped fields found
HERB002185,何首乌,ok_no_empty_fields,https://www.dayi.org.cn/cmedical/1114283.html,matched page but target columns already had values
HERB002186,河蒴荛花,not_found,,no exact cmedical result in search page
HERB002183,鹤虱风,no_fields,https://www.dayi.org.cn/cmedical/1114242.html,detail page parsed but no mapped fields found
HERB002190,河豚,no_fields,https://www.dayi.org.cn/cmedical/1117844.html,detail page parsed but no mapped fields found
HERB002198,黑百合,not_found,,no exact cmedical result in search page
HERB002194,诃子,ok_no_empty_fields,https://www.dayi.org.cn/cmedical/301176.html,matched page but target columns already had values
HERB002199,黑白简木,not_found,,no exact cmedical result in search page
HERB002200,黑茶表,not_found,,no exact cmedical result in search page
HERB002195,诃子核,no_fields,https://www.dayi.org.cn/cmedical/1114259.html,detail page parsed but no mapped fields found
HERB002205,黑醋,not_found,,no exact cmedical result in search page
HERB002204,黑磁石,not_found,,no exact cmedical result in search page
HERB002201,黑柴胡,not_found,,no exact cmedical result in search page
HERB002196,诃子叶,no_fields,https://www.dayi.org.cn/cmedical/1114263.html,detail page parsed but no mapped fields found
HERB002209,黑豆,no_fields,https://www.dayi.org.cn/cmedical/1155689.html,detail page parsed but no mapped fields found
HERB002206,黑大豆,no_fields,https://www.dayi.org.cn/cmedical/1114194.html,detail page parsed but no mapped fields found
HERB002207,黑大豆皮,no_fields,https://www.dayi.org.cn/cmedical/1114197.html,detail page parsed but no mapped fields found
HERB002208,黑大豆叶,no_fields,https://www.dayi.org.cn/cmedical/1114198.html,detail page parsed but no mapped fields found
HERB002211,黑杠柳?,not_found,,no exact cmedical result in search page
HERB002213,黑果黄皮,not_found,,no exact cmedical result in search page
HERB002214,黑果茜草,not_found,,no exact cmedical result in search page
HERB002212,黑果菝葜,not_found,,no exact cmedical result in search page
HERB002215,黑胡桃,not_found,,no exact cmedical result in search page
HERB002216,黑化无根藤,not_found,,no exact cmedical result in search page
HERB002217,黑化延命草,not_found,,no exact cmedical result in search page
HERB002218,黑姜,not_found,,no exact cmedical result in search page
HERB002220,黑桔梗兰,not_found,,no exact cmedical result in search page
HERB002221,黑荆树,not_found,,no exact cmedical result in search page
HERB002223,黑昆布,not_found,,no exact cmedical result in search page
HERB002226,黑曼巴,not_found,,no exact cmedical result in search page
HERB002222,黑壳楠,no_fields,https://www.dayi.org.cn/cmedical/1116050.html,detail page parsed but no mapped fields found
HERB002225,黑老虎根,no_fields,https://www.dayi.org.cn/cmedical/1155906.html,detail page parsed but no mapped fields found
HERB002229,黑毛石斛,not_found,,no exact cmedical result in search page
HERB002231,黑木金合欢,not_found,,no exact cmedical result in search page
HERB002233,黑色米皮糠,not_found,,no exact cmedical result in search page
HERB002235,黑水翠雀,not_found,,no exact cmedical result in search page
HERB002237,黑水缬草,not_found,,no exact cmedical result in search page
HERB002236,黑水翠雀,not_found,,no exact cmedical result in search page
HERB002234,黑石耳,no_fields,https://www.dayi.org.cn/cmedical/1116056.html,detail page parsed but no mapped fields found
HERB002238,黑水野罂粟,not_found,,no exact cmedical result in search page
HERB002241,黑岩蛇根草,not_found,,no exact cmedical result in search page
HERB002240,黑线条藤黄,not_found,,no exact cmedical result in search page
HERB002239,黑锡,no_fields,https://www.dayi.org.cn/cmedical/1156004.html,detail page parsed but no mapped fields found
HERB002244,黑子梨果寄生,not_found,,no exact cmedical result in search page
HERB002245,横根费菜,not_found,,no exact cmedical result in search page
HERB002250,草莓,no_fields,https://www.dayi.org.cn/cmedical/300164.html,detail page parsed but no mapped fields found
HERB002247,横沥地耳草,not_found,,no exact cmedical result in search page
HERB002253,红百合木,not_found,,no exact cmedical result in search page
HERB002254,红背山麻杆,not_found,,no exact cmedical result in search page
HERB002243,黑种草,ok_no_empty_fields,https://www.dayi.org.cn/cmedical/1116808.html,matched page but target columns already had values
HERB002255,红草,not_found,,no exact cmedical result in search page
HERB002257,红柴胡,not_found,,no exact cmedical result in search page
HERB002248,衡州乌药,no_fields,https://www.dayi.org.cn/cmedical/1114243.html,detail page parsed but no mapped fields found
HERB002256,荭草花,no_fields,https://www.dayi.org.cn/cmedical/1114257.html,detail page parsed but no mapped fields found
HERB002261,红大丽花,not_found,,no exact cmedical result in search page
HERB002267,红粉,not_found,,no exact cmedical result in search page
HERB002264,红豆杉,no_fields,https://www.dayi.org.cn/cmedical/1155758.html,detail page parsed but no mapped fields found
HERB002271,红果萝芙木,not_found,,no exact cmedical result in search page
HERB002270,红果樫木,not_found,,no exact cmedical result in search page
HERB002272,红海葱,not_found,,no exact cmedical result in search page
HERB002273,红海椒,not_found,,no exact cmedical result in search page
HERB002268,红根草,no_fields,https://www.dayi.org.cn/cmedical/1115561.html,detail page parsed but no mapped fields found
HERB002274,红海榄,not_found,,no exact cmedical result in search page
HERB002275,红旱莲,no_fields,https://www.dayi.org.cn/cmedical/1114273.html,detail page parsed but no mapped fields found
HERB002277,红花菜豆,not_found,,no exact cmedical result in search page
HERB002278,红花除虫菊,not_found,,no exact cmedical result in search page
HERB002281,红花鹿茸,not_found,,no exact cmedical result in search page
HERB002279,红花椒,not_found,,no exact cmedical result in search page
HERB002282,红花鹿蹄草,not_found,,no exact cmedical result in search page
HERB002286,红花槭,not_found,,no exact cmedical result in search page
HERB002285,红花皮,not_found,,no exact cmedical result in search page
HERB002287,红花蕊木,not_found,,no exact cmedical result in search page
HERB002288,红花五味子,not_found,,no exact cmedical result in search page
HERB002290,红茴香,not_found,,no exact cmedical result in search page
HERB002291,红鸡蛋花,not_found,,no exact cmedical result in search page
HERB002292,红荚蒾,not_found,,no exact cmedical result in search page
HERB002289,红花岩黄芪,no_fields,https://www.dayi.org.cn/cmedical/1115842.html,detail page parsed but no mapped fields found
HERB002295,红口水仙,not_found,,no exact cmedical result in search page
HERB002293,红剪秋罗,not_found,,no exact cmedical result in search page
HERB002296,红筷子,no_fields,https://www.dayi.org.cn/cmedical/1114286.html,detail page parsed but no mapped fields found
HERB002301,红毛五加皮,no_fields,https://www.dayi.org.cn/cmedical/301213.html,detail page parsed but no mapped fields found
HERB002298,洪连,no_fields,https://www.dayi.org.cn/cmedical/301268.html,detail page parsed but no mapped fields found
HERB002303,红木,not_found,,no exact cmedical result in search page
HERB002305,红南皮,not_found,,no exact cmedical result in search page
HERB002302,红毛野海棠,no_fields,https://www.dayi.org.cn/cmedical/301214.html,detail page parsed but no mapped fields found
HERB002307,红牛毛刺根,not_found,,no exact cmedical result in search page
HERB002308,红皮云杉,ok_no_empty_fields,https://www.dayi.org.cn/cmedical/1116631.html,matched page but target columns already had values
HERB002312,红茄苳果,not_found,,no exact cmedical result in search page
HERB002310,红七叶树,not_found,,no exact cmedical result in search page
HERB002311,红前胡,not_found,,no exact cmedical result in search page
HERB002313,红球姜,not_found,,no exact cmedical result in search page
HERB002317,红三叶草,not_found,,no exact cmedical result in search page
HERB002309,红芪,no_fields,https://www.dayi.org.cn/cmedical/1155786.html,detail page parsed but no mapped fields found
HERB002318,红色金鸡纳树,not_found,,no exact cmedical result in search page
HERB002320,红十二,not_found,,no exact cmedical result in search page
HERB002322,红薯,not_found,,no exact cmedical result in search page
HERB002321,红石仙桃,not_found,,no exact cmedical result in search page
HERB002323,红栓菌,not_found,,no exact cmedical result in search page
HERB002325,红松,not_found,,no exact cmedical result in search page
HERB002327,宏伟酸脚杆,not_found,,no exact cmedical result in search page
HERB002328,红纹马先蒿,not_found,,no exact cmedical result in search page
HERB002331,红枣,not_found,,no exact cmedical result in search page
HERB002329,红芽大戟,not_found,,no exact cmedical result in search page
HERB002326,红头草,no_fields,https://www.dayi.org.cn/cmedical/1114295.html,detail page parsed but no mapped fields found
HERB002330,红缘层孔菌,no_fields,https://www.dayi.org.cn/cmedical/301259.html,detail page parsed but no mapped fields found
HERB002334,红足蒿,not_found,,no exact cmedical result in search page
HERB002336,厚壳桂,not_found,,no exact cmedical result in search page
HERB002337,厚皮花椒,not_found,,no exact cmedical result in search page
HERB002333,红直獐牙菜,no_fields,https://www.dayi.org.cn/cmedical/301264.html,detail page parsed but no mapped fields found
HERB002338,厚皮树,no_fields,https://www.dayi.org.cn/cmedical/1114302.html,detail page parsed but no mapped fields found
HERB002341,厚朴子,no_fields,https://www.dayi.org.cn/cmedical/1114303.html,detail page parsed but no mapped fields found
HERB002345,猴头菇,not_found,,no exact cmedical result in search page
HERB002348,后夜钩藤,not_found,,no exact cmedical result in search page
HERB002350,厚叶岩白菜,not_found,,no exact cmedical result in search page
HERB002346,猴头菌,no_fields,https://www.dayi.org.cn/cmedical/1115613.html,detail page parsed but no mapped fields found
HERB002354,湖北瓜蒌,not_found,,no exact cmedical result in search page
HERB002355,湖北瓜蒌,not_found,,no exact cmedical result in search page
HERB002357,湖北山麦冬,not_found,,no exact cmedical result in search page
HERB002353,湖北贝母,no_fields,https://www.dayi.org.cn/cmedical/301272.html,detail page parsed but no mapped fields found
HERB002356,湖北黄精,not_found,,no exact cmedical result in search page
HERB002358,湖北山楂,not_found,,no exact cmedical result in search page
HERB002359,湖北十大功劳,not_found,,no exact cmedical result in search page
HERB002361,虎刺楤木,not_found,,no exact cmedical result in search page
HERB002364,蝴蝶花豆,not_found,,no exact cmedical result in search page
HERB002366,虎耳草叶茴芹,not_found,,no exact cmedical result in search page
HERB002368,瓠瓜,not_found,,no exact cmedical result in search page
HERB002373,黄瓜,no_fields,https://www.dayi.org.cn/cmedical/1114328.html,detail page parsed but no mapped fields found
HERB002374,狐狸,not_found,,no exact cmedical result in search page
HERB002372,胡椒花椒,not_found,,no exact cmedical result in search page
HERB002370,槲寄生,ok_no_empty_fields,https://www.dayi.org.cn/cmedical/301273.html,matched page but target columns already had values
HERB002371,胡椒,ok_no_empty_fields,https://www.dayi.org.cn/cmedical/301270.html,matched page but target columns already had values
HERB002379,葫芦七变种,not_found,,no exact cmedical result in search page
HERB002375,葫芦,no_fields,https://www.dayi.org.cn/cmedical/1114444.html,detail page parsed but no mapped fields found
HERB002377,葫芦茶,no_fields,https://www.dayi.org.cn/cmedical/1155817.html,detail page parsed but no mapped fields found
HERB002382,胡麻根,not_found,,no exact cmedical result in search page
HERB002381,胡萝卜子,ok_no_empty_fields,https://www.dayi.org.cn/cmedical/1114454.html,matched page but target columns already had values
HERB002380,胡萝卜,no_fields,https://www.dayi.org.cn/cmedical/1114446.html,detail page parsed but no mapped fields found
HERB002387,互生红景天,not_found,,no exact cmedical result in search page
HERB002384,胡麻叶,no_fields,https://www.dayi.org.cn/cmedical/1114451.html,detail page parsed but no mapped fields found
HERB002386,虎舌红,not_found,,no exact cmedical result in search page
HERB002385,琥珀,ok_no_empty_fields,https://www.dayi.org.cn/cmedical/1114398.html,matched page but target columns already had values
HERB002388,互生叶白千层,not_found,,no exact cmedical result in search page
HERB002389,互生叶叶决明,not_found,,no exact cmedical result in search page
HERB002392,胡桃根,no_fields,https://www.dayi.org.cn/cmedical/1114466.html,detail page parsed but no mapped fields found
HERB002390,胡荽,no_fields,https://www.dayi.org.cn/cmedical/301271.html,detail page parsed but no mapped fields found
HERB002391,胡荽子,no_fields,https://www.dayi.org.cn/cmedical/1114465.html,detail page parsed but no mapped fields found
HERB002394,胡桃壳,no_fields,https://www.dayi.org.cn/cmedical/1114467.html,detail page parsed but no mapped fields found
HERB002393,胡桃花,no_fields,https://www.dayi.org.cn/cmedical/1114468.html,detail page parsed but no mapped fields found
HERB002395,胡桃青皮,no_fields,https://www.dayi.org.cn/cmedical/1114469.html,detail page parsed but no mapped fields found
HERB002397,胡桃仁,no_fields,https://www.dayi.org.cn/cmedical/1114474.html,detail page parsed but no mapped fields found
HERB002398,胡桃树皮,no_fields,https://www.dayi.org.cn/cmedical/1114471.html,detail page parsed but no mapped fields found
HERB002400,胡桃油,no_fields,https://www.dayi.org.cn/cmedical/1114473.html,detail page parsed but no mapped fields found
HERB002403,虎眼万年青,not_found,,no exact cmedical result in search page
HERB002401,胡桃枝,no_fields,https://www.dayi.org.cn/cmedical/1114475.html,detail page parsed but no mapped fields found
HERB002405,虎杖,ok_no_empty_fields,https://www.dayi.org.cn/cmedical/301276.html,matched page but target columns already had values
HERB002409,花白蜡树,not_found,,no exact cmedical result in search page
HERB002407,虎杖叶,no_fields,https://www.dayi.org.cn/cmedical/1114492.html,detail page parsed but no mapped fields found
HERB002414,花重楼,not_found,,no exact cmedical result in search page
HERB002413,花茶表,not_found,,no exact cmedical result in search page
HERB002412,华北蓝盆花,not_found,,no exact cmedical result in search page
HERB002411,华北白前,not_found,,no exact cmedical result in search page
HERB002416,华东蓝刺头,not_found,,no exact cmedical result in search page
HERB002415,华东椴,not_found,,no exact cmedical result in search page
HERB002418,花粉,not_found,,no exact cmedical result in search page
HERB002417,华东唐松草,not_found,,no exact cmedical result in search page
HERB002420,华钩藤,not_found,,no exact cmedical result in search page
HERB002422,华鬼臼,not_found,,no exact cmedical result in search page
HERB002421,花冠银莲花,not_found,,no exact cmedical result in search page
HERB002423,桦褐孔菌,not_found,,no exact cmedical result in search page
HERB002429,华丽蛇鞭菊,not_found,,no exact cmedical result in search page
HERB002424,花椒,ok_no_empty_fields,https://www.dayi.org.cn/cmedical/301277.html,matched page but target columns already had values
HERB002430,花菱草,not_found,,no exact cmedical result in search page
HERB002425,花椒根,no_fields,https://www.dayi.org.cn/cmedical/1114317.html,detail page parsed but no mapped fields found
HERB002427,化金丹,no_fields,https://www.dayi.org.cn/cmedical/301292.html,detail page parsed but no mapped fields found
HERB002433,华南功劳木,not_found,,no exact cmedical result in search page
HERB002434,华南功劳叶,not_found,,no exact cmedical result in search page
HERB002435,华南功劳子,not_found,,no exact cmedical result in search page
HERB002436,华南鹤虱,not_found,,no exact cmedical result in search page
HERB002437,华南马尾杉,not_found,,no exact cmedical result in search page
HERB002440,华南吴茱萸,not_found,,no exact cmedical result in search page
HERB002438,华南猕猴桃,not_found,,no exact cmedical result in search page
HERB002439,华南忍冬,not_found,,no exact cmedical result in search page
HERB002441,华南皂荚,no_fields,https://www.dayi.org.cn/cmedical/1115750.html,detail page parsed but no mapped fields found
HERB002444,华桑,not_found,,no exact cmedical result in search page
HERB002447,华山松,not_found,,no exact cmedical result in search page
HERB002445,华山矾,no_fields,https://www.dayi.org.cn/cmedical/1114408.html,detail page parsed but no mapped fields found
HERB002446,华山参,no_fields,https://www.dayi.org.cn/cmedical/301281.html,detail page parsed but no mapped fields found
HERB002450,滑石,no_fields,https://www.dayi.org.cn/cmedical/1155770.html,detail page parsed but no mapped fields found
HERB002451,滑石粉,no_fields,https://www.dayi.org.cn/cmedical/1155767.html,detail page parsed but no mapped fields found
HERB002455,华西贝母,not_found,,no exact cmedical result in search page
HERB002453,花唐松草,no_fields,https://www.dayi.org.cn/cmedical/1117114.html,detail page parsed but no mapped fields found
HERB002454,花桃树,not_found,,no exact cmedical result in search page
HERB002459,花序梗百脉根,not_found,,no exact cmedical result in search page
HERB002460,花椰菜,not_found,,no exact cmedical result in search page
HERB002464,华中前胡,not_found,,no exact cmedical result in search page
HERB002461,花叶假杜鹃,no_fields,https://www.dayi.org.cn/cmedical/1114414.html,detail page parsed but no mapped fields found
HERB002463,华中瘤足蕨,no_fields,https://www.dayi.org.cn/cmedical/301286.html,detail page parsed but no mapped fields found
HERB002470,槐耳,no_fields,https://www.dayi.org.cn/cmedical/1114330.html,detail page parsed but no mapped fields found
HERB002476,淮山药,not_found,,no exact cmedical result in search page
HERB002475,怀牛膝,no_fields,https://www.dayi.org.cn/cmedical/1155949.html,detail page parsed but no mapped fields found
HERB002484,黄百合,not_found,,no exact cmedical result in search page
HERB002481,鲩鱼,no_fields,https://www.dayi.org.cn/cmedical/1118071.html,detail page parsed but no mapped fields found
HERB002482,换装金丝桃?,not_found,,no exact cmedical result in search page
HERB002483,黄柏,ok_no_empty_fields,https://www.dayi.org.cn/cmedical/301314.html,matched page but target columns already had values
HERB002486,黄白糖芥,not_found,,no exact cmedical result in search page
HERB002485,黄白红谷,not_found,,no exact cmedical result in search page
HERB002487,黄蘗,not_found,,no exact cmedical result in search page
HERB002490,黄菠萝果,not_found,,no exact cmedical result in search page
HERB002491,黄蝉,not_found,,no exact cmedical result in search page
HERB002492,黄菖蒲,not_found,,no exact cmedical result in search page
HERB002494,黄甘草,not_found,,no exact cmedical result in search page
HERB002498,黄瓜,no_fields,https://www.dayi.org.cn/cmedical/1114328.html,detail page parsed but no mapped fields found
HERB002493,黄大豆,no_fields,https://www.dayi.org.cn/cmedical/301328.html,detail page parsed but no mapped fields found
HERB002495,黄根姜黄,not_found,,no exact cmedical result in search page
HERB002496,黄根树,not_found,,no exact cmedical result in search page
HERB002499,黄瓜根,no_fields,https://www.dayi.org.cn/cmedical/1114329.html,detail page parsed but no mapped fields found
HERB002497,黄狗肾,no_fields,https://www.dayi.org.cn/cmedical/1156040.html,detail page parsed but no mapped fields found
HERB002503,黄海棠,not_found,,no exact cmedical result in search page
HERB002506,黄褐毛忍冬,not_found,,no exact cmedical result in search page
HERB002502,黄果茄,no_fields,https://www.dayi.org.cn/cmedical/301338.html,detail page parsed but no mapped fields found
HERB002504,黄海罂粟,not_found,,no exact cmedical result in search page
HERB002508,黄花败酱,not_found,,no exact cmedical result in search page
HERB002505,黄蒿,not_found,,no exact cmedical result in search page
HERB002511,黄花草,not_found,,no exact cmedical result in search page
HERB002513,黄花儿柳,not_found,,no exact cmedical result in search page
HERB002514,黄花海罂粟,not_found,,no exact cmedical result in search page
HERB002512,黄花地丁,ok_no_empty_fields,https://www.dayi.org.cn/cmedical/1114333.html,matched page but target columns already had values
HERB002516,黄花蒿子,no_fields,https://www.dayi.org.cn/cmedical/1114335.html,detail page parsed but no mapped fields found
HERB002518,黄花九轮草,not_found,,no exact cmedical result in search page
HERB002522,黄花乌头,not_found,,no exact cmedical result in search page
HERB002523,黄花香茶菜,no_fields,https://www.dayi.org.cn/cmedical/301366.html,detail page parsed but no mapped fields found
HERB002524,黄花烟草,not_found,,no exact cmedical result in search page
HERB002526,黄花子,not_found,,no exact cmedical result in search page
HERB002521,黄花鼠尾草,no_fields,https://www.dayi.org.cn/cmedical/301363.html,detail page parsed but no mapped fields found
HERB002527,黄精种子,not_found,,no exact cmedical result in search page
HERB002530,黄金,not_found,,no exact cmedical result in search page
HERB002528,皇家海罂粟,not_found,,no exact cmedical result in search page
HERB002532,黄金古草,not_found,,no exact cmedical result in search page
HERB002535,黄精根,not_found,,no exact cmedical result in search page
HERB002533,黄金树,not_found,,no exact cmedical result in search page
HERB002529,黄接骨丹,no_fields,https://www.dayi.org.cn/cmedical/301374.html,detail page parsed but no mapped fields found
HERB002534,黄精,ok_no_empty_fields,https://www.dayi.org.cn/cmedical/301383.html,matched page but target columns already had values
HERB002536,黄精叶,not_found,,no exact cmedical result in search page
HERB002537,黄精枝,not_found,,no exact cmedical result in search page
HERB002540,黄连,ok_no_empty_fields,https://www.dayi.org.cn/cmedical/301392.html,matched page but target columns already had values
HERB002541,黄莲花,no_fields,https://www.dayi.org.cn/cmedical/301393.html,detail page parsed but no mapped fields found
HERB002542,黄连芽,not_found,,no exact cmedical result in search page
HERB002538,黄酒,no_fields,https://www.dayi.org.cn/cmedical/1156215.html,detail page parsed but no mapped fields found
HERB002543,黄苓,not_found,,no exact cmedical result in search page
HERB002544,黄龙胆,not_found,,no exact cmedical result in search page
HERB002549,黄毛楤木,not_found,,no exact cmedical result in search page
HERB002548,黄麻子,no_fields,https://www.dayi.org.cn/cmedical/1114352.html,detail page parsed but no mapped fields found
HERB002550,黄毛茛,not_found,,no exact cmedical result in search page
HERB002546,黄栌枝叶,no_fields,https://www.dayi.org.cn/cmedical/1114346.html,detail page parsed but no mapped fields found
HERB002551,黄毛鳞毛蕨,not_found,,no exact cmedical result in search page
HERB002552,黄毛乌头,not_found,,no exact cmedical result in search page
HERB002557,黄皮树,not_found,,no exact cmedical result in search page
HERB002553,黄缅桂,no_fields,https://www.dayi.org.cn/cmedical/1114362.html,detail page parsed but no mapped fields found
HERB002555,黄牛木,not_found,,no exact cmedical result in search page
HERB002562,黄鞘蕊花,not_found,,no exact cmedical result in search page
HERB002559,黄瓶子草,not_found,,no exact cmedical result in search page
HERB002556,黄皮根,no_fields,https://www.dayi.org.cn/cmedical/1114356.html,detail page parsed but no mapped fields found
HERB002560,黄芪,ok_no_empty_fields,https://www.dayi.org.cn/cmedical/1114361.html,matched page but target columns already had values
HERB002564,黄芩甙,not_found,,no exact cmedical result in search page
HERB002565,黄芪胶,not_found,,no exact cmedical result in search page
HERB002563,黄芩,ok_no_empty_fields,https://www.dayi.org.cn/cmedical/301398.html,matched page but target columns already had values
HERB002567,黄赛金莲木,not_found,,no exact cmedical result in search page
HERB002569,黄色奥丁草,not_found,,no exact cmedical result in search page
HERB002571,黄色千里光,not_found,,no exact cmedical result in search page
HERB002566,黄芩子,no_fields,https://www.dayi.org.cn/cmedical/1114374.html,detail page parsed but no mapped fields found
HERB002578,黄唐松草,not_found,,no exact cmedical result in search page
HERB002576,黄水仙,not_found,,no exact cmedical result in search page
HERB002575,黄水晶兰,not_found,,no exact cmedical result in search page
HERB002581,黄乌头,not_found,,no exact cmedical result in search page
HERB002585,黄烟木,not_found,,no exact cmedical result in search page
HERB002589,黄杨叶木瓣树,not_found,,no exact cmedical result in search page
HERB002587,黄杨小檗,not_found,,no exact cmedical result in search page
HERB002590,黄药,not_found,,no exact cmedical result in search page
HERB002586,黄杨木叶,no_fields,https://www.dayi.org.cn/cmedical/1114403.html,detail page parsed but no mapped fields found
HERB002592,黄叶地不容,not_found,,no exact cmedical result in search page
HERB002594,黄叶槐,not_found,,no exact cmedical result in search page
HERB002593,黄叶毒性菜,not_found,,no exact cmedical result in search page
HERB002595,黄硬皮马勃,not_found,,no exact cmedical result in search page
HERB002600,灰白独活,not_found,,no exact cmedical result in search page
HERB002602,灰白毛萝芙木,not_found,,no exact cmedical result in search page
HERB002607,灰白益母草,not_found,,no exact cmedical result in search page
HERB002596,黄羽扇豆,not_found,,no exact cmedical result in search page
HERB002604,灰白实参,not_found,,no exact cmedical result in search page
HERB002605,灰白向日葵,not_found,,no exact cmedical result in search page
HERB002610,喙果绞股蓝,not_found,,no exact cmedical result in search page
HERB002612,灰胡桃,not_found,,no exact cmedical result in search page
HERB002615,回回苏,not_found,,no exact cmedical result in search page
HERB002617,回回苏叶,not_found,,no exact cmedical result in search page
HERB002616,回回苏梗,not_found,,no exact cmedical result in search page
HERB002622,茴芹,not_found,,no exact cmedical result in search page
HERB002611,蛔蒿,not_found,,no exact cmedical result in search page
HERB002614,回回豆,no_fields,https://www.dayi.org.cn/cmedical/1114433.html,detail page parsed but no mapped fields found
HERB002624,惠特克茅膏菜,not_found,,no exact cmedical result in search page
HERB002623,灰色欧石楠,not_found,,no exact cmedical result in search page
HERB002628,茴香根茎叶,not_found,,no exact cmedical result in search page
HERB002625,茴香,ok_no_empty_fields,https://www.dayi.org.cn/cmedical/1114442.html,matched page but target columns already had values
HERB002631,灰叶杜茎山,not_found,,no exact cmedical result in search page
HERB002634,灰毡毛忍冬,not_found,,no exact cmedical result in search page
HERB002635,喙柱牛奶菜,not_found,,no exact cmedical result in search page
HERB002641,火山岩草胡椒,not_found,,no exact cmedical result in search page
HERB002632,灰叶根,no_fields,https://www.dayi.org.cn/cmedical/1114441.html,detail page parsed but no mapped fields found
HERB002642,火索麻,no_fields,https://www.dayi.org.cn/cmedical/1114455.html,detail page parsed but no mapped fields found
HERB002644,霍香,not_found,,no exact cmedical result in search page
HERB002646,霍香叶,not_found,,no exact cmedical result in search page
HERB002648,火焰花,not_found,,no exact cmedical result in search page
HERB002647,藿香叶绿绒蒿,not_found,,no exact cmedical result in search page
HERB002649,火殃勒,not_found,,no exact cmedical result in search page
HERB002653,集安红参,not_found,,no exact cmedical result in search page
HERB002645,藿香根,no_fields,https://www.dayi.org.cn/cmedical/1114457.html,detail page parsed but no mapped fields found
HERB002659,鸡肠狼毒,not_found,,no exact cmedical result in search page
HERB002657,荠菜子,no_fields,https://www.dayi.org.cn/cmedical/302766.html,detail page parsed but no mapped fields found
HERB002656,荠菜花,no_fields,https://www.dayi.org.cn/cmedical/302765.html,detail page parsed but no mapped fields found
HERB002655,荠菜,no_fields,https://www.dayi.org.cn/cmedical/1114425.html,detail page parsed but no mapped fields found
HERB002661,鸡胆,no_fields,https://www.dayi.org.cn/cmedical/1118028.html,detail page parsed but no mapped fields found
HERB002662,鸡蛋果,no_fields,https://www.dayi.org.cn/cmedical/1115548.html,detail page parsed but no mapped fields found
HERB002664,积甘草,not_found,,no exact cmedical result in search page
HERB002666,鸡冠刺桐,not_found,,no exact cmedical result in search page
HERB002660,棘刺花,no_fields,https://www.dayi.org.cn/cmedical/1114559.html,detail page parsed but no mapped fields found
HERB002665,鸡骨草,no_fields,https://www.dayi.org.cn/cmedical/301409.html,detail page parsed but no mapped fields found
HERB002678,鸡冠刺桐,not_found,,no exact cmedical result in search page
HERB002674,基建龙舌兰,not_found,,no exact cmedical result in search page
HERB002667,鸡冠花,no_fields,https://www.dayi.org.cn/cmedical/301411.html,detail page parsed but no mapped fields found
HERB002668,鸡冠苗,no_fields,https://www.dayi.org.cn/cmedical/1114582.html,detail page parsed but no mapped fields found
HERB002669,鸡冠子,no_fields,https://www.dayi.org.cn/cmedical/1114583.html,detail page parsed but no mapped fields found
HERB002684,吉林延龄草,not_found,,no exact cmedical result in search page
HERB002679,蒺藜,no_fields,https://www.dayi.org.cn/cmedical/1114437.html,detail page parsed but no mapped fields found
HERB002686,鸡毛松,not_found,,no exact cmedical result in search page
HERB002683,吉林乌头,no_fields,https://www.dayi.org.cn/cmedical/1115857.html,detail page parsed but no mapped fields found
HERB002685,鸡毛菜,no_fields,https://www.dayi.org.cn/cmedical/1116006.html,detail page parsed but no mapped fields found
HERB002681,蒺藜苗,no_fields,https://www.dayi.org.cn/cmedical/1114590.html,detail page parsed but no mapped fields found
HERB002691,几内亚斑鸠菊,not_found,,no exact cmedical result in search page
HERB002693,几内亚胡椒,not_found,,no exact cmedical result in search page
HERB002688,继木,not_found,,no exact cmedical result in search page
HERB002692,几内亚格木,not_found,,no exact cmedical result in search page
HERB002690,鸡内金,no_fields,https://www.dayi.org.cn/cmedical/301412.html,detail page parsed but no mapped fields found
HERB002698,即食芦荟,not_found,,no exact cmedical result in search page
HERB002697,吉氏红景天,not_found,,no exact cmedical result in search page
HERB002695,鸡肉,no_fields,https://www.dayi.org.cn/cmedical/1118042.html,detail page parsed but no mapped fields found
HERB002699,鸡矢藤,no_fields,https://www.dayi.org.cn/cmedical/301415.html,detail page parsed but no mapped fields found
HERB002701,鸡矢藤果,not_found,,no exact cmedical result in search page
HERB002703,鸡胎,not_found,,no exact cmedical result in search page
HERB002700,鸡矢藤,no_fields,https://www.dayi.org.cn/cmedical/301415.html,detail page parsed but no mapped fields found
HERB002702,鸡嗉子,no_fields,https://www.dayi.org.cn/cmedical/1114678.html,detail page parsed but no mapped fields found
HERB002713,积雪草,no_fields,https://www.dayi.org.cn/cmedical/301417.html,detail page parsed but no mapped fields found
HERB002714,鸡血藤,no_fields,https://www.dayi.org.cn/cmedical/301416.html,detail page parsed but no mapped fields found
HERB002704,鸡娃草,no_fields,https://www.dayi.org.cn/cmedical/1114693.html,detail page parsed but no mapped fields found
HERB002706,吉祥草,no_fields,https://www.dayi.org.cn/cmedical/1114694.html,detail page parsed but no mapped fields found
HERB002715,鸡血藤根,not_found,,no exact cmedical result in search page
HERB002718,戟叶马鞭草,not_found,,no exact cmedical result in search page
HERB002716,鸡眼草,no_fields,https://www.dayi.org.cn/cmedical/1114489.html,detail page parsed but no mapped fields found
HERB002720,戟叶鼠尾草,not_found,,no exact cmedical result in search page
HERB002717,棘叶,no_fields,https://www.dayi.org.cn/cmedical/1114700.html,detail page parsed but no mapped fields found
HERB002719,蕺叶秋海棠,no_fields,https://www.dayi.org.cn/cmedical/1115680.html,detail page parsed but no mapped fields found
HERB002721,戟叶酸模,not_found,,no exact cmedical result in search page
HERB002723,鲫鱼胆,no_fields,https://www.dayi.org.cn/cmedical/1118060.html,detail page parsed but no mapped fields found
HERB002725,棘针,no_fields,https://www.dayi.org.cn/cmedical/1114704.html,detail page parsed but no mapped fields found
HERB002729,鸡子木,not_found,,no exact cmedical result in search page
HERB002727,鸡子黄,no_fields,https://www.dayi.org.cn/cmedical/1118031.html,detail page parsed but no mapped fields found
HERB002726,鸡子白,no_fields,https://www.dayi.org.cn/cmedical/1118035.html,detail page parsed but no mapped fields found
HERB002730,鸡纵,not_found,,no exact cmedical result in search page
HERB002728,鸡子壳,no_fields,https://www.dayi.org.cn/cmedical/1118032.html,detail page parsed but no mapped fields found
HERB002734,假单胞菌洋槐,not_found,,no exact cmedical result in search page
HERB002735,假地胆草,not_found,,no exact cmedical result in search page
HERB002732,假贝母,not_found,,no exact cmedical result in search page
HERB002736,假地枫皮,not_found,,no exact cmedical result in search page
HERB002731,假百合,no_fields,https://www.dayi.org.cn/cmedical/1114496.html,detail page parsed but no mapped fields found
HERB002737,佳东方千里光,not_found,,no exact cmedical result in search page
HERB002740,茄根,not_found,,no exact cmedical result in search page
HERB002742,假黄花远志,not_found,,no exact cmedical result in search page
HERB002743,加灰色九里香婆婆纳,not_found,,no exact cmedical result in search page
HERB002751,甲类决明,not_found,,no exact cmedical result in search page
HERB002753,假连翘叶,not_found,,no exact cmedical result in search page
HERB002752,假连翘,not_found,,no exact cmedical result in search page
HERB002745,假荆芥,no_fields,https://www.dayi.org.cn/cmedical/1114513.html,detail page parsed but no mapped fields found
HERB002754,假马鞭,not_found,,no exact cmedical result in search page
HERB002748,假苦瓜,no_fields,https://www.dayi.org.cn/cmedical/1114506.html,detail page parsed but no mapped fields found
HERB002760,加拿大包春香,not_found,,no exact cmedical result in search page
HERB002759,假木豆,not_found,,no exact cmedical result in search page
HERB002755,假马齿苋,not_found,,no exact cmedical result in search page
HERB002761,加拿大苍耳,not_found,,no exact cmedical result in search page
HERB002762,加拿大红豆杉,not_found,,no exact cmedical result in search page
HERB002763,加拿大黄芪,not_found,,no exact cmedical result in search page
HERB002767,加纳利美登木,not_found,,no exact cmedical result in search page
HERB002765,加拿大细辛,not_found,,no exact cmedical result in search page
HERB002769,加蓬紫玉盘,not_found,,no exact cmedical result in search page
HERB002768,加拿利鼠尾草,not_found,,no exact cmedical result in search page
HERB002772,假酸浆,not_found,,no exact cmedical result in search page
HERB002771,假水仙,not_found,,no exact cmedical result in search page
HERB002770,假山胡椒,not_found,,no exact cmedical result in search page
HERB002773,假乌头,not_found,,no exact cmedical result in search page
HERB002774,假细锥香茶菜,not_found,,no exact cmedical result in search page
HERB002776,假叶树,not_found,,no exact cmedical result in search page
HERB002777,假鹰爪,not_found,,no exact cmedical result in search page
HERB002779,假泽兰,not_found,,no exact cmedical result in search page
HERB002780,加州藜芦,not_found,,no exact cmedical result in search page
HERB002781,加州七叶树,not_found,,no exact cmedical result in search page
HERB002783,加州夏腊梅,not_found,,no exact cmedical result in search page
HERB002786,夹竹桃麻,not_found,,no exact cmedical result in search page
HERB002791,假地枫皮,not_found,,no exact cmedical result in search page
HERB002787,加紫草,not_found,,no exact cmedical result in search page
HERB002785,夹竹桃,no_fields,https://www.dayi.org.cn/cmedical/1114557.html,detail page parsed but no mapped fields found
HERB002788,假总状花序山小橘,not_found,,no exact cmedical result in search page
HERB002794,尖海龙,not_found,,no exact cmedical result in search page
HERB002792,箭杆杨,not_found,,no exact cmedical result in search page
HERB002800,剑麻,not_found,,no exact cmedical result in search page
HERB002793,箭根薯,not_found,,no exact cmedical result in search page
HERB002798,尖距紫堇,not_found,,no exact cmedical result in search page
HERB002796,渐尖木兰,not_found,,no exact cmedical result in search page
HERB002790,剪灯芯草,not_found,,no exact cmedical result in search page
HERB002803,剪秋罗毛蕊花,not_found,,no exact cmedical result in search page
HERB002805,尖锐毛茶,not_found,,no exact cmedical result in search page
HERB002808,尖尾芋,not_found,,no exact cmedical result in search page
HERB002810,嘉兴烟草,not_found,,no exact cmedical result in search page
HERB002804,建曲,no_fields,https://www.dayi.org.cn/cmedical/1156061.html,detail page parsed but no mapped fields found
HERB002814,尖叶梣,not_found,,no exact cmedical result in search page
HERB002811,见血封喉,not_found,,no exact cmedical result in search page
HERB002817,剑叶龙血树,not_found,,no exact cmedical result in search page
HERB002815,尖叶番泻叶,not_found,,no exact cmedical result in search page
HERB002816,尖叶花椒,not_found,,no exact cmedical result in search page
HERB002820,尖叶唐松草,not_found,,no exact cmedical result in search page
HERB002818,尖叶清风藤,not_found,,no exact cmedical result in search page
HERB002812,见血清,no_fields,https://www.dayi.org.cn/cmedical/1155802.html,detail page parsed but no mapped fields found
HERB002819,尖叶十大功劳,not_found,,no exact cmedical result in search page
HERB002825,尖叶芸香草,not_found,,no exact cmedical result in search page
HERB002824,箭叶淫羊藿,not_found,,no exact cmedical result in search page
HERB002823,尖叶叶下珠,not_found,,no exact cmedical result in search page
HERB002827,剑影柴胡,not_found,,no exact cmedical result in search page
HERB002830,箭紫苏,not_found,,no exact cmedical result in search page
HERB002831,箭紫苏叶,not_found,,no exact cmedical result in search page
HERB002821,剑叶铁树叶,no_fields,https://www.dayi.org.cn/cmedical/1114550.html,detail page parsed but no mapped fields found
HERB002828,坚硬悬钩子,not_found,,no exact cmedical result in search page
HERB002832,尖子玉盘,not_found,,no exact cmedical result in search page
HERB002839,浆果紫杉,not_found,,no exact cmedical result in search page
HERB002838,浆果苋,no_fields,https://www.dayi.org.cn/cmedical/1117270.html,detail page parsed but no mapped fields found
HERB002836,豇豆,no_fields,https://www.dayi.org.cn/cmedical/1114523.html,detail page parsed but no mapped fields found
HERB002843,江南卷柏,no_fields,https://www.dayi.org.cn/cmedical/1114526.html,detail page parsed but no mapped fields found
HERB002845,江西青牛胆,not_found,,no exact cmedical result in search page
HERB002840,姜黄,no_fields,https://www.dayi.org.cn/cmedical/301421.html,detail page parsed but no mapped fields found
HERB002847,降香油,not_found,,no exact cmedical result in search page
HERB002841,绛梨木根,no_fields,https://www.dayi.org.cn/cmedical/1114522.html,detail page parsed but no mapped fields found
HERB002846,降香,no_fields,https://www.dayi.org.cn/cmedical/301422.html,detail page parsed but no mapped fields found
HERB002844,姜皮,no_fields,https://www.dayi.org.cn/cmedical/1114527.html,detail page parsed but no mapped fields found
HERB002851,江孜沙棘,not_found,,no exact cmedical result in search page
HERB002848,姜叶,no_fields,https://www.dayi.org.cn/cmedical/1114535.html,detail page parsed but no mapped fields found
HERB002856,绞股蓝,no_fields,https://www.dayi.org.cn/cmedical/1114422.html,detail page parsed but no mapped fields found
HERB002852,焦槟榔,no_fields,https://www.dayi.org.cn/cmedical/301423.html,detail page parsed but no mapped fields found
HERB002850,降真香,no_fields,https://www.dayi.org.cn/cmedical/1114538.html,detail page parsed but no mapped fields found
HERB002849,僵蛹,no_fields,https://www.dayi.org.cn/cmedical/1117913.html,detail page parsed but no mapped fields found
HERB002857,角果木,no_fields,https://www.dayi.org.cn/cmedical/1115737.html,detail page parsed but no mapped fields found
HERB002853,角叉菜,no_fields,https://www.dayi.org.cn/cmedical/1115752.html,detail page parsed but no mapped fields found
HERB002862,胶粘香茶菜,not_found,,no exact cmedical result in search page
HERB002864,焦三仙,not_found,,no exact cmedical result in search page
HERB002863,交让木,no_fields,https://www.dayi.org.cn/cmedical/1116700.html,detail page parsed but no mapped fields found
HERB002865,焦山栀,not_found,,no exact cmedical result in search page
HERB002861,椒目,no_fields,https://www.dayi.org.cn/cmedical/1114547.html,detail page parsed but no mapped fields found
HERB002859,焦麦芽,no_fields,https://www.dayi.org.cn/cmedical/1156138.html,detail page parsed but no mapped fields found
HERB002873,胶状车前,not_found,,no exact cmedical result in search page
HERB002872,角柱花,not_found,,no exact cmedical result in search page
HERB002871,焦栀子,no_fields,https://www.dayi.org.cn/cmedical/1116175.html,detail page parsed but no mapped fields found
HERB002875,缬草根,not_found,,no exact cmedical result in search page
HERB002870,胶质鼠尾草,no_fields,https://www.dayi.org.cn/cmedical/1115799.html,detail page parsed but no mapped fields found
HERB002879,节茎石仙桃,not_found,,no exact cmedical result in search page
HERB002881,节毛飞廉,not_found,,no exact cmedical result in search page
HERB002874,芥菜,no_fields,https://www.dayi.org.cn/cmedical/1114563.html,detail page parsed but no mapped fields found
HERB002877,接骨木,no_fields,https://www.dayi.org.cn/cmedical/1114569.html,detail page parsed but no mapped fields found
HERB002883,睫毛叶鼠尾草,not_found,,no exact cmedical result in search page
HERB002876,桔梗,no_fields,https://www.dayi.org.cn/cmedical/301501.html,detail page parsed but no mapped fields found
HERB002884,芥穗,not_found,,no exact cmedical result in search page
HERB002887,芥子,no_fields,https://www.dayi.org.cn/cmedical/301424.html,detail page parsed but no mapped fields found
HERB002888,金箔,no_fields,https://www.dayi.org.cn/cmedical/1118069.html,detail page parsed but no mapped fields found
HERB002889,金不换,no_fields,https://www.dayi.org.cn/cmedical/1114604.html,detail page parsed but no mapped fields found
HERB002892,金丹,not_found,,no exact cmedical result in search page
HERB002891,金钗凤尾蕨,no_fields,https://www.dayi.org.cn/cmedical/1115690.html,detail page parsed but no mapped fields found
HERB002890,荩草,no_fields,https://www.dayi.org.cn/cmedical/301468.html,detail page parsed but no mapped fields found
HERB002893,锦灯笼,no_fields,https://www.dayi.org.cn/cmedical/1008860.html,detail page parsed but no mapped fields found
HERB002894,近东罂粟,not_found,,no exact cmedical result in search page
HERB002895,金发藓,not_found,,no exact cmedical result in search page
HERB002901,金狗脊,not_found,,no exact cmedical result in search page
HERB002899,金刚刺,no_fields,https://www.dayi.org.cn/cmedical/1114614.html,detail page parsed but no mapped fields found
HERB002897,金粉蕨,no_fields,https://www.dayi.org.cn/cmedical/1117021.html,detail page parsed but no mapped fields found
HERB002896,金沸草,no_fields,https://www.dayi.org.cn/cmedical/301426.html,detail page parsed but no mapped fields found
HERB002900,金刚大,no_fields,https://www.dayi.org.cn/cmedical/1116046.html,detail page parsed but no mapped fields found
HERB002904,金果揽,not_found,,no exact cmedical result in search page
HERB002906,金花小檗,not_found,,no exact cmedical result in search page
HERB002905,金华猕猴桃,not_found,,no exact cmedical result in search page
HERB002907,金黄草素?,not_found,,no exact cmedical result in search page
HERB002902,筋骨草,no_fields,https://www.dayi.org.cn/cmedical/301456.html,detail page parsed but no mapped fields found
HERB002909,金黄柴胡,not_found,,no exact cmedical result in search page
HERB002903,金光菊,no_fields,https://www.dayi.org.cn/cmedical/1115672.html,detail page parsed but no mapped fields found
HERB002908,金黄侧金盏花,not_found,,no exact cmedical result in search page
HERB002912,金黄连,not_found,,no exact cmedical result in search page
HERB002914,锦鸡儿根,not_found,,no exact cmedical result in search page
HERB002910,金黄革菌,not_found,,no exact cmedical result in search page
HERB002916,金鸡纳,no_fields,https://www.dayi.org.cn/cmedical/1116788.html,detail page parsed but no mapped fields found
HERB002913,锦鸡儿,no_fields,https://www.dayi.org.cn/cmedical/301462.html,detail page parsed but no mapped fields found
HERB002924,金桔,not_found,,no exact cmedical result in search page
HERB002917,金鸡尾,no_fields,https://www.dayi.org.cn/cmedical/1114629.html,detail page parsed but no mapped fields found
HERB002921,金甲豆,no_fields,https://www.dayi.org.cn/cmedical/1115669.html,detail page parsed but no mapped fields found
HERB002918,金鸡尾巴草根,no_fields,https://www.dayi.org.cn/cmedical/1114628.html,detail page parsed but no mapped fields found
HERB002923,金锦香,no_fields,https://www.dayi.org.cn/cmedical/1117045.html,detail page parsed but no mapped fields found
HERB002928,金莲木,not_found,,no exact cmedical result in search page
HERB002926,金莲花,no_fields,https://www.dayi.org.cn/cmedical/1114634.html,detail page parsed but no mapped fields found
HERB002927,金莲花猪屎豆,not_found,,no exact cmedical result in search page
HERB002925,金橘叶,no_fields,https://www.dayi.org.cn/cmedical/1114639.html,detail page parsed but no mapped fields found
HERB002931,金毛狗,not_found,,no exact cmedical result in search page
HERB002932,金毛狗脊,not_found,,no exact cmedical result in search page
HERB002930,金毛耳草,no_fields,https://www.dayi.org.cn/cmedical/1156171.html,detail page parsed but no mapped fields found
HERB002935,金平哥纳香,not_found,,no exact cmedical result in search page
HERB002933,金毛木通,no_fields,https://www.dayi.org.cn/cmedical/1114636.html,detail page parsed but no mapped fields found
HERB002934,金礞石,no_fields,https://www.dayi.org.cn/cmedical/1155836.html,detail page parsed but no mapped fields found
HERB002936,金钱白话蛇,not_found,,no exact cmedical result in search page
HERB002940,金钱蒲叶,not_found,,no exact cmedical result in search page
HERB002939,金钱蒲,not_found,,no exact cmedical result in search page
HERB002941,金荞麦,no_fields,https://www.dayi.org.cn/cmedical/301428.html,detail page parsed but no mapped fields found
HERB002943,金雀儿,no_fields,https://www.dayi.org.cn/cmedical/1115760.html,detail page parsed but no mapped fields found
HERB002938,金钱苦叶草,no_fields,https://www.dayi.org.cn/cmedical/1114644.html,detail page parsed but no mapped fields found
HERB002945,金色木菌,not_found,,no exact cmedical result in search page
HERB002944,金雀根,no_fields,https://www.dayi.org.cn/cmedical/1114649.html,detail page parsed but no mapped fields found
HERB002946,锦熟黄杨,not_found,,no exact cmedical result in search page
HERB002949,金丝马尾连,not_found,,no exact cmedical result in search page
HERB002948,金丝带,no_fields,https://www.dayi.org.cn/cmedical/1114651.html,detail page parsed but no mapped fields found
HERB002947,金刷把,no_fields,https://www.dayi.org.cn/cmedical/1114648.html,detail page parsed but no mapped fields found
HERB002953,金粟兰,not_found,,no exact cmedical result in search page
HERB002950,金丝梅,no_fields,https://www.dayi.org.cn/cmedical/1116448.html,detail page parsed but no mapped fields found
HERB002952,金丝桃果实,no_fields,https://www.dayi.org.cn/cmedical/1114658.html,detail page parsed but no mapped fields found
HERB002951,金丝刷,no_fields,https://www.dayi.org.cn/cmedical/1116055.html,detail page parsed but no mapped fields found
HERB002960,金椰子,not_found,,no exact cmedical result in search page
HERB002961,金翼黄芪,not_found,,no exact cmedical result in search page
HERB002957,金线草,no_fields,https://www.dayi.org.cn/cmedical/301432.html,detail page parsed but no mapped fields found
HERB002954,金铁锁,no_fields,https://www.dayi.org.cn/cmedical/301430.html,detail page parsed but no mapped fields found
HERB002962,金银花,no_fields,https://www.dayi.org.cn/cmedical/301445.html,detail page parsed but no mapped fields found
HERB002965,金樱叶,no_fields,https://www.dayi.org.cn/cmedical/1114666.html,detail page parsed but no mapped fields found
HERB002963,金樱根,no_fields,https://www.dayi.org.cn/cmedical/1114664.html,detail page parsed but no mapped fields found
HERB002964,金樱花,no_fields,https://www.dayi.org.cn/cmedical/1114665.html,detail page parsed but no mapped fields found
HERB002967,金鱼,not_found,,no exact cmedical result in search page
HERB002968,金鱼草,no_fields,https://www.dayi.org.cn/cmedical/1115785.html,detail page parsed but no mapped fields found
HERB002966,金樱子,no_fields,https://www.dayi.org.cn/cmedical/301446.html,detail page parsed but no mapped fields found
HERB002970,金盏菊花,no_fields,https://www.dayi.org.cn/cmedical/301451.html,detail page parsed but no mapped fields found
HERB002971,金针菜,no_fields,https://www.dayi.org.cn/cmedical/1114668.html,detail page parsed but no mapped fields found
HERB002974,金字塔木兰,not_found,,no exact cmedical result in search page
HERB002969,金盏菊,no_fields,https://www.dayi.org.cn/cmedical/301449.html,detail page parsed but no mapped fields found
HERB002975,金字塔形千里光,not_found,,no exact cmedical result in search page
HERB002972,金钟花,no_fields,https://www.dayi.org.cn/cmedical/306238.html,detail page parsed but no mapped fields found
HERB002979,景洪暗罗,not_found,,no exact cmedical result in search page
HERB002980,净化花椰菜,not_found,,no exact cmedical result in search page
HERB002983,荆芥,ok_no_empty_fields,https://www.dayi.org.cn/cmedical/301470.html,matched page but target columns already had values
HERB002987,荆芥叶狮耳草,not_found,,no exact cmedical result in search page
HERB002978,粳谷奴,no_fields,https://www.dayi.org.cn/cmedical/301478.html,detail page parsed but no mapped fields found
HERB002985,荆芥花,not_found,,no exact cmedical result in search page
HERB002991,金荞麦,no_fields,https://www.dayi.org.cn/cmedical/301428.html,detail page parsed but no mapped fields found
HERB002984,荆芥根,no_fields,https://www.dayi.org.cn/cmedical/301471.html,detail page parsed but no mapped fields found
HERB002988,京梨猕猴桃,not_found,,no exact cmedical result in search page
HERB002986,荆芥穗,no_fields,https://www.dayi.org.cn/cmedical/301472.html,detail page parsed but no mapped fields found
HERB002989,粳米,no_fields,https://www.dayi.org.cn/cmedical/1114617.html,detail page parsed but no mapped fields found
HERB002993,景天三七,no_fields,https://www.dayi.org.cn/cmedical/301485.html,detail page parsed but no mapped fields found
HERB002999,酒,not_found,,no exact cmedical result in search page
HERB002998,鸡屎藤果,no_fields,https://www.dayi.org.cn/cmedical/1114675.html,detail page parsed but no mapped fields found
HERB003000,救必应,no_fields,https://www.dayi.org.cn/cmedical/1114680.html,detail page parsed but no mapped fields found
HERB003003,韭菜根,not_found,,no exact cmedical result in search page
HERB002997,金腰草,not_found,,no exact cmedical result in search page
HERB003002,韭菜,no_fields,https://www.dayi.org.cn/cmedical/1114681.html,detail page parsed but no mapped fields found
HERB003008,九华大萼香茶菜,not_found,,no exact cmedical result in search page
HERB003006,韭葱,not_found,,no exact cmedical result in search page
HERB003007,酒大黄,no_fields,https://www.dayi.org.cn/cmedical/1155960.html,detail page parsed but no mapped fields found
HERB003009,九节茶,no_fields,https://www.dayi.org.cn/cmedical/1114480.html,detail page parsed but no mapped fields found
HERB003005,九层风,no_fields,https://www.dayi.org.cn/cmedical/1116066.html,detail page parsed but no mapped fields found
HERB003010,九里香,no_fields,https://www.dayi.org.cn/cmedical/301488.html,detail page parsed but no mapped fields found
HERB003011,九里香根,no_fields,https://www.dayi.org.cn/cmedical/1114685.html,detail page parsed but no mapped fields found
HERB003014,九眼石,not_found,,no exact cmedical result in search page
HERB003013,九香虫,no_fields,https://www.dayi.org.cn/cmedical/306226.html,detail page parsed but no mapped fields found
HERB003012,九里香根,no_fields,https://www.dayi.org.cn/cmedical/1114685.html,detail page parsed but no mapped fields found
HERB003022,巨大蓝刺头,not_found,,no exact cmedical result in search page
HERB003015,韭子,no_fields,https://www.dayi.org.cn/cmedical/1114483.html,detail page parsed but no mapped fields found
HERB003020,锯齿石松,not_found,,no exact cmedical result in search page
HERB003018,橘白,no_fields,https://www.dayi.org.cn/cmedical/1114710.html,detail page parsed but no mapped fields found
HERB003025,聚果榕,not_found,,no exact cmedical result in search page
HERB003029,橘红皮,not_found,,no exact cmedical result in search page
HERB003027,橘核,no_fields,https://www.dayi.org.cn/cmedical/301513.html,detail page parsed but no mapped fields found
HERB003024,橘根,no_fields,https://www.dayi.org.cn/cmedical/1114717.html,detail page parsed but no mapped fields found
HERB003028,橘红,no_fields,https://www.dayi.org.cn/cmedical/301514.html,detail page parsed but no mapped fields found
HERB003032,聚花过路黄,not_found,,no exact cmedical result in search page
HERB003030,橘红珠,no_fields,https://www.dayi.org.cn/cmedical/1114719.html,detail page parsed but no mapped fields found
HERB003034,菊花黄檀,not_found,,no exact cmedical result in search page
HERB003031,菊花,no_fields,https://www.dayi.org.cn/cmedical/301503.html,detail page parsed but no mapped fields found
HERB003036,巨花雪胆,not_found,,no exact cmedical result in search page
HERB003033,菊花黄连,no_fields,https://www.dayi.org.cn/cmedical/301507.html,detail page parsed but no mapped fields found
HERB003035,菊花石斛,not_found,,no exact cmedical result in search page
HERB003037,橘黄罂粟,not_found,,no exact cmedical result in search page
HERB003042,聚醚金合欢,not_found,,no exact cmedical result in search page
HERB003043,菊米鼠尾草,not_found,,no exact cmedical result in search page
HERB003040,橘络,no_fields,https://www.dayi.org.cn/cmedical/301515.html,detail page parsed but no mapped fields found
HERB003039,菊苣,no_fields,https://www.dayi.org.cn/cmedical/301511.html,detail page parsed but no mapped fields found
HERB003038,蒟酱叶,no_fields,https://www.dayi.org.cn/cmedical/301518.html,detail page parsed but no mapped fields found
HERB003047,聚散花椰菜,not_found,,no exact cmedical result in search page
HERB003048,橘色沟酸浆,not_found,,no exact cmedical result in search page
HERB003046,巨人柱,not_found,,no exact cmedical result in search page
HERB003049,橘色毛蕊花,not_found,,no exact cmedical result in search page
HERB003044,橘皮,no_fields,https://www.dayi.org.cn/cmedical/1114733.html,detail page parsed but no mapped fields found
HERB003052,苣苔香茶菜,not_found,,no exact cmedical result in search page
HERB003050,巨杉,not_found,,no exact cmedical result in search page
HERB003058,枸橼叶龙脑香,not_found,,no exact cmedical result in search page
HERB003057,巨圆叶黄耆,not_found,,no exact cmedical result in search page
HERB003060,橘子香精,not_found,,no exact cmedical result in search page
HERB003053,橘叶,no_fields,https://www.dayi.org.cn/cmedical/1114732.html,detail page parsed but no mapped fields found
HERB003059,巨紫荆,not_found,,no exact cmedical result in search page
HERB003064,卷毛阔苞菊,not_found,,no exact cmedical result in search page
HERB003065,绢毛蔷薇,not_found,,no exact cmedical result in search page
HERB003063,卷毛黄檀,not_found,,no exact cmedical result in search page
HERB003061,卷柏,no_fields,https://www.dayi.org.cn/cmedical/301527.html,detail page parsed but no mapped fields found
HERB003066,卷鞘鸢尾,not_found,,no exact cmedical result in search page
HERB003062,卷丹,no_fields,https://www.dayi.org.cn/cmedical/1114706.html,detail page parsed but no mapped fields found
HERB003072,君子兰,not_found,,no exact cmedical result in search page
HERB003073,君子兰,not_found,,no exact cmedical result in search page
HERB003070,决明子,no_fields,https://www.dayi.org.cn/cmedical/301529.html,detail page parsed but no mapped fields found
HERB003068,爵床,no_fields,https://www.dayi.org.cn/cmedical/1114716.html,detail page parsed but no mapped fields found
HERB003069,蕨麻草,no_fields,https://www.dayi.org.cn/cmedical/1115921.html,detail page parsed but no mapped fields found
HERB003071,君迁子,no_fields,https://www.dayi.org.cn/cmedical/1114730.html,detail page parsed but no mapped fields found
HERB003075,咖啡黄葵,not_found,,no exact cmedical result in search page
HERB003079,卡罗来纳翠雀,not_found,,no exact cmedical result in search page
HERB003081,卡罗来纳石松,not_found,,no exact cmedical result in search page
HERB003078,卡洛金合欢,not_found,,no exact cmedical result in search page
HERB003080,卡罗来纳地胆草,not_found,,no exact cmedical result in search page
HERB003082,喀麦隆金莲木,not_found,,no exact cmedical result in search page
HERB003084,卡美香茶菜,not_found,,no exact cmedical result in search page
HERB003086,卡氏前沟藻,not_found,,no exact cmedical result in search page
HERB003090,卡住巴豆,not_found,,no exact cmedical result in search page
HERB003088,卡瓦胡椒,not_found,,no exact cmedical result in search page
HERB003089,卡西亚松,not_found,,no exact cmedical result in search page
HERB003092,开罗黄芪,not_found,,no exact cmedical result in search page
HERB003093,开始当归,not_found,,no exact cmedical result in search page
HERB003091,开口箭,no_fields,https://www.dayi.org.cn/cmedical/301531.html,detail page parsed but no mapped fields found
HERB003098,康定翠雀花,not_found,,no exact cmedical result in search page
HERB003096,勘察加毛连菜,not_found,,no exact cmedical result in search page
HERB003099,康定玉竹,not_found,,no exact cmedical result in search page
HERB003094,凯特棱柱木,not_found,,no exact cmedical result in search page
HERB003100,康利鸦胆子,not_found,,no exact cmedical result in search page
HERB003101,糠皮毒毛旋花,not_found,,no exact cmedical result in search page
HERB003106,可可,not_found,,no exact cmedical result in search page
HERB003107,可乐藤黄,not_found,,no exact cmedical result in search page
HERB003108,克雷尼决明,not_found,,no exact cmedical result in search page
HERB003123,肯尼亚没药,not_found,,no exact cmedical result in search page
HERB003117,磕藤子,not_found,,no exact cmedical result in search page
HERB003118,榼藤子仁,not_found,,no exact cmedical result in search page
HERB003119,科西嘉松,not_found,,no exact cmedical result in search page
HERB003124,肯尼亚文殊兰,not_found,,no exact cmedical result in search page
HERB003127,孔石莼,not_found,,no exact cmedical result in search page
HERB003126,孔雀草,no_fields,https://www.dayi.org.cn/cmedical/301554.html,detail page parsed but no mapped fields found
HERB003135,苦地胆,not_found,,no exact cmedical result in search page
HERB003128,空心莲子草,no_fields,https://www.dayi.org.cn/cmedical/1114740.html,detail page parsed but no mapped fields found
HERB003136,苦地丁,no_fields,https://www.dayi.org.cn/cmedical/1114540.html,detail page parsed but no mapped fields found
HERB003133,苦草,no_fields,https://www.dayi.org.cn/cmedical/1114742.html,detail page parsed but no mapped fields found
HERB003138,苦丁茶冬青,not_found,,no exact cmedical result in search page
HERB003137,苦丁茶,no_fields,https://www.dayi.org.cn/cmedical/301571.html,detail page parsed but no mapped fields found
HERB003139,苦丁茶冬青,not_found,,no exact cmedical result in search page
HERB003140,苦豆草,not_found,,no exact cmedical result in search page
HERB003142,苦豆子,no_fields,https://www.dayi.org.cn/cmedical/301573.html,detail page parsed but no mapped fields found
HERB003141,苦豆根,no_fields,https://www.dayi.org.cn/cmedical/301572.html,detail page parsed but no mapped fields found
HERB003144,苦瓜,no_fields,https://www.dayi.org.cn/cmedical/301576.html,detail page parsed but no mapped fields found
HERB003143,苦甘草,no_fields,https://www.dayi.org.cn/cmedical/1114743.html,detail page parsed but no mapped fields found
HERB003147,苦红菇,not_found,,no exact cmedical result in search page
HERB003145,苦蒿,no_fields,https://www.dayi.org.cn/cmedical/1114744.html,detail page parsed but no mapped fields found
HERB003148,苦黄瓜,not_found,,no exact cmedical result in search page
HERB003150,苦郎树,not_found,,no exact cmedical result in search page
HERB003149,苦桔梗,not_found,,no exact cmedical result in search page
HERB003152,苦枥木叶,not_found,,no exact cmedical result in search page
HERB003153,苦楝皮,no_fields,https://www.dayi.org.cn/cmedical/301593.html,detail page parsed but no mapped fields found
HERB003158,库莽黄堇,not_found,,no exact cmedical result in search page
HERB003155,苦楝叶,no_fields,https://www.dayi.org.cn/cmedical/301594.html,detail page parsed but no mapped fields found
HERB003156,苦楝子,no_fields,https://www.dayi.org.cn/cmedical/306195.html,detail page parsed but no mapped fields found
HERB003157,苦马豆,no_fields,https://www.dayi.org.cn/cmedical/301598.html,detail page parsed but no mapped fields found
HERB003161,酷睿龙胆,not_found,,no exact cmedical result in search page
HERB003159,苦木,no_fields,https://www.dayi.org.cn/cmedical/301600.html,detail page parsed but no mapped fields found
HERB003163,苦山奈,not_found,,no exact cmedical result in search page
HERB003160,苦荞麦,no_fields,https://www.dayi.org.cn/cmedical/1117319.html,detail page parsed but no mapped fields found
HERB003165,苦参碱,not_found,,no exact cmedical result in search page
HERB003167,苦参,no_fields,https://www.dayi.org.cn/cmedical/301565.html,detail page parsed but no mapped fields found
HERB003164,苦参,no_fields,https://www.dayi.org.cn/cmedical/301565.html,detail page parsed but no mapped fields found
HERB003166,苦参实,no_fields,https://www.dayi.org.cn/cmedical/301566.html,detail page parsed but no mapped fields found
HERB003171,苦味堆心菊,not_found,,no exact cmedical result in search page
HERB003168,苦石莲,no_fields,https://www.dayi.org.cn/cmedical/301605.html,detail page parsed but no mapped fields found
HERB003172,枯萎远志,not_found,,no exact cmedical result in search page
HERB003170,苦檀子,no_fields,https://www.dayi.org.cn/cmedical/301608.html,detail page parsed but no mapped fields found
HERB003169,苦树皮,no_fields,https://www.dayi.org.cn/cmedical/301606.html,detail page parsed but no mapped fields found
HERB003173,苦橡树,not_found,,no exact cmedical result in search page
HERB003178,库页岛泽兰,not_found,,no exact cmedical result in search page
HERB003179,枯叶乌头,not_found,,no exact cmedical result in search page
HERB003175,苦玄参,no_fields,https://www.dayi.org.cn/cmedical/1155855.html,detail page parsed but no mapped fields found
HERB003180,苦远志,not_found,,no exact cmedical result in search page
HERB003174,苦杏仁,no_fields,https://www.dayi.org.cn/cmedical/1114754.html,detail page parsed but no mapped fields found
HERB003182,块根糙苏,not_found,,no exact cmedical result in search page
HERB003187,块茎马利筋,not_found,,no exact cmedical result in search page
HERB003183,快跟垂头菊,not_found,,no exact cmedical result in search page
HERB003186,块茎马兜铃,not_found,,no exact cmedical result in search page
HERB003181,苦蘵,no_fields,https://www.dayi.org.cn/cmedical/301613.html,detail page parsed but no mapped fields found
HERB003191,宽苞十大功劳,not_found,,no exact cmedical result in search page
HERB003184,块茎糙苏,no_fields,https://www.dayi.org.cn/cmedical/301623.html,detail page parsed but no mapped fields found
HERB003188,块茎水苏,not_found,,no exact cmedical result in search page
HERB003189,块茎西门菲草,not_found,,no exact cmedical result in search page
HERB003196,宽叶重楼,not_found,,no exact cmedical result in search page
HERB003193,宽萼岩风,not_found,,no exact cmedical result in search page
HERB003194,宽舌橐吾,not_found,,no exact cmedical result in search page
HERB003195,宽叶千里光,not_found,,no exact cmedical result in search page
HERB003201,宽叶千里光,not_found,,no exact cmedical result in search page
HERB003192,款冬花,no_fields,https://www.dayi.org.cn/cmedical/301635.html,detail page parsed but no mapped fields found
HERB003198,宽叶阔苞菊,not_found,,no exact cmedical result in search page
HERB003205,宽叶香蒲,not_found,,no exact cmedical result in search page
HERB003203,宽叶山月桂,not_found,,no exact cmedical result in search page
HERB003200,宽叶梅远志,not_found,,no exact cmedical result in search page
HERB003199,宽叶买麻藤,not_found,,no exact cmedical result in search page
HERB003202,宽叶羌活,not_found,,no exact cmedical result in search page
HERB003209,魁蒿,not_found,,no exact cmedical result in search page
HERB003207,盔瓣耳叶苔,not_found,,no exact cmedical result in search page
HERB003210,昆布,no_fields,https://www.dayi.org.cn/cmedical/301638.html,detail page parsed but no mapped fields found
HERB003212,昆明柴胡,not_found,,no exact cmedical result in search page
HERB003211,昆栏树,not_found,,no exact cmedical result in search page
HERB003206,宽羽线蕨,no_fields,https://www.dayi.org.cn/cmedical/301634.html,detail page parsed but no mapped fields found
HERB003213,昆明鸡血藤,no_fields,https://www.dayi.org.cn/cmedical/301640.html,detail page parsed but no mapped fields found
HERB003215,昆明香茶菜,not_found,,no exact cmedical result in search page
HERB003216,阔苞菊,not_found,,no exact cmedical result in search page
HERB003218,阔荚合欢,not_found,,no exact cmedical result in search page
HERB003219,阔叶骨碎补,not_found,,no exact cmedical result in search page
HERB003220,阔叶萝芙木,not_found,,no exact cmedical result in search page
HERB003214,昆明山海棠,no_fields,https://www.dayi.org.cn/cmedical/301642.html,detail page parsed but no mapped fields found
HERB003225,扩张松叶菊,not_found,,no exact cmedical result in search page
HERB003223,阔叶山麦冬,not_found,,no exact cmedical result in search page
HERB003221,阔叶猕猴桃,not_found,,no exact cmedical result in search page
HERB003224,阔叶缬草,not_found,,no exact cmedical result in search page
HERB003227,喇叭粉石蕊,not_found,,no exact cmedical result in search page
HERB003226,喇叭茶,not_found,,no exact cmedical result in search page
HERB003228,喇叭状多果蔬,not_found,,no exact cmedical result in search page
HERB003229,辣薄荷,no_fields,https://www.dayi.org.cn/cmedical/1115894.html,detail page parsed but no mapped fields found
HERB003230,辣根,no_fields,https://www.dayi.org.cn/cmedical/301657.html,detail page parsed but no mapped fields found
HERB003233,辣椒茎,no_fields,https://www.dayi.org.cn/cmedical/301662.html,detail page parsed but no mapped fields found
HERB003234,辣椒头,no_fields,https://www.dayi.org.cn/cmedical/301663.html,detail page parsed but no mapped fields found
HERB003232,辣椒,no_fields,https://www.dayi.org.cn/cmedical/301661.html,detail page parsed but no mapped fields found
HERB003236,辣蓼,no_fields,https://www.dayi.org.cn/cmedical/1155805.html,detail page parsed but no mapped fields found
HERB003241,拉直木姜子,not_found,,no exact cmedical result in search page
HERB003239,辣乳菇,not_found,,no exact cmedical result in search page
HERB003237,腊梅花,no_fields,https://www.dayi.org.cn/cmedical/1114578.html,detail page parsed but no mapped fields found
HERB003242,蜡烛果,not_found,,no exact cmedical result in search page
HERB003246,来江藤,not_found,,no exact cmedical result in search page
HERB003243,莱菔,no_fields,https://www.dayi.org.cn/cmedical/301670.html,detail page parsed but no mapped fields found
HERB003245,莱菔子,no_fields,https://www.dayi.org.cn/cmedical/301671.html,detail page parsed but no mapped fields found
HERB003250,莱阳梨清膏,not_found,,no exact cmedical result in search page
HERB003244,莱菔叶,no_fields,https://www.dayi.org.cn/cmedical/1113551.html,detail page parsed but no mapped fields found
HERB003254,蓝黄红谷,not_found,,no exact cmedical result in search page
HERB003255,蓝鲸,not_found,,no exact cmedical result in search page
HERB003256,兰基穿心莲,not_found,,no exact cmedical result in search page
HERB003260,蓝睡莲,not_found,,no exact cmedical result in search page
HERB003259,蓝实,no_fields,https://www.dayi.org.cn/cmedical/301690.html,detail page parsed but no mapped fields found
HERB003252,蓝萼香茶菜,no_fields,https://www.dayi.org.cn/cmedical/1117233.html,detail page parsed but no mapped fields found
HERB003262,兰屿落叶榕,not_found,,no exact cmedical result in search page
HERB003263,狼把草,no_fields,https://www.dayi.org.cn/cmedical/1114757.html,detail page parsed but no mapped fields found
HERB003264,狼把草根,no_fields,https://www.dayi.org.cn/cmedical/301703.html,detail page parsed but no mapped fields found
HERB003266,莨菪根,no_fields,https://www.dayi.org.cn/cmedical/1114758.html,detail page parsed but no mapped fields found
HERB003269,狼毒,not_found,,no exact cmedical result in search page
HERB003268,莨菪子,no_fields,https://www.dayi.org.cn/cmedical/1156148.html,detail page parsed but no mapped fields found
HERB003271,狼毒乌头,not_found,,no exact cmedical result in search page
HERB003275,老牛筋,not_found,,no exact cmedical result in search page
HERB003270,狼毒大戟,not_found,,no exact cmedical result in search page
HERB003273,榔榆皮,no_fields,https://www.dayi.org.cn/cmedical/306194.html,detail page parsed but no mapped fields found
HERB003272,狼杷草,no_fields,https://www.dayi.org.cn/cmedical/301706.html,detail page parsed but no mapped fields found
HERB003276,老婆子针线,no_fields,https://www.dayi.org.cn/cmedical/1114772.html,detail page parsed but no mapped fields found
HERB003279,老鼠簕,no_fields,https://www.dayi.org.cn/cmedical/306186.html,detail page parsed but no mapped fields found
HERB003278,老鼠瓜,no_fields,https://www.dayi.org.cn/cmedical/306188.html,detail page parsed but no mapped fields found
HERB003280,老鸦柿,no_fields,https://www.dayi.org.cn/cmedical/301738.html,detail page parsed but no mapped fields found
HERB003289,肋果沙棘,not_found,,no exact cmedical result in search page
HERB003290,雷士千里光,not_found,,no exact cmedical result in search page
HERB003282,了哥王根,no_fields,https://www.dayi.org.cn/cmedical/301742.html,detail page parsed but no mapped fields found
HERB003285,雷波乌头,not_found,,no exact cmedical result in search page
HERB003292,累叶升麻,not_found,,no exact cmedical result in search page
HERB003294,棱角千里光,not_found,,no exact cmedical result in search page
HERB003295,棱砂贝母,not_found,,no exact cmedical result in search page
HERB003291,雷丸,no_fields,https://www.dayi.org.cn/cmedical/301748.html,detail page parsed but no mapped fields found
HERB003303,栗柄凤尾蕨,not_found,,no exact cmedical result in search page
HERB003299,棱枝槲寄生,no_fields,https://www.dayi.org.cn/cmedical/1114833.html,detail page parsed but no mapped fields found
HERB003297,冷水丹叶,no_fields,https://www.dayi.org.cn/cmedical/1114831.html,detail page parsed but no mapped fields found
HERB003304,栗柄金粉蕨,no_fields,https://www.dayi.org.cn/cmedical/1116999.html,detail page parsed but no mapped fields found
HERB003311,梨果仙人掌,not_found,,no exact cmedical result in search page
HERB003267,莨菪叶,no_fields,https://www.dayi.org.cn/cmedical/1114759.html,detail page parsed but no mapped fields found
HERB003312,李核仁,not_found,,no exact cmedical result in search page
HERB003306,丽春花,no_fields,https://www.dayi.org.cn/cmedical/1114847.html,detail page parsed but no mapped fields found
HERB003313,梨花酒,not_found,,no exact cmedical result in search page
HERB003307,丽春花果实,no_fields,https://www.dayi.org.cn/cmedical/1114846.html,detail page parsed but no mapped fields found
HERB003316,丽江黄芩,no_fields,https://www.dayi.org.cn/cmedical/301775.html,detail page parsed but no mapped fields found
HERB003317,丽江麻黄,not_found,,no exact cmedical result in search page
HERB003318,丽江前胡,not_found,,no exact cmedical result in search page
HERB003321,黎辣根,no_fields,https://www.dayi.org.cn/cmedical/301766.html,detail page parsed but no mapped fields found
HERB003319,丽江乌头,not_found,,no exact cmedical result in search page
HERB003328,栎木,not_found,,no exact cmedical result in search page
HERB003335,栗色鼠尾草,not_found,,no exact cmedical result in search page
HERB003329,林静种子文殊兰,not_found,,no exact cmedical result in search page
HERB003334,梨清膏,not_found,,no exact cmedical result in search page
HERB003327,米仔兰,no_fields,https://www.dayi.org.cn/cmedical/302306.html,detail page parsed but no mapped fields found
HERB003331,梨皮,not_found,,no exact cmedical result in search page
HERB003341,鲤鱼,not_found,,no exact cmedical result in search page
HERB003337,梨蒴珠藓,not_found,,no exact cmedical result in search page
HERB003338,理县香茶菜,not_found,,no exact cmedical result in search page
HERB003339,犁形马勃,not_found,,no exact cmedical result in search page
HERB003336,栗树皮,no_fields,https://www.dayi.org.cn/cmedical/301790.html,detail page parsed but no mapped fields found
HERB003343,鲤鱼皮,not_found,,no exact cmedical result in search page
HERB003344,荔枝,no_fields,https://www.dayi.org.cn/cmedical/301779.html,detail page parsed but no mapped fields found
HERB003342,鲤鱼胆,no_fields,https://www.dayi.org.cn/cmedical/1155940.html,detail page parsed but no mapped fields found
HERB003345,荔枝草,no_fields,https://www.dayi.org.cn/cmedical/1114866.html,detail page parsed but no mapped fields found
HERB003346,荔枝根,no_fields,https://www.dayi.org.cn/cmedical/1114868.html,detail page parsed but no mapped fields found
HERB003348,荔枝核,no_fields,https://www.dayi.org.cn/cmedical/301780.html,detail page parsed but no mapped fields found
HERB003351,李子,not_found,,no exact cmedical result in search page
HERB003349,荔枝壳,no_fields,https://www.dayi.org.cn/cmedical/301781.html,detail page parsed but no mapped fields found
HERB003355,莲花金雀儿,not_found,,no exact cmedical result in search page
HERB003350,荔枝叶,no_fields,https://www.dayi.org.cn/cmedical/301782.html,detail page parsed but no mapped fields found
HERB003357,连米,not_found,,no exact cmedical result in search page
HERB003353,莲房,no_fields,https://www.dayi.org.cn/cmedical/301800.html,detail page parsed but no mapped fields found
HERB003354,莲花,no_fields,https://www.dayi.org.cn/cmedical/301801.html,detail page parsed but no mapped fields found
HERB003359,连钱草,no_fields,https://www.dayi.org.cn/cmedical/301794.html,detail page parsed but no mapped fields found
HERB003361,连翘,no_fields,https://www.dayi.org.cn/cmedical/1008812.html,detail page parsed but no mapped fields found
HERB003362,连翘根,no_fields,https://www.dayi.org.cn/cmedical/301795.html,detail page parsed but no mapped fields found
HERB003358,莲蓬草,no_fields,https://www.dayi.org.cn/cmedical/301802.html,detail page parsed but no mapped fields found
HERB003360,连钱草,no_fields,https://www.dayi.org.cn/cmedical/301794.html,detail page parsed but no mapped fields found
HERB003367,连心麦冬,not_found,,no exact cmedical result in search page
HERB003364,莲生桂子花,no_fields,https://www.dayi.org.cn/cmedical/301803.html,detail page parsed but no mapped fields found
HERB003366,连香树果,no_fields,https://www.dayi.org.cn/cmedical/301798.html,detail page parsed but no mapped fields found
HERB003365,连香树,no_fields,https://www.dayi.org.cn/cmedical/1114842.html,detail page parsed but no mapped fields found
HERB003363,连翘茎叶,no_fields,https://www.dayi.org.cn/cmedical/301796.html,detail page parsed but no mapped fields found
HERB003370,莲叶,not_found,,no exact cmedical result in search page
HERB003373,楝叶吴茱萸,not_found,,no exact cmedical result in search page
HERB003374,莲衣,no_fields,https://www.dayi.org.cn/cmedical/1114845.html,detail page parsed but no mapped fields found
HERB003375,链珠藤,not_found,,no exact cmedical result in search page
HERB003369,莲须,no_fields,https://www.dayi.org.cn/cmedical/306228.html,detail page parsed but no mapped fields found
HERB003372,莲叶橐吾,no_fields,https://www.dayi.org.cn/cmedical/1117195.html,detail page parsed but no mapped fields found
HERB003376,莲子,no_fields,https://www.dayi.org.cn/cmedical/301806.html,detail page parsed but no mapped fields found
HERB003379,莲座革菌,no_fields,https://www.dayi.org.cn/cmedical/301809.html,detail page parsed but no mapped fields found
HERB003377,莲子草,no_fields,https://www.dayi.org.cn/cmedical/301807.html,detail page parsed but no mapped fields found
HERB003383,两面青,no_fields,https://www.dayi.org.cn/cmedical/301823.html,detail page parsed but no mapped fields found
HERB003378,莲子心,no_fields,https://www.dayi.org.cn/cmedical/301808.html,detail page parsed but no mapped fields found
HERB003384,两面针,no_fields,https://www.dayi.org.cn/cmedical/301824.html,detail page parsed but no mapped fields found
HERB003389,凉思飞燕草,not_found,,no exact cmedical result in search page
HERB003388,凉山香茶菜,not_found,,no exact cmedical result in search page
HERB003387,凉山杜鹃,not_found,,no exact cmedical result in search page
HERB003390,凉思飞燕草,not_found,,no exact cmedical result in search page
HERB003386,两栖蓼,no_fields,https://www.dayi.org.cn/cmedical/1114837.html,detail page parsed but no mapped fields found
HERB003394,亮叶岩荳藤,not_found,,no exact cmedical result in search page
HERB003392,亮叶桦皮,no_fields,https://www.dayi.org.cn/cmedical/301835.html,detail page parsed but no mapped fields found
HERB003396,辽东楤木,not_found,,no exact cmedical result in search page
HERB003391,两头尖,no_fields,https://www.dayi.org.cn/cmedical/301828.html,detail page parsed but no mapped fields found
HERB003397,辽东楤木叶,not_found,,no exact cmedical result in search page
HERB003398,辽东松木,not_found,,no exact cmedical result in search page
HERB003399,辽藁本,not_found,,no exact cmedical result in search page
HERB003401,蓼蓝,not_found,,no exact cmedical result in search page
HERB003403,蓼蓝叶,not_found,,no exact cmedical result in search page
HERB003395,蓼大青叶,no_fields,https://www.dayi.org.cn/cmedical/301844.html,detail page parsed but no mapped fields found
HERB003404,辽宁山楂,not_found,,no exact cmedical result in search page
HERB003405,疗伤绒毛花,not_found,,no exact cmedical result in search page
HERB003407,辽细辛,not_found,,no exact cmedical result in search page
HERB003410,裂萼苔,not_found,,no exact cmedical result in search page
HERB003409,列当,no_fields,https://www.dayi.org.cn/cmedical/1114625.html,detail page parsed but no mapped fields found
HERB003411,裂果薯,not_found,,no exact cmedical result in search page
HERB003412,裂蹄木层孔菌,not_found,,no exact cmedical result in search page
HERB003414,裂叶牵牛,not_found,,no exact cmedical result in search page
HERB003415,裂叶野罂粟,not_found,,no exact cmedical result in search page
HERB003420,林地水苏,not_found,,no exact cmedical result in search page
HERB003422,林地向日葵,not_found,,no exact cmedical result in search page
HERB003421,林地乌头,not_found,,no exact cmedical result in search page
HERB003425,林生山黧豆,not_found,,no exact cmedical result in search page
HERB003424,林檎,no_fields,https://www.dayi.org.cn/cmedical/301854.html,detail page parsed but no mapped fields found
HERB003430,铃兰,no_fields,https://www.dayi.org.cn/cmedical/1114857.html,detail page parsed but no mapped fields found
HERB003432,灵猫香,no_fields,https://www.dayi.org.cn/cmedical/301859.html,detail page parsed but no mapped fields found
HERB003435,岭南槐树,not_found,,no exact cmedical result in search page
HERB003436,陵水暗罗,not_found,,no exact cmedical result in search page
HERB003434,岭南杜鹃,no_fields,https://www.dayi.org.cn/cmedical/1117619.html,detail page parsed but no mapped fields found
HERB003431,零陵香,no_fields,https://www.dayi.org.cn/cmedical/1114856.html,detail page parsed but no mapped fields found
HERB003437,灵仙,not_found,,no exact cmedical result in search page
HERB003440,菱形常春藤,not_found,,no exact cmedical result in search page
HERB003442,菱叶紫菊,not_found,,no exact cmedical result in search page
HERB003441,羚羊角,ok_no_empty_fields,https://www.dayi.org.cn/cmedical/1155648.html,matched page but target columns already had values
HERB003439,凌霄花,no_fields,https://www.dayi.org.cn/cmedical/1114640.html,detail page parsed but no mapped fields found
HERB003443,灵茵陈,not_found,,no exact cmedical result in search page
HERB003438,灵香草,no_fields,https://www.dayi.org.cn/cmedical/301862.html,detail page parsed but no mapped fields found
HERB003447,柳穿鱼,no_fields,https://www.dayi.org.cn/cmedical/1114794.html,detail page parsed but no mapped fields found
HERB003445,灵芝草,no_fields,https://www.dayi.org.cn/cmedical/301864.html,detail page parsed but no mapped fields found
HERB003444,灵芝,no_fields,https://www.dayi.org.cn/cmedical/1114646.html,detail page parsed but no mapped fields found
HERB003448,瘤果紫玉盘,not_found,,no exact cmedical result in search page
HERB003449,硫磺,not_found,,no exact cmedical result in search page
HERB003446,柳白皮,no_fields,https://www.dayi.org.cn/cmedical/1114795.html,detail page parsed but no mapped fields found
HERB003452,六角莲,not_found,,no exact cmedical result in search page
HERB003450,硫磺铁线蕨,not_found,,no exact cmedical result in search page
HERB003451,刘寄奴,no_fields,https://www.dayi.org.cn/cmedical/1114653.html,detail page parsed but no mapped fields found
HERB003453,留兰香,no_fields,https://www.dayi.org.cn/cmedical/1114799.html,detail page parsed but no mapped fields found
HERB003455,琉璃草,not_found,,no exact cmedical result in search page
HERB003454,六棱菊,no_fields,https://www.dayi.org.cn/cmedical/1117017.html,detail page parsed but no mapped fields found
HERB003456,琉璃繁缕,not_found,,no exact cmedical result in search page
HERB003458,琉球蛇根草,not_found,,no exact cmedical result in search page
HERB003457,琉璃苣,not_found,,no exact cmedical result in search page
HERB003460,柳珊瑚,not_found,,no exact cmedical result in search page
HERB003462,流苏金石斛,not_found,,no exact cmedical result in search page
HERB003465,瘤突胡椒,not_found,,no exact cmedical result in search page
HERB003464,流苏石斛,not_found,,no exact cmedical result in search page
HERB003461,六神曲,no_fields,https://www.dayi.org.cn/cmedical/303424.html,detail page parsed but no mapped fields found
HERB003466,柳叶白前,not_found,,no exact cmedical result in search page
HERB003467,柳叶菜黄芩,not_found,,no exact cmedical result in search page
HERB003469,柳叶木兰,not_found,,no exact cmedical result in search page
HERB003470,六一散,not_found,,no exact cmedical result in search page
HERB003468,柳叶岑,not_found,,no exact cmedical result in search page
HERB003478,龙胆,no_fields,https://www.dayi.org.cn/cmedical/1008810.html,detail page parsed but no mapped fields found
HERB003473,六子赛金莲木,not_found,,no exact cmedical result in search page
HERB003475,龙柏,not_found,,no exact cmedical result in search page
HERB003479,龙胆草,no_fields,https://www.dayi.org.cn/cmedical/301893.html,detail page parsed but no mapped fields found
HERB003481,南蒿,not_found,,no exact cmedical result in search page
HERB003480,龙骨,no_fields,https://www.dayi.org.cn/cmedical/301894.html,detail page parsed but no mapped fields found
HERB003477,龙船花,no_fields,https://www.dayi.org.cn/cmedical/301890.html,detail page parsed but no mapped fields found
HERB003483,龙葵根,no_fields,https://www.dayi.org.cn/cmedical/301896.html,detail page parsed but no mapped fields found
HERB003476,龙齿,no_fields,https://www.dayi.org.cn/cmedical/1118085.html,detail page parsed but no mapped fields found
HERB003484,龙葵子,no_fields,https://www.dayi.org.cn/cmedical/301897.html,detail page parsed but no mapped fields found
HERB003482,龙葵,no_fields,https://www.dayi.org.cn/cmedical/1114669.html,detail page parsed but no mapped fields found
HERB003487,龙胜香茶菜,not_found,,no exact cmedical result in search page
HERB003486,龙脑膏香,no_fields,https://www.dayi.org.cn/cmedical/1114874.html,detail page parsed but no mapped fields found
HERB003489,龙吐珠,not_found,,no exact cmedical result in search page
HERB003488,龙树杜鹃,not_found,,no exact cmedical result in search page
HERB003485,龙脷叶,no_fields,https://www.dayi.org.cn/cmedical/1155905.html,detail page parsed but no mapped fields found
HERB003490,龙涎香,no_fields,https://www.dayi.org.cn/cmedical/1117883.html,detail page parsed but no mapped fields found
HERB003495,龙牙草,not_found,,no exact cmedical result in search page
HERB003491,龙须草,no_fields,https://www.dayi.org.cn/cmedical/1114879.html,detail page parsed but no mapped fields found
HERB003493,龙须藤,no_fields,https://www.dayi.org.cn/cmedical/1116707.html,detail page parsed but no mapped fields found
HERB003497,龙眼睛,not_found,,no exact cmedical result in search page
HERB003496,龙眼独活,not_found,,no exact cmedical result in search page
HERB003494,龙血树,no_fields,https://www.dayi.org.cn/cmedical/1117267.html,detail page parsed but no mapped fields found
HERB003500,娄地青霉,not_found,,no exact cmedical result in search page
HERB003498,龙眼肉,no_fields,https://www.dayi.org.cn/cmedical/301905.html,detail page parsed but no mapped fields found
HERB003499,龙眼叶,no_fields,https://www.dayi.org.cn/cmedical/1114897.html,detail page parsed but no mapped fields found
HERB003501,漏斗泡囊草,not_found,,no exact cmedical result in search page
HERB003507,路边青,not_found,,no exact cmedical result in search page
HERB003502,蝼蛄,no_fields,https://www.dayi.org.cn/cmedical/1118023.html,detail page parsed but no mapped fields found
HERB003503,漏篮子,no_fields,https://www.dayi.org.cn/cmedical/301917.html,detail page parsed but no mapped fields found
HERB003506,鹿鞭,no_fields,https://www.dayi.org.cn/cmedical/1155774.html,detail page parsed but no mapped fields found
HERB003504,漏芦,no_fields,https://www.dayi.org.cn/cmedical/306237.html,detail page parsed but no mapped fields found
HERB003510,录播花菱草,not_found,,no exact cmedical result in search page
HERB003508,路边紫草,not_found,,no exact cmedical result in search page
HERB003511,葎草,no_fields,https://www.dayi.org.cn/cmedical/302010.html,detail page parsed but no mapped fields found
HERB003515,陆地棉,not_found,,no exact cmedical result in search page
HERB003516,陆地棉,not_found,,no exact cmedical result in search page
HERB003513,露翠雀,not_found,,no exact cmedical result in search page
HERB003517,穭豆,not_found,,no exact cmedical result in search page
HERB003521,绿豆芽,no_fields,https://www.dayi.org.cn/cmedical/1114933.html,detail page parsed but no mapped fields found
HERB003518,绿豆花,no_fields,https://www.dayi.org.cn/cmedical/1114930.html,detail page parsed but no mapped fields found
HERB003520,绿豆皮,no_fields,https://www.dayi.org.cn/cmedical/1114932.html,detail page parsed but no mapped fields found
HERB003519,露兜竻花,no_fields,https://www.dayi.org.cn/cmedical/1114686.html,detail page parsed but no mapped fields found
HERB003522,绿豆叶,no_fields,https://www.dayi.org.cn/cmedical/1114806.html,detail page parsed but no mapped fields found
HERB003523,绿萼梅,no_fields,https://www.dayi.org.cn/cmedical/302003.html,detail page parsed but no mapped fields found
HERB003527,鹿含草,not_found,,no exact cmedical result in search page
HERB003526,芦根,no_fields,https://www.dayi.org.cn/cmedical/301918.html,detail page parsed but no mapped fields found
HERB003525,炉甘石,no_fields,https://www.dayi.org.cn/cmedical/301932.html,detail page parsed but no mapped fields found
HERB003528,芦荟,no_fields,https://www.dayi.org.cn/cmedical/301920.html,detail page parsed but no mapped fields found
HERB003532,鹿角漆树,not_found,,no exact cmedical result in search page
HERB003530,鹿角菜,no_fields,https://www.dayi.org.cn/cmedical/1114898.html,detail page parsed but no mapped fields found
HERB003531,鹿角胶,no_fields,https://www.dayi.org.cn/cmedical/1155929.html,detail page parsed but no mapped fields found
HERB003535,路路通,no_fields,https://www.dayi.org.cn/cmedical/301956.html,detail page parsed but no mapped fields found
HERB003537,鹿茸胶,not_found,,no exact cmedical result in search page
HERB003536,鹿茸,ok_no_empty_fields,https://www.dayi.org.cn/cmedical/1117947.html,matched page but target columns already had values
HERB003533,鹿角霜,no_fields,https://www.dayi.org.cn/cmedical/1155895.html,detail page parsed but no mapped fields found
HERB003538,露蕊乌头,no_fields,https://www.dayi.org.cn/cmedical/1114914.html,detail page parsed but no mapped fields found
HERB003542,卢氏冬凌草,not_found,,no exact cmedical result in search page
HERB003540,庐山香茶菜,not_found,,no exact cmedical result in search page
HERB003539,庐山石韦,no_fields,https://www.dayi.org.cn/cmedical/1114917.html,detail page parsed but no mapped fields found
HERB003548,路唐松草,not_found,,no exact cmedical result in search page
HERB003547,鹿胎,no_fields,https://www.dayi.org.cn/cmedical/1118086.html,detail page parsed but no mapped fields found
HERB003543,露水草,no_fields,https://www.dayi.org.cn/cmedical/1114918.html,detail page parsed but no mapped fields found
HERB003549,鹿衔草,no_fields,https://www.dayi.org.cn/cmedical/301955.html,detail page parsed but no mapped fields found
HERB003555,卵瓣蚤缀,not_found,,no exact cmedical result in search page
HERB003551,陆英,no_fields,https://www.dayi.org.cn/cmedical/301939.html,detail page parsed but no mapped fields found
HERB003554,露珠香茶菜,no_fields,https://www.dayi.org.cn/cmedical/1117741.html,detail page parsed but no mapped fields found
HERB003553,芦竹根,no_fields,https://www.dayi.org.cn/cmedical/301924.html,detail page parsed but no mapped fields found
HERB003556,乱搭山獐牙菜,not_found,,no exact cmedical result in search page
HERB003557,栾花,not_found,,no exact cmedical result in search page
HERB003559,卵叶槲寄生,not_found,,no exact cmedical result in search page
HERB003562,乱也三褶脉紫菀,not_found,,no exact cmedical result in search page
HERB003558,栾树,not_found,,no exact cmedical result in search page
HERB003561,卵叶美登木,not_found,,no exact cmedical result in search page
HERB003560,卵叶胡椒,not_found,,no exact cmedical result in search page
HERB003563,乱也藤黄,not_found,,no exact cmedical result in search page
HERB003566,卵叶银莲花,not_found,,no exact cmedical result in search page
HERB003567,卵圆长春花,not_found,,no exact cmedical result in search page
HERB003571,萝卜花菱草,not_found,,no exact cmedical result in search page
HERB003565,卵叶娃儿藤,no_fields,https://www.dayi.org.cn/cmedical/1116807.html,detail page parsed but no mapped fields found
HERB003569,轮环藤,no_fields,https://www.dayi.org.cn/cmedical/301958.html,detail page parsed but no mapped fields found
HERB003574,落得打,not_found,,no exact cmedical result in search page
HERB003575,落地丹草,not_found,,no exact cmedical result in search page
HERB003578,萝芙木,no_fields,https://www.dayi.org.cn/cmedical/301987.html,detail page parsed but no mapped fields found
HERB003577,落萼叶下珠,not_found,,no exact cmedical result in search page
HERB003572,罗布麻,no_fields,https://www.dayi.org.cn/cmedical/301965.html,detail page parsed but no mapped fields found
HERB003576,落地生根,no_fields,https://www.dayi.org.cn/cmedical/1114905.html,detail page parsed but no mapped fields found
HERB003580,罗锅底,no_fields,https://www.dayi.org.cn/cmedical/301970.html,detail page parsed but no mapped fields found
HERB003579,萝芙木茎叶,no_fields,https://www.dayi.org.cn/cmedical/301988.html,detail page parsed but no mapped fields found
HERB003584,罗汉松叶,no_fields,https://www.dayi.org.cn/cmedical/301976.html,detail page parsed but no mapped fields found
HERB003585,落花南美肉豆蔻,not_found,,no exact cmedical result in search page
HERB003583,罗汉松实,no_fields,https://www.dayi.org.cn/cmedical/301975.html,detail page parsed but no mapped fields found
HERB003582,罗汉果,no_fields,https://www.dayi.org.cn/cmedical/301971.html,detail page parsed but no mapped fields found
HERB003586,落花生,no_fields,https://www.dayi.org.cn/cmedical/1114906.html,detail page parsed but no mapped fields found
HERB003587,落花生叶,not_found,,no exact cmedical result in search page
HERB003594,落葵薯,not_found,,no exact cmedical result in search page
HERB003593,落葵花,no_fields,https://www.dayi.org.cn/cmedical/301999.html,detail page parsed but no mapped fields found
HERB003589,落花生枝叶,no_fields,https://www.dayi.org.cn/cmedical/1114908.html,detail page parsed but no mapped fields found
HERB003588,落花生油,no_fields,https://www.dayi.org.cn/cmedical/1114907.html,detail page parsed but no mapped fields found
HERB003596,罗勒籽,not_found,,no exact cmedical result in search page
HERB003595,罗勒,no_fields,https://www.dayi.org.cn/cmedical/301977.html,detail page parsed but no mapped fields found
HERB003598,萝藦子,no_fields,https://www.dayi.org.cn/cmedical/1115999.html,detail page parsed but no mapped fields found
HERB003597,萝藦,no_fields,https://www.dayi.org.cn/cmedical/301989.html,detail page parsed but no mapped fields found
HERB003602,骆驼刺,not_found,,no exact cmedical result in search page
HERB003600,络石藤,no_fields,https://www.dayi.org.cn/cmedical/301991.html,detail page parsed but no mapped fields found
HERB003603,骆驼蒿,not_found,,no exact cmedical result in search page
HERB003604,骆驼蓬,no_fields,https://www.dayi.org.cn/cmedical/301994.html,detail page parsed but no mapped fields found
HERB003609,螺旋金合欢,not_found,,no exact cmedical result in search page
HERB003606,罗西羊耳蒜,not_found,,no exact cmedical result in search page
HERB003605,骆驼蓬子,no_fields,https://www.dayi.org.cn/cmedical/301995.html,detail page parsed but no mapped fields found
HERB003608,落新妇,no_fields,https://www.dayi.org.cn/cmedical/1114910.html,detail page parsed but no mapped fields found
HERB003610,螺旋藻,no_fields,https://www.dayi.org.cn/cmedical/1116009.html,detail page parsed but no mapped fields found
HERB003616,葎草,no_fields,https://www.dayi.org.cn/cmedical/302010.html,detail page parsed but no mapped fields found
HERB003612,落叶松,not_found,,no exact cmedical result in search page
HERB003613,落叶松也金丝桃,not_found,,no exact cmedical result in search page
HERB003614,落羽杉,not_found,,no exact cmedical result in search page
HERB003620,绿海葵,not_found,,no exact cmedical result in search page
HERB003617,绿茶,no_fields,https://www.dayi.org.cn/cmedical/1156132.html,detail page parsed but no mapped fields found
HERB003611,螺厣草,no_fields,https://www.dayi.org.cn/cmedical/1114912.html,detail page parsed but no mapped fields found
HERB003622,驴皮,not_found,,no exact cmedical result in search page
HERB003625,吕宋荚蒾,not_found,,no exact cmedical result in search page
HERB003618,绿豆,no_fields,https://www.dayi.org.cn/cmedical/1008541.html,detail page parsed but no mapped fields found
HERB003624,吕宋果,no_fields,https://www.dayi.org.cn/cmedical/1114810.html,detail page parsed but no mapped fields found
HERB003628,铝唐松草,not_found,,no exact cmedical result in search page
HERB003627,绿笋片,no_fields,https://www.dayi.org.cn/cmedical/302008.html,detail page parsed but no mapped fields found
HERB003629,驴蹄草叶橐吾,not_found,,no exact cmedical result in search page
HERB003623,绿绒蒿,no_fields,https://www.dayi.org.cn/cmedical/1114808.html,detail page parsed but no mapped fields found
HERB003626,吕宋楸毛,no_fields,https://www.dayi.org.cn/cmedical/1114809.html,detail page parsed but no mapped fields found
HERB003630,铝嚏根草,not_found,,no exact cmedical result in search page
HERB003633,驴子山小橘,not_found,,no exact cmedical result in search page
HERB003631,绿仙人掌,not_found,,no exact cmedical result in search page
HERB003632,绿原酸,not_found,,no exact cmedical result in search page
HERB003634,马宝,no_fields,https://www.dayi.org.cn/cmedical/1118084.html,detail page parsed but no mapped fields found
HERB003635,马比木,no_fields,https://www.dayi.org.cn/cmedical/1114940.html,detail page parsed but no mapped fields found
HERB003636,马鞭草,no_fields,https://www.dayi.org.cn/cmedical/1114734.html,detail page parsed but no mapped fields found
HERB003639,麻蚕豆,not_found,,no exact cmedical result in search page
HERB003637,马槟榔,no_fields,https://www.dayi.org.cn/cmedical/1114941.html,detail page parsed but no mapped fields found
HERB003642,麻蛋果,not_found,,no exact cmedical result in search page
HERB003645,马岛黄连树,not_found,,no exact cmedical result in search page
HERB003638,马勃,no_fields,https://www.dayi.org.cn/cmedical/302023.html,detail page parsed but no mapped fields found
HERB003641,马齿苋,no_fields,https://www.dayi.org.cn/cmedical/302025.html,detail page parsed but no mapped fields found
HERB003648,马兜铃,not_found,,no exact cmedical result in search page
HERB003647,马德里绵枣儿,not_found,,no exact cmedical result in search page
HERB003652,麻风木,not_found,,no exact cmedical result in search page
HERB003650,马耳山乌头,not_found,,no exact cmedical result in search page
HERB003649,马督拉猪屎豆,not_found,,no exact cmedical result in search page
HERB003657,麻花艽,not_found,,no exact cmedical result in search page
HERB003654,麻根,no_fields,https://www.dayi.org.cn/cmedical/1114946.html,detail page parsed but no mapped fields found
HERB003653,麻风树,no_fields,https://www.dayi.org.cn/cmedical/1117631.html,detail page parsed but no mapped fields found
HERB003656,麻花,no_fields,https://www.dayi.org.cn/cmedical/1114947.html,detail page parsed but no mapped fields found
HERB003655,马桂花,no_fields,https://www.dayi.org.cn/cmedical/302037.html,detail page parsed but no mapped fields found
HERB003665,马来西亚买麻藤,not_found,,no exact cmedical result in search page
HERB003664,马来西亚黄杨木,not_found,,no exact cmedical result in search page
HERB003658,麻黄,no_fields,https://www.dayi.org.cn/cmedical/302013.html,detail page parsed but no mapped fields found
HERB003669,马莲,not_found,,no exact cmedical result in search page
HERB003666,马来西亚蕊木,not_found,,no exact cmedical result in search page
HERB003668,马兰叶,not_found,,no exact cmedical result in search page
HERB003659,麻黄根,no_fields,https://www.dayi.org.cn/cmedical/302014.html,detail page parsed but no mapped fields found
HERB003673,马六甲鱼藤,not_found,,no exact cmedical result in search page
HERB003671,马蔺子,no_fields,https://www.dayi.org.cn/cmedical/302047.html,detail page parsed but no mapped fields found
HERB003672,马铃薯,no_fields,https://www.dayi.org.cn/cmedical/1115953.html,detail page parsed but no mapped fields found
HERB003670,马蔺,no_fields,https://www.dayi.org.cn/cmedical/302044.html,detail page parsed but no mapped fields found
HERB003674,麻柳叶,no_fields,https://www.dayi.org.cn/cmedical/302017.html,detail page parsed but no mapped fields found
HERB003676,麻牛膝,no_fields,https://www.dayi.org.cn/cmedical/1115899.html,detail page parsed but no mapped fields found
HERB003675,马尿泡,no_fields,https://www.dayi.org.cn/cmedical/1114961.html,detail page parsed but no mapped fields found
HERB003678,马皮,no_fields,https://www.dayi.org.cn/cmedical/1117999.html,detail page parsed but no mapped fields found
HERB003680,马钱子粉,no_fields,https://www.dayi.org.cn/cmedical/302049.html,detail page parsed but no mapped fields found
HERB003681,马桑,no_fields,https://www.dayi.org.cn/cmedical/1116809.html,detail page parsed but no mapped fields found
HERB003683,马桑树皮,no_fields,https://www.dayi.org.cn/cmedical/302051.html,detail page parsed but no mapped fields found
HERB003682,马桑根,no_fields,https://www.dayi.org.cn/cmedical/302050.html,detail page parsed but no mapped fields found
HERB003685,马桑与马桑寄生,not_found,,no exact cmedical result in search page
HERB003684,马桑叶,no_fields,https://www.dayi.org.cn/cmedical/302052.html,detail page parsed but no mapped fields found
HERB003686,马山前胡,not_found,,no exact cmedical result in search page
HERB003689,马氏芦荟,not_found,,no exact cmedical result in search page
HERB003698,马尾莲,not_found,,no exact cmedical result in search page
HERB003694,马蹄纹天竺葵,not_found,,no exact cmedical result in search page
HERB003696,马通,no_fields,https://www.dayi.org.cn/cmedical/1156214.html,detail page parsed but no mapped fields found
HERB003699,马尾杉,not_found,,no exact cmedical result in search page
HERB003702,麻叶千里光,not_found,,no exact cmedical result in search page
HERB003700,马尾松叶,not_found,,no exact cmedical result in search page
HERB003695,马蹄叶,no_fields,https://www.dayi.org.cn/cmedical/1114984.html,detail page parsed but no mapped fields found
HERB003703,马银花,no_fields,https://www.dayi.org.cn/cmedical/302060.html,detail page parsed but no mapped fields found
HERB003707,麻子仁,not_found,,no exact cmedical result in search page
HERB003701,麻叶,no_fields,https://www.dayi.org.cn/cmedical/1114987.html,detail page parsed but no mapped fields found
HERB003706,马桩赛亚麻,not_found,,no exact cmedical result in search page
HERB003709,麦兜草,not_found,,no exact cmedical result in search page
HERB003710,麦家公,not_found,,no exact cmedical result in search page
HERB003708,麦冬,ok_no_empty_fields,https://www.dayi.org.cn/cmedical/1114747.html,matched page but target columns already had values
HERB003704,麻油,no_fields,https://www.dayi.org.cn/cmedical/1114992.html,detail page parsed but no mapped fields found
HERB003711,麦角,no_fields,https://www.dayi.org.cn/cmedical/302077.html,detail page parsed but no mapped fields found
HERB003714,麦仙翁,not_found,,no exact cmedical result in search page
HERB003713,买麻藤,no_fields,https://www.dayi.org.cn/cmedical/302072.html,detail page parsed but no mapped fields found
HERB003716,麦芽麯,not_found,,no exact cmedical result in search page
HERB003720,蔓长春花,not_found,,no exact cmedical result in search page
HERB003715,麦芽,no_fields,https://www.dayi.org.cn/cmedical/302084.html,detail page parsed but no mapped fields found
HERB003724,蔓荆叶,not_found,,no exact cmedical result in search page
HERB003726,蔓九节,not_found,,no exact cmedical result in search page
HERB003723,满江红,no_fields,https://www.dayi.org.cn/cmedical/302094.html,detail page parsed but no mapped fields found
HERB003725,蔓荆子,no_fields,https://www.dayi.org.cn/cmedical/302106.html,detail page parsed but no mapped fields found
HERB003729,曼尼普尔十大功劳,not_found,,no exact cmedical result in search page
HERB003732,蔓生卷柏,not_found,,no exact cmedical result in search page
HERB003730,满山红,no_fields,https://www.dayi.org.cn/cmedical/302096.html,detail page parsed but no mapped fields found
HERB003727,鳗鲡鱼,no_fields,https://www.dayi.org.cn/cmedical/302090.html,detail page parsed but no mapped fields found
HERB003734,蔓藤黄,not_found,,no exact cmedical result in search page
HERB003731,满山红油,no_fields,https://www.dayi.org.cn/cmedical/302098.html,detail page parsed but no mapped fields found
HERB003736,曼陀罗叶,no_fields,https://www.dayi.org.cn/cmedical/302101.html,detail page parsed but no mapped fields found
HERB003739,蔓枝龙胆,not_found,,no exact cmedical result in search page
HERB003735,曼陀罗根,no_fields,https://www.dayi.org.cn/cmedical/302100.html,detail page parsed but no mapped fields found
HERB003738,蔓性千斤拔,not_found,,no exact cmedical result in search page
HERB003737,曼陀罗子,no_fields,https://www.dayi.org.cn/cmedical/302102.html,detail page parsed but no mapped fields found
HERB003745,牻牛儿苗,not_found,,no exact cmedical result in search page
HERB003741,杧果核,no_fields,https://www.dayi.org.cn/cmedical/302113.html,detail page parsed but no mapped fields found
HERB003743,杧果叶,no_fields,https://www.dayi.org.cn/cmedical/302115.html,detail page parsed but no mapped fields found
HERB003740,杧果,no_fields,https://www.dayi.org.cn/cmedical/1114955.html,detail page parsed but no mapped fields found
HERB003742,杧果树皮,no_fields,https://www.dayi.org.cn/cmedical/302114.html,detail page parsed but no mapped fields found
HERB003747,蟒蛇,not_found,,no exact cmedical result in search page
HERB003749,毛八角枫,no_fields,https://www.dayi.org.cn/cmedical/302135.html,detail page parsed but no mapped fields found
HERB003751,毛草龙,no_fields,https://www.dayi.org.cn/cmedical/302141.html,detail page parsed but no mapped fields found
HERB003750,毛白杨,no_fields,https://www.dayi.org.cn/cmedical/302137.html,detail page parsed but no mapped fields found
HERB003754,毛刺锦鸡儿,not_found,,no exact cmedical result in search page
HERB003753,毛唇贝母兰,not_found,,no exact cmedical result in search page
HERB003752,茅草叶,no_fields,https://www.dayi.org.cn/cmedical/302235.html,detail page parsed but no mapped fields found
HERB003756,猫倒地铃,not_found,,no exact cmedical result in search page
HERB003759,毛地钱,not_found,,no exact cmedical result in search page
HERB003761,毛豆,not_found,,no exact cmedical result in search page
HERB003758,毛地黄鼠尾草,not_found,,no exact cmedical result in search page
HERB003757,毛地黄,not_found,,no exact cmedical result in search page
HERB003755,毛大丁草,no_fields,https://www.dayi.org.cn/cmedical/302148.html,detail page parsed but no mapped fields found
HERB003762,毛独行菜,not_found,,no exact cmedical result in search page
HERB003763,毛萼莓,not_found,,no exact cmedical result in search page
HERB003764,毛萼香茶菜,not_found,,no exact cmedical result in search page
HERB003767,毛梗红毛五加,not_found,,no exact cmedical result in search page
HERB003766,茅根,not_found,,no exact cmedical result in search page
HERB003765,茅膏菜,no_fields,https://www.dayi.org.cn/cmedical/1114973.html,detail page parsed but no mapped fields found
HERB003760,毛冬青,no_fields,https://www.dayi.org.cn/cmedical/1114784.html,detail page parsed but no mapped fields found
HERB003769,毛梗狭叶香茶菜,not_found,,no exact cmedical result in search page
HERB003768,毛梗豨莶,not_found,,no exact cmedical result in search page
HERB003770,毛钩藤,not_found,,no exact cmedical result in search page
HERB003772,毛果地锦,not_found,,no exact cmedical result in search page
HERB003771,毛贯众,no_fields,https://www.dayi.org.cn/cmedical/302160.html,detail page parsed but no mapped fields found
HERB003774,毛果含笑,not_found,,no exact cmedical result in search page
HERB003773,毛果杜鹃,not_found,,no exact cmedical result in search page
HERB003775,毛果马利筋,not_found,,no exact cmedical result in search page
HERB003776,毛果槭,not_found,,no exact cmedical result in search page
HERB003777,毛果芍药,not_found,,no exact cmedical result in search page
HERB003781,毛果杨,not_found,,no exact cmedical result in search page
HERB003780,毛果香茶菜,not_found,,no exact cmedical result in search page
HERB003782,毛果翼核果,not_found,,no exact cmedical result in search page
HERB003784,毛果鱼藤,not_found,,no exact cmedical result in search page
HERB003778,毛果算盘子,no_fields,https://www.dayi.org.cn/cmedical/302161.html,detail page parsed but no mapped fields found
HERB003783,毛果一枝黄花,not_found,,no exact cmedical result in search page
HERB003788,毛喉鞘蕊花,not_found,,no exact cmedical result in search page
HERB003785,毛果芸香碱,not_found,,no exact cmedical result in search page
HERB003786,毛杭子梢,not_found,,no exact cmedical result in search page
HERB003789,毛花毛地黄,not_found,,no exact cmedical result in search page
HERB003793,毛剪秋罗,not_found,,no exact cmedical result in search page
HERB003790,毛花猕猴桃,not_found,,no exact cmedical result in search page
HERB003794,毛节缬草,not_found,,no exact cmedical result in search page
HERB003787,毛诃子,no_fields,https://www.dayi.org.cn/cmedical/302164.html,detail page parsed but no mapped fields found
HERB003800,毛脉吴茱萸,not_found,,no exact cmedical result in search page
HERB003797,毛裂蜂斗菜,not_found,,no exact cmedical result in search page
HERB003798,毛马齿苋,not_found,,no exact cmedical result in search page
HERB003799,毛脉蓼,not_found,,no exact cmedical result in search page
HERB003796,毛莲蒿,no_fields,https://www.dayi.org.cn/cmedical/1117126.html,detail page parsed but no mapped fields found
HERB003801,毛曼陀罗根,not_found,,no exact cmedical result in search page
HERB003802,毛曼陀罗花,not_found,,no exact cmedical result in search page
HERB003803,毛曼陀罗叶,not_found,,no exact cmedical result in search page
HERB003804,毛曼陀罗子,not_found,,no exact cmedical result in search page
HERB003806,毛泡桐,not_found,,no exact cmedical result in search page
HERB003807,毛韧革菌,not_found,,no exact cmedical result in search page
HERB003810,毛山楂,not_found,,no exact cmedical result in search page
HERB003811,毛使君子,not_found,,no exact cmedical result in search page
HERB003808,毛蕊花,no_fields,https://www.dayi.org.cn/cmedical/302197.html,detail page parsed but no mapped fields found
HERB003815,毛头乳菇,not_found,,no exact cmedical result in search page
HERB003812,毛薯,no_fields,https://www.dayi.org.cn/cmedical/302200.html,detail page parsed but no mapped fields found
HERB003817,毛线柱苣苔,not_found,,no exact cmedical result in search page
HERB003822,毛杨梅,not_found,,no exact cmedical result in search page
HERB003824,毛叶番荔枝,not_found,,no exact cmedical result in search page
HERB003823,毛叶巴豆,not_found,,no exact cmedical result in search page
HERB003820,猫须草,no_fields,https://www.dayi.org.cn/cmedical/1114804.html,detail page parsed but no mapped fields found
HERB003825,毛叶假鹰爪根,not_found,,no exact cmedical result in search page
HERB003821,猫眼草,no_fields,https://www.dayi.org.cn/cmedical/302130.html,detail page parsed but no mapped fields found
HERB003826,毛叶藜芦,not_found,,no exact cmedical result in search page
HERB003828,毛叶威灵仙,not_found,,no exact cmedical result in search page
HERB003829,毛叶卫矛,not_found,,no exact cmedical result in search page
HERB003830,毛叶香茶菜,not_found,,no exact cmedical result in search page
HERB003831,毛鱼藤,not_found,,no exact cmedical result in search page
HERB003827,毛叶石楠,no_fields,https://www.dayi.org.cn/cmedical/302220.html,detail page parsed but no mapped fields found
HERB003832,毛獐牙菜,not_found,,no exact cmedical result in search page
HERB003835,毛柱马钱,not_found,,no exact cmedical result in search page
HERB003836,毛竹叶花椒,not_found,,no exact cmedical result in search page
HERB003838,美观马先蒿,not_found,,no exact cmedical result in search page
HERB003834,毛枝卷柏,no_fields,https://www.dayi.org.cn/cmedical/302227.html,detail page parsed but no mapped fields found
HERB003839,玫瑰红景天,not_found,,no exact cmedical result in search page
HERB003842,美国薄荷,not_found,,no exact cmedical result in search page
HERB003837,猫爪草,no_fields,https://www.dayi.org.cn/cmedical/302133.html,detail page parsed but no mapped fields found
HERB003846,美国青藤,not_found,,no exact cmedical result in search page
HERB003847,美国山核桃,not_found,,no exact cmedical result in search page
HERB003848,美国夏腊梅,not_found,,no exact cmedical result in search page
HERB003840,玫瑰花,no_fields,https://www.dayi.org.cn/cmedical/1114827.html,detail page parsed but no mapped fields found
HERB003851,梅花,no_fields,https://www.dayi.org.cn/cmedical/302256.html,detail page parsed but no mapped fields found
HERB003852,美花风毛菊,no_fields,https://www.dayi.org.cn/cmedical/302264.html,detail page parsed but no mapped fields found
HERB003856,美丽海罂粟,not_found,,no exact cmedical result in search page
HERB003853,美花石斛,not_found,,no exact cmedical result in search page
HERB003857,美丽荷包牡丹,not_found,,no exact cmedical result in search page
HERB003860,美丽金丝桃,not_found,,no exact cmedical result in search page
HERB003855,美丽番红花,not_found,,no exact cmedical result in search page
HERB003862,美丽马醉木,not_found,,no exact cmedical result in search page
HERB003861,美丽马利筋,not_found,,no exact cmedical result in search page
HERB003858,美丽红豆杉,not_found,,no exact cmedical result in search page
HERB003865,美丽藤黄,not_found,,no exact cmedical result in search page
HERB003867,美丽旋复花,not_found,,no exact cmedical result in search page
HERB003863,美丽帽柱木,not_found,,no exact cmedical result in search page
HERB003869,美丽银背藤,not_found,,no exact cmedical result in search page
HERB003873,美穗小檗,not_found,,no exact cmedical result in search page
HERB003871,美丽猪屎豆,not_found,,no exact cmedical result in search page
HERB003866,美丽新木姜子,not_found,,no exact cmedical result in search page
HERB003880,美洲檫木,not_found,,no exact cmedical result in search page
HERB003875,美特你杜鹃花,not_found,,no exact cmedical result in search page
HERB003877,美味猕猴桃,not_found,,no exact cmedical result in search page
HERB003876,美味红菇,not_found,,no exact cmedical result in search page
HERB003882,美洲刺桐,not_found,,no exact cmedical result in search page
HERB003881,美洲刺参,not_found,,no exact cmedical result in search page
HERB003883,梅州甘草,not_found,,no exact cmedical result in search page
HERB003884,梅州观音莲,not_found,,no exact cmedical result in search page
HERB003872,美商陆,no_fields,https://www.dayi.org.cn/cmedical/1114993.html,detail page parsed but no mapped fields found
HERB003887,美洲金缕梅,not_found,,no exact cmedical result in search page
HERB003886,美洲金露梅,not_found,,no exact cmedical result in search page
HERB003888,美洲苦木,not_found,,no exact cmedical result in search page
HERB003885,梅州花椒?,not_found,,no exact cmedical result in search page
HERB003895,美洲血根草,not_found,,no exact cmedical result in search page
HERB003891,美洲南蛇藤,not_found,,no exact cmedical result in search page
HERB003896,美洲野百合,not_found,,no exact cmedical result in search page
HERB003894,美洲豚草,not_found,,no exact cmedical result in search page
HERB003901,蒙大拿芸香,not_found,,no exact cmedical result in search page
HERB003899,蒙大拿春黄菊,not_found,,no exact cmedical result in search page
HERB003903,蒙古糙苏,not_found,,no exact cmedical result in search page
HERB003898,蜢虫,not_found,,no exact cmedical result in search page
HERB003906,蒙古风毛菊,not_found,,no exact cmedical result in search page
HERB003900,蒙大拿山小橘,not_found,,no exact cmedical result in search page
HERB003905,蒙古侧金盏花,not_found,,no exact cmedical result in search page
HERB003907,蒙古蒿,not_found,,no exact cmedical result in search page
HERB003908,蒙古黄芪,not_found,,no exact cmedical result in search page
HERB003909,蒙古栎,not_found,,no exact cmedical result in search page
HERB003911,蒙古绣线菊,not_found,,no exact cmedical result in search page
HERB003912,孟买肉豆蔻,not_found,,no exact cmedical result in search page
HERB003910,蒙古山萝卜,no_fields,https://www.dayi.org.cn/cmedical/302279.html,detail page parsed but no mapped fields found
HERB003914,礞石,no_fields,https://www.dayi.org.cn/cmedical/1117776.html,detail page parsed but no mapped fields found
HERB003916,孟宗竹,not_found,,no exact cmedical result in search page
HERB003915,蒙自草胡椒,no_fields,https://www.dayi.org.cn/cmedical/302280.html,detail page parsed but no mapped fields found
HERB003918,迷迭香叶千里光,not_found,,no exact cmedical result in search page
HERB003920,米蒿,not_found,,no exact cmedical result in search page
HERB003919,美国黄瓜,not_found,,no exact cmedical result in search page
HERB003922,猕猴梨根,not_found,,no exact cmedical result in search page
HERB003917,迷迭香,no_fields,https://www.dayi.org.cn/cmedical/302287.html,detail page parsed but no mapped fields found
HERB003921,猕猴梨,no_fields,https://www.dayi.org.cn/cmedical/1115000.html,detail page parsed but no mapped fields found
HERB003925,猕猴桃藤中汁,no_fields,https://www.dayi.org.cn/cmedical/1115001.html,detail page parsed but no mapped fields found
HERB003923,猕猴桃,no_fields,https://www.dayi.org.cn/cmedical/302289.html,detail page parsed but no mapped fields found
HERB003927,密花豆,not_found,,no exact cmedical result in search page
HERB003926,猕猴桃枝叶,no_fields,https://www.dayi.org.cn/cmedical/1115003.html,detail page parsed but no mapped fields found
HERB003924,猕猴桃根,no_fields,https://www.dayi.org.cn/cmedical/1115002.html,detail page parsed but no mapped fields found
HERB003930,密花石豆兰,not_found,,no exact cmedical result in search page
HERB003931,密花石斛,not_found,,no exact cmedical result in search page
HERB003929,密花美登木,no_fields,https://www.dayi.org.cn/cmedical/302312.html,detail page parsed but no mapped fields found
HERB003935,密花岩风,not_found,,no exact cmedical result in search page
HERB003932,米花豚草,not_found,,no exact cmedical result in search page
HERB003933,密花娃儿藤,not_found,,no exact cmedical result in search page
HERB003938,米酒,not_found,,no exact cmedical result in search page
HERB003936,蜜环菌,no_fields,https://www.dayi.org.cn/cmedical/302329.html,detail page parsed but no mapped fields found
HERB003945,马钱子,not_found,,no exact cmedical result in search page
HERB003944,密伞千里光,not_found,,no exact cmedical result in search page
HERB003941,密蒙花,no_fields,https://www.dayi.org.cn/cmedical/302320.html,detail page parsed but no mapped fields found
HERB003940,密脉鹅掌柴,no_fields,https://www.dayi.org.cn/cmedical/302316.html,detail page parsed but no mapped fields found
HERB003942,米皮糠,no_fields,https://www.dayi.org.cn/cmedical/302300.html,detail page parsed but no mapped fields found
HERB003948,米碎花蛇鞭菊,not_found,,no exact cmedical result in search page
HERB003951,米籽兰,not_found,,no exact cmedical result in search page
HERB003952,面包果,not_found,,no exact cmedical result in search page
HERB003953,绵萆薢,no_fields,https://www.dayi.org.cn/cmedical/302331.html,detail page parsed but no mapped fields found
HERB003954,面根藤,no_fields,https://www.dayi.org.cn/cmedical/302348.html,detail page parsed but no mapped fields found
HERB003956,棉花根,no_fields,https://www.dayi.org.cn/cmedical/302341.html,detail page parsed but no mapped fields found
HERB003955,棉花,no_fields,https://www.dayi.org.cn/cmedical/302340.html,detail page parsed but no mapped fields found
HERB003963,迷案毛果香茶菜,not_found,,no exact cmedical result in search page
HERB003957,棉花壳,no_fields,https://www.dayi.org.cn/cmedical/302342.html,detail page parsed but no mapped fields found
HERB003960,棉麻,not_found,,no exact cmedical result in search page
HERB003958,棉花子,no_fields,https://www.dayi.org.cn/cmedical/302344.html,detail page parsed but no mapped fields found
HERB003964,绵毛黄芪,not_found,,no exact cmedical result in search page
HERB003961,绵马贯众,no_fields,https://www.dayi.org.cn/cmedical/302333.html,detail page parsed but no mapped fields found
HERB003965,绵毛马兜铃,no_fields,https://www.dayi.org.cn/cmedical/1114996.html,detail page parsed but no mapped fields found
HERB003968,冕宁乌头,not_found,,no exact cmedical result in search page
HERB003970,绵头雪莲花,not_found,,no exact cmedical result in search page
HERB003973,棉叶麻风树,not_found,,no exact cmedical result in search page
HERB003975,绵枣儿,no_fields,https://www.dayi.org.cn/cmedical/302339.html,detail page parsed but no mapped fields found
HERB003966,绵毛娃儿藤,no_fields,https://www.dayi.org.cn/cmedical/1117686.html,detail page parsed but no mapped fields found
HERB003974,棉枣,not_found,,no exact cmedical result in search page
HERB003976,棉籽油,not_found,,no exact cmedical result in search page
HERB003972,檰芽,no_fields,https://www.dayi.org.cn/cmedical/302345.html,detail page parsed but no mapped fields found
HERB003978,闽皖八角,not_found,,no exact cmedical result in search page
HERB003982,长柱琉璃草,not_found,,no exact cmedical result in search page
HERB003981,松叶菊,not_found,,no exact cmedical result in search page
HERB003979,明党参,no_fields,https://www.dayi.org.cn/cmedical/1155652.html,detail page parsed but no mapped fields found
HERB003985,蘑菇,not_found,,no exact cmedical result in search page
HERB003990,莫雷南洋参,not_found,,no exact cmedical result in search page
HERB003986,膜果麻黄,not_found,,no exact cmedical result in search page
HERB003980,明矾,no_fields,https://www.dayi.org.cn/cmedical/1155918.html,detail page parsed but no mapped fields found
HERB003993,莫罗氏忍冬,not_found,,no exact cmedical result in search page
HERB003988,墨旱莲,no_fields,https://www.dayi.org.cn/cmedical/1114870.html,detail page parsed but no mapped fields found
HERB003995,莫桑比克美登木,not_found,,no exact cmedical result in search page
HERB003991,茉莉花,no_fields,https://www.dayi.org.cn/cmedical/302360.html,detail page parsed but no mapped fields found
HERB003997,墨炭,not_found,,no exact cmedical result in search page
HERB004000,墨西哥落羽杉,not_found,,no exact cmedical result in search page
HERB003996,没食子,no_fields,https://www.dayi.org.cn/cmedical/302248.html,detail page parsed but no mapped fields found
HERB004001,墨西哥向日葵,not_found,,no exact cmedical result in search page
HERB004003,抹香鲸,not_found,,no exact cmedical result in search page
HERB003994,磨盘草,no_fields,https://www.dayi.org.cn/cmedical/302356.html,detail page parsed but no mapped fields found
HERB004008,木半夏根,no_fields,https://www.dayi.org.cn/cmedical/302384.html,detail page parsed but no mapped fields found
HERB004010,木鳖根,no_fields,https://www.dayi.org.cn/cmedical/1115009.html,detail page parsed but no mapped fields found
HERB004009,木鳖子,no_fields,https://www.dayi.org.cn/cmedical/302391.html,detail page parsed but no mapped fields found
HERB004004,没药,ok_no_empty_fields,https://www.dayi.org.cn/cmedical/1155611.html,matched page but target columns already had values
HERB004011,木鳖子,no_fields,https://www.dayi.org.cn/cmedical/302391.html,detail page parsed but no mapped fields found
HERB004012,木柴胡,not_found,,no exact cmedical result in search page
HERB004014,牧地香豌豆,not_found,,no exact cmedical result in search page
HERB004016,牧豆树,not_found,,no exact cmedical result in search page
HERB004013,牡丹皮,no_fields,https://www.dayi.org.cn/cmedical/302373.html,detail page parsed but no mapped fields found
HERB004018,木耳毒马草,not_found,,no exact cmedical result in search page
HERB004017,木耳,no_fields,https://www.dayi.org.cn/cmedical/302396.html,detail page parsed but no mapped fields found
HERB004015,母丁香,no_fields,https://www.dayi.org.cn/cmedical/302367.html,detail page parsed but no mapped fields found
HERB004021,木瓜,no_fields,https://www.dayi.org.cn/cmedical/302403.html,detail page parsed but no mapped fields found
HERB004020,木芙蓉花,no_fields,https://www.dayi.org.cn/cmedical/302401.html,detail page parsed but no mapped fields found
HERB004025,木桂,not_found,,no exact cmedical result in search page
HERB004022,木瓜根,no_fields,https://www.dayi.org.cn/cmedical/302404.html,detail page parsed but no mapped fields found
HERB004024,木瓜枝,no_fields,https://www.dayi.org.cn/cmedical/302406.html,detail page parsed but no mapped fields found
HERB004023,木瓜核,no_fields,https://www.dayi.org.cn/cmedical/302405.html,detail page parsed but no mapped fields found
HERB004027,牡蒿根,no_fields,https://www.dayi.org.cn/cmedical/302375.html,detail page parsed but no mapped fields found
HERB004026,牡蒿,no_fields,https://www.dayi.org.cn/cmedical/302374.html,detail page parsed but no mapped fields found
HERB004030,木瑚蝶树皮,not_found,,no exact cmedical result in search page
HERB004031,母鸡,not_found,,no exact cmedical result in search page
HERB004028,木荷,no_fields,https://www.dayi.org.cn/cmedical/302407.html,detail page parsed but no mapped fields found
HERB004029,木蝴蝶,no_fields,https://www.dayi.org.cn/cmedical/302409.html,detail page parsed but no mapped fields found
HERB004032,木槿根,no_fields,https://www.dayi.org.cn/cmedical/302417.html,detail page parsed but no mapped fields found
HERB004033,木槿花,no_fields,https://www.dayi.org.cn/cmedical/302418.html,detail page parsed but no mapped fields found
HERB004035,木槿叶,no_fields,https://www.dayi.org.cn/cmedical/302420.html,detail page parsed but no mapped fields found
HERB004034,木槿皮,no_fields,https://www.dayi.org.cn/cmedical/302419.html,detail page parsed but no mapped fields found
HERB004036,牡荆子,no_fields,https://www.dayi.org.cn/cmedical/302381.html,detail page parsed but no mapped fields found
HERB004039,牡荆,not_found,,no exact cmedical result in search page
HERB004042,牡荆子,no_fields,https://www.dayi.org.cn/cmedical/302381.html,detail page parsed but no mapped fields found
HERB004038,牡荆根,no_fields,https://www.dayi.org.cn/cmedical/302376.html,detail page parsed but no mapped fields found
HERB004043,木菊,not_found,,no exact cmedical result in search page
HERB004041,牡荆油,no_fields,https://www.dayi.org.cn/cmedical/302380.html,detail page parsed but no mapped fields found
HERB004046,穆库尔没药,not_found,,no exact cmedical result in search page
HERB004049,木榄,not_found,,no exact cmedical result in search page
HERB004040,牡荆叶,no_fields,https://www.dayi.org.cn/cmedical/302379.html,detail page parsed but no mapped fields found
HERB004047,木兰,no_fields,https://www.dayi.org.cn/cmedical/1155936.html,detail page parsed but no mapped fields found
HERB004051,木藜芦,not_found,,no exact cmedical result in search page
HERB004050,牡蛎,no_fields,https://www.dayi.org.cn/cmedical/1117980.html,detail page parsed but no mapped fields found
HERB004037,牡荆根,no_fields,https://www.dayi.org.cn/cmedical/302376.html,detail page parsed but no mapped fields found
HERB004053,牧马豆,not_found,,no exact cmedical result in search page
HERB004054,木麻黄,no_fields,https://www.dayi.org.cn/cmedical/302428.html,detail page parsed but no mapped fields found
HERB004052,牡蛎肉,no_fields,https://www.dayi.org.cn/cmedical/302382.html,detail page parsed but no mapped fields found
HERB004056,木薯地上部分,not_found,,no exact cmedical result in search page
HERB004057,木藤蓼,not_found,,no exact cmedical result in search page
HERB004055,木棉花,no_fields,https://www.dayi.org.cn/cmedical/302431.html,detail page parsed but no mapped fields found
HERB004062,木茼蒿,not_found,,no exact cmedical result in search page
HERB004059,木天蓼,no_fields,https://www.dayi.org.cn/cmedical/302434.html,detail page parsed but no mapped fields found
HERB004058,木蹄层孔菌,no_fields,https://www.dayi.org.cn/cmedical/302433.html,detail page parsed but no mapped fields found
HERB004061,木通根,no_fields,https://www.dayi.org.cn/cmedical/302438.html,detail page parsed but no mapped fields found
HERB004060,木通,no_fields,https://www.dayi.org.cn/cmedical/302437.html,detail page parsed but no mapped fields found
HERB004067,木叶龙胆,not_found,,no exact cmedical result in search page
HERB004064,木香,no_fields,https://www.dayi.org.cn/cmedical/302440.html,detail page parsed but no mapped fields found
HERB004065,苜蓿,no_fields,https://www.dayi.org.cn/cmedical/1156176.html,detail page parsed but no mapped fields found
HERB004063,墓头回,no_fields,https://www.dayi.org.cn/cmedical/302450.html,detail page parsed but no mapped fields found
HERB004066,苜蓿根,no_fields,https://www.dayi.org.cn/cmedical/302449.html,detail page parsed but no mapped fields found
HERB004069,木贼麻黄,not_found,,no exact cmedical result in search page
HERB004074,拿腾,not_found,,no exact cmedical result in search page
HERB004075,拿腾果,not_found,,no exact cmedical result in search page
HERB004076,奶桑,not_found,,no exact cmedical result in search page
HERB004068,木贼,no_fields,https://www.dayi.org.cn/cmedical/302443.html,detail page parsed but no mapped fields found
HERB004077,南川冠唇花,not_found,,no exact cmedical result in search page
HERB004083,南方琉璃草,not_found,,no exact cmedical result in search page
HERB004078,南川鹭鸶草,not_found,,no exact cmedical result in search page
HERB004085,南方欧石楠,not_found,,no exact cmedical result in search page
HERB004086,南方菟丝子,not_found,,no exact cmedical result in search page
HERB004079,南川升麻,no_fields,https://www.dayi.org.cn/cmedical/302458.html,detail page parsed but no mapped fields found
HERB004088,南非钩麻,not_found,,no exact cmedical result in search page
HERB004081,南丹参,no_fields,https://www.dayi.org.cn/cmedical/302459.html,detail page parsed but no mapped fields found
HERB004095,南轮环藤,not_found,,no exact cmedical result in search page
HERB004096,南美防己,not_found,,no exact cmedical result in search page
HERB004092,南瓜子,no_fields,https://www.dayi.org.cn/cmedical/302463.html,detail page parsed but no mapped fields found
HERB004091,南瓜,no_fields,https://www.dayi.org.cn/cmedical/1115021.html,detail page parsed but no mapped fields found
HERB004097,南美牛奶菜,not_found,,no exact cmedical result in search page
HERB004093,南鹤虱,no_fields,https://www.dayi.org.cn/cmedical/302464.html,detail page parsed but no mapped fields found
HERB004100,南欧丹参,not_found,,no exact cmedical result in search page
HERB004103,南山花,not_found,,no exact cmedical result in search page
HERB004099,楠木,no_fields,https://www.dayi.org.cn/cmedical/1115030.html,detail page parsed but no mapped fields found
HERB004105,南蛇藤,no_fields,https://www.dayi.org.cn/cmedical/302471.html,detail page parsed but no mapped fields found
HERB004104,南山藤,no_fields,https://www.dayi.org.cn/cmedical/302467.html,detail page parsed but no mapped fields found
HERB004106,南蛇藤根,no_fields,https://www.dayi.org.cn/cmedical/302472.html,detail page parsed but no mapped fields found
HERB004107,南蛇藤果,no_fields,https://www.dayi.org.cn/cmedical/302473.html,detail page parsed but no mapped fields found
HERB004108,南蛇藤叶子,not_found,,no exact cmedical result in search page
HERB004110,南苏格兰嘉善罗,not_found,,no exact cmedical result in search page
HERB004111,南酸枣,no_fields,https://www.dayi.org.cn/cmedical/1115032.html,detail page parsed but no mapped fields found
HERB004117,南投秋海棠,not_found,,no exact cmedical result in search page
HERB004112,南天竹根,no_fields,https://www.dayi.org.cn/cmedical/302478.html,detail page parsed but no mapped fields found
HERB004113,南天竹梗,no_fields,https://www.dayi.org.cn/cmedical/302479.html,detail page parsed but no mapped fields found
HERB004114,南天竹叶,no_fields,https://www.dayi.org.cn/cmedical/302480.html,detail page parsed but no mapped fields found
HERB004115,南天竹子,no_fields,https://www.dayi.org.cn/cmedical/302481.html,detail page parsed but no mapped fields found
HERB004120,南亚含笑,not_found,,no exact cmedical result in search page
HERB004121,南印度穿心莲,not_found,,no exact cmedical result in search page
HERB004118,南五味子,no_fields,https://www.dayi.org.cn/cmedical/302482.html,detail page parsed but no mapped fields found
HERB004122,南印度苏铁树果,not_found,,no exact cmedical result in search page
HERB004124,囊盖丝瓜,not_found,,no exact cmedical result in search page
HERB004126,囊状紫檀,not_found,,no exact cmedical result in search page
HERB004125,囊状毛蕊花,not_found,,no exact cmedical result in search page
HERB004130,闹羊花子,not_found,,no exact cmedical result in search page
HERB004128,脑石,not_found,,no exact cmedical result in search page
HERB004129,闹羊花,not_found,,no exact cmedical result in search page
HERB004131,内风消,not_found,,no exact cmedical result in search page
HERB004132,美国白梣,not_found,,no exact cmedical result in search page
HERB004134,内南五味子,not_found,,no exact cmedical result in search page
HERB004135,内折香茶菜,not_found,,no exact cmedical result in search page
HERB004127,硇砂,no_fields,https://www.dayi.org.cn/cmedical/302492.html,detail page parsed but no mapped fields found
HERB004140,尼泊尔独活,not_found,,no exact cmedical result in search page
HERB004141,尼泊尔老鹳草,not_found,,no exact cmedical result in search page
HERB004136,嫩叶九里香,not_found,,no exact cmedical result in search page
HERB004144,尼泊尔嵩草,not_found,,no exact cmedical result in search page
HERB004145,尼泊尔五头蛇,not_found,,no exact cmedical result in search page
HERB004147,尼泊金乙酯,not_found,,no exact cmedical result in search page
HERB004149,泥东风螺,not_found,,no exact cmedical result in search page
HERB004146,尼泊尔羊蹄,not_found,,no exact cmedical result in search page
HERB004150,尼古拉矢车菊,not_found,,no exact cmedical result in search page
HERB004155,尼罗河金银莲,not_found,,no exact cmedical result in search page
HERB004154,尼罗河柽柳,not_found,,no exact cmedical result in search page
HERB004153,拟金盏菊,not_found,,no exact cmedical result in search page
HERB004158,拟玉龙乌头,not_found,,no exact cmedical result in search page
HERB004152,泥胡菜,no_fields,https://www.dayi.org.cn/cmedical/302494.html,detail page parsed but no mapped fields found
HERB004157,泥炭藓,no_fields,https://www.dayi.org.cn/cmedical/302497.html,detail page parsed but no mapped fields found
HERB004163,粘委陵菜,not_found,,no exact cmedical result in search page
HERB004160,年报春,not_found,,no exact cmedical result in search page
HERB004159,泥沼木姜子,not_found,,no exact cmedical result in search page
HERB004164,粘性果实酸姜,not_found,,no exact cmedical result in search page
HERB004165,粘性土木香,not_found,,no exact cmedical result in search page
HERB004169,鲶鱼,not_found,,no exact cmedical result in search page
HERB004168,鲶鱼须,not_found,,no exact cmedical result in search page
HERB004175,宁国贝母,not_found,,no exact cmedical result in search page
HERB004173,宁扁萼苔烯,not_found,,no exact cmedical result in search page
HERB004172,尿泡草,no_fields,https://www.dayi.org.cn/cmedical/1115035.html,detail page parsed but no mapped fields found
HERB004180,柠檬酸,not_found,,no exact cmedical result in search page
HERB004177,柠檬桉叶,no_fields,https://www.dayi.org.cn/cmedical/302511.html,detail page parsed but no mapped fields found
HERB004176,柠檬,no_fields,https://www.dayi.org.cn/cmedical/302508.html,detail page parsed but no mapped fields found
HERB004178,柠檬根,no_fields,https://www.dayi.org.cn/cmedical/302512.html,detail page parsed but no mapped fields found
HERB004179,柠檬皮,no_fields,https://www.dayi.org.cn/cmedical/302513.html,detail page parsed but no mapped fields found
HERB004182,宁夏贝母,not_found,,no exact cmedical result in search page
HERB004183,宁夏枸杞根皮,not_found,,no exact cmedical result in search page
HERB004184,宁夏枸杞子,not_found,,no exact cmedical result in search page
HERB004187,牛蒡根,no_fields,https://www.dayi.org.cn/cmedical/302524.html,detail page parsed but no mapped fields found
HERB004181,柠檬叶,no_fields,https://www.dayi.org.cn/cmedical/302514.html,detail page parsed but no mapped fields found
HERB004189,牛蒡叶,not_found,,no exact cmedical result in search page
HERB004188,牛蒡茎叶,no_fields,https://www.dayi.org.cn/cmedical/302525.html,detail page parsed but no mapped fields found
HERB004194,牛胆,not_found,,no exact cmedical result in search page
HERB004192,牛鞭,no_fields,https://www.dayi.org.cn/cmedical/1155775.html,detail page parsed but no mapped fields found
HERB004191,牛蒡子,no_fields,https://www.dayi.org.cn/cmedical/302526.html,detail page parsed but no mapped fields found
HERB004196,牛耳枫子,no_fields,https://www.dayi.org.cn/cmedical/302543.html,detail page parsed but no mapped fields found
HERB004197,牛防风,not_found,,no exact cmedical result in search page
HERB004193,牛大力,no_fields,https://www.dayi.org.cn/cmedical/302533.html,detail page parsed but no mapped fields found
HERB004199,牛肝,not_found,,no exact cmedical result in search page
HERB004195,牛耳大黄,no_fields,https://www.dayi.org.cn/cmedical/302538.html,detail page parsed but no mapped fields found
HERB004198,牛肺,not_found,,no exact cmedical result in search page
HERB004203,牛津千里光,not_found,,no exact cmedical result in search page
HERB004206,牛皮茶,not_found,,no exact cmedical result in search page
HERB004201,牛黄,ok_no_empty_fields,https://www.dayi.org.cn/cmedical/1117994.html,matched page but target columns already had values
HERB004205,牛脑,not_found,,no exact cmedical result in search page
HERB004207,扭曲松叶菊,not_found,,no exact cmedical result in search page
HERB004208,扭曲一根草,not_found,,no exact cmedical result in search page
HERB004204,牛筋条,no_fields,https://www.dayi.org.cn/cmedical/1116941.html,detail page parsed but no mapped fields found
HERB004202,牛筋果,no_fields,https://www.dayi.org.cn/cmedical/302555.html,detail page parsed but no mapped fields found
HERB004209,牛乳,not_found,,no exact cmedical result in search page
HERB004212,牛肾,not_found,,no exact cmedical result in search page
HERB004213,牛蹄豆,not_found,,no exact cmedical result in search page
HERB004215,牛尾草香茶菜,not_found,,no exact cmedical result in search page
HERB004211,牛舌头,no_fields,https://www.dayi.org.cn/cmedical/1115042.html,detail page parsed but no mapped fields found
HERB004210,牛舌草,no_fields,https://www.dayi.org.cn/cmedical/302572.html,detail page parsed but no mapped fields found
HERB004214,牛尾菜,no_fields,https://www.dayi.org.cn/cmedical/302580.html,detail page parsed but no mapped fields found
HERB004216,牛尾独活,no_fields,https://www.dayi.org.cn/cmedical/1115837.html,detail page parsed but no mapped fields found
HERB004221,牛心番荔枝,not_found,,no exact cmedical result in search page
HERB004217,牛尾蒿,no_fields,https://www.dayi.org.cn/cmedical/302581.html,detail page parsed but no mapped fields found
HERB004220,牛西西,no_fields,https://www.dayi.org.cn/cmedical/302583.html,detail page parsed but no mapped fields found
HERB004222,牛心粉,not_found,,no exact cmedical result in search page
HERB004219,牛膝茎叶,no_fields,https://www.dayi.org.cn/cmedical/302585.html,detail page parsed but no mapped fields found
HERB004218,牛膝,no_fields,https://www.dayi.org.cn/cmedical/306234.html,detail page parsed but no mapped fields found
HERB004226,牛血,not_found,,no exact cmedical result in search page
HERB004227,牛眼马钱,not_found,,no exact cmedical result in search page
HERB004228,牛眼蟛蜞菊,not_found,,no exact cmedical result in search page
HERB004225,牛玄金合欢,not_found,,no exact cmedical result in search page
HERB004224,牛心茄子,no_fields,https://www.dayi.org.cn/cmedical/302588.html,detail page parsed but no mapped fields found
HERB004234,怒江山茶,not_found,,no exact cmedical result in search page
HERB004232,农吉利,no_fields,https://www.dayi.org.cn/cmedical/1155830.html,detail page parsed but no mapped fields found
HERB004236,女贞叶,no_fields,https://www.dayi.org.cn/cmedical/302611.html,detail page parsed but no mapped fields found
HERB004238,糯稻,not_found,,no exact cmedical result in search page
HERB004237,女贞子,no_fields,https://www.dayi.org.cn/cmedical/1115007.html,detail page parsed but no mapped fields found
HERB004235,女贞根,no_fields,https://www.dayi.org.cn/cmedical/302609.html,detail page parsed but no mapped fields found
HERB004241,女贞小蜡树,not_found,,no exact cmedical result in search page
HERB004242,女贞子,no_fields,https://www.dayi.org.cn/cmedical/1115007.html,detail page parsed but no mapped fields found
HERB004239,糯稻根,no_fields,https://www.dayi.org.cn/cmedical/302601.html,detail page parsed but no mapped fields found
HERB004246,欧藏珠,not_found,,no exact cmedical result in search page
HERB004248,欧地笋,not_found,,no exact cmedical result in search page
HERB004245,欧薄荷,not_found,,no exact cmedical result in search page
HERB004244,藕,no_fields,https://www.dayi.org.cn/cmedical/302618.html,detail page parsed but no mapped fields found
HERB004249,欧丁香,not_found,,no exact cmedical result in search page
HERB004247,欧当归,no_fields,https://www.dayi.org.cn/cmedical/302612.html,detail page parsed but no mapped fields found
HERB004250,欧防风,not_found,,no exact cmedical result in search page
HERB004252,欧锦葵,not_found,,no exact cmedical result in search page
HERB004251,藕节,no_fields,https://www.dayi.org.cn/cmedical/302620.html,detail page parsed but no mapped fields found
HERB004253,欧莨菪,not_found,,no exact cmedical result in search page
HERB004255,欧列当,not_found,,no exact cmedical result in search page
HERB004256,偶曼陀罗根,not_found,,no exact cmedical result in search page
HERB004259,欧前胡,not_found,,no exact cmedical result in search page
HERB004262,藕炭,not_found,,no exact cmedical result in search page
HERB004260,欧石楠,not_found,,no exact cmedical result in search page
HERB004258,欧绵马,no_fields,https://www.dayi.org.cn/cmedical/302614.html,detail page parsed but no mapped fields found
HERB004265,欧细辛,not_found,,no exact cmedical result in search page
HERB004261,欧鼠李,no_fields,https://www.dayi.org.cn/cmedical/302615.html,detail page parsed but no mapped fields found
HERB004269,欧亚瑞香,not_found,,no exact cmedical result in search page
HERB004266,欧夏至草,not_found,,no exact cmedical result in search page
HERB004268,欧亚槭,not_found,,no exact cmedical result in search page
HERB004267,欧亚甘草,not_found,,no exact cmedical result in search page
HERB004273,欧洲白栎,not_found,,no exact cmedical result in search page
HERB004272,欧洲白蜡树,not_found,,no exact cmedical result in search page
HERB004271,藕汁,not_found,,no exact cmedical result in search page
HERB004274,欧洲赤松,not_found,,no exact cmedical result in search page
HERB004270,欧泽芹,no_fields,https://www.dayi.org.cn/cmedical/302616.html,detail page parsed but no mapped fields found
HERB004275,欧洲刺柏,not_found,,no exact cmedical result in search page
HERB004278,欧洲花楸,not_found,,no exact cmedical result in search page
HERB004279,欧洲夹竹桃,not_found,,no exact cmedical result in search page
HERB004276,欧洲刺柏变种,not_found,,no exact cmedical result in search page
HERB004277,欧洲独活,not_found,,no exact cmedical result in search page
HERB004280,欧洲蕨,not_found,,no exact cmedical result in search page
HERB004284,欧洲耧斗菜,not_found,,no exact cmedical result in search page
HERB004282,欧洲冷杉,not_found,,no exact cmedical result in search page
HERB004281,欧洲蓝茉莉?,not_found,,no exact cmedical result in search page
HERB004285,欧洲马兜铃,not_found,,no exact cmedical result in search page
HERB004283,欧洲李,not_found,,no exact cmedical result in search page
HERB004286,欧洲蜜蜂花,not_found,,no exact cmedical result in search page
HERB004288,欧洲女贞,not_found,,no exact cmedical result in search page
HERB004289,欧洲萍逢草,not_found,,no exact cmedical result in search page
HERB004291,欧洲桤木,not_found,,no exact cmedical result in search page
HERB004287,欧洲没药,not_found,,no exact cmedical result in search page
HERB004290,欧洲萍逢草,not_found,,no exact cmedical result in search page
HERB004292,欧洲七叶树,not_found,,no exact cmedical result in search page
HERB004293,欧洲千里光,not_found,,no exact cmedical result in search page
HERB004296,欧洲省沽油,not_found,,no exact cmedical result in search page
HERB004294,欧洲山芥,not_found,,no exact cmedical result in search page
HERB004295,欧洲山杨,not_found,,no exact cmedical result in search page
HERB004297,欧洲水青冈,not_found,,no exact cmedical result in search page
HERB004298,欧洲菘蓝,not_found,,no exact cmedical result in search page
HERB004300,欧洲卫矛,not_found,,no exact cmedical result in search page
HERB004307,帕克夜香树,not_found,,no exact cmedical result in search page
HERB004303,欧洲云杉,not_found,,no exact cmedical result in search page
HERB004302,欧洲小檗,not_found,,no exact cmedical result in search page
HERB004301,欧洲仙客来,not_found,,no exact cmedical result in search page
HERB004308,帕里北方十大功劳,not_found,,no exact cmedical result in search page
HERB004310,排钱草,not_found,,no exact cmedical result in search page
HERB004312,攀援臭黄荆,not_found,,no exact cmedical result in search page
HERB004313,攀援鱼藤,not_found,,no exact cmedical result in search page
HERB004314,攀枝钩藤,not_found,,no exact cmedical result in search page
HERB004315,潘庄叶下珠,not_found,,no exact cmedical result in search page
HERB004311,排钱草根,no_fields,https://www.dayi.org.cn/cmedical/302630.html,detail page parsed but no mapped fields found
HERB004316,胖大海,no_fields,https://www.dayi.org.cn/cmedical/302637.html,detail page parsed but no mapped fields found
HERB004318,螃蟹,not_found,,no exact cmedical result in search page
HERB004321,炮诃子,not_found,,no exact cmedical result in search page
HERB004317,胖大海,no_fields,https://www.dayi.org.cn/cmedical/302637.html,detail page parsed but no mapped fields found
HERB004324,泡泡树,not_found,,no exact cmedical result in search page
HERB004322,炮姜,no_fields,https://www.dayi.org.cn/cmedical/302653.html,detail page parsed but no mapped fields found
HERB004325,炮山甲,not_found,,no exact cmedical result in search page
HERB004319,炮弹果,no_fields,https://www.dayi.org.cn/cmedical/302652.html,detail page parsed but no mapped fields found
HERB004329,泡状番荔枝,not_found,,no exact cmedical result in search page
HERB004323,泡囊草,no_fields,https://www.dayi.org.cn/cmedical/302644.html,detail page parsed but no mapped fields found
HERB004328,泡桐花,no_fields,https://www.dayi.org.cn/cmedical/302649.html,detail page parsed but no mapped fields found
HERB004327,泡桐果,no_fields,https://www.dayi.org.cn/cmedical/302648.html,detail page parsed but no mapped fields found
HERB004333,喷瓜,not_found,,no exact cmedical result in search page
HERB004326,泡桐,no_fields,https://www.dayi.org.cn/cmedical/302646.html,detail page parsed but no mapped fields found
HERB004334,盆架树,no_fields,https://www.dayi.org.cn/cmedical/302655.html,detail page parsed but no mapped fields found
HERB004330,佩兰,no_fields,https://www.dayi.org.cn/cmedical/302654.html,detail page parsed but no mapped fields found
HERB004338,蟛蜞菊,no_fields,https://www.dayi.org.cn/cmedical/302661.html,detail page parsed but no mapped fields found
HERB004336,蓬莪术,no_fields,https://www.dayi.org.cn/cmedical/1115054.html,detail page parsed but no mapped fields found
HERB004341,彭县雪胆,not_found,,no exact cmedical result in search page
HERB004337,蓬莱草,no_fields,https://www.dayi.org.cn/cmedical/1115053.html,detail page parsed but no mapped fields found
HERB004344,脾寒草根?,not_found,,no exact cmedical result in search page
HERB004342,蓬子菜,no_fields,https://www.dayi.org.cn/cmedical/302658.html,detail page parsed but no mapped fields found
HERB004346,啤酒花菟丝子,not_found,,no exact cmedical result in search page
HERB004347,霹雳萝芙木,not_found,,no exact cmedical result in search page
HERB004343,脾寒草,no_fields,https://www.dayi.org.cn/cmedical/302682.html,detail page parsed but no mapped fields found
HERB004345,啤酒花,no_fields,https://www.dayi.org.cn/cmedical/302681.html,detail page parsed but no mapped fields found
HERB004351,皮契茄,not_found,,no exact cmedical result in search page
HERB004349,枇杷核,no_fields,https://www.dayi.org.cn/cmedical/302674.html,detail page parsed but no mapped fields found
HERB004358,披针叶黄肉楠,not_found,,no exact cmedical result in search page
HERB004350,枇杷叶,no_fields,https://www.dayi.org.cn/cmedical/302677.html,detail page parsed but no mapped fields found
HERB004352,皮哨子,no_fields,https://www.dayi.org.cn/cmedical/302673.html,detail page parsed but no mapped fields found
HERB004354,铍针杜茎山,not_found,,no exact cmedical result in search page
HERB004357,披针叶钩藤,not_found,,no exact cmedical result in search page
HERB004359,披针叶南五味子,not_found,,no exact cmedical result in search page
HERB004361,偏翅唐松草根,no_fields,https://www.dayi.org.cn/cmedical/1115055.html,detail page parsed but no mapped fields found
HERB004364,苤蓝,no_fields,https://www.dayi.org.cn/cmedical/1115056.html,detail page parsed but no mapped fields found
HERB004360,偏翅唐松草,no_fields,https://www.dayi.org.cn/cmedical/302685.html,detail page parsed but no mapped fields found
HERB004362,片姜黄,no_fields,https://www.dayi.org.cn/cmedical/306235.html,detail page parsed but no mapped fields found
HERB004363,飘拂草,no_fields,https://www.dayi.org.cn/cmedical/302688.html,detail page parsed but no mapped fields found
HERB004367,平车前,not_found,,no exact cmedical result in search page
HERB004371,萍逢草,not_found,,no exact cmedical result in search page
HERB004366,平贝母,no_fields,https://www.dayi.org.cn/cmedical/302689.html,detail page parsed but no mapped fields found
HERB004374,平滑发亮钩藤,not_found,,no exact cmedical result in search page
HERB004375,平滑蜂斗菜,not_found,,no exact cmedical result in search page
HERB004370,瓶尔小草,no_fields,https://www.dayi.org.cn/cmedical/302690.html,detail page parsed but no mapped fields found
HERB004373,苹果海棠,not_found,,no exact cmedical result in search page
HERB004380,平千里光,not_found,,no exact cmedical result in search page
HERB004382,平羽凤尾蕨,not_found,,no exact cmedical result in search page
HERB004381,平卧稻花,not_found,,no exact cmedical result in search page
HERB004372,苹果,no_fields,https://www.dayi.org.cn/cmedical/1115061.html,detail page parsed but no mapped fields found
HERB004378,萍蓬草,no_fields,https://www.dayi.org.cn/cmedical/302692.html,detail page parsed but no mapped fields found
HERB004384,平展角茴香,not_found,,no exact cmedical result in search page
HERB004383,平原巴豆,not_found,,no exact cmedical result in search page
HERB004387,破故纸,not_found,,no exact cmedical result in search page
HERB004388,婆罗门皂荚,no_fields,https://www.dayi.org.cn/cmedical/302697.html,detail page parsed but no mapped fields found
HERB004389,婆罗洲钩藤,not_found,,no exact cmedical result in search page
HERB004391,铺地蜈蚣,no_fields,https://www.dayi.org.cn/cmedical/302713.html,detail page parsed but no mapped fields found
HERB004386,破布叶,no_fields,https://www.dayi.org.cn/cmedical/302702.html,detail page parsed but no mapped fields found
HERB004394,普尔迪罗汉松,not_found,,no exact cmedical result in search page
HERB004393,普洱茶,no_fields,https://www.dayi.org.cn/cmedical/302735.html,detail page parsed but no mapped fields found
HERB004396,匍匐筋骨草,not_found,,no exact cmedical result in search page
HERB004397,匍匐茎兔耳草,not_found,,no exact cmedical result in search page
HERB004395,扑尔敏,not_found,,no exact cmedical result in search page
HERB004400,普格乌头,not_found,,no exact cmedical result in search page
HERB004399,匍匐十大功劳,not_found,,no exact cmedical result in search page
HERB004398,匍匐枪刀药,not_found,,no exact cmedical result in search page
HERB004402,蒲黄,no_fields,https://www.dayi.org.cn/cmedical/302725.html,detail page parsed but no mapped fields found
HERB004401,蒲公英,no_fields,https://www.dayi.org.cn/cmedical/302723.html,detail page parsed but no mapped fields found
HERB004409,葡萄糖,not_found,,no exact cmedical result in search page
HERB004410,葡萄藤叶,not_found,,no exact cmedical result in search page
HERB004403,蒲黄炭,no_fields,https://www.dayi.org.cn/cmedical/1156076.html,detail page parsed but no mapped fields found
HERB004411,葡萄叶木槿,not_found,,no exact cmedical result in search page
HERB004406,葡萄,no_fields,https://www.dayi.org.cn/cmedical/1115067.html,detail page parsed but no mapped fields found
HERB004412,葡萄柚,not_found,,no exact cmedical result in search page
HERB004407,葡萄,no_fields,https://www.dayi.org.cn/cmedical/1115067.html,detail page parsed but no mapped fields found
HERB004416,普通苍耳?,not_found,,no exact cmedical result in search page
HERB004413,葡萄柚大红菊杂交种,not_found,,no exact cmedical result in search page
HERB004417,普通鹿蹄草,not_found,,no exact cmedical result in search page
HERB004418,普通豚草,not_found,,no exact cmedical result in search page
HERB004419,普通悬钩子,not_found,,no exact cmedical result in search page
HERB004414,菩提树花,no_fields,https://www.dayi.org.cn/cmedical/302717.html,detail page parsed but no mapped fields found
HERB004420,普通远志,not_found,,no exact cmedical result in search page
HERB004422,浦叶山悠子,not_found,,no exact cmedical result in search page
HERB004421,普通獐牙菜,not_found,,no exact cmedical result in search page
HERB004423,欧洲葡萄,not_found,,no exact cmedical result in search page
HERB004425,祁白芷,not_found,,no exact cmedical result in search page
HERB004424,蒲桃,no_fields,https://www.dayi.org.cn/cmedical/1116710.html,detail page parsed but no mapped fields found
HERB004427,齐墩果,no_fields,https://www.dayi.org.cn/cmedical/302762.html,detail page parsed but no mapped fields found
HERB004428,齐墩果酸,not_found,,no exact cmedical result in search page
HERB004431,七国千里香,not_found,,no exact cmedical result in search page
HERB004430,七国九里香?,not_found,,no exact cmedical result in search page
HERB004426,蛴螬,no_fields,https://www.dayi.org.cn/cmedical/302772.html,detail page parsed but no mapped fields found
HERB004429,漆姑草,no_fields,https://www.dayi.org.cn/cmedical/302756.html,detail page parsed but no mapped fields found
HERB004434,麒麟竭,not_found,,no exact cmedical result in search page
HERB004435,畦畔莎草,not_found,,no exact cmedical result in search page
HERB004438,七叶黄皮,not_found,,no exact cmedical result in search page
HERB004433,麒麟菜,no_fields,https://www.dayi.org.cn/cmedical/302775.html,detail page parsed but no mapped fields found
HERB004440,槭叶盘果菊,not_found,,no exact cmedical result in search page
HERB004441,七叶树,not_found,,no exact cmedical result in search page
HERB004443,奇异葡萄风信子,not_found,,no exact cmedical result in search page
HERB004439,七叶莲,no_fields,https://www.dayi.org.cn/cmedical/302746.html,detail page parsed but no mapped fields found
HERB004444,祁州一枝蒿,no_fields,https://www.dayi.org.cn/cmedical/1115083.html,detail page parsed but no mapped fields found
HERB004445,杞子,not_found,,no exact cmedical result in search page
HERB004447,茜草根,no_fields,https://www.dayi.org.cn/cmedical/1115071.html,detail page parsed but no mapped fields found
HERB004446,茜草,no_fields,https://www.dayi.org.cn/cmedical/1115082.html,detail page parsed but no mapped fields found
HERB004452,头花千金藤,not_found,,no exact cmedical result in search page
HERB004449,千层塔,no_fields,https://www.dayi.org.cn/cmedical/302781.html,detail page parsed but no mapped fields found
HERB004450,铅丹,no_fields,https://www.dayi.org.cn/cmedical/302800.html,detail page parsed but no mapped fields found
HERB004448,茜草藤,no_fields,https://www.dayi.org.cn/cmedical/302811.html,detail page parsed but no mapped fields found
HERB004454,浅灰钩藤,not_found,,no exact cmedical result in search page
HERB004455,浅灰毛冠菊,not_found,,no exact cmedical result in search page
HERB004451,铅粉,no_fields,https://www.dayi.org.cn/cmedical/1117782.html,detail page parsed but no mapped fields found
HERB004453,前胡,no_fields,https://www.dayi.org.cn/cmedical/302804.html,detail page parsed but no mapped fields found
HERB004456,千解草,no_fields,https://www.dayi.org.cn/cmedical/302783.html,detail page parsed but no mapped fields found
HERB004457,千斤拔,no_fields,https://www.dayi.org.cn/cmedical/1115084.html,detail page parsed but no mapped fields found
HERB004460,千金子,not_found,,no exact cmedical result in search page
HERB004458,千金花,no_fields,https://www.dayi.org.cn/cmedical/302784.html,detail page parsed but no mapped fields found
HERB004463,浅裂鳞毛蕨,not_found,,no exact cmedical result in search page
HERB004459,千金藤,no_fields,https://www.dayi.org.cn/cmedical/302785.html,detail page parsed but no mapped fields found
HERB004464,黔岭淫羊藿,not_found,,no exact cmedical result in search page
HERB004461,千金子霜,no_fields,https://www.dayi.org.cn/cmedical/1155683.html,detail page parsed but no mapped fields found
HERB004462,千里光,no_fields,https://www.dayi.org.cn/cmedical/302786.html,detail page parsed but no mapped fields found
HERB004467,千年不烂心,no_fields,https://www.dayi.org.cn/cmedical/302790.html,detail page parsed but no mapped fields found
HERB004470,千屈菜,no_fields,https://www.dayi.org.cn/cmedical/302794.html,detail page parsed but no mapped fields found
HERB004468,千年健,no_fields,https://www.dayi.org.cn/cmedical/302792.html,detail page parsed but no mapped fields found
HERB004471,千日红,no_fields,https://www.dayi.org.cn/cmedical/302795.html,detail page parsed but no mapped fields found
HERB004472,芡实,no_fields,https://www.dayi.org.cn/cmedical/302807.html,detail page parsed but no mapped fields found
HERB004475,芡实叶,no_fields,https://www.dayi.org.cn/cmedical/302810.html,detail page parsed but no mapped fields found
HERB004474,芡实茎,no_fields,https://www.dayi.org.cn/cmedical/302809.html,detail page parsed but no mapped fields found
HERB004479,羌活,ok_no_empty_fields,https://www.dayi.org.cn/cmedical/302812.html,matched page but target columns already had values
HERB004473,芡实根,no_fields,https://www.dayi.org.cn/cmedical/302808.html,detail page parsed but no mapped fields found
HERB004483,鞘柄菝葜,not_found,,no exact cmedical result in search page
HERB004480,蜣螂,no_fields,https://www.dayi.org.cn/cmedical/302818.html,detail page parsed but no mapped fields found
HERB004489,荞麦秸,not_found,,no exact cmedical result in search page
HERB004484,巧茶,not_found,,no exact cmedical result in search page
HERB004481,蔷薇根,no_fields,https://www.dayi.org.cn/cmedical/302823.html,detail page parsed but no mapped fields found
HERB004488,荞麦,no_fields,https://www.dayi.org.cn/cmedical/1115072.html,detail page parsed but no mapped fields found
HERB004492,乔木芍药,not_found,,no exact cmedical result in search page
HERB004493,乔木状黄牛木,not_found,,no exact cmedical result in search page
HERB004491,乔木胡椒,not_found,,no exact cmedical result in search page
HERB004490,乔木刺桐,no_fields,https://www.dayi.org.cn/cmedical/302827.html,detail page parsed but no mapped fields found
HERB004500,茄根,not_found,,no exact cmedical result in search page
HERB004498,荞头,not_found,,no exact cmedical result in search page
HERB004497,鞘石豆兰,not_found,,no exact cmedical result in search page
HERB004496,乔木紫珠,no_fields,https://www.dayi.org.cn/cmedical/302829.html,detail page parsed but no mapped fields found
HERB004499,茄蒂,not_found,,no exact cmedical result in search page
HERB004501,茄花,not_found,,no exact cmedical result in search page
HERB004503,茄子,not_found,,no exact cmedical result in search page
HERB004502,茄叶,not_found,,no exact cmedical result in search page
HERB004505,秦蒿,not_found,,no exact cmedical result in search page
HERB004504,芹菜,not_found,,no exact cmedical result in search page
HERB004510,秦岭翠雀花,not_found,,no exact cmedical result in search page
HERB004512,秦岭珠子参,not_found,,no exact cmedical result in search page
HERB004508,秦艽花,not_found,,no exact cmedical result in search page
HERB004507,秦艽,no_fields,https://www.dayi.org.cn/cmedical/302835.html,detail page parsed but no mapped fields found
HERB004509,秦岭白蜡树,not_found,,no exact cmedical result in search page
HERB004517,轻粉,not_found,,no exact cmedical result in search page
HERB004516,青黛,no_fields,https://www.dayi.org.cn/cmedical/302841.html,detail page parsed but no mapped fields found
HERB004518,青风藤,no_fields,https://www.dayi.org.cn/cmedical/302842.html,detail page parsed but no mapped fields found
HERB004513,秦皮,no_fields,https://www.dayi.org.cn/cmedical/302837.html,detail page parsed but no mapped fields found
HERB004519,青果,no_fields,https://www.dayi.org.cn/cmedical/302846.html,detail page parsed but no mapped fields found
HERB004520,青蒿,no_fields,https://www.dayi.org.cn/cmedical/1008545.html,detail page parsed but no mapped fields found
HERB004523,青椒,not_found,,no exact cmedical result in search page
HERB004526,青龙齿,not_found,,no exact cmedical result in search page
HERB004521,青蒿根,no_fields,https://www.dayi.org.cn/cmedical/302851.html,detail page parsed but no mapped fields found
HERB004522,青蒿子,no_fields,https://www.dayi.org.cn/cmedical/302853.html,detail page parsed but no mapped fields found
HERB004525,清凉百合,not_found,,no exact cmedical result in search page
HERB004524,青金石,no_fields,https://www.dayi.org.cn/cmedical/1155771.html,detail page parsed but no mapped fields found
HERB004527,苘麻子,no_fields,https://www.dayi.org.cn/cmedical/302917.html,detail page parsed but no mapped fields found
HERB004530,清明花,not_found,,no exact cmedical result in search page
HERB004531,青木香,not_found,,no exact cmedical result in search page
HERB004529,青礞石,no_fields,https://www.dayi.org.cn/cmedical/1155820.html,detail page parsed but no mapped fields found
HERB004528,青梅,no_fields,https://www.dayi.org.cn/cmedical/1156241.html,detail page parsed but no mapped fields found
HERB004533,青牛胆,not_found,,no exact cmedical result in search page
HERB004532,青娘子,no_fields,https://www.dayi.org.cn/cmedical/302871.html,detail page parsed but no mapped fields found
HERB004535,青钱柳,no_fields,https://www.dayi.org.cn/cmedical/302874.html,detail page parsed but no mapped fields found
HERB004536,青蛇藤,no_fields,https://www.dayi.org.cn/cmedical/1117277.html,detail page parsed but no mapped fields found
HERB004534,青皮,no_fields,https://www.dayi.org.cn/cmedical/302872.html,detail page parsed but no mapped fields found
HERB004538,青藤香,not_found,,no exact cmedical result in search page
HERB004537,青蒜,no_fields,https://www.dayi.org.cn/cmedical/1115075.html,detail page parsed but no mapped fields found
HERB004541,青蛙蛋,not_found,,no exact cmedical result in search page
HERB004540,青蛙,no_fields,https://www.dayi.org.cn/cmedical/302885.html,detail page parsed but no mapped fields found
HERB004542,清香木姜子,not_found,,no exact cmedical result in search page
HERB004539,青天葵,no_fields,https://www.dayi.org.cn/cmedical/1115144.html,detail page parsed but no mapped fields found
HERB004547,青子牵牛,not_found,,no exact cmedical result in search page
HERB004548,青紫苏,not_found,,no exact cmedical result in search page
HERB004545,清洋参,not_found,,no exact cmedical result in search page
HERB004546,青叶胆,no_fields,https://www.dayi.org.cn/cmedical/302898.html,detail page parsed but no mapped fields found
HERB004543,青葙子,no_fields,https://www.dayi.org.cn/cmedical/302891.html,detail page parsed but no mapped fields found
HERB004550,秋福寿草,not_found,,no exact cmedical result in search page
HERB004549,秋枫木,no_fields,https://www.dayi.org.cn/cmedical/302924.html,detail page parsed but no mapped fields found
HERB004552,球花牛奶菜,not_found,,no exact cmedical result in search page
HERB004553,球花醉鱼草,not_found,,no exact cmedical result in search page
HERB004551,球花党参,no_fields,https://www.dayi.org.cn/cmedical/302944.html,detail page parsed but no mapped fields found
HERB004555,秋茄树,not_found,,no exact cmedical result in search page
HERB004556,球蕊五味子,not_found,,no exact cmedical result in search page
HERB004558,美登木,not_found,,no exact cmedical result in search page
HERB004559,秋水仙,no_fields,https://www.dayi.org.cn/cmedical/1155798.html,detail page parsed but no mapped fields found
HERB004561,球穗千斤拔,not_found,,no exact cmedical result in search page
HERB004554,秋木瓜,no_fields,https://www.dayi.org.cn/cmedical/1115080.html,detail page parsed but no mapped fields found
HERB004562,球药隔重楼,not_found,,no exact cmedical result in search page
HERB004560,秋水仙常春藤,not_found,,no exact cmedical result in search page
HERB004565,球状破布木,not_found,,no exact cmedical result in search page
HERB004568,驱虫合欢,not_found,,no exact cmedical result in search page
HERB004567,驱虫草,not_found,,no exact cmedical result in search page
HERB004563,蚯蚓,no_fields,https://www.dayi.org.cn/cmedical/1118096.html,detail page parsed but no mapped fields found
HERB004566,驱虫斑鸠菊,no_fields,https://www.dayi.org.cn/cmedical/302951.html,detail page parsed but no mapped fields found
HERB004573,区域草地老鹳草,not_found,,no exact cmedical result in search page
HERB004571,屈曲花,not_found,,no exact cmedical result in search page
HERB004569,瞿麦,no_fields,https://www.dayi.org.cn/cmedical/302957.html,detail page parsed but no mapped fields found
HERB004574,曲轴海金沙,not_found,,no exact cmedical result in search page
HERB004570,苣荬菜,no_fields,https://www.dayi.org.cn/cmedical/1114725.html,detail page parsed but no mapped fields found
HERB004575,犬齿蔷薇,not_found,,no exact cmedical result in search page
HERB004577,全能花,not_found,,no exact cmedical result in search page
HERB004576,拳距瓜叶乌头,not_found,,no exact cmedical result in search page
HERB004580,拳叶苏铁,not_found,,no exact cmedical result in search page
HERB004581,全叶延胡索,not_found,,no exact cmedical result in search page
HERB004583,拳愿桧木,not_found,,no exact cmedical result in search page
HERB004578,拳参,no_fields,https://www.dayi.org.cn/cmedical/302971.html,detail page parsed but no mapped fields found
HERB004586,全缘叶波罗密,not_found,,no exact cmedical result in search page
HERB004585,全缘叶澳托斯特草,not_found,,no exact cmedical result in search page
HERB004584,全员千里光,not_found,,no exact cmedical result in search page
HERB004587,全缘叶花椒,not_found,,no exact cmedical result in search page
HERB004588,全缘叶美洲茶,not_found,,no exact cmedical result in search page
HERB004590,全缘叶小波,not_found,,no exact cmedical result in search page
HERB004593,雀舌黄杨,not_found,,no exact cmedical result in search page
HERB004591,雀稗麦角菌,not_found,,no exact cmedical result in search page
HERB004594,裙带菜,not_found,,no exact cmedical result in search page
HERB004592,雀梅藤,no_fields,https://www.dayi.org.cn/cmedical/302976.html,detail page parsed but no mapped fields found
HERB004595,群心菜,not_found,,no exact cmedical result in search page
HERB004597,染料木,not_found,,no exact cmedical result in search page
HERB004599,髯毛鞘蕊花,not_found,,no exact cmedical result in search page
HERB004602,染色桑,not_found,,no exact cmedical result in search page
HERB004607,人工蛹虫草,not_found,,no exact cmedical result in search page
HERB004606,人工牛黄,no_fields,https://www.dayi.org.cn/cmedical/1155778.html,detail page parsed but no mapped fields found
HERB004611,人参花蕾,not_found,,no exact cmedical result in search page
HERB004605,忍冬藤,no_fields,https://www.dayi.org.cn/cmedical/302993.html,detail page parsed but no mapped fields found
HERB004608,人尿,no_fields,https://www.dayi.org.cn/cmedical/1155970.html,detail page parsed but no mapped fields found
HERB004609,人参,no_fields,https://www.dayi.org.cn/cmedical/1006969.html,detail page parsed but no mapped fields found
HERB004614,人参西洋参杂交种,not_found,,no exact cmedical result in search page
HERB004613,人参三七,not_found,,no exact cmedical result in search page
HERB004612,人参芦,not_found,,no exact cmedical result in search page
HERB004610,人参花,no_fields,https://www.dayi.org.cn/cmedical/1155801.html,detail page parsed but no mapped fields found
HERB004615,人参须,no_fields,https://www.dayi.org.cn/cmedical/1115089.html,detail page parsed but no mapped fields found
HERB004617,人参子,not_found,,no exact cmedical result in search page
HERB004616,人参叶,no_fields,https://www.dayi.org.cn/cmedical/1115201.html,detail page parsed but no mapped fields found
HERB004619,日本安息香精辟,not_found,,no exact cmedical result in search page
HERB004620,日本白蜡树,not_found,,no exact cmedical result in search page
HERB004618,人中白,no_fields,https://www.dayi.org.cn/cmedical/1155995.html,detail page parsed but no mapped fields found
HERB004623,日本扁柏,not_found,,no exact cmedical result in search page
HERB004626,日本菖蒲,not_found,,no exact cmedical result in search page
HERB004621,白丝草,not_found,,no exact cmedical result in search page
HERB004627,日本赤松,not_found,,no exact cmedical result in search page
HERB004629,日本粗榧,not_found,,no exact cmedical result in search page
HERB004630,日本当归,not_found,,no exact cmedical result in search page
HERB004628,日本臭节草,not_found,,no exact cmedical result in search page
HERB004632,日本杜鹃花,not_found,,no exact cmedical result in search page
HERB004631,日本东风螺,not_found,,no exact cmedical result in search page
HERB004635,日本鬼灯檠,not_found,,no exact cmedical result in search page
HERB004634,日本飞鼠,not_found,,no exact cmedical result in search page
HERB004637,日本厚朴,not_found,,no exact cmedical result in search page
HERB004636,日本厚皮香,not_found,,no exact cmedical result in search page
HERB004638,日本花柏,not_found,,no exact cmedical result in search page
HERB004640,日本黄连,not_found,,no exact cmedical result in search page
HERB004639,日本黄柏,not_found,,no exact cmedical result in search page
HERB004644,日本连香树,not_found,,no exact cmedical result in search page
HERB004645,日本鳞毛蕨,not_found,,no exact cmedical result in search page
HERB004646,日本柳杉,not_found,,no exact cmedical result in search page
HERB004648,日本龙芽草,not_found,,no exact cmedical result in search page
HERB004651,日本马桑,not_found,,no exact cmedical result in search page
HERB004650,日本络石,not_found,,no exact cmedical result in search page
HERB004652,日本马桑叶,not_found,,no exact cmedical result in search page
HERB004647,日本龙胆,not_found,,no exact cmedical result in search page
HERB004653,日本马醉木,not_found,,no exact cmedical result in search page
HERB004656,日本南五味子,not_found,,no exact cmedical result in search page
HERB004660,日本萍逢草?,not_found,,no exact cmedical result in search page
HERB004657,日本牛皮消,not_found,,no exact cmedical result in search page
HERB004654,日本莽草,not_found,,no exact cmedical result in search page
HERB004659,日本女贞,not_found,,no exact cmedical result in search page
HERB004661,日本萍蓬草,not_found,,no exact cmedical result in search page
HERB004662,日本七叶树,not_found,,no exact cmedical result in search page
HERB004663,日本千屈菜,not_found,,no exact cmedical result in search page
HERB004665,日本蛇根草,not_found,,no exact cmedical result in search page
HERB004669,日本塑木,not_found,,no exact cmedical result in search page
HERB004668,日本双蝴蝶茶花,not_found,,no exact cmedical result in search page
HERB004667,日本薯蓣,not_found,,no exact cmedical result in search page
HERB004672,日本乌头,not_found,,no exact cmedical result in search page
HERB004670,日本文殊兰,not_found,,no exact cmedical result in search page
HERB004673,日本夏枯草,not_found,,no exact cmedical result in search page
HERB004676,日本小檗,not_found,,no exact cmedical result in search page
HERB004678,日本辛夷,not_found,,no exact cmedical result in search page
HERB004679,日本樱花,not_found,,no exact cmedical result in search page
HERB004680,日本鱼鳞松,not_found,,no exact cmedical result in search page
HERB004683,日本紫珠,not_found,,no exact cmedical result in search page
HERB004681,日本鸢尾,not_found,,no exact cmedical result in search page
HERB004682,日本獐牙菜,not_found,,no exact cmedical result in search page
HERB004689,绒毛山乡,not_found,,no exact cmedical result in search page
HERB004685,绒毛戴星草,not_found,,no exact cmedical result in search page
HERB004684,绒白乳菇,no_fields,https://www.dayi.org.cn/cmedical/302997.html,detail page parsed but no mapped fields found
HERB004691,榕树,no_fields,https://www.dayi.org.cn/cmedical/303003.html,detail page parsed but no mapped fields found
HERB004695,肉桂叶,no_fields,https://www.dayi.org.cn/cmedical/303017.html,detail page parsed but no mapped fields found
HERB004692,肉苁蓉,no_fields,https://www.dayi.org.cn/cmedical/1115217.html,detail page parsed but no mapped fields found
HERB004696,肉红马利筋,not_found,,no exact cmedical result in search page
HERB004694,肉桂,no_fields,https://www.dayi.org.cn/cmedical/303016.html,detail page parsed but no mapped fields found
HERB004693,肉豆蔻,no_fields,https://www.dayi.org.cn/cmedical/303013.html,detail page parsed but no mapped fields found
HERB004697,肉花雪胆,not_found,,no exact cmedical result in search page
HERB004699,柔茎香茶菜,not_found,,no exact cmedical result in search page
HERB004698,肉金合欢,not_found,,no exact cmedical result in search page
HERB004700,肉类牛奶菜,not_found,,no exact cmedical result in search page
HERB004701,柔毛地胆草,not_found,,no exact cmedical result in search page
HERB004702,柔毛番荔枝,not_found,,no exact cmedical result in search page
HERB004703,柔毛黄芪,not_found,,no exact cmedical result in search page
HERB004705,肉毛山黧豆,not_found,,no exact cmedical result in search page
HERB004706,肉毛向日葵,not_found,,no exact cmedical result in search page
HERB004712,糯稻根,no_fields,https://www.dayi.org.cn/cmedical/302601.html,detail page parsed but no mapped fields found
HERB004708,柔毛淫羊藿,not_found,,no exact cmedical result in search page
HERB004710,柔枝槐,not_found,,no exact cmedical result in search page
HERB004711,乳白龙胆,not_found,,no exact cmedical result in search page
HERB004707,柔毛肖乳香,not_found,,no exact cmedical result in search page
HERB004716,乳苣,not_found,,no exact cmedical result in search page
HERB004721,乳源杜鹃,not_found,,no exact cmedical result in search page
HERB004714,入地蜈蚣,no_fields,https://www.dayi.org.cn/cmedical/303031.html,detail page parsed but no mapped fields found
HERB004713,入地金牛,no_fields,https://www.dayi.org.cn/cmedical/303030.html,detail page parsed but no mapped fields found
HERB004719,乳香,no_fields,https://www.dayi.org.cn/cmedical/303028.html,detail page parsed but no mapped fields found
HERB004725,软毛独活,not_found,,no exact cmedical result in search page
HERB004724,软骨藻,no_fields,https://www.dayi.org.cn/cmedical/303033.html,detail page parsed but no mapped fields found
HERB004723,软骨藻,no_fields,https://www.dayi.org.cn/cmedical/303033.html,detail page parsed but no mapped fields found
HERB004726,软弱杜茎山,not_found,,no exact cmedical result in search page
HERB004729,阮银背藤,not_found,,no exact cmedical result in search page
HERB004728,软条七蔷薇,not_found,,no exact cmedical result in search page
HERB004730,软枝黄蝉,not_found,,no exact cmedical result in search page
HERB004731,瑞德千里光,not_found,,no exact cmedical result in search page
HERB004735,瑞士千牛,not_found,,no exact cmedical result in search page
HERB004736,瑞士石松,not_found,,no exact cmedical result in search page
HERB004732,瑞典甘蓝,not_found,,no exact cmedical result in search page
HERB004734,蕤仁,no_fields,https://www.dayi.org.cn/cmedical/303040.html,detail page parsed but no mapped fields found
HERB004742,萨哈林云杉,not_found,,no exact cmedical result in search page
HERB004737,瑞香根,no_fields,https://www.dayi.org.cn/cmedical/303044.html,detail page parsed but no mapped fields found
HERB004740,山番荔枝,not_found,,no exact cmedical result in search page
HERB004738,瑞香花,no_fields,https://www.dayi.org.cn/cmedical/303045.html,detail page parsed but no mapped fields found
HERB004745,撒是毛地黄,not_found,,no exact cmedical result in search page
HERB004749,塞了罗勒?,not_found,,no exact cmedical result in search page
HERB004750,塞内加尔刺桐,not_found,,no exact cmedical result in search page
HERB004747,塞拉利昂水仙,not_found,,no exact cmedical result in search page
HERB004748,赛莨菪,no_fields,https://www.dayi.org.cn/cmedical/303055.html,detail page parsed but no mapped fields found
HERB004753,三百银,not_found,,no exact cmedical result in search page
HERB004752,三白草,no_fields,https://www.dayi.org.cn/cmedical/303056.html,detail page parsed but no mapped fields found
HERB004755,三叉苦,no_fields,https://www.dayi.org.cn/cmedical/303060.html,detail page parsed but no mapped fields found
HERB004756,三齿蒿,not_found,,no exact cmedical result in search page
HERB004758,三楚山香圆,not_found,,no exact cmedical result in search page
HERB004759,三刺皂荚,not_found,,no exact cmedical result in search page
HERB004764,三花龙胆,not_found,,no exact cmedical result in search page
HERB004754,三叉凤尾蕨,no_fields,https://www.dayi.org.cn/cmedical/303058.html,detail page parsed but no mapped fields found
HERB004765,三华密花树,not_found,,no exact cmedical result in search page
HERB004762,三分三,no_fields,https://www.dayi.org.cn/cmedical/303069.html,detail page parsed but no mapped fields found
HERB004768,三角粉叶蕨,not_found,,no exact cmedical result in search page
HERB004769,三角马兜铃,not_found,,no exact cmedical result in search page
HERB004770,三角叶黄连,not_found,,no exact cmedical result in search page
HERB004772,翠雀,not_found,,no exact cmedical result in search page
HERB004766,三尖杉,no_fields,https://www.dayi.org.cn/cmedical/303076.html,detail page parsed but no mapped fields found
HERB004771,三角叶薯蓣,not_found,,no exact cmedical result in search page
HERB004767,三尖杉根,no_fields,https://www.dayi.org.cn/cmedical/303077.html,detail page parsed but no mapped fields found
HERB004775,三棱叶金丝桃,not_found,,no exact cmedical result in search page
HERB004773,三颗针,no_fields,https://www.dayi.org.cn/cmedical/303084.html,detail page parsed but no mapped fields found
HERB004779,三裂叶葛,not_found,,no exact cmedical result in search page
HERB004780,三裂叶泽兰,not_found,,no exact cmedical result in search page
HERB004774,三棱,no_fields,https://www.dayi.org.cn/cmedical/303085.html,detail page parsed but no mapped fields found
HERB004783,三七,no_fields,https://www.dayi.org.cn/cmedical/303095.html,detail page parsed but no mapped fields found
HERB004781,三面刀,no_fields,https://www.dayi.org.cn/cmedical/1115094.html,detail page parsed but no mapped fields found
HERB004786,三七花蕾,not_found,,no exact cmedical result in search page
HERB004784,三七草,no_fields,https://www.dayi.org.cn/cmedical/1115095.html,detail page parsed but no mapped fields found
HERB004792,三色牵牛,not_found,,no exact cmedical result in search page
HERB004785,三七花,no_fields,https://www.dayi.org.cn/cmedical/303096.html,detail page parsed but no mapped fields found
HERB004795,三台花,not_found,,no exact cmedical result in search page
HERB004787,三七叶,no_fields,https://www.dayi.org.cn/cmedical/303097.html,detail page parsed but no mapped fields found
HERB004794,三台红花,no_fields,https://www.dayi.org.cn/cmedical/1115096.html,detail page parsed but no mapped fields found
HERB004799,三小叶翠雀花,not_found,,no exact cmedical result in search page
HERB004791,三色堇,no_fields,https://www.dayi.org.cn/cmedical/303099.html,detail page parsed but no mapped fields found
HERB004800,三小叶山豆根,not_found,,no exact cmedical result in search page
HERB004804,伞形屈曲花,not_found,,no exact cmedical result in search page
HERB004803,三星欧石楠,not_found,,no exact cmedical result in search page
HERB004802,伞形花序印加,not_found,,no exact cmedical result in search page
HERB004798,三消草,no_fields,https://www.dayi.org.cn/cmedical/303104.html,detail page parsed but no mapped fields found
HERB004809,三叶黄连,not_found,,no exact cmedical result in search page
HERB004810,三叶马鞭草,not_found,,no exact cmedical result in search page
HERB004805,伞形绣球,not_found,,no exact cmedical result in search page
HERB004808,三叶防风,not_found,,no exact cmedical result in search page
HERB004807,三叶防风,not_found,,no exact cmedical result in search page
HERB004812,三叶蜜茱萸,not_found,,no exact cmedical result in search page
HERB004813,三叶木,not_found,,no exact cmedical result in search page
HERB004814,三叶木通,not_found,,no exact cmedical result in search page
HERB004815,三叶木通根,not_found,,no exact cmedical result in search page
HERB004818,三叶藤橘,not_found,,no exact cmedical result in search page
HERB004817,三叶鼠尾草,not_found,,no exact cmedical result in search page
HERB004819,三硬件瓜蒌,not_found,,no exact cmedical result in search page
HERB004816,三叶青,no_fields,https://www.dayi.org.cn/cmedical/303115.html,detail page parsed but no mapped fields found
HERB004820,三种菊杂交种,not_found,,no exact cmedical result in search page
HERB004821,三钻风,no_fields,https://www.dayi.org.cn/cmedical/303127.html,detail page parsed but no mapped fields found
HERB004824,桑澄,not_found,,no exact cmedical result in search page
HERB004823,桑柴灰,no_fields,https://www.dayi.org.cn/cmedical/303138.html,detail page parsed but no mapped fields found
HERB004822,桑白皮,no_fields,https://www.dayi.org.cn/cmedical/303137.html,detail page parsed but no mapped fields found
HERB004828,桑黄,no_fields,https://www.dayi.org.cn/cmedical/303143.html,detail page parsed but no mapped fields found
HERB004827,桑根,no_fields,https://www.dayi.org.cn/cmedical/303141.html,detail page parsed but no mapped fields found
HERB004829,桑寄生,no_fields,https://www.dayi.org.cn/cmedical/303144.html,detail page parsed but no mapped fields found
HERB004830,桑沥,no_fields,https://www.dayi.org.cn/cmedical/303145.html,detail page parsed but no mapped fields found
HERB004834,桑叶,no_fields,https://www.dayi.org.cn/cmedical/303149.html,detail page parsed but no mapped fields found
HERB004831,桑螵蛸,no_fields,https://www.dayi.org.cn/cmedical/303147.html,detail page parsed but no mapped fields found
HERB004832,桑椹,no_fields,https://www.dayi.org.cn/cmedical/1115258.html,detail page parsed but no mapped fields found
HERB004835,桑叶汁,no_fields,https://www.dayi.org.cn/cmedical/303151.html,detail page parsed but no mapped fields found
HERB004843,马钱子,not_found,,no exact cmedical result in search page
HERB004841,色轮羊角拗,not_found,,no exact cmedical result in search page
HERB004836,桑瘿,no_fields,https://www.dayi.org.cn/cmedical/303152.html,detail page parsed but no mapped fields found
HERB004844,止泻木子,not_found,,no exact cmedical result in search page
HERB004845,森林薄荷,not_found,,no exact cmedical result in search page
HERB004837,桑枝,no_fields,https://www.dayi.org.cn/cmedical/303153.html,detail page parsed but no mapped fields found
HERB004849,沙棘,no_fields,https://www.dayi.org.cn/cmedical/303163.html,detail page parsed but no mapped fields found
HERB004850,沙利叶,not_found,,no exact cmedical result in search page
HERB004848,沙盒树,not_found,,no exact cmedical result in search page
HERB004847,沙冬青,no_fields,https://www.dayi.org.cn/cmedical/303159.html,detail page parsed but no mapped fields found
HERB004851,沙漠蔷薇,not_found,,no exact cmedical result in search page
HERB004852,沙前胡,no_fields,https://www.dayi.org.cn/cmedical/1115133.html,detail page parsed but no mapped fields found
HERB004856,沙参槐,not_found,,no exact cmedical result in search page
HERB004826,桑耳,no_fields,https://www.dayi.org.cn/cmedical/303140.html,detail page parsed but no mapped fields found
HERB004855,沙参,no_fields,https://www.dayi.org.cn/cmedical/303158.html,detail page parsed but no mapped fields found
HERB004861,砂糖,not_found,,no exact cmedical result in search page
HERB004853,砂仁,no_fields,https://www.dayi.org.cn/cmedical/303183.html,detail page parsed but no mapped fields found
HERB004858,沙生蜡菊,not_found,,no exact cmedical result in search page
HERB004857,砂生槐,no_fields,https://www.dayi.org.cn/cmedical/303184.html,detail page parsed but no mapped fields found
HERB004864,沙苑子,no_fields,https://www.dayi.org.cn/cmedical/1115379.html,detail page parsed but no mapped fields found
HERB004863,沙苑蒺藜,not_found,,no exact cmedical result in search page
HERB004865,沙枣,no_fields,https://www.dayi.org.cn/cmedical/303175.html,detail page parsed but no mapped fields found
HERB004867,砂钻苔草,not_found,,no exact cmedical result in search page
HERB004862,沙糖木,no_fields,https://www.dayi.org.cn/cmedical/303172.html,detail page parsed but no mapped fields found
HERB004866,沙枣树皮,no_fields,https://www.dayi.org.cn/cmedical/303178.html,detail page parsed but no mapped fields found
HERB004869,山萆薢,not_found,,no exact cmedical result in search page
HERB004871,山扁豆子,no_fields,https://www.dayi.org.cn/cmedical/1114812.html,detail page parsed but no mapped fields found
HERB004870,山扁豆,no_fields,https://www.dayi.org.cn/cmedical/303202.html,detail page parsed but no mapped fields found
HERB004868,山白芷,no_fields,https://www.dayi.org.cn/cmedical/303195.html,detail page parsed but no mapped fields found
HERB004872,山茶,not_found,,no exact cmedical result in search page
HERB004878,山地乌头,not_found,,no exact cmedical result in search page
HERB004873,山刺柏,no_fields,https://www.dayi.org.cn/cmedical/303213.html,detail page parsed but no mapped fields found
HERB004876,山地堆心菊,not_found,,no exact cmedical result in search page
HERB004877,山地罗汉松,not_found,,no exact cmedical result in search page
HERB004874,山慈菇,no_fields,https://www.dayi.org.cn/cmedical/303212.html,detail page parsed but no mapped fields found
HERB004880,山地香豌豆,not_found,,no exact cmedical result in search page
HERB004879,山地香茶菜,not_found,,no exact cmedical result in search page
HERB004886,过山风,not_found,,no exact cmedical result in search page
HERB004883,山豆根,no_fields,https://www.dayi.org.cn/cmedical/303221.html,detail page parsed but no mapped fields found
HERB004884,山矾根,no_fields,https://www.dayi.org.cn/cmedical/303225.html,detail page parsed but no mapped fields found
HERB004885,山矾叶,no_fields,https://www.dayi.org.cn/cmedical/303227.html,detail page parsed but no mapped fields found
HERB004887,山甘草,no_fields,https://www.dayi.org.cn/cmedical/303230.html,detail page parsed but no mapped fields found
HERB004889,山冈橐吾,not_found,,no exact cmedical result in search page
HERB004890,山梗菜,no_fields,https://www.dayi.org.cn/cmedical/303235.html,detail page parsed but no mapped fields found
HERB004894,山胡椒,no_fields,https://www.dayi.org.cn/cmedical/1115112.html,detail page parsed but no mapped fields found
HERB004891,山荷叶,no_fields,https://www.dayi.org.cn/cmedical/1116826.html,detail page parsed but no mapped fields found
HERB004892,珊瑚,no_fields,https://www.dayi.org.cn/cmedical/303355.html,detail page parsed but no mapped fields found
HERB004896,珊瑚蓝,not_found,,no exact cmedical result in search page
HERB004895,山胡椒叶,no_fields,https://www.dayi.org.cn/cmedical/303242.html,detail page parsed but no mapped fields found
HERB004899,山金车,not_found,,no exact cmedical result in search page
HERB004898,山甲珠,not_found,,no exact cmedical result in search page
HERB004901,山菊,not_found,,no exact cmedical result in search page
HERB004904,山黧豆,not_found,,no exact cmedical result in search page
HERB004900,山鸠,not_found,,no exact cmedical result in search page
HERB004897,山黄皮,no_fields,https://www.dayi.org.cn/cmedical/1115111.html,detail page parsed but no mapped fields found
HERB004902,山苦瓜,not_found,,no exact cmedical result in search page
HERB004903,山苦荬,no_fields,https://www.dayi.org.cn/cmedical/303271.html,detail page parsed but no mapped fields found
HERB004907,山岭麻黄,not_found,,no exact cmedical result in search page
HERB004905,山里红,no_fields,https://www.dayi.org.cn/cmedical/1115116.html,detail page parsed but no mapped fields found
HERB004906,山蓼,no_fields,https://www.dayi.org.cn/cmedical/303279.html,detail page parsed but no mapped fields found
HERB004908,山蚂蝗,no_fields,https://www.dayi.org.cn/cmedical/1115119.html,detail page parsed but no mapped fields found
HERB004909,山麦冬,no_fields,https://www.dayi.org.cn/cmedical/1155810.html,detail page parsed but no mapped fields found
HERB004913,山茉莉芸香,not_found,,no exact cmedical result in search page
HERB004910,山麦冬,no_fields,https://www.dayi.org.cn/cmedical/1155810.html,detail page parsed but no mapped fields found
HERB004912,山莓,no_fields,https://www.dayi.org.cn/cmedical/1116761.html,detail page parsed but no mapped fields found
HERB004911,山猫儿,no_fields,https://www.dayi.org.cn/cmedical/1115120.html,detail page parsed but no mapped fields found
HERB004916,山前胡,not_found,,no exact cmedical result in search page
HERB004919,山山姜,not_found,,no exact cmedical result in search page
HERB004915,山葡萄,no_fields,https://www.dayi.org.cn/cmedical/1116297.html,detail page parsed but no mapped fields found
HERB004914,山柰,no_fields,https://www.dayi.org.cn/cmedical/303289.html,detail page parsed but no mapped fields found
HERB004921,山桃茎白皮,not_found,,no exact cmedical result in search page
HERB004923,山藤,not_found,,no exact cmedical result in search page
HERB004918,山棯叶,no_fields,https://www.dayi.org.cn/cmedical/1116209.html,detail page parsed but no mapped fields found
HERB004920,山石榴,no_fields,https://www.dayi.org.cn/cmedical/1116866.html,detail page parsed but no mapped fields found
HERB004922,山桃枝,not_found,,no exact cmedical result in search page
HERB004929,扇形阔苞菊,not_found,,no exact cmedical result in search page
HERB004927,山乡可可,not_found,,no exact cmedical result in search page
HERB004925,山莴苣,no_fields,https://www.dayi.org.cn/cmedical/303299.html,detail page parsed but no mapped fields found
HERB004931,山延胡索,not_found,,no exact cmedical result in search page
HERB004928,山小橘,no_fields,https://www.dayi.org.cn/cmedical/303317.html,detail page parsed but no mapped fields found
HERB004933,山羊豆,not_found,,no exact cmedical result in search page
HERB004930,山杏仁,not_found,,no exact cmedical result in search page
HERB004932,山羊,not_found,,no exact cmedical result in search page
HERB004935,山羊黄漆,not_found,,no exact cmedical result in search page
HERB004936,山羊坞头,not_found,,no exact cmedical result in search page
HERB004938,山药,no_fields,https://www.dayi.org.cn/cmedical/1115362.html,detail page parsed but no mapped fields found
HERB004939,山野豌豆,no_fields,https://www.dayi.org.cn/cmedical/303322.html,detail page parsed but no mapped fields found
HERB004940,山银柴胡,no_fields,https://www.dayi.org.cn/cmedical/303325.html,detail page parsed but no mapped fields found
HERB004937,山羊血,no_fields,https://www.dayi.org.cn/cmedical/1117891.html,detail page parsed but no mapped fields found
HERB004941,山罂粟,not_found,,no exact cmedical result in search page
HERB004942,山樱桃,no_fields,https://www.dayi.org.cn/cmedical/303326.html,detail page parsed but no mapped fields found
HERB004944,鳝鱼,no_fields,https://www.dayi.org.cn/cmedical/303363.html,detail page parsed but no mapped fields found
HERB004945,山楂,no_fields,https://www.dayi.org.cn/cmedical/303334.html,detail page parsed but no mapped fields found
HERB004947,山楂花,not_found,,no exact cmedical result in search page
HERB004946,山楂核,no_fields,https://www.dayi.org.cn/cmedical/303336.html,detail page parsed but no mapped fields found
HERB004954,桑白皮,no_fields,https://www.dayi.org.cn/cmedical/303137.html,detail page parsed but no mapped fields found
HERB004949,山芝麻,no_fields,https://www.dayi.org.cn/cmedical/1115139.html,detail page parsed but no mapped fields found
HERB004948,山楂叶,no_fields,https://www.dayi.org.cn/cmedical/303338.html,detail page parsed but no mapped fields found
HERB004956,上举天门冬,not_found,,no exact cmedical result in search page
HERB004950,山茱萸,no_fields,https://www.dayi.org.cn/cmedical/303340.html,detail page parsed but no mapped fields found
HERB004962,少齿小檗,not_found,,no exact cmedical result in search page
HERB004963,少刺大叶蔷薇,not_found,,no exact cmedical result in search page
HERB004951,山竹子,no_fields,https://www.dayi.org.cn/cmedical/1115129.html,detail page parsed but no mapped fields found
HERB004966,少花瑞木,not_found,,no exact cmedical result in search page
HERB004965,少果吴茱萸,not_found,,no exact cmedical result in search page
HERB004955,伤寒草,no_fields,https://www.dayi.org.cn/cmedical/303368.html,detail page parsed but no mapped fields found
HERB004968,杓兰,not_found,,no exact cmedical result in search page
HERB004972,蛇胆汁,not_found,,no exact cmedical result in search page
HERB004970,蛇鞭菊,not_found,,no exact cmedical result in search page
HERB004969,蛇百子,no_fields,https://www.dayi.org.cn/cmedical/303385.html,detail page parsed but no mapped fields found
HERB004971,蛇床子,no_fields,https://www.dayi.org.cn/cmedical/303387.html,detail page parsed but no mapped fields found
HERB004973,射干,no_fields,https://www.dayi.org.cn/cmedical/303416.html,detail page parsed but no mapped fields found
HERB004976,蛇含委陵菜,not_found,,no exact cmedical result in search page
HERB004974,蛇根草,no_fields,https://www.dayi.org.cn/cmedical/303392.html,detail page parsed but no mapped fields found
HERB004978,蛇泡筋,not_found,,no exact cmedical result in search page
HERB004980,蛇肉,not_found,,no exact cmedical result in search page
HERB004977,蛇莓,no_fields,https://www.dayi.org.cn/cmedical/303401.html,detail page parsed but no mapped fields found
HERB004985,麝香百合,not_found,,no exact cmedical result in search page
HERB004982,蛇藤,no_fields,https://www.dayi.org.cn/cmedical/303408.html,detail page parsed but no mapped fields found
HERB004979,蛇葡萄,no_fields,https://www.dayi.org.cn/cmedical/303406.html,detail page parsed but no mapped fields found
HERB004984,麝香,no_fields,https://www.dayi.org.cn/cmedical/1118049.html,detail page parsed but no mapped fields found
HERB004995,深红红景天,not_found,,no exact cmedical result in search page
HERB004987,麝香草酸,not_found,,no exact cmedical result in search page
HERB004990,麝香石竹,not_found,,no exact cmedical result in search page
HERB004992,蛇形林生脚骨脆,not_found,,no exact cmedical result in search page
HERB004986,麝香草,no_fields,https://www.dayi.org.cn/cmedical/1115147.html,detail page parsed but no mapped fields found
HERB004998,伸筋草,no_fields,https://www.dayi.org.cn/cmedical/303419.html,detail page parsed but no mapped fields found
HERB004999,伸筋草,no_fields,https://www.dayi.org.cn/cmedical/303419.html,detail page parsed but no mapped fields found
HERB005001,甚烈翠雀花,not_found,,no exact cmedical result in search page
HERB005000,肾精子,no_fields,https://www.dayi.org.cn/cmedical/303430.html,detail page parsed but no mapped fields found
HERB004996,神黄豆,no_fields,https://www.dayi.org.cn/cmedical/303423.html,detail page parsed but no mapped fields found
HERB005003,深裂鱼黄草,not_found,,no exact cmedical result in search page
HERB005004,神鹿山龙眼,not_found,,no exact cmedical result in search page
HERB005006,申生悬钩子,not_found,,no exact cmedical result in search page
HERB005008,神香草叶泽兰,not_found,,no exact cmedical result in search page
HERB005005,神曲,no_fields,https://www.dayi.org.cn/cmedical/1155954.html,detail page parsed but no mapped fields found
HERB005011,圣地红景天,not_found,,no exact cmedical result in search page
HERB005010,深夜天竺葵,not_found,,no exact cmedical result in search page
HERB005007,神香草,no_fields,https://www.dayi.org.cn/cmedical/303426.html,detail page parsed but no mapped fields found
HERB005016,生槐角,not_found,,no exact cmedical result in search page
HERB005012,生地黄,no_fields,https://www.dayi.org.cn/cmedical/1008542.html,detail page parsed but no mapped fields found
HERB005013,省沽油,no_fields,https://www.dayi.org.cn/cmedical/303441.html,detail page parsed but no mapped fields found
HERB005015,胜红蓟,no_fields,https://www.dayi.org.cn/cmedical/303445.html,detail page parsed but no mapped fields found
HERB005019,生锦纹,not_found,,no exact cmedical result in search page
HERB005020,生军,not_found,,no exact cmedical result in search page
HERB005021,生龙牡,not_found,,no exact cmedical result in search page
HERB005018,生姜汁,no_fields,https://www.dayi.org.cn/cmedical/1117561.html,detail page parsed but no mapped fields found
HERB005025,生山栀,not_found,,no exact cmedical result in search page
HERB005029,石蚕香科科,not_found,,no exact cmedical result in search page
HERB005026,生藤,no_fields,https://www.dayi.org.cn/cmedical/303439.html,detail page parsed but no mapped fields found
HERB005028,生枣,not_found,,no exact cmedical result in search page
HERB005022,升麻,no_fields,https://www.dayi.org.cn/cmedical/303436.html,detail page parsed but no mapped fields found
HERB005031,石菖蒲叶,not_found,,no exact cmedical result in search page
HERB005032,矢车菊,not_found,,no exact cmedical result in search page
HERB005027,生铁落,no_fields,https://www.dayi.org.cn/cmedical/1155643.html,detail page parsed but no mapped fields found
HERB005036,十大功劳叶,no_fields,https://www.dayi.org.cn/cmedical/303456.html,detail page parsed but no mapped fields found
HERB005035,十大功劳木,not_found,,no exact cmedical result in search page
HERB005030,石菖蒲,ok_no_empty_fields,https://www.dayi.org.cn/cmedical/1115418.html,matched page but target columns already had values
HERB005037,十大功劳子,not_found,,no exact cmedical result in search page
HERB005040,十帝钱,not_found,,no exact cmedical result in search page
HERB005038,石胆草,no_fields,https://www.dayi.org.cn/cmedical/303473.html,detail page parsed but no mapped fields found
HERB005039,柿蒂,ok_no_empty_fields,https://www.dayi.org.cn/cmedical/303569.html,matched page but target columns already had values
HERB005047,石柑子,no_fields,https://www.dayi.org.cn/cmedical/303484.html,detail page parsed but no mapped fields found
HERB005051,石斛,ok_no_empty_fields,https://www.dayi.org.cn/cmedical/303487.html,matched page but target columns already had values
HERB005053,石斛小菇,not_found,,no exact cmedical result in search page
HERB005052,石蝴蝶,no_fields,https://www.dayi.org.cn/cmedical/1115152.html,detail page parsed but no mapped fields found
HERB005057,石灰华,no_fields,https://www.dayi.org.cn/cmedical/1117169.html,detail page parsed but no mapped fields found
HERB005058,石荠宁,no_fields,https://www.dayi.org.cn/cmedical/1117119.html,detail page parsed but no mapped fields found
HERB005061,石决明,ok_no_empty_fields,https://www.dayi.org.cn/cmedical/1118055.html,matched page but target columns already had values
HERB005060,石椒草,no_fields,https://www.dayi.org.cn/cmedical/303497.html,detail page parsed but no mapped fields found
HERB005064,使君子叶,no_fields,https://www.dayi.org.cn/cmedical/303566.html,detail page parsed but no mapped fields found
HERB005062,使君子,ok_no_empty_fields,https://www.dayi.org.cn/cmedical/303564.html,matched page but target columns already had values
HERB005069,石榴,not_found,,no exact cmedical result in search page
HERB005065,苦苣,no_fields,https://www.dayi.org.cn/cmedical/301588.html,detail page parsed but no mapped fields found
HERB005068,石莲子,ok_no_empty_fields,https://www.dayi.org.cn/cmedical/303507.html,matched page but target columns already had values
HERB005067,石栗子,no_fields,https://www.dayi.org.cn/cmedical/303506.html,detail page parsed but no mapped fields found
HERB005074,石榴种子,not_found,,no exact cmedical result in search page
HERB005071,石榴皮,ok_no_empty_fields,https://www.dayi.org.cn/cmedical/303511.html,matched page but target columns already had values
HERB005076,石落子,not_found,,no exact cmedical result in search page
HERB005079,石南藤,no_fields,https://www.dayi.org.cn/cmedical/303526.html,detail page parsed but no mapped fields found
HERB005080,石楠藤,not_found,,no exact cmedical result in search page
HERB005084,十蕊商陆,not_found,,no exact cmedical result in search page
HERB005089,石刷把,no_fields,https://www.dayi.org.cn/cmedical/303543.html,detail page parsed but no mapped fields found
HERB005087,金丝桃,no_fields,https://www.dayi.org.cn/cmedical/1114660.html,detail page parsed but no mapped fields found
HERB005090,石霜,no_fields,https://www.dayi.org.cn/cmedical/303544.html,detail page parsed but no mapped fields found
HERB005094,石香薷,not_found,,no exact cmedical result in search page
HERB005098,石岩枫,not_found,,no exact cmedical result in search page
HERB005096,食盐,no_fields,https://www.dayi.org.cn/cmedical/1117784.html,detail page parsed but no mapped fields found
HERB005100,食叶草,not_found,,no exact cmedical result in search page
HERB005101,匙叶甘松,not_found,,no exact cmedical result in search page
HERB005103,食用葛,not_found,,no exact cmedical result in search page
HERB005108,石竹,not_found,,no exact cmedical result in search page
HERB005104,食用黄芪,not_found,,no exact cmedical result in search page
HERB005105,食用日中花,not_found,,no exact cmedical result in search page
HERB005110,十字星枫寄生,not_found,,no exact cmedical result in search page
HERB005116,蜀侧金盏花,not_found,,no exact cmedical result in search page
HERB005114,首乌藤,ok_no_empty_fields,https://www.dayi.org.cn/cmedical/1155638.html,matched page but target columns already had values
HERB005120,疏花毛萼香茶菜,not_found,,no exact cmedical result in search page
HERB005106,石竹,not_found,,no exact cmedical result in search page
HERB005122,属鸡骨常山,not_found,,no exact cmedical result in search page
HERB005123,蜀椒,not_found,,no exact cmedical result in search page
HERB005125,蜀葵叶薯蓣,no_fields,https://www.dayi.org.cn/cmedical/303598.html,detail page parsed but no mapped fields found
HERB005128,鼠李皮,no_fields,https://www.dayi.org.cn/cmedical/303608.html,detail page parsed but no mapped fields found
HERB005127,鼠李根,no_fields,https://www.dayi.org.cn/cmedical/1115205.html,detail page parsed but no mapped fields found
HERB005133,鼠麴风毛菊,not_found,,no exact cmedical result in search page
HERB005139,鼠掌老鹳草,not_found,,no exact cmedical result in search page
HERB005141,树脂大戟,not_found,,no exact cmedical result in search page
HERB005138,束序苎麻,not_found,,no exact cmedical result in search page
HERB005137,树形杜鹃,not_found,,no exact cmedical result in search page
HERB005143,树状麻黄,not_found,,no exact cmedical result in search page
HERB005144,栓翅芹,not_found,,no exact cmedical result in search page
HERB005147,双孢蘑菇,not_found,,no exact cmedical result in search page
HERB005145,栓翅卫矛,not_found,,no exact cmedical result in search page
HERB005150,双花,not_found,,no exact cmedical result in search page
HERB005152,双花金丝桃,not_found,,no exact cmedical result in search page
HERB005148,双边栝楼,not_found,,no exact cmedical result in search page
HERB005151,双花番红花,not_found,,no exact cmedical result in search page
HERB005154,双色金光菊,not_found,,no exact cmedical result in search page
HERB005156,双穗麻黄,not_found,,no exact cmedical result in search page
HERB005153,双色鸡蛋花,not_found,,no exact cmedical result in search page
HERB005157,双叶细辛,not_found,,no exact cmedical result in search page
HERB005164,水鬼蕉叶,no_fields,https://www.dayi.org.cn/cmedical/1115174.html,detail page parsed but no mapped fields found
HERB005168,水黄杨木,no_fields,https://www.dayi.org.cn/cmedical/303684.html,detail page parsed but no mapped fields found
HERB005171,水接骨丹,no_fields,https://www.dayi.org.cn/cmedical/1115178.html,detail page parsed but no mapped fields found
HERB005175,睡莲叶童,not_found,,no exact cmedical result in search page
HERB005180,水麻芀,not_found,,no exact cmedical result in search page
HERB005178,水龙骨,no_fields,https://www.dayi.org.cn/cmedical/303709.html,detail page parsed but no mapped fields found
HERB005182,水母雪莲花,not_found,,no exact cmedical result in search page
HERB005186,水青树,not_found,,no exact cmedical result in search page
HERB005188,水榕,not_found,,no exact cmedical result in search page
HERB005189,水杉,not_found,,no exact cmedical result in search page
HERB005191,水桐木,no_fields,https://www.dayi.org.cn/cmedical/1117303.html,detail page parsed but no mapped fields found
HERB005195,水仙草,not_found,,no exact cmedical result in search page
HERB005200,水杨梅根,no_fields,https://www.dayi.org.cn/cmedical/303770.html,detail page parsed but no mapped fields found
HERB005199,水杨梅根,no_fields,https://www.dayi.org.cn/cmedical/303770.html,detail page parsed but no mapped fields found
HERB005204,水杨酸甲酯,not_found,,no exact cmedical result in search page
HERB005203,水杨木白皮,no_fields,https://www.dayi.org.cn/cmedical/303771.html,detail page parsed but no mapped fields found
HERB005205,水杨枝叶,no_fields,https://www.dayi.org.cn/cmedical/303772.html,detail page parsed but no mapped fields found
HERB005208,水栀根,no_fields,https://www.dayi.org.cn/cmedical/303780.html,detail page parsed but no mapped fields found
HERB005212,四翅黄芪,not_found,,no exact cmedical result in search page
HERB005213,四齿四棱草,not_found,,no exact cmedical result in search page
HERB005211,四翅槐,not_found,,no exact cmedical result in search page
HERB005214,四翅月见草,not_found,,no exact cmedical result in search page
HERB005217,四川清风藤,not_found,,no exact cmedical result in search page
HERB005216,四川轮环藤,not_found,,no exact cmedical result in search page
HERB005218,四川香茶菜,not_found,,no exact cmedical result in search page
HERB005219,四川霪羊藿,not_found,,no exact cmedical result in search page
HERB005221,丝瓜,not_found,,no exact cmedical result in search page
HERB005225,四国香茶菜,not_found,,no exact cmedical result in search page
HERB005223,丝瓜籽,no_fields,https://www.dayi.org.cn/cmedical/1155837.html,detail page parsed but no mapped fields found
HERB005227,四季葱头,not_found,,no exact cmedical result in search page
HERB005224,四国黄芪,not_found,,no exact cmedical result in search page
HERB005229,四季香肉果,not_found,,no exact cmedical result in search page
HERB005230,四季树,not_found,,no exact cmedical result in search page
HERB005238,四裂红景天,not_found,,no exact cmedical result in search page
HERB005236,斯里兰卡土蜜树,not_found,,no exact cmedical result in search page
HERB005228,四季青,no_fields,https://www.dayi.org.cn/cmedical/303814.html,detail page parsed but no mapped fields found
HERB005245,四是毛地黄,not_found,,no exact cmedical result in search page
HERB005247,私塾鸡骨常山,not_found,,no exact cmedical result in search page
HERB005240,思茅藤,not_found,,no exact cmedical result in search page
HERB005246,天洁菜,not_found,,no exact cmedical result in search page
HERB005248,斯塔为翠雀花,not_found,,no exact cmedical result in search page
HERB005251,丝菟子,not_found,,no exact cmedical result in search page
HERB005250,斯图鸡血藤,not_found,,no exact cmedical result in search page
HERB005256,四子汤,not_found,,no exact cmedical result in search page
HERB005252,斯托侯冰花,not_found,,no exact cmedical result in search page
HERB005261,松馏油,not_found,,no exact cmedical result in search page
HERB005263,松木,not_found,,no exact cmedical result in search page
HERB005265,松石,not_found,,no exact cmedical result in search page
HERB005264,松潘乌头,not_found,,no exact cmedical result in search page
HERB005269,松叶防风,not_found,,no exact cmedical result in search page
HERB005267,松蕈,no_fields,https://www.dayi.org.cn/cmedical/303844.html,detail page parsed but no mapped fields found
HERB005270,松叶千里光,not_found,,no exact cmedical result in search page
HERB005275,密叶泥炭藓,not_found,,no exact cmedical result in search page
HERB005276,并齿藓,not_found,,no exact cmedical result in search page
HERB005280,素方花,not_found,,no exact cmedical result in search page
HERB005279,苏丹可乐果,not_found,,no exact cmedical result in search page
HERB005278,苏打其柑橘,not_found,,no exact cmedical result in search page
HERB005274,搜山虎,no_fields,https://www.dayi.org.cn/cmedical/1123670.html,detail page parsed but no mapped fields found
HERB005283,苏根,not_found,,no exact cmedical result in search page
HERB005284,宿根香豌豆,not_found,,no exact cmedical result in search page
HERB005285,宿根獐牙菜,not_found,,no exact cmedical result in search page
HERB005286,苏梗,not_found,,no exact cmedical result in search page
HERB005288,苏合香油,not_found,,no exact cmedical result in search page
HERB005289,素花党参,not_found,,no exact cmedical result in search page
HERB005291,苏里南肉豆蔻木,not_found,,no exact cmedical result in search page
HERB005293,苏门答腊红豆杉,not_found,,no exact cmedical result in search page
HERB005287,苏合香,ok_no_empty_fields,https://www.dayi.org.cn/cmedical/1115574.html,matched page but target columns already had values
HERB005292,苏门白酒草,not_found,,no exact cmedical result in search page
HERB005294,苏门答腊文殊兰,not_found,,no exact cmedical result in search page
HERB005298,粟壳,not_found,,no exact cmedical result in search page
HERB005301,苏土虫,not_found,,no exact cmedical result in search page
HERB005299,苏铁树果,not_found,,no exact cmedical result in search page
HERB005297,苏木,ok_no_empty_fields,https://www.dayi.org.cn/cmedical/303852.html,matched page but target columns already had values
HERB005304,苏叶,not_found,,no exact cmedical result in search page
HERB005303,素馨叶白英,not_found,,no exact cmedical result in search page
HERB005300,苏铁叶,no_fields,https://www.dayi.org.cn/cmedical/303858.html,detail page parsed but no mapped fields found
HERB005307,蒜臭母鸡草,not_found,,no exact cmedical result in search page
HERB005308,蒜梗,no_fields,https://www.dayi.org.cn/cmedical/1115218.html,detail page parsed but no mapped fields found
HERB005306,苏子,no_fields,https://www.dayi.org.cn/cmedical/1155979.html,detail page parsed but no mapped fields found
HERB005309,酸勾藤,not_found,,no exact cmedical result in search page
HERB005310,酸浆,no_fields,https://www.dayi.org.cn/cmedical/303870.html,detail page parsed but no mapped fields found
HERB005316,蒜味香科科,not_found,,no exact cmedical result in search page
HERB005317,蒜叶婆罗门参,not_found,,no exact cmedical result in search page
HERB005315,酸水草,no_fields,https://www.dayi.org.cn/cmedical/306133.html,detail page parsed but no mapped fields found
HERB005322,穗花罗汉松,not_found,,no exact cmedical result in search page
HERB005318,酸枣,no_fields,https://www.dayi.org.cn/cmedical/1155768.html,detail page parsed but no mapped fields found
HERB005324,穗花牡荊,not_found,,no exact cmedical result in search page
HERB005320,穗菝葜,not_found,,no exact cmedical result in search page
HERB005323,穗花马先蒿,not_found,,no exact cmedical result in search page
HERB005326,碎米莎草,not_found,,no exact cmedical result in search page
HERB005325,隧毛荷包牡丹,not_found,,no exact cmedical result in search page
HERB005327,穗状百金花,not_found,,no exact cmedical result in search page
HERB005329,穗状乌头,not_found,,no exact cmedical result in search page
HERB005328,穗状闭鞘姜,not_found,,no exact cmedical result in search page
HERB005330,穗状芸香,not_found,,no exact cmedical result in search page
HERB005332,梭果黄芪,not_found,,no exact cmedical result in search page
HERB005331,索多密切,not_found,,no exact cmedical result in search page
HERB005336,缩沙密,not_found,,no exact cmedical result in search page
HERB005334,桫椤,no_fields,https://www.dayi.org.cn/cmedical/1156179.html,detail page parsed but no mapped fields found
HERB005339,桃花百里香,not_found,,no exact cmedical result in search page
HERB005337,缩砂仁,not_found,,no exact cmedical result in search page
HERB005340,塔拉乌头胺,not_found,,no exact cmedical result in search page
HERB005349,泰国扭序花,not_found,,no exact cmedical result in search page
HERB005343,太白楤木,not_found,,no exact cmedical result in search page
HERB005350,泰国山牵牛,not_found,,no exact cmedical result in search page
HERB005345,太白檧木,not_found,,no exact cmedical result in search page
HERB005352,苔景天,not_found,,no exact cmedical result in search page
HERB005353,胎盘粉,not_found,,no exact cmedical result in search page
HERB005354,太平洋假泽兰,not_found,,no exact cmedical result in search page
HERB005351,泰国栀子,not_found,,no exact cmedical result in search page
HERB005355,太平洋鳞毛蕨,not_found,,no exact cmedical result in search page
HERB005357,台湾安息香,not_found,,no exact cmedical result in search page
HERB005356,泰山盐附子,not_found,,no exact cmedical result in search page
HERB005359,台湾粗榧,not_found,,no exact cmedical result in search page
HERB005360,台湾翠柏,not_found,,no exact cmedical result in search page
HERB005358,台湾檫木,not_found,,no exact cmedical result in search page
HERB005363,台湾哥纳香,not_found,,no exact cmedical result in search page
HERB005362,台湾芙蓉,not_found,,no exact cmedical result in search page
HERB005361,台湾蜂斗菜,not_found,,no exact cmedical result in search page
HERB005364,台湾果松,not_found,,no exact cmedical result in search page
HERB005365,台湾胡椒,not_found,,no exact cmedical result in search page
HERB005371,台湾罗汉松,not_found,,no exact cmedical result in search page
HERB005370,台湾九里香,not_found,,no exact cmedical result in search page
HERB005369,台湾筋骨草,not_found,,no exact cmedical result in search page
HERB005372,台湾绿岛藤黄,not_found,,no exact cmedical result in search page
HERB005375,台湾蒲公英,not_found,,no exact cmedical result in search page
HERB005376,台湾前胡,not_found,,no exact cmedical result in search page
HERB005374,台湾枇杷,not_found,,no exact cmedical result in search page
HERB005379,台湾杉,not_found,,no exact cmedical result in search page
HERB005373,台湾牛奶菜,no_fields,https://www.dayi.org.cn/cmedical/303913.html,detail page parsed but no mapped fields found
HERB005380,台湾山豆根,not_found,,no exact cmedical result in search page
HERB005381,台湾杉木,not_found,,no exact cmedical result in search page
HERB005377,台湾千金藤,no_fields,https://www.dayi.org.cn/cmedical/303916.html,detail page parsed but no mapped fields found
HERB005384,台湾唐松草,not_found,,no exact cmedical result in search page
HERB005385,台湾小菠萝,not_found,,no exact cmedical result in search page
HERB005386,台湾绣线菊,not_found,,no exact cmedical result in search page
HERB005387,台湾云杉,not_found,,no exact cmedical result in search page
HERB005383,台湾双蝴蝶,no_fields,https://www.dayi.org.cn/cmedical/303919.html,detail page parsed but no mapped fields found
HERB005388,台湾泽兰,not_found,,no exact cmedical result in search page
HERB005391,芒果,no_fields,https://www.dayi.org.cn/cmedical/302108.html,detail page parsed but no mapped fields found
HERB005392,檀香,ok_no_empty_fields,https://www.dayi.org.cn/cmedical/303939.html,matched page but target columns already had values
HERB005393,檀香泥,no_fields,https://www.dayi.org.cn/cmedical/303940.html,detail page parsed but no mapped fields found
HERB005395,唐古特大黄,not_found,,no exact cmedical result in search page
HERB005400,唐松草撞扁果草,not_found,,no exact cmedical result in search page
HERB005398,汤姆逊独活,not_found,,no exact cmedical result in search page
HERB005402,桃,not_found,,no exact cmedical result in search page
HERB005403,仐贝母,not_found,,no exact cmedical result in search page
HERB005407,桃花心木,not_found,,no exact cmedical result in search page
HERB005410,桃茎白皮,no_fields,https://www.dayi.org.cn/cmedical/303955.html,detail page parsed but no mapped fields found
HERB005411,桃南瓜,no_fields,https://www.dayi.org.cn/cmedical/303956.html,detail page parsed but no mapped fields found
HERB005418,特洛伊黄芪,not_found,,no exact cmedical result in search page
HERB005422,腾黄山竹子,not_found,,no exact cmedical result in search page
HERB005421,藤黄,not_found,,no exact cmedical result in search page
HERB005423,藤黄属,not_found,,no exact cmedical result in search page
HERB005424,藤石松,not_found,,no exact cmedical result in search page
HERB005415,桃枝,no_fields,https://www.dayi.org.cn/cmedical/303960.html,detail page parsed but no mapped fields found
HERB005426,嚏根草,not_found,,no exact cmedical result in search page
HERB005425,蹄盖蕨,not_found,,no exact cmedical result in search page
HERB005427,梯牧草,not_found,,no exact cmedical result in search page
HERB005429,甜菜,not_found,,no exact cmedical result in search page
HERB005430,甜茶,no_fields,https://www.dayi.org.cn/cmedical/304022.html,detail page parsed but no mapped fields found
HERB005436,甜瓜蒂,no_fields,https://www.dayi.org.cn/cmedical/1115631.html,detail page parsed but no mapped fields found
HERB005438,甜瓜花,no_fields,https://www.dayi.org.cn/cmedical/1115237.html,detail page parsed but no mapped fields found
HERB005439,甜瓜茎,no_fields,https://www.dayi.org.cn/cmedical/1115239.html,detail page parsed but no mapped fields found
HERB005440,甜瓜皮,no_fields,https://www.dayi.org.cn/cmedical/1115238.html,detail page parsed but no mapped fields found
HERB005441,甜瓜叶,no_fields,https://www.dayi.org.cn/cmedical/1115240.html,detail page parsed but no mapped fields found
HERB005442,甜瓜子,no_fields,https://www.dayi.org.cn/cmedical/1115241.html,detail page parsed but no mapped fields found
HERB005444,天花粉,ok_no_empty_fields,https://www.dayi.org.cn/cmedical/303980.html,matched page but target columns already had values
HERB005449,天蓼木,not_found,,no exact cmedical result in search page
HERB005452,天门冬,ok_no_empty_fields,https://www.dayi.org.cn/cmedical/303987.html,matched page but target columns already had values
HERB005454,天名精果,not_found,,no exact cmedical result in search page
HERB005453,天名精,no_fields,https://www.dayi.org.cn/cmedical/303988.html,detail page parsed but no mapped fields found
HERB005459,天蓬子,not_found,,no exact cmedical result in search page
HERB005457,天女木兰,not_found,,no exact cmedical result in search page
HERB005460,天平山淫羊藿,not_found,,no exact cmedical result in search page
HERB005456,甜牛至,not_found,,no exact cmedical result in search page
HERB005463,天然碱,not_found,,no exact cmedical result in search page
HERB005458,天泡子,no_fields,https://www.dayi.org.cn/cmedical/1123693.html,detail page parsed but no mapped fields found
HERB005464,天然橡胶,not_found,,no exact cmedical result in search page
HERB005462,天茄子,no_fields,https://www.dayi.org.cn/cmedical/303995.html,detail page parsed but no mapped fields found
HERB005466,天山大黄,not_found,,no exact cmedical result in search page
HERB005465,天人菊,not_found,,no exact cmedical result in search page
HERB005468,天山棱子芹?,not_found,,no exact cmedical result in search page
HERB005469,天山秦艽,not_found,,no exact cmedical result in search page
HERB005472,天山竹子,not_found,,no exact cmedical result in search page
HERB005473,甜舌草,not_found,,no exact cmedical result in search page
HERB005475,天仙果,not_found,,no exact cmedical result in search page
HERB005476,天仙藤,not_found,,no exact cmedical result in search page
HERB005477,天仙子,not_found,,no exact cmedical result in search page
HERB005487,条浒苔,not_found,,no exact cmedical result in search page
HERB005489,条裂黄堇,not_found,,no exact cmedical result in search page
HERB005490,条纹穿心莲,not_found,,no exact cmedical result in search page
HERB005491,条纹龙舌兰,not_found,,no exact cmedical result in search page
HERB005488,调经草,no_fields,https://www.dayi.org.cn/cmedical/1115252.html,detail page parsed but no mapped fields found
HERB005493,条叶蓟,not_found,,no exact cmedical result in search page
HERB005492,条纹鼠尾草,not_found,,no exact cmedical result in search page
HERB005496,铁刀木,not_found,,no exact cmedical result in search page
HERB005495,铁棒锤叶,not_found,,no exact cmedical result in search page
HERB005503,铁片,not_found,,no exact cmedical result in search page
HERB005504,铁破锣,no_fields,https://www.dayi.org.cn/cmedical/304067.html,detail page parsed but no mapped fields found
HERB005502,铁皮石斛,no_fields,https://www.dayi.org.cn/cmedical/1115619.html,detail page parsed but no mapped fields found
HERB005506,铁生千里光,not_found,,no exact cmedical result in search page
HERB005508,铁丝威灵仙,not_found,,no exact cmedical result in search page
HERB005512,铁屑,not_found,,no exact cmedical result in search page
HERB005505,铁色箭,no_fields,https://www.dayi.org.cn/cmedical/304071.html,detail page parsed but no mapped fields found
HERB005513,铁锈色黄檀,not_found,,no exact cmedical result in search page
HERB005515,铁子,not_found,,no exact cmedical result in search page
HERB005516,廷胡,not_found,,no exact cmedical result in search page
HERB005517,廷胡索,not_found,,no exact cmedical result in search page
HERB005518,挺茎遍地金,not_found,,no exact cmedical result in search page
HERB005519,葶苈子,ok_no_empty_fields,https://www.dayi.org.cn/cmedical/304088.html,matched page but target columns already had values
HERB005522,童便,no_fields,https://www.dayi.org.cn/cmedical/1156130.html,detail page parsed but no mapped fields found
HERB005532,山楂,no_fields,https://www.dayi.org.cn/cmedical/303334.html,detail page parsed but no mapped fields found
HERB005530,潼蒺藜,not_found,,no exact cmedical result in search page
HERB005529,通花花,no_fields,https://www.dayi.org.cn/cmedical/304097.html,detail page parsed but no mapped fields found
HERB005531,银耳蕨,not_found,,no exact cmedical result in search page
HERB005535,铜金鸡纳,not_found,,no exact cmedical result in search page
HERB005534,筒鞘蛇菰,not_found,,no exact cmedical result in search page
HERB005536,通脱木,not_found,,no exact cmedical result in search page
HERB005539,守宫木,not_found,,no exact cmedical result in search page
HERB005537,通脱木花上粉,no_fields,https://www.dayi.org.cn/cmedical/304104.html,detail page parsed but no mapped fields found
HERB005543,头花龙胆,not_found,,no exact cmedical result in search page
HERB005544,透明唐松草,not_found,,no exact cmedical result in search page
HERB005545,头序楤木,not_found,,no exact cmedical result in search page
HERB005547,土百部,no_fields,https://www.dayi.org.cn/cmedical/304153.html,detail page parsed but no mapped fields found
HERB005556,兔儿风花蟹甲草,not_found,,no exact cmedical result in search page
HERB005557,土耳其翠雀花,not_found,,no exact cmedical result in search page
HERB005559,土耳其斯坦白腊树,not_found,,no exact cmedical result in search page
HERB005560,土耳其斯坦龙胆,not_found,,no exact cmedical result in search page
HERB005561,土耳其雪花莲,not_found,,no exact cmedical result in search page
HERB005558,土耳其鼠尾草,not_found,,no exact cmedical result in search page
HERB005562,土耳其郁金香,not_found,,no exact cmedical result in search page
HERB005565,吐根,not_found,,no exact cmedical result in search page
HERB005566,土瓜狼毒,not_found,,no exact cmedical result in search page
HERB005567,土黄莲,not_found,,no exact cmedical result in search page
HERB005570,土苦参,not_found,,no exact cmedical result in search page
HERB005573,秃毛冬青,not_found,,no exact cmedical result in search page
HERB005572,土良姜,no_fields,https://www.dayi.org.cn/cmedical/304187.html,detail page parsed but no mapped fields found
HERB005574,土木香,no_fields,https://www.dayi.org.cn/cmedical/304194.html,detail page parsed but no mapped fields found
HERB005576,土羌活,no_fields,https://www.dayi.org.cn/cmedical/304199.html,detail page parsed but no mapped fields found
HERB005581,吐温80,not_found,,no exact cmedical result in search page
HERB005584,土叶黄皮树,not_found,,no exact cmedical result in search page
HERB005583,土延胡,not_found,,no exact cmedical result in search page
HERB005585,团花山矾,not_found,,no exact cmedical result in search page
HERB005586,团级艾纳香,not_found,,no exact cmedical result in search page
HERB005589,豚草,not_found,,no exact cmedical result in search page
HERB005588,退热止泻木,not_found,,no exact cmedical result in search page
HERB005590,豚草千里光,not_found,,no exact cmedical result in search page
HERB005591,豚草紫菀,not_found,,no exact cmedical result in search page
HERB005596,椭圆三七草,not_found,,no exact cmedical result in search page
HERB005595,椭圆钩藤,not_found,,no exact cmedical result in search page
HERB005598,椭圆叶乳香树,not_found,,no exact cmedical result in search page
HERB005597,椭圆叶花椒,not_found,,no exact cmedical result in search page
HERB005600,瓦布贝母,not_found,,no exact cmedical result in search page
HERB005599,椭圆舟形藻,not_found,,no exact cmedical result in search page
HERB005604,蛙式独活,not_found,,no exact cmedical result in search page
HERB005605,瓦氏马尾藻,not_found,,no exact cmedical result in search page
HERB005607,瓦氏棕榈,not_found,,no exact cmedical result in search page
HERB005610,瓦苇,not_found,,no exact cmedical result in search page
HERB005613,晚蚕砂,not_found,,no exact cmedical result in search page
HERB005616,万华泽兰,not_found,,no exact cmedical result in search page
HERB005609,瓦松,no_fields,https://www.dayi.org.cn/cmedical/304256.html,detail page parsed but no mapped fields found
HERB005620,弯曲千里光,not_found,,no exact cmedical result in search page
HERB005621,弯曲天门冬,not_found,,no exact cmedical result in search page
HERB005622,弯曲天南星,not_found,,no exact cmedical result in search page
HERB005614,豌豆,no_fields,https://www.dayi.org.cn/cmedical/304262.html,detail page parsed but no mapped fields found
HERB005625,万山淫羊藿,not_found,,no exact cmedical result in search page
HERB005636,乌头,not_found,,no exact cmedical result in search page
HERB005633,弯叶黄芪,not_found,,no exact cmedical result in search page
HERB005638,玉兰,not_found,,no exact cmedical result in search page
HERB005639,网地藻,not_found,,no exact cmedical result in search page
HERB005643,王浆,not_found,,no exact cmedical result in search page
HERB005640,王瓜,no_fields,https://www.dayi.org.cn/cmedical/304283.html,detail page parsed but no mapped fields found
HERB005656,围栏球果紫堇,not_found,,no exact cmedical result in search page
HERB005653,薇甘菊泽兰?,not_found,,no exact cmedical result in search page
HERB005658,委陵菜,no_fields,https://www.dayi.org.cn/cmedical/304309.html,detail page parsed but no mapped fields found
HERB005660,卫矛堆心菊,not_found,,no exact cmedical result in search page
HERB005645,望江南子,no_fields,https://www.dayi.org.cn/cmedical/304295.html,detail page parsed but no mapped fields found
HERB005668,微笑万寿菊,not_found,,no exact cmedical result in search page
HERB005672,尾叶香茶菜,not_found,,no exact cmedical result in search page
HERB005659,威灵仙,ok_no_empty_fields,https://www.dayi.org.cn/cmedical/304299.html,matched page but target columns already had values
HERB005686,卧茎夜来香,not_found,,no exact cmedical result in search page
HERB005697,无莿根,no_fields,https://www.dayi.org.cn/cmedical/1115709.html,detail page parsed but no mapped fields found
HERB005705,无梗五加皮,not_found,,no exact cmedical result in search page
HERB005702,武当木兰,not_found,,no exact cmedical result in search page
HERB005716,乌鸡,not_found,,no exact cmedical result in search page
HERB005714,无患子树蔃,not_found,,no exact cmedical result in search page
HERB005718,五加前胡,not_found,,no exact cmedical result in search page
HERB005720,芜菁甘蓝,not_found,,no exact cmedical result in search page
HERB005715,无患子叶,no_fields,https://www.dayi.org.cn/cmedical/304414.html,detail page parsed but no mapped fields found
HERB005717,五加皮,ok_no_empty_fields,https://www.dayi.org.cn/cmedical/304455.html,matched page but target columns already had values
HERB005725,舞剧淫羊藿,not_found,,no exact cmedical result in search page
HERB005727,乌克兰下页水仙,not_found,,no exact cmedical result in search page
HERB005731,乌敛莓,not_found,,no exact cmedical result in search page
HERB005729,五角番泻树,not_found,,no exact cmedical result in search page
HERB005733,乌龙茶,not_found,,no exact cmedical result in search page
HERB005722,乌桕木根皮,no_fields,https://www.dayi.org.cn/cmedical/304355.html,detail page parsed but no mapped fields found
HERB005734,五楼子,not_found,,no exact cmedical result in search page
HERB005738,无毛蒿,not_found,,no exact cmedical result in search page
HERB005739,五毛菊,not_found,,no exact cmedical result in search page
HERB005735,五脉百里香,not_found,,no exact cmedical result in search page
HERB005744,乌泡子,not_found,,no exact cmedical result in search page
HERB005740,无毛山楂,not_found,,no exact cmedical result in search page
HERB005741,无毛无根藤,not_found,,no exact cmedical result in search page
HERB005742,乌梅,ok_no_empty_fields,https://www.dayi.org.cn/cmedical/304372.html,matched page but target columns already had values
HERB005750,乌梢蛇,ok_no_empty_fields,https://www.dayi.org.cn/cmedical/304376.html,matched page but target columns already had values
HERB005749,巫山淫羊藿,no_fields,https://www.dayi.org.cn/cmedical/1155839.html,detail page parsed but no mapped fields found
HERB005755,梧桐根,not_found,,no exact cmedical result in search page
HERB005759,乌头,not_found,,no exact cmedical result in search page
HERB005757,梧桐叶,not_found,,no exact cmedical result in search page
HERB005760,乌头附子尖,not_found,,no exact cmedical result in search page
HERB005754,梧桐白皮,no_fields,https://www.dayi.org.cn/cmedical/1115307.html,detail page parsed but no mapped fields found
HERB005758,梧桐子,no_fields,https://www.dayi.org.cn/cmedical/1115309.html,detail page parsed but no mapped fields found
HERB005767,乌药,ok_no_empty_fields,https://www.dayi.org.cn/cmedical/304392.html,matched page but target columns already had values
HERB005768,无叶白前,not_found,,no exact cmedical result in search page
HERB005769,无叶瓜藤,not_found,,no exact cmedical result in search page
HERB005770,无叶加木贼,not_found,,no exact cmedical result in search page
HERB005771,无叶藤,not_found,,no exact cmedical result in search page
HERB005772,无叶鱼黄草,not_found,,no exact cmedical result in search page
HERB005775,吴芋,not_found,,no exact cmedical result in search page
HERB005773,午夜猪屎豆,not_found,,no exact cmedical result in search page
HERB005774,芜荑,no_fields,https://www.dayi.org.cn/cmedical/304428.html,detail page parsed but no mapped fields found
HERB005777,乌贼骨,not_found,,no exact cmedical result in search page
HERB005785,西阿拉黄檀,not_found,,no exact cmedical result in search page
HERB005778,五爪龙,ok_no_empty_fields,https://www.dayi.org.cn/cmedical/304491.html,matched page but target columns already had values
HERB005786,狭序唐松草,not_found,,no exact cmedical result in search page
HERB005790,西班牙黄杨,not_found,,no exact cmedical result in search page
HERB005793,木酱紫,not_found,,no exact cmedical result in search page
HERB005791,西班牙云香草,not_found,,no exact cmedical result in search page
HERB005789,膝瓣乌头,not_found,,no exact cmedical result in search page
HERB005792,西北木,not_found,,no exact cmedical result in search page
HERB005794,细柄十大功劳,not_found,,no exact cmedical result in search page
HERB005798,锡箔决明,not_found,,no exact cmedical result in search page
HERB005795,细柄薯蓣,no_fields,https://www.dayi.org.cn/cmedical/304555.html,detail page parsed but no mapped fields found
HERB005797,锡箔金合欢,not_found,,no exact cmedical result in search page
HERB005799,西伯利亚红松,not_found,,no exact cmedical result in search page
HERB005800,西伯利亚冷杉,not_found,,no exact cmedical result in search page
HERB005804,西伯利亚云杉,not_found,,no exact cmedical result in search page
HERB005803,西伯利亚远志,not_found,,no exact cmedical result in search page
HERB005805,西博氏卫矛,not_found,,no exact cmedical result in search page
HERB005802,西伯利亚橐吾,not_found,,no exact cmedical result in search page
HERB005806,西草,not_found,,no exact cmedical result in search page
HERB005810,新店獐牙菜,not_found,,no exact cmedical result in search page
HERB005808,西川芎,not_found,,no exact cmedical result in search page
HERB005809,西党,not_found,,no exact cmedical result in search page
HERB005812,西方苍耳,not_found,,no exact cmedical result in search page
HERB005813,西方刺柏,not_found,,no exact cmedical result in search page
HERB005816,西非荔枝果,not_found,,no exact cmedical result in search page
HERB005815,西非红豆树,not_found,,no exact cmedical result in search page
HERB005814,西方翠雀,not_found,,no exact cmedical result in search page
HERB005819,细梗香草,not_found,,no exact cmedical result in search page
HERB005817,西非羊角拗,not_found,,no exact cmedical result in search page
HERB005822,西瓜子仁,no_fields,https://www.dayi.org.cn/cmedical/1115368.html,detail page parsed but no mapped fields found
HERB005820,西瓜,no_fields,https://www.dayi.org.cn/cmedical/1115364.html,detail page parsed but no mapped fields found
HERB005821,西瓜皮,no_fields,https://www.dayi.org.cn/cmedical/1115366.html,detail page parsed but no mapped fields found
HERB005827,西葫芦,not_found,,no exact cmedical result in search page
HERB005829,细花滇紫草,not_found,,no exact cmedical result in search page
HERB005828,西琥珀,not_found,,no exact cmedical result in search page
HERB005826,西红花,no_fields,https://www.dayi.org.cn/cmedical/1115483.html,detail page parsed but no mapped fields found
HERB005825,西河柳,no_fields,https://www.dayi.org.cn/cmedical/1115916.html,detail page parsed but no mapped fields found
HERB005833,西黄草,not_found,,no exact cmedical result in search page
HERB005830,细花含羞草,not_found,,no exact cmedical result in search page
HERB005834,西黄胶粉,not_found,,no exact cmedical result in search page
HERB005831,细花线纹香茶菜,not_found,,no exact cmedical result in search page
HERB005835,犀角,ok_no_empty_fields,https://www.dayi.org.cn/cmedical/1118129.html,matched page but target columns already had values
HERB005836,锡金十大功劳,not_found,,no exact cmedical result in search page
HERB005837,细茎石斛,not_found,,no exact cmedical result in search page
HERB005838,席卷鸦葱,not_found,,no exact cmedical result in search page
HERB005840,希腊食草,not_found,,no exact cmedical result in search page
HERB005841,希腊丝毛石,not_found,,no exact cmedical result in search page
HERB005842,锡兰古柯,not_found,,no exact cmedical result in search page
HERB005846,习罗汉松,not_found,,no exact cmedical result in search page
HERB005847,西玛白蜡树,not_found,,no exact cmedical result in search page
HERB005845,溪流猪殃殃,not_found,,no exact cmedical result in search page
HERB005848,喜马独尾草,not_found,,no exact cmedical result in search page
HERB005849,喜马红景天,not_found,,no exact cmedical result in search page
HERB005851,喜马拉雅鸢尾,not_found,,no exact cmedical result in search page
HERB005850,喜马拉雅红豆杉,not_found,,no exact cmedical result in search page
HERB005852,喜马拉雅远志,not_found,,no exact cmedical result in search page
HERB005855,西门飞草,not_found,,no exact cmedical result in search page
HERB005853,喜马旋覆花,not_found,,no exact cmedical result in search page
HERB005854,喜马浮萍,not_found,,no exact cmedical result in search page
HERB005862,西南忍冬,not_found,,no exact cmedical result in search page
HERB005861,西南猫尾树,not_found,,no exact cmedical result in search page
HERB005856,西蒙斯十大功劳,not_found,,no exact cmedical result in search page
HERB005863,西南石苇,not_found,,no exact cmedical result in search page
HERB005865,西南獐芽菜,not_found,,no exact cmedical result in search page
HERB005867,西欧鸢尾,not_found,,no exact cmedical result in search page
HERB005873,溪山翠雀,not_found,,no exact cmedical result in search page
HERB005866,锡囊马尾藻,not_found,,no exact cmedical result in search page
HERB005872,硒砂,not_found,,no exact cmedical result in search page
HERB005870,西秦艽,not_found,,no exact cmedical result in search page
HERB005882,蟋蟀,no_fields,https://www.dayi.org.cn/cmedical/1155863.html,detail page parsed but no mapped fields found
HERB005884,西台,not_found,,no exact cmedical result in search page
HERB005877,喜树,no_fields,https://www.dayi.org.cn/cmedical/1115930.html,detail page parsed but no mapped fields found
HERB005886,西西里草木犀,not_found,,no exact cmedical result in search page
HERB005887,西西里漆树,not_found,,no exact cmedical result in search page
HERB005888,希莶,not_found,,no exact cmedical result in search page
HERB005885,西特卡云杉,not_found,,no exact cmedical result in search page
HERB005890,西香葱,not_found,,no exact cmedical result in search page
HERB005896,喜盐鸢尾,not_found,,no exact cmedical result in search page
HERB005895,细心野牵牛,not_found,,no exact cmedical result in search page
HERB005898,夕阳接骨木,not_found,,no exact cmedical result in search page
HERB005897,夕阳红,not_found,,no exact cmedical result in search page
HERB005894,细辛,ok_no_empty_fields,https://www.dayi.org.cn/cmedical/304565.html,matched page but target columns already had values
HERB005899,西洋梨,not_found,,no exact cmedical result in search page
HERB005903,细叶百合,not_found,,no exact cmedical result in search page
HERB005901,西洋参茎叶,not_found,,no exact cmedical result in search page
HERB005905,细叶堆心菊,not_found,,no exact cmedical result in search page
HERB005902,细叶桉叶,no_fields,https://www.dayi.org.cn/cmedical/304567.html,detail page parsed but no mapped fields found
HERB005906,细叶功劳木,not_found,,no exact cmedical result in search page
HERB005907,细叶功劳叶,not_found,,no exact cmedical result in search page
HERB005909,洗液蛇鞭菊,not_found,,no exact cmedical result in search page
HERB005912,细叶藤,not_found,,no exact cmedical result in search page
HERB005908,细叶黄杨,no_fields,https://www.dayi.org.cn/cmedical/1116743.html,detail page parsed but no mapped fields found
HERB005911,细叶水团花,not_found,,no exact cmedical result in search page
HERB005913,细叶铁线蕨,not_found,,no exact cmedical result in search page
HERB005914,细叶小檗,not_found,,no exact cmedical result in search page
HERB005916,细叶猪屎豆,not_found,,no exact cmedical result in search page
HERB005917,细圆藤,not_found,,no exact cmedical result in search page
HERB005918,西藏胡黄连,not_found,,no exact cmedical result in search page
HERB005915,细叶益母草,not_found,,no exact cmedical result in search page
HERB005919,西藏鹿蹄草,not_found,,no exact cmedical result in search page
HERB005922,西藏沙棘,not_found,,no exact cmedical result in search page
HERB005924,西藏铁线莲,not_found,,no exact cmedical result in search page
HERB005920,西藏秦艽,not_found,,no exact cmedical result in search page
HERB005925,西藏中麻黄,not_found,,no exact cmedical result in search page
HERB005927,细毡毛忍冬,not_found,,no exact cmedical result in search page
HERB005926,西泽兰,not_found,,no exact cmedical result in search page
HERB005923,西藏酸模,no_fields,https://www.dayi.org.cn/cmedical/304511.html,detail page parsed but no mapped fields found
HERB005930,细子麻黄,not_found,,no exact cmedical result in search page
HERB005934,西陲苔草,not_found,,no exact cmedical result in search page
HERB005932,夏草,not_found,,no exact cmedical result in search page
HERB005937,前胡,no_fields,https://www.dayi.org.cn/cmedical/302804.html,detail page parsed but no mapped fields found
HERB005935,夏风信子,not_found,,no exact cmedical result in search page
HERB005933,下垂澳杨,not_found,,no exact cmedical result in search page
HERB005936,夏钩藤,not_found,,no exact cmedical result in search page
HERB005939,狭基线纹香茶菜,not_found,,no exact cmedical result in search page
HERB005938,下过山小橘跟,not_found,,no exact cmedical result in search page
HERB005941,虾蟆胆,no_fields,https://www.dayi.org.cn/cmedical/304590.html,detail page parsed but no mapped fields found
HERB005947,下泻南五味子,not_found,,no exact cmedical result in search page
HERB005949,下延古当归,not_found,,no exact cmedical result in search page
HERB005944,下田菊,no_fields,https://www.dayi.org.cn/cmedical/1116884.html,detail page parsed but no mapped fields found
HERB005948,夏雪片莲,not_found,,no exact cmedical result in search page
HERB005950,狭叶白鲜,not_found,,no exact cmedical result in search page
HERB005951,狭叶重楼,not_found,,no exact cmedical result in search page
HERB005954,狭叶红景天,not_found,,no exact cmedical result in search page
HERB005955,狭叶胡椒,not_found,,no exact cmedical result in search page
HERB005956,下野鸡骨常山,not_found,,no exact cmedical result in search page
HERB005958,狭叶锦鸡儿,not_found,,no exact cmedical result in search page
HERB005959,狭叶决明,not_found,,no exact cmedical result in search page
HERB005957,狭叶假人参,not_found,,no exact cmedical result in search page
HERB005960,狭叶龙舌兰,not_found,,no exact cmedical result in search page
HERB005961,狭叶龙舌兰,not_found,,no exact cmedical result in search page
HERB005962,狭叶青蒿,not_found,,no exact cmedical result in search page
HERB005964,狭叶蛇根草,not_found,,no exact cmedical result in search page
HERB005966,狭叶五味子,not_found,,no exact cmedical result in search page
HERB005965,小叶唐松草,not_found,,no exact cmedical result in search page
HERB005968,狭叶香蒲,not_found,,no exact cmedical result in search page
HERB005967,狭叶香茶菜,no_fields,https://www.dayi.org.cn/cmedical/304610.html,detail page parsed but no mapped fields found
HERB005972,显齿蛇葡萄,not_found,,no exact cmedical result in search page
HERB005969,狭叶獐牙菜,not_found,,no exact cmedical result in search page
HERB005973,腺齿紫金牛,not_found,,no exact cmedical result in search page
HERB005975,线萼黄连,not_found,,no exact cmedical result in search page
HERB005976,腺梗豨莶,not_found,,no exact cmedical result in search page
HERB005978,仙鹤草根,not_found,,no exact cmedical result in search page
HERB005974,鲜地黄,no_fields,https://www.dayi.org.cn/cmedical/304637.html,detail page parsed but no mapped fields found
HERB005977,仙鹤草,ok_no_empty_fields,https://www.dayi.org.cn/cmedical/304624.html,matched page but target columns already had values
HERB005981,鲜黄小檗,not_found,,no exact cmedical result in search page
HERB005982,仙客来,not_found,,no exact cmedical result in search page
HERB005983,仙灵脾,no_fields,https://www.dayi.org.cn/cmedical/1155975.html,detail page parsed but no mapped fields found
HERB005980,腺花香茶菜,no_fields,https://www.dayi.org.cn/cmedical/304651.html,detail page parsed but no mapped fields found
HERB005979,仙鹤草根芽,no_fields,https://www.dayi.org.cn/cmedical/304625.html,detail page parsed but no mapped fields found
HERB005986,显脉旋覆花,not_found,,no exact cmedical result in search page
HERB005987,显脉獐牙菜,not_found,,no exact cmedical result in search page
HERB005989,腺毛黑种草,not_found,,no exact cmedical result in search page
HERB005996,线纹香茶菜,not_found,,no exact cmedical result in search page
HERB005997,纤细老鹳草,not_found,,no exact cmedical result in search page
HERB005998,纤细薯蓣,not_found,,no exact cmedical result in search page
HERB005994,咸酸蔃,no_fields,https://www.dayi.org.cn/cmedical/1115334.html,detail page parsed but no mapped fields found
HERB005995,仙桃草,no_fields,https://www.dayi.org.cn/cmedical/304630.html,detail page parsed but no mapped fields found
HERB005999,线叶巴豆,not_found,,no exact cmedical result in search page
HERB006000,线叶柴胡,not_found,,no exact cmedical result in search page
HERB006003,小叶忍冬,not_found,,no exact cmedical result in search page
HERB006002,小叶芹,not_found,,no exact cmedical result in search page
HERB006004,线叶旋覆花,not_found,,no exact cmedical result in search page
HERB006008,网地藻,not_found,,no exact cmedical result in search page
HERB006005,线羽凤尾蕨,not_found,,no exact cmedical result in search page
HERB006006,线泽兰,not_found,,no exact cmedical result in search page
HERB006009,香巴豆,not_found,,no exact cmedical result in search page
HERB006011,香草香精,not_found,,no exact cmedical result in search page
HERB006010,香草水杨梅,not_found,,no exact cmedical result in search page
HERB006007,线轴买麻藤,not_found,,no exact cmedical result in search page
HERB006013,香车叶草,not_found,,no exact cmedical result in search page
HERB006014,香椽皮,not_found,,no exact cmedical result in search page
HERB006016,香丹,not_found,,no exact cmedical result in search page
HERB006020,香港樫木,not_found,,no exact cmedical result in search page
HERB006018,香蜂花,not_found,,no exact cmedical result in search page
HERB006023,香果脂,not_found,,no exact cmedical result in search page
HERB006024,香合欢,not_found,,no exact cmedical result in search page
HERB006019,香附,ok_no_empty_fields,https://www.dayi.org.cn/cmedical/304661.html,matched page but target columns already had values
HERB006025,想黄连木,not_found,,no exact cmedical result in search page
HERB006029,香精,not_found,,no exact cmedical result in search page
HERB006028,橡胶树,not_found,,no exact cmedical result in search page
HERB006027,香蕉,no_fields,https://www.dayi.org.cn/cmedical/1115317.html,detail page parsed but no mapped fields found
HERB006035,香柠檬,not_found,,no exact cmedical result in search page
HERB006032,香曼陀罗,not_found,,no exact cmedical result in search page
HERB006036,橡皮木,not_found,,no exact cmedical result in search page
HERB006042,向日葵籽,not_found,,no exact cmedical result in search page
HERB006043,香肉,not_found,,no exact cmedical result in search page
HERB006044,香肉果,not_found,,no exact cmedical result in search page
HERB006046,香丝草,not_found,,no exact cmedical result in search page
HERB006052,香豌豆,not_found,,no exact cmedical result in search page
HERB006054,象牙海岸格木,not_found,,no exact cmedical result in search page
HERB006062,香橼汁,not_found,,no exact cmedical result in search page
HERB006065,香樟木,not_found,,no exact cmedical result in search page
HERB006064,香樟根,no_fields,https://www.dayi.org.cn/cmedical/304708.html,detail page parsed but no mapped fields found
HERB006066,香脂冷杉,not_found,,no exact cmedical result in search page
HERB006067,香子兰,not_found,,no exact cmedical result in search page
HERB006069,小八角莲,not_found,,no exact cmedical result in search page
HERB006074,小草乌,not_found,,no exact cmedical result in search page
HERB006076,小车前,not_found,,no exact cmedical result in search page
HERB006080,小改鼠尾草,not_found,,no exact cmedical result in search page
HERB006082,小甘草,not_found,,no exact cmedical result in search page
HERB006085,小果咖啡,not_found,,no exact cmedical result in search page
HERB006083,小根葱,not_found,,no exact cmedical result in search page
HERB006084,小构树,not_found,,no exact cmedical result in search page
HERB006086,小果楠竹,not_found,,no exact cmedical result in search page
HERB006088,小果十大功劳,not_found,,no exact cmedical result in search page
HERB006090,小果香草,not_found,,no exact cmedical result in search page
HERB006087,小果蔷薇根,not_found,,no exact cmedical result in search page
HERB006089,小果唐松草,not_found,,no exact cmedical result in search page
HERB006091,小果野蕉,not_found,,no exact cmedical result in search page
HERB006093,小果芸香,not_found,,no exact cmedical result in search page
HERB006096,小黑羊,not_found,,no exact cmedical result in search page
HERB006099,小花八角,not_found,,no exact cmedical result in search page
HERB006101,小花盾叶薯蓣,not_found,,no exact cmedical result in search page
HERB006102,小花风毛菊,not_found,,no exact cmedical result in search page
HERB006103,小花鬼针草,not_found,,no exact cmedical result in search page
HERB006105,小花老鼠簕,not_found,,no exact cmedical result in search page
HERB006113,小花五味子,not_found,,no exact cmedical result in search page
HERB006114,小花五桠果,not_found,,no exact cmedical result in search page
HERB006104,小花黄堇,no_fields,https://www.dayi.org.cn/cmedical/1117182.html,detail page parsed but no mapped fields found
HERB006112,小花酸藤子,no_fields,https://www.dayi.org.cn/cmedical/1116969.html,detail page parsed but no mapped fields found
HERB006115,小花夏枯草,not_found,,no exact cmedical result in search page
HERB006116,小花远志,not_found,,no exact cmedical result in search page
HERB006118,小黄牡蒿,not_found,,no exact cmedical result in search page
HERB006117,小花紫堇,not_found,,no exact cmedical result in search page
HERB006120,小黄紫堇,not_found,,no exact cmedical result in search page
HERB006119,小黄花菜,not_found,,no exact cmedical result in search page
HERB006125,小角柱花,not_found,,no exact cmedical result in search page
HERB006124,小脚海罂粟,not_found,,no exact cmedical result in search page
HERB006123,小箭草,no_fields,https://www.dayi.org.cn/cmedical/304820.html,detail page parsed but no mapped fields found
HERB006122,小蓟,ok_no_empty_fields,https://www.dayi.org.cn/cmedical/304819.html,matched page but target columns already had values
HERB006127,小金盏花,not_found,,no exact cmedical result in search page
HERB006128,小精豆,not_found,,no exact cmedical result in search page
HERB006126,小接筋草,no_fields,https://www.dayi.org.cn/cmedical/304821.html,detail page parsed but no mapped fields found
HERB006129,小喇叭,no_fields,https://www.dayi.org.cn/cmedical/304834.html,detail page parsed but no mapped fields found
HERB006131,小龙也阔苞菊,not_found,,no exact cmedical result in search page
HERB006137,小木麻黄,not_found,,no exact cmedical result in search page
HERB006140,小乔木紫金牛,not_found,,no exact cmedical result in search page
HERB006144,肖乳香,not_found,,no exact cmedical result in search page
HERB006141,小青皮,not_found,,no exact cmedical result in search page
HERB006146,小沙冬青,not_found,,no exact cmedical result in search page
HERB006148,小舌紫菀,not_found,,no exact cmedical result in search page
HERB006139,小婆婆纳,no_fields,https://www.dayi.org.cn/cmedical/1117158.html,detail page parsed but no mapped fields found
HERB006150,小唐松草,not_found,,no exact cmedical result in search page
HERB006149,硝石,no_fields,https://www.dayi.org.cn/cmedical/1155776.html,detail page parsed but no mapped fields found
HERB006152,小偷堆心菊,not_found,,no exact cmedical result in search page
HERB006155,小乌毛蕨,not_found,,no exact cmedical result in search page
HERB006159,小型化岩蔷薇,not_found,,no exact cmedical result in search page
HERB006153,小头凉喉茶,not_found,,no exact cmedical result in search page
HERB006158,小心叶薯,not_found,,no exact cmedical result in search page
HERB006162,小叶梣,not_found,,no exact cmedical result in search page
HERB006160,小萱草根,not_found,,no exact cmedical result in search page
HERB006165,小叶杜英,not_found,,no exact cmedical result in search page
HERB006166,小叶贯众,not_found,,no exact cmedical result in search page
HERB006168,小叶红光树,not_found,,no exact cmedical result in search page
HERB006167,小叶黑柴胡,not_found,,no exact cmedical result in search page
HERB006163,小叶地不容,no_fields,https://www.dayi.org.cn/cmedical/304898.html,detail page parsed but no mapped fields found
HERB006170,小叶华北绣线菊,not_found,,no exact cmedical result in search page
HERB006169,小野花,not_found,,no exact cmedical result in search page
HERB006173,小叶九里香,not_found,,no exact cmedical result in search page
HERB006171,小叶黄杨,not_found,,no exact cmedical result in search page
HERB006174,小野菊,not_found,,no exact cmedical result in search page
HERB006178,小叶荬麻藤,not_found,,no exact cmedical result in search page
HERB006180,小野球果紫堇,not_found,,no exact cmedical result in search page
HERB006182,小叶唐松草,not_found,,no exact cmedical result in search page
HERB006175,小叶莲,ok_no_empty_fields,https://www.dayi.org.cn/cmedical/304907.html,matched page but target columns already had values
HERB006183,小叶香茶菜,not_found,,no exact cmedical result in search page
HERB006184,小叶悬钩子,not_found,,no exact cmedical result in search page
HERB006187,小叶硬毛漆木,not_found,,no exact cmedical result in search page
HERB006188,小野芝麻,not_found,,no exact cmedical result in search page
HERB006190,小猪屎豆,not_found,,no exact cmedical result in search page
HERB006186,小叶野决明,no_fields,https://www.dayi.org.cn/cmedical/304922.html,detail page parsed but no mapped fields found
HERB006189,小芸木,no_fields,https://www.dayi.org.cn/cmedical/304926.html,detail page parsed but no mapped fields found
HERB006194,斜基粗叶木,not_found,,no exact cmedical result in search page
HERB006195,斜茎獐牙菜,not_found,,no exact cmedical result in search page
HERB006191,薤白,ok_no_empty_fields,https://www.dayi.org.cn/cmedical/304940.html,matched page but target columns already had values
HERB006201,楔叶泽兰,not_found,,no exact cmedical result in search page
HERB006202,斜羽凤尾蕨,not_found,,no exact cmedical result in search page
HERB006204,新豉,not_found,,no exact cmedical result in search page
HERB006207,新疆贝母,not_found,,no exact cmedical result in search page
HERB006205,心肺草,not_found,,no exact cmedical result in search page
HERB006208,新疆党参,not_found,,no exact cmedical result in search page
HERB006210,新疆蓝刺头,not_found,,no exact cmedical result in search page
HERB006211,新疆杨,not_found,,no exact cmedical result in search page
HERB006216,毒石,not_found,,no exact cmedical result in search page
HERB006213,新美风毛菊,not_found,,no exact cmedical result in search page
HERB006219,新西兰麻,not_found,,no exact cmedical result in search page
HERB006218,新西兰罗汉松,not_found,,no exact cmedical result in search page
HERB006212,新疆一支蒿,no_fields,https://www.dayi.org.cn/cmedical/1117380.html,detail page parsed but no mapped fields found
HERB006220,新西兰牡荆苷,not_found,,no exact cmedical result in search page
HERB006223,新型钩藤,not_found,,no exact cmedical result in search page
HERB006224,新型葡萄,not_found,,no exact cmedical result in search page
HERB006230,新藏假紫草,not_found,,no exact cmedical result in search page
HERB006226,心形叶青牛胆,not_found,,no exact cmedical result in search page
HERB006229,新月形野草苏,not_found,,no exact cmedical result in search page
HERB006234,荇菜,not_found,,no exact cmedical result in search page
HERB006232,兴安柴胡,not_found,,no exact cmedical result in search page
HERB006231,兴安白头翁,no_fields,https://www.dayi.org.cn/cmedical/1115369.html,detail page parsed but no mapped fields found
HERB006233,兴安升麻,no_fields,https://www.dayi.org.cn/cmedical/1115371.html,detail page parsed but no mapped fields found
HERB006238,杏苏草,not_found,,no exact cmedical result in search page
HERB006241,熊耳草,not_found,,no exact cmedical result in search page
HERB006242,熊果苷,not_found,,no exact cmedical result in search page
HERB006237,杏树根,ok_no_empty_fields,https://www.dayi.org.cn/cmedical/1115373.html,matched page but target columns already had values
HERB006240,熊胆,no_fields,https://www.dayi.org.cn/cmedical/1156220.html,detail page parsed but no mapped fields found
HERB006239,杏子,no_fields,https://www.dayi.org.cn/cmedical/1115378.html,detail page parsed but no mapped fields found
HERB006245,雄蕊装鼠尾草,not_found,,no exact cmedical result in search page
HERB006246,雄蕊装鼠尾草,not_found,,no exact cmedical result in search page
HERB006250,修毛地黄,not_found,,no exact cmedical result in search page
HERB006243,雄黄,no_fields,https://www.dayi.org.cn/cmedical/1156221.html,detail page parsed but no mapped fields found
HERB006247,熊掌,no_fields,https://www.dayi.org.cn/cmedical/1118087.html,detail page parsed but no mapped fields found
HERB006251,绣毛寄生,not_found,,no exact cmedical result in search page
HERB006248,锈红蔷薇,not_found,,no exact cmedical result in search page
HERB006252,锈毛野桐,not_found,,no exact cmedical result in search page
HERB006253,绣球茜草,not_found,,no exact cmedical result in search page
HERB006255,秀色安息香,not_found,,no exact cmedical result in search page
HERB006254,绣球鼠尾草,not_found,,no exact cmedical result in search page
HERB006257,绣线菊叶,no_fields,https://www.dayi.org.cn/cmedical/304995.html,detail page parsed but no mapped fields found
HERB006260,续断菊,not_found,,no exact cmedical result in search page
HERB006262,叙利亚马利筋,not_found,,no exact cmedical result in search page
HERB006263,叙利亚牛至,not_found,,no exact cmedical result in search page
HERB006259,续断,no_fields,https://www.dayi.org.cn/cmedical/1115960.html,detail page parsed but no mapped fields found
HERB006264,续随子茎中白汁,no_fields,https://www.dayi.org.cn/cmedical/305005.html,detail page parsed but no mapped fields found
HERB006266,萱草嫩苗,no_fields,https://www.dayi.org.cn/cmedical/305008.html,detail page parsed but no mapped fields found
HERB006273,旋果蚊子草,not_found,,no exact cmedical result in search page
HERB006270,旋覆花根,no_fields,https://www.dayi.org.cn/cmedical/1115621.html,detail page parsed but no mapped fields found
HERB006271,悬钩茎,no_fields,https://www.dayi.org.cn/cmedical/1115388.html,detail page parsed but no mapped fields found
HERB006274,玄胡,not_found,,no exact cmedical result in search page
HERB006277,玄明,not_found,,no exact cmedical result in search page
HERB006275,玄胡素,not_found,,no exact cmedical result in search page
HERB006276,旋花羊角拗,not_found,,no exact cmedical result in search page
HERB006283,悬崖玫瑰,not_found,,no exact cmedical result in search page
HERB006281,宣威乌头,not_found,,no exact cmedical result in search page
HERB006282,旋夏花,not_found,,no exact cmedical result in search page
HERB006278,玄明粉,no_fields,https://www.dayi.org.cn/cmedical/1155797.html,detail page parsed but no mapped fields found
HERB006284,旋叶香青,not_found,,no exact cmedical result in search page
HERB006287,雪光花,not_found,,no exact cmedical result in search page
HERB006280,玄参,ok_no_empty_fields,https://www.dayi.org.cn/cmedical/305010.html,matched page but target columns already had values
HERB006289,雪花莲,not_found,,no exact cmedical result in search page
HERB006292,雪莲,not_found,,no exact cmedical result in search page
HERB006288,血红栓菌,not_found,,no exact cmedical result in search page
HERB006293,雪灵好?,not_found,,no exact cmedical result in search page
HERB006295,雪龙胆,not_found,,no exact cmedical result in search page
HERB006290,血竭,ok_no_empty_fields,https://www.dayi.org.cn/cmedical/305046.html,matched page but target columns already had values
HERB006291,雪梨皮,not_found,,no exact cmedical result in search page
HERB006296,雪片莲,not_found,,no exact cmedical result in search page
HERB006301,雪松,not_found,,no exact cmedical result in search page
HERB006304,鳕鱼,no_fields,https://www.dayi.org.cn/cmedical/305036.html,detail page parsed but no mapped fields found
HERB006305,血余炭,no_fields,https://www.dayi.org.cn/cmedical/1155864.html,detail page parsed but no mapped fields found
HERB006306,熏倒牛,not_found,,no exact cmedical result in search page
HERB006311,亚东乌头,not_found,,no exact cmedical result in search page
HERB006310,鸦胆子,no_fields,https://www.dayi.org.cn/cmedical/305064.html,detail page parsed but no mapped fields found
HERB006313,亚乎奴,no_fields,https://www.dayi.org.cn/cmedical/305102.html,detail page parsed but no mapped fields found
HERB006314,亚乎奴,no_fields,https://www.dayi.org.cn/cmedical/305102.html,detail page parsed but no mapped fields found
HERB006316,牙科北千里光,not_found,,no exact cmedical result in search page
HERB006322,亚马逊百合,not_found,,no exact cmedical result in search page
HERB006325,亚马逊鱼藤,not_found,,no exact cmedical result in search page
HERB006323,亚马逊马钱子,not_found,,no exact cmedical result in search page
HERB006320,亚罗椿,no_fields,https://www.dayi.org.cn/cmedical/305103.html,detail page parsed but no mapped fields found
HERB006328,牙买加苦木,not_found,,no exact cmedical result in search page
HERB006329,牙买加樱桃,not_found,,no exact cmedical result in search page
HERB006330,亚美堆心菊,not_found,,no exact cmedical result in search page
HERB006332,亚绒盖乳菇,not_found,,no exact cmedical result in search page
HERB006333,亚蕊香,not_found,,no exact cmedical result in search page
HERB006338,亚洲独活,not_found,,no exact cmedical result in search page
HERB006340,亚洲文殊兰,not_found,,no exact cmedical result in search page
HERB006339,亚洲狮,not_found,,no exact cmedical result in search page
HERB006341,岩柏,not_found,,no exact cmedical result in search page
HERB006331,鸦片,no_fields,https://www.dayi.org.cn/cmedical/305065.html,detail page parsed but no mapped fields found
HERB006342,岩白菜,no_fields,https://www.dayi.org.cn/cmedical/305116.html,detail page parsed but no mapped fields found
HERB006343,岩白菜素,not_found,,no exact cmedical result in search page
HERB006345,烟草花山梗菜,not_found,,no exact cmedical result in search page
HERB006346,盐地风毛菊,not_found,,no exact cmedical result in search page
HERB006350,盐附子,not_found,,no exact cmedical result in search page
HERB006352,盐海豚草,not_found,,no exact cmedical result in search page
HERB006355,盐角草,not_found,,no exact cmedical result in search page
HERB006351,烟锅草,no_fields,https://www.dayi.org.cn/cmedical/305112.html,detail page parsed but no mapped fields found
HERB006353,延胡索,ok_no_empty_fields,https://www.dayi.org.cn/cmedical/305115.html,matched page but target columns already had values
HERB006356,盐角草梭梭,not_found,,no exact cmedical result in search page
HERB006358,盐津菜,not_found,,no exact cmedical result in search page
HERB006360,岩兰草,not_found,,no exact cmedical result in search page
HERB006361,延龄草,not_found,,no exact cmedical result in search page
HERB006362,燕麦,not_found,,no exact cmedical result in search page
HERB006364,烟曲霉,not_found,,no exact cmedical result in search page
HERB006369,盐酸吗啉胍,not_found,,no exact cmedical result in search page
HERB006366,盐生假木贼,not_found,,no exact cmedical result in search page
HERB006368,盐酸麻黄碱,not_found,,no exact cmedical result in search page
HERB006367,盐生肉苁蓉,not_found,,no exact cmedical result in search page
HERB006372,岩盐,not_found,,no exact cmedical result in search page
HERB006365,龙眼,no_fields,https://www.dayi.org.cn/cmedical/1114881.html,detail page parsed but no mapped fields found
HERB006371,岩香菊,not_found,,no exact cmedical result in search page
HERB006376,洋常春藤,not_found,,no exact cmedical result in search page
HERB006378,洋刀豆,not_found,,no exact cmedical result in search page
HERB006375,羊鞭,no_fields,https://www.dayi.org.cn/cmedical/1155785.html,detail page parsed but no mapped fields found
HERB006377,洋葱,no_fields,https://www.dayi.org.cn/cmedical/305238.html,detail page parsed but no mapped fields found
HERB006379,洋地黄叶,not_found,,no exact cmedical result in search page
HERB006383,洋剪秋罗,not_found,,no exact cmedical result in search page
HERB006382,秧鸡草,not_found,,no exact cmedical result in search page
HERB006385,羊角面包,not_found,,no exact cmedical result in search page
HERB006384,羊角坳子,not_found,,no exact cmedical result in search page
HERB006381,羊红膻,no_fields,https://www.dayi.org.cn/cmedical/305194.html,detail page parsed but no mapped fields found
HERB006394,杨欧夏至草,not_found,,no exact cmedical result in search page
HERB006392,杨梅核仁,no_fields,https://www.dayi.org.cn/cmedical/305230.html,detail page parsed but no mapped fields found
HERB006391,杨梅根,no_fields,https://www.dayi.org.cn/cmedical/305229.html,detail page parsed but no mapped fields found
HERB006396,洋蒲桃叶,not_found,,no exact cmedical result in search page
HERB006398,洋茜草,not_found,,no exact cmedical result in search page
HERB006395,羊皮,no_fields,https://www.dayi.org.cn/cmedical/1117843.html,detail page parsed but no mapped fields found
HERB006403,羊屎果,no_fields,https://www.dayi.org.cn/cmedical/1116133.html,detail page parsed but no mapped fields found
HERB006400,羊肉,no_fields,https://www.dayi.org.cn/cmedical/1155957.html,detail page parsed but no mapped fields found
HERB006401,羊乳,no_fields,https://www.dayi.org.cn/cmedical/1118159.html,detail page parsed but no mapped fields found
HERB006404,阳桃,no_fields,https://www.dayi.org.cn/cmedical/305223.html,detail page parsed but no mapped fields found
HERB006406,羊蹄根,no_fields,https://www.dayi.org.cn/cmedical/1155897.html,detail page parsed but no mapped fields found
HERB006407,羊蹄实,no_fields,https://www.dayi.org.cn/cmedical/305215.html,detail page parsed but no mapped fields found
HERB006409,杨桐,not_found,,no exact cmedical result in search page
HERB006411,仰卧板凳果,not_found,,no exact cmedical result in search page
HERB006410,羊外肾,not_found,,no exact cmedical result in search page
HERB006415,杨叶银背藤,not_found,,no exact cmedical result in search page
HERB006414,杨叶肖槿,not_found,,no exact cmedical result in search page
HERB006417,扬子小连翘,not_found,,no exact cmedical result in search page
HERB006418,耀华香茶菜,not_found,,no exact cmedical result in search page
HERB006420,药鼠李,not_found,,no exact cmedical result in search page
HERB006419,药蜀葵,not_found,,no exact cmedical result in search page
HERB006422,药水苏,not_found,,no exact cmedical result in search page
HERB006421,药水芭蕉,not_found,,no exact cmedical result in search page
HERB006423,药水苏爵床,not_found,,no exact cmedical result in search page
HERB006427,药用丹参,not_found,,no exact cmedical result in search page
HERB006426,药用白前,not_found,,no exact cmedical result in search page
HERB006425,药用安息香,not_found,,no exact cmedical result in search page
HERB006429,药用当归,not_found,,no exact cmedical result in search page
HERB006424,药西瓜,no_fields,https://www.dayi.org.cn/cmedical/1155825.html,detail page parsed but no mapped fields found
HERB006433,药用黑面神也,not_found,,no exact cmedical result in search page
HERB006434,药用牡丹,not_found,,no exact cmedical result in search page
HERB006431,药用甘蔗,not_found,,no exact cmedical result in search page
HERB006435,药用牛奶菜,not_found,,no exact cmedical result in search page
HERB006430,药用倒提壶,no_fields,https://www.dayi.org.cn/cmedical/305256.html,detail page parsed but no mapped fields found
HERB006437,药用蒲公英,not_found,,no exact cmedical result in search page
HERB006436,药用牛舌草,not_found,,no exact cmedical result in search page
HERB006440,药用蛇床,not_found,,no exact cmedical result in search page
HERB006438,药用前胡,not_found,,no exact cmedical result in search page
HERB006439,药用球果紫堇,not_found,,no exact cmedical result in search page
HERB006441,药用薰衣草,not_found,,no exact cmedical result in search page
HERB006442,药用紫檀,not_found,,no exact cmedical result in search page
HERB006443,野艾蒿,not_found,,no exact cmedical result in search page
HERB006446,叶底珠根,not_found,,no exact cmedical result in search page
HERB006447,野颠茄,no_fields,https://www.dayi.org.cn/cmedical/305273.html,detail page parsed but no mapped fields found
HERB006450,椰果,not_found,,no exact cmedical result in search page
HERB006445,野草莓,no_fields,https://www.dayi.org.cn/cmedical/1156194.html,detail page parsed but no mapped fields found
HERB006453,野果茄,not_found,,no exact cmedical result in search page
HERB006448,野杜仲,no_fields,https://www.dayi.org.cn/cmedical/305278.html,detail page parsed but no mapped fields found
HERB006454,野海椒,no_fields,https://www.dayi.org.cn/cmedical/305285.html,detail page parsed but no mapped fields found
HERB006457,野黑樱桃,not_found,,no exact cmedical result in search page
HERB006458,叶黑种草,not_found,,no exact cmedical result in search page
HERB006451,野果茄,not_found,,no exact cmedical result in search page
HERB006460,液化灰毛豆,not_found,,no exact cmedical result in search page
HERB006462,野花椒皮,no_fields,https://www.dayi.org.cn/cmedical/305293.html,detail page parsed but no mapped fields found
HERB006466,夜家藤,not_found,,no exact cmedical result in search page
HERB006465,野黄皮,no_fields,https://www.dayi.org.cn/cmedical/1115266.html,detail page parsed but no mapped fields found
HERB006467,野姜,not_found,,no exact cmedical result in search page
HERB006471,野菊花,ok_no_empty_fields,https://www.dayi.org.cn/cmedical/305304.html,matched page but target columns already had values
HERB006473,野荔枝叶,not_found,,no exact cmedical result in search page
HERB006472,野决明,no_fields,https://www.dayi.org.cn/cmedical/305305.html,detail page parsed but no mapped fields found
HERB006474,叶脉银背藤,not_found,,no exact cmedical result in search page
HERB006478,野欧白芥,not_found,,no exact cmedical result in search page
HERB006475,夜明砂,ok_no_empty_fields,https://www.dayi.org.cn/cmedical/305380.html,matched page but target columns already had values
HERB006481,野漆树子,not_found,,no exact cmedical result in search page
HERB006482,野扇花,not_found,,no exact cmedical result in search page
HERB006484,野生马,not_found,,no exact cmedical result in search page
HERB006486,野生山樱桃,not_found,,no exact cmedical result in search page
HERB006485,野生千里光,not_found,,no exact cmedical result in search page
HERB006488,椰泰,not_found,,no exact cmedical result in search page
HERB006489,椰泰,not_found,,no exact cmedical result in search page
HERB006487,叶穗香茶菜,not_found,,no exact cmedical result in search page
HERB006490,野莴苣,not_found,,no exact cmedical result in search page
HERB006495,夜香树,not_found,,no exact cmedical result in search page
HERB006501,野猪,not_found,,no exact cmedical result in search page
HERB006502,野猪胆,not_found,,no exact cmedical result in search page
HERB006503,椰子,no_fields,https://www.dayi.org.cn/cmedical/1116703.html,detail page parsed but no mapped fields found
HERB006507,缢苞麻花头,not_found,,no exact cmedical result in search page
HERB006505,椰子瓤,no_fields,https://www.dayi.org.cn/cmedical/1115437.html,detail page parsed but no mapped fields found
HERB006512,刈草,not_found,,no exact cmedical result in search page
HERB006515,意大利决明子,not_found,,no exact cmedical result in search page
HERB006510,伊比利亚水仙,not_found,,no exact cmedical result in search page
HERB006511,一边黄檀,not_found,,no exact cmedical result in search page
HERB006508,伊贝母,no_fields,https://www.dayi.org.cn/cmedical/305403.html,detail page parsed but no mapped fields found
HERB006516,意大利蜡菊,not_found,,no exact cmedical result in search page
HERB006518,翼梗五味子,not_found,,no exact cmedical result in search page
HERB006521,一花木兰,not_found,,no exact cmedical result in search page
HERB006522,一花吴茱萸,not_found,,no exact cmedical result in search page
HERB006523,易卡托叶黄檀,not_found,,no exact cmedical result in search page
HERB006531,伊利利亚大吃几,not_found,,no exact cmedical result in search page
HERB006528,伊朗阿魏,not_found,,no exact cmedical result in search page
HERB006529,伊朗青蓝,not_found,,no exact cmedical result in search page
HERB006537,益母草,ok_no_empty_fields,https://www.dayi.org.cn/cmedical/305423.html,matched page but target columns already had values
HERB006532,伊利里亚大翅蓟,not_found,,no exact cmedical result in search page
HERB006530,伊犁翠雀花,not_found,,no exact cmedical result in search page
HERB006533,伊利诺合欢草,not_found,,no exact cmedical result in search page
HERB006540,一年生山靛,not_found,,no exact cmedical result in search page
HERB006536,薏米,not_found,,no exact cmedical result in search page
HERB006541,一泡囊草,not_found,,no exact cmedical result in search page
HERB006552,异形南五味子,not_found,,no exact cmedical result in search page
HERB006554,益阳荷包牡丹,not_found,,no exact cmedical result in search page
HERB006548,一窝鸡,no_fields,https://www.dayi.org.cn/cmedical/305396.html,detail page parsed but no mapped fields found
HERB006555,异叶败酱,not_found,,no exact cmedical result in search page
HERB006556,异叶假繁缕,not_found,,no exact cmedical result in search page
HERB006557,异叶梁王茶,not_found,,no exact cmedical result in search page
HERB006558,异叶蔓荆,not_found,,no exact cmedical result in search page
HERB006559,一夜美登木,not_found,,no exact cmedical result in search page
HERB006561,一叶萩根,not_found,,no exact cmedical result in search page
HERB006562,一叶肉托果,not_found,,no exact cmedical result in search page
HERB006565,异叶乌头,not_found,,no exact cmedical result in search page
HERB006564,异叶铁杉,not_found,,no exact cmedical result in search page
HERB006563,异叶天南星,not_found,,no exact cmedical result in search page
HERB006566,异叶杨,not_found,,no exact cmedical result in search page
HERB006569,益智,no_fields,https://www.dayi.org.cn/cmedical/1155788.html,detail page parsed but no mapped fields found
HERB006568,薏苡仁,ok_no_empty_fields,https://www.dayi.org.cn/cmedical/305427.html,matched page but target columns already had values
HERB006572,益智仁,ok_no_empty_fields,https://www.dayi.org.cn/cmedical/305425.html,matched page but target columns already had values
HERB006574,异株矮麻黄,not_found,,no exact cmedical result in search page
HERB006576,异足索沙蚕,not_found,,no exact cmedical result in search page
HERB006575,异株荨麻,not_found,,no exact cmedical result in search page
HERB006578,银白金合欢,not_found,,no exact cmedical result in search page
HERB006579,银白槭,not_found,,no exact cmedical result in search page
HERB006577,银白黄杨,not_found,,no exact cmedical result in search page
HERB006580,银白千里光,not_found,,no exact cmedical result in search page
HERB006582,银边龙舌兰,not_found,,no exact cmedical result in search page
HERB006581,银白杨,not_found,,no exact cmedical result in search page
HERB006587,茵陈蒿,ok_no_empty_fields,https://www.dayi.org.cn/cmedical/1116125.html,matched page but target columns already had values
HERB006589,因地香茶菜,not_found,,no exact cmedical result in search page
HERB006584,银不换,no_fields,https://www.dayi.org.cn/cmedical/1115443.html,detail page parsed but no mapped fields found
HERB006591,印度白茅,not_found,,no exact cmedical result in search page
HERB006590,印度菝葜,not_found,,no exact cmedical result in search page
HERB006596,印度黄檀,not_found,,no exact cmedical result in search page
HERB006592,印度大麻,not_found,,no exact cmedical result in search page
HERB006597,印度假荆芥,not_found,,no exact cmedical result in search page
HERB006599,印度橘,not_found,,no exact cmedical result in search page
HERB006601,印度萝芙木,not_found,,no exact cmedical result in search page
HERB006600,印度莲?,not_found,,no exact cmedical result in search page
HERB006598,印度九里香,not_found,,no exact cmedical result in search page
HERB006606,印度木防己,not_found,,no exact cmedical result in search page
HERB006605,印度棉,not_found,,no exact cmedical result in search page
HERB006602,印度马兜铃,not_found,,no exact cmedical result in search page
HERB006603,印度马兜铃,not_found,,no exact cmedical result in search page
HERB006610,印度藤黄,not_found,,no exact cmedical result in search page
HERB006608,印度蛇菰,not_found,,no exact cmedical result in search page
HERB006612,印度邪蒿,not_found,,no exact cmedical result in search page
HERB006609,印度斯里兰卡叶下珠,not_found,,no exact cmedical result in search page
HERB006611,印度娃儿藤,not_found,,no exact cmedical result in search page
HERB006613,印度鸭脚树,not_found,,no exact cmedical result in search page
HERB006614,印度藏茴香,not_found,,no exact cmedical result in search page
HERB006618,银合欢,not_found,,no exact cmedical result in search page
HERB006623,银胶菊,not_found,,no exact cmedical result in search page
HERB006627,印尼面包果,not_found,,no exact cmedical result in search page
HERB006628,银色米仔兰,not_found,,no exact cmedical result in search page
HERB006630,银信草,not_found,,no exact cmedical result in search page
HERB006631,阴行草,not_found,,no exact cmedical result in search page
HERB006636,银鱼,no_fields,https://www.dayi.org.cn/cmedical/305454.html,detail page parsed but no mapped fields found
HERB006637,银州柴胡,not_found,,no exact cmedical result in search page
HERB006641,英国山楂,not_found,,no exact cmedical result in search page
HERB006640,英国欧石楠,not_found,,no exact cmedical result in search page
HERB006646,硬毛金丝桃,not_found,,no exact cmedical result in search page
HERB006649,硬皮禾叶兰,not_found,,no exact cmedical result in search page
HERB006650,迎山红,no_fields,https://www.dayi.org.cn/cmedical/305474.html,detail page parsed but no mapped fields found
HERB006652,罂粟,not_found,,no exact cmedical result in search page
HERB006654,罂粟嫩苗,not_found,,no exact cmedical result in search page
HERB006653,罂粟壳,not_found,,no exact cmedical result in search page
HERB006651,硬水黄连,no_fields,https://www.dayi.org.cn/cmedical/305484.html,detail page parsed but no mapped fields found
HERB006657,银杏果,not_found,,no exact cmedical result in search page
HERB006656,樱桃番茄,not_found,,no exact cmedical result in search page
HERB006662,鹰爪豆,not_found,,no exact cmedical result in search page
HERB006663,鹰爪豆猪屎豆,not_found,,no exact cmedical result in search page
HERB006661,鹰爪,not_found,,no exact cmedical result in search page
HERB006660,硬叶女娄菜,no_fields,https://www.dayi.org.cn/cmedical/305486.html,detail page parsed but no mapped fields found
HERB006667,永宁独活,not_found,,no exact cmedical result in search page
HERB006666,蛹虫草,no_fields,https://www.dayi.org.cn/cmedical/1155814.html,detail page parsed but no mapped fields found
HERB006671,油菜籽,not_found,,no exact cmedical result in search page
HERB006670,有柄石韦,no_fields,https://www.dayi.org.cn/cmedical/1117148.html,detail page parsed but no mapped fields found
HERB006675,疣点卫矛,not_found,,no exact cmedical result in search page
HERB006672,油茶根皮,no_fields,https://www.dayi.org.cn/cmedical/1115462.html,detail page parsed but no mapped fields found
HERB006677,油橄榄,not_found,,no exact cmedical result in search page
HERB006679,油柑木皮,no_fields,https://www.dayi.org.cn/cmedical/1115461.html,detail page parsed but no mapped fields found
HERB006683,疣果豆蔻,not_found,,no exact cmedical result in search page
HERB006689,柚木,not_found,,no exact cmedical result in search page
HERB006686,柚花,no_fields,https://www.dayi.org.cn/cmedical/305522.html,detail page parsed but no mapped fields found
HERB006685,油胡桃,no_fields,https://www.dayi.org.cn/cmedical/305499.html,detail page parsed but no mapped fields found
HERB006690,柚皮,no_fields,https://www.dayi.org.cn/cmedical/305523.html,detail page parsed but no mapped fields found
HERB006693,釉色斑鸠菊?,not_found,,no exact cmedical result in search page
HERB006695,攸县鸭脚树,not_found,,no exact cmedical result in search page
HERB006694,有色紫金牛,not_found,,no exact cmedical result in search page
HERB006696,油烟奥拓四叶草?,not_found,,no exact cmedical result in search page
HERB006698,优野黄秋葵,not_found,,no exact cmedical result in search page
HERB006700,油棕,not_found,,no exact cmedical result in search page
HERB006703,禹白附,no_fields,https://www.dayi.org.cn/cmedical/1115467.html,detail page parsed but no mapped fields found
HERB006707,愈创木,not_found,,no exact cmedical result in search page
HERB006709,玉带根,no_fields,https://www.dayi.org.cn/cmedical/1115470.html,detail page parsed but no mapped fields found
HERB006704,禹白附,no_fields,https://www.dayi.org.cn/cmedical/1115467.html,detail page parsed but no mapped fields found
HERB006705,榆白皮,no_fields,https://www.dayi.org.cn/cmedical/305548.html,detail page parsed but no mapped fields found
HERB006712,渔夫叶下珠,not_found,,no exact cmedical result in search page
HERB006713,鱼肝油,not_found,,no exact cmedical result in search page
HERB006715,雨果小叶楠,not_found,,no exact cmedical result in search page
HERB006718,郁金,ok_no_empty_fields,https://www.dayi.org.cn/cmedical/305581.html,matched page but target columns already had values
HERB006730,玉玲花,not_found,,no exact cmedical result in search page
HERB006728,鱼鳞菜,no_fields,https://www.dayi.org.cn/cmedical/305535.html,detail page parsed but no mapped fields found
HERB006729,鱼鳞云杉,not_found,,no exact cmedical result in search page
HERB006726,禹粮石,no_fields,https://www.dayi.org.cn/cmedical/1155914.html,detail page parsed but no mapped fields found
HERB006725,郁李仁,ok_no_empty_fields,https://www.dayi.org.cn/cmedical/1116210.html,matched page but target columns already had values
HERB006737,雨水,not_found,,no exact cmedical result in search page
HERB006735,玉珊瑚根,no_fields,https://www.dayi.org.cn/cmedical/305576.html,detail page parsed but no mapped fields found
HERB006734,玉珊瑚根,no_fields,https://www.dayi.org.cn/cmedical/305576.html,detail page parsed but no mapped fields found
HERB006738,玉蜀黍,not_found,,no exact cmedical result in search page
HERB006742,芋叶,not_found,,no exact cmedical result in search page
HERB006744,羽叶鬼灯檠,not_found,,no exact cmedical result in search page
HERB006741,鱼腥草,ok_no_empty_fields,https://www.dayi.org.cn/cmedical/305545.html,matched page but target columns already had values
HERB006748,羽叶蛇葡萄,not_found,,no exact cmedical result in search page
HERB006749,羽衣甘蓝,not_found,,no exact cmedical result in search page
HERB006751,玉簪叶车前,not_found,,no exact cmedical result in search page
HERB006750,禹余粮,no_fields,https://www.dayi.org.cn/cmedical/305565.html,detail page parsed but no mapped fields found
HERB006755,羽状合欢,not_found,,no exact cmedical result in search page
HERB006758,圆瓣姜花,not_found,,no exact cmedical result in search page
HERB006753,禹州漏芦,no_fields,https://www.dayi.org.cn/cmedical/305566.html,detail page parsed but no mapped fields found
HERB006754,玉竹,ok_no_empty_fields,https://www.dayi.org.cn/cmedical/306232.html,matched page but target columns already had values
HERB006762,原蚕沙,no_fields,https://www.dayi.org.cn/cmedical/1118094.html,detail page parsed but no mapped fields found
HERB006765,圆丛红景天,not_found,,no exact cmedical result in search page
HERB006763,原蚕子,no_fields,https://www.dayi.org.cn/cmedical/305594.html,detail page parsed but no mapped fields found
HERB006761,原蚕蛾,no_fields,https://www.dayi.org.cn/cmedical/305593.html,detail page parsed but no mapped fields found
HERB006766,圆当归,not_found,,no exact cmedical result in search page
HERB006769,原果甘草,not_found,,no exact cmedical result in search page
HERB006770,圆果算盘子,not_found,,no exact cmedical result in search page
HERB006767,远东九里香,not_found,,no exact cmedical result in search page
HERB006772,元胡索,not_found,,no exact cmedical result in search page
HERB006777,原鸡,not_found,,no exact cmedical result in search page
HERB006774,圆滑番荔枝,not_found,,no exact cmedical result in search page
HERB006776,芫花条,not_found,,no exact cmedical result in search page
HERB006781,圆帽向日葵?,not_found,,no exact cmedical result in search page
HERB006782,元参,not_found,,no exact cmedical result in search page
HERB006779,圆锯筋骨草,not_found,,no exact cmedical result in search page
HERB006789,圆叶鹅掌柴,not_found,,no exact cmedical result in search page
HERB006788,圆叶柴胡,not_found,,no exact cmedical result in search page
HERB006790,圆叶风铃草,not_found,,no exact cmedical result in search page
HERB006791,圆叶鹿蹄草,not_found,,no exact cmedical result in search page
HERB006793,圆叶牵牛子,not_found,,no exact cmedical result in search page
HERB006794,圆叶山乌龟,not_found,,no exact cmedical result in search page
HERB006797,圆叶泽兰,not_found,,no exact cmedical result in search page
HERB006799,圆枝卷柏,not_found,,no exact cmedical result in search page
HERB006800,远志叶澳洲茶,not_found,,no exact cmedical result in search page
HERB006798,远志,ok_no_empty_fields,https://www.dayi.org.cn/cmedical/1116187.html,matched page but target columns already had values
HERB006801,圆锥画叶轮木,not_found,,no exact cmedical result in search page
HERB006804,月桂树叶木姜子,not_found,,no exact cmedical result in search page
HERB006805,月桂小波,not_found,,no exact cmedical result in search page
HERB006802,圆锥猪屎豆,not_found,,no exact cmedical result in search page
HERB006812,月季石榴,not_found,,no exact cmedical result in search page
HERB006815,越南安息香,not_found,,no exact cmedical result in search page
HERB006817,粤丝瓜,not_found,,no exact cmedical result in search page
HERB006818,越西木香,no_fields,https://www.dayi.org.cn/cmedical/1117049.html,detail page parsed but no mapped fields found
HERB006819,月腺大戟,not_found,,no exact cmedical result in search page
HERB006820,云苓,not_found,,no exact cmedical result in search page
HERB006821,云南芭蕉,not_found,,no exact cmedical result in search page
HERB006822,云南草蔻,not_found,,no exact cmedical result in search page
HERB006825,云南榧树,not_found,,no exact cmedical result in search page
HERB006823,云南重楼,no_fields,https://www.dayi.org.cn/cmedical/1115477.html,detail page parsed but no mapped fields found
HERB006827,云南甘草,not_found,,no exact cmedical result in search page
HERB006828,云南割舍树,not_found,,no exact cmedical result in search page
HERB006829,云南葛藤,not_found,,no exact cmedical result in search page
HERB006826,云南风车子,no_fields,https://www.dayi.org.cn/cmedical/305640.html,detail page parsed but no mapped fields found
HERB006832,云南红景天,not_found,,no exact cmedical result in search page
HERB006831,云南红豆杉,not_found,,no exact cmedical result in search page
HERB006830,云南含笑,not_found,,no exact cmedical result in search page
HERB006833,云南黄连,not_found,,no exact cmedical result in search page
HERB006837,云南羌活,not_found,,no exact cmedical result in search page
HERB006834,云南萝芙木,not_found,,no exact cmedical result in search page
HERB006835,云南美登木,no_fields,https://www.dayi.org.cn/cmedical/305646.html,detail page parsed but no mapped fields found
HERB006836,云南拟单性木兰,not_found,,no exact cmedical result in search page
HERB006840,云南山楂,not_found,,no exact cmedical result in search page
HERB006843,云南石仙桃,not_found,,no exact cmedical result in search page
HERB006839,云南沙棘,not_found,,no exact cmedical result in search page
HERB006841,云南山竹子,not_found,,no exact cmedical result in search page
HERB006838,云南蕊木,no_fields,https://www.dayi.org.cn/cmedical/1117767.html,detail page parsed but no mapped fields found
HERB006846,云南穗花杉,not_found,,no exact cmedical result in search page
HERB006845,云南鼠尾草,not_found,,no exact cmedical result in search page
HERB006844,云南石梓,not_found,,no exact cmedical result in search page
HERB006848,云南菟丝子,not_found,,no exact cmedical result in search page
HERB006849,云南野扇花,not_found,,no exact cmedical result in search page
HERB006847,云南铁杉,not_found,,no exact cmedical result in search page
HERB006851,云南樟,not_found,,no exact cmedical result in search page
HERB006853,云神,not_found,,no exact cmedical result in search page
HERB006850,云南皂荚,not_found,,no exact cmedical result in search page
HERB006857,云雾罗汉松,not_found,,no exact cmedical result in search page
HERB006859,芸香叶好?,not_found,,no exact cmedical result in search page
HERB006856,芸苔子,no_fields,https://www.dayi.org.cn/cmedical/1115479.html,detail page parsed but no mapped fields found
HERB006862,杂交车轴草,not_found,,no exact cmedical result in search page
HERB006864,杂交银胶菊,not_found,,no exact cmedical result in search page
HERB006863,杂交介质红豆杉,not_found,,no exact cmedical result in search page
HERB006868,栽培黑种草,not_found,,no exact cmedical result in search page
HERB006866,杂兴唐松草,not_found,,no exact cmedical result in search page
HERB006860,云芝,no_fields,https://www.dayi.org.cn/cmedical/305671.html,detail page parsed but no mapped fields found
HERB006872,赞比西巴豆,not_found,,no exact cmedical result in search page
HERB006867,栽培柑橘,not_found,,no exact cmedical result in search page
HERB006875,臧红花,not_found,,no exact cmedical result in search page
HERB006869,栽培向日葵叶,not_found,,no exact cmedical result in search page
HERB006874,藏边打黄,not_found,,no exact cmedical result in search page
HERB006877,藏麻黄,not_found,,no exact cmedical result in search page
HERB006876,藏红花色水芹,not_found,,no exact cmedical result in search page
HERB006880,藏药裸茎金腰,not_found,,no exact cmedical result in search page
HERB006878,藏茄,no_fields,https://www.dayi.org.cn/cmedical/1113872.html,detail page parsed but no mapped fields found
HERB006883,皂刺,not_found,,no exact cmedical result in search page
HERB006881,灶心土,no_fields,https://www.dayi.org.cn/cmedical/1156006.html,detail page parsed but no mapped fields found
HERB006884,皂矾,no_fields,https://www.dayi.org.cn/cmedical/1155690.html,detail page parsed but no mapped fields found
HERB006887,皂荚刺,not_found,,no exact cmedical result in search page
HERB006888,皂荚根皮,no_fields,https://www.dayi.org.cn/cmedical/1115485.html,detail page parsed but no mapped fields found
HERB006892,枣皮,not_found,,no exact cmedical result in search page
HERB006893,枣皮树,not_found,,no exact cmedical result in search page
HERB006898,灶心土,no_fields,https://www.dayi.org.cn/cmedical/1156006.html,detail page parsed but no mapped fields found
HERB006894,枣仁,not_found,,no exact cmedical result in search page
HERB006901,泽兰,ok_no_empty_fields,https://www.dayi.org.cn/cmedical/305693.html,matched page but target columns already had values
HERB006897,皂味口蘑,not_found,,no exact cmedical result in search page
HERB006902,泽兰根,not_found,,no exact cmedical result in search page
HERB006895,枣树根,no_fields,https://www.dayi.org.cn/cmedical/305684.html,detail page parsed but no mapped fields found
HERB006903,泽兰羊耳菊,not_found,,no exact cmedical result in search page
HERB006904,泽兰叶,not_found,,no exact cmedical result in search page
HERB006906,泽乌头,not_found,,no exact cmedical result in search page
HERB006911,窄头橐吾,not_found,,no exact cmedical result in search page
HERB006912,窄叶半枫荷,not_found,,no exact cmedical result in search page
HERB006914,窄叶野豌豆,not_found,,no exact cmedical result in search page
HERB006915,窄竹叶柴胡,not_found,,no exact cmedical result in search page
HERB006909,中国石蒜,not_found,,no exact cmedical result in search page
HERB006913,窄叶南洋杉,not_found,,no exact cmedical result in search page
HERB006908,泽泻,ok_no_empty_fields,https://www.dayi.org.cn/cmedical/305697.html,matched page but target columns already had values
HERB006916,展萼金丝桃,not_found,,no exact cmedical result in search page
HERB006923,毡毛栒子,not_found,,no exact cmedical result in search page
HERB006919,展毛翠雀花,not_found,,no exact cmedical result in search page
HERB006922,毡毛石韦,not_found,,no exact cmedical result in search page
HERB006920,粘毛黄芩,not_found,,no exact cmedical result in search page
HERB006917,展花乌头,no_fields,https://www.dayi.org.cn/cmedical/305729.html,detail page parsed but no mapped fields found
HERB006926,胀果甘草,not_found,,no exact cmedical result in search page
HERB006932,樟脑罗勒,not_found,,no exact cmedical result in search page
HERB006937,掌叶半夏,not_found,,no exact cmedical result in search page
HERB006933,樟树皮,no_fields,https://www.dayi.org.cn/cmedical/305744.html,detail page parsed but no mapped fields found
HERB006938,掌叶大黄,not_found,,no exact cmedical result in search page
HERB006945,爪哇橄榄,not_found,,no exact cmedical result in search page
HERB006939,樟叶胡椒,not_found,,no exact cmedical result in search page
HERB006948,沼泽千户,not_found,,no exact cmedical result in search page
HERB006942,照山白,no_fields,https://www.dayi.org.cn/cmedical/1115496.html,detail page parsed but no mapped fields found
HERB006954,浙江獐牙菜,not_found,,no exact cmedical result in search page
HERB006950,浙贝母,ok_no_empty_fields,https://www.dayi.org.cn/cmedical/305802.html,matched page but target columns already had values
HERB006935,樟树子,no_fields,https://www.dayi.org.cn/cmedical/1115489.html,detail page parsed but no mapped fields found
HERB006955,赭石,no_fields,https://www.dayi.org.cn/cmedical/1155779.html,detail page parsed but no mapped fields found
HERB006957,蔗糖,not_found,,no exact cmedical result in search page
HERB006956,柘树,not_found,,no exact cmedical result in search page
HERB006961,针葵,not_found,,no exact cmedical result in search page
HERB006969,珍珠杆,not_found,,no exact cmedical result in search page
HERB006967,珍珠,no_fields,https://www.dayi.org.cn/cmedical/1118160.html,detail page parsed but no mapped fields found
HERB006968,珍珠菜,no_fields,https://www.dayi.org.cn/cmedical/305819.html,detail page parsed but no mapped fields found
HERB006976,制百部,not_found,,no exact cmedical result in search page
HERB006973,珍珠绣线菊,not_found,,no exact cmedical result in search page
HERB006977,炙百合,not_found,,no exact cmedical result in search page
HERB006984,炙穿山甲,not_found,,no exact cmedical result in search page
HERB006982,炙草,not_found,,no exact cmedical result in search page
HERB006979,炙鳖甲,no_fields,https://www.dayi.org.cn/cmedical/1155976.html,detail page parsed but no mapped fields found
HERB006981,制苍术,not_found,,no exact cmedical result in search page
HERB006987,制地龙,not_found,,no exact cmedical result in search page
HERB006991,植根当归,not_found,,no exact cmedical result in search page
HERB006986,制大黄,not_found,,no exact cmedical result in search page
HERB006990,炙甘草,no_fields,https://www.dayi.org.cn/cmedical/1155721.html,detail page parsed but no mapped fields found
HERB006993,制龟板,not_found,,no exact cmedical result in search page
HERB006995,炙红芪,not_found,,no exact cmedical result in search page
HERB006992,枳根皮,no_fields,https://www.dayi.org.cn/cmedical/305857.html,detail page parsed but no mapped fields found
HERB006994,制桂枝,not_found,,no exact cmedical result in search page
HERB006996,炙厚朴,not_found,,no exact cmedical result in search page
HERB006997,制黄精,not_found,,no exact cmedical result in search page
HERB007000,制僵蚕,not_found,,no exact cmedical result in search page
HERB006998,炙黄芪,no_fields,https://www.dayi.org.cn/cmedical/1155789.html,detail page parsed but no mapped fields found
HERB006999,指甲花叶,no_fields,https://www.dayi.org.cn/cmedical/305854.html,detail page parsed but no mapped fields found
HERB007003,制军炭,not_found,,no exact cmedical result in search page
HERB007004,枳壳,ok_no_empty_fields,https://www.dayi.org.cn/cmedical/305863.html,matched page but target columns already had values
HERB007005,直立百部,no_fields,https://www.dayi.org.cn/cmedical/1115504.html,detail page parsed but no mapped fields found
HERB007002,枳椇子,no_fields,https://www.dayi.org.cn/cmedical/305864.html,detail page parsed but no mapped fields found
HERB007006,直立长春花,not_found,,no exact cmedical result in search page
HERB007010,直立罗汉松,not_found,,no exact cmedical result in search page
HERB007011,智利马兜铃,not_found,,no exact cmedical result in search page
HERB007012,智利马兜铃,not_found,,no exact cmedical result in search page
HERB007009,直立角茴香,not_found,,no exact cmedical result in search page
HERB007013,治理千金藤,not_found,,no exact cmedical result in search page
HERB007014,智力也厚壳桂,not_found,,no exact cmedical result in search page
HERB007016,芝麻,not_found,,no exact cmedical result in search page
HERB007021,芝麻油,not_found,,no exact cmedical result in search page
HERB007018,炙麻黄,no_fields,https://www.dayi.org.cn/cmedical/1155809.html,detail page parsed but no mapped fields found
HERB007022,制没药,not_found,,no exact cmedical result in search page
HERB007026,枳壳,ok_no_empty_fields,https://www.dayi.org.cn/cmedical/305863.html,matched page but target columns already had values
HERB007025,炙枇杷叶,not_found,,no exact cmedical result in search page
HERB007019,芝麻壳,no_fields,https://www.dayi.org.cn/cmedical/305830.html,detail page parsed but no mapped fields found
HERB007028,制乳没,not_found,,no exact cmedical result in search page
HERB007031,纸莎草,not_found,,no exact cmedical result in search page
HERB007029,制乳香,not_found,,no exact cmedical result in search page
HERB007033,炙升麻,not_found,,no exact cmedical result in search page
HERB007030,炙桑柏皮,not_found,,no exact cmedical result in search page
HERB007035,枳实与枳壳,not_found,,no exact cmedical result in search page
HERB007036,制首乌,not_found,,no exact cmedical result in search page
HERB007037,制香附,not_found,,no exact cmedical result in search page
HERB007039,制玄胡,not_found,,no exact cmedical result in search page
HERB007034,枳实,ok_no_empty_fields,https://www.dayi.org.cn/cmedical/305866.html,matched page but target columns already had values
HERB007038,止泻木皮,no_fields,https://www.dayi.org.cn/cmedical/305851.html,detail page parsed but no mapped fields found
HERB007041,置疑小檗,not_found,,no exact cmedical result in search page
HERB007043,蜘蛛抱蛋,no_fields,https://www.dayi.org.cn/cmedical/305839.html,detail page parsed but no mapped fields found
HERB007049,炙紫菀,not_found,,no exact cmedical result in search page
HERB007046,栀子,ok_no_empty_fields,https://www.dayi.org.cn/cmedical/305834.html,matched page but target columns already had values
HERB007048,栀子花根,no_fields,https://www.dayi.org.cn/cmedical/1115505.html,detail page parsed but no mapped fields found
HERB007053,肿柄菊,not_found,,no exact cmedical result in search page
HERB007054,钟萼白头翁,not_found,,no exact cmedical result in search page
HERB007058,中国苍耳,not_found,,no exact cmedical result in search page
HERB007055,中非钩枝藤,not_found,,no exact cmedical result in search page
HERB007059,中国粗榧职业,not_found,,no exact cmedical result in search page
HERB007062,中国沙棘,not_found,,no exact cmedical result in search page
HERB007060,中国粗榧子,not_found,,no exact cmedical result in search page
HERB007061,中国红参,not_found,,no exact cmedical result in search page
HERB007065,中国旋复花,not_found,,no exact cmedical result in search page
HERB007064,中国绣球,not_found,,no exact cmedical result in search page
HERB007067,中华鸡矢藤?,not_found,,no exact cmedical result in search page
HERB007070,中华青牛胆,not_found,,no exact cmedical result in search page
HERB007068,中华九里香,not_found,,no exact cmedical result in search page
HERB007075,中间锦鸡儿,not_found,,no exact cmedical result in search page
HERB007076,中间茅膏菜,not_found,,no exact cmedical result in search page
HERB007071,中华小尖柳珊瑚,not_found,,no exact cmedical result in search page
HERB007077,中间五味子,not_found,,no exact cmedical result in search page
HERB007080,中麻黄,not_found,,no exact cmedical result in search page
HERB007082,中亚苦蒿,not_found,,no exact cmedical result in search page
HERB007078,中间香茶菜,not_found,,no exact cmedical result in search page
HERB007081,钟乳石,no_fields,https://www.dayi.org.cn/cmedical/1155687.html,detail page parsed but no mapped fields found
HERB007083,中亚秦艽,not_found,,no exact cmedical result in search page
HERB007087,舟山新木姜子,not_found,,no exact cmedical result in search page
HERB007084,中亚沙棘,not_found,,no exact cmedical result in search page
HERB007086,皱木耳,not_found,,no exact cmedical result in search page
HERB007089,皱叶鹿蹄草,not_found,,no exact cmedical result in search page
HERB007088,皱蒴藓,not_found,,no exact cmedical result in search page
HERB007090,皱叶木兰,not_found,,no exact cmedical result in search page
HERB007093,皱叶泽兰,not_found,,no exact cmedical result in search page
HERB007091,皱叶欧芹,not_found,,no exact cmedical result in search page
HERB007092,皱叶香茶菜,not_found,,no exact cmedical result in search page
HERB007094,帚枝鼠李,not_found,,no exact cmedical result in search page
HERB007097,猪大肠,not_found,,no exact cmedical result in search page
HERB007100,朱茯神,not_found,,no exact cmedical result in search page
HERB007103,朱红龙血树,not_found,,no exact cmedical result in search page
HERB007106,猪脊髓,not_found,,no exact cmedical result in search page
HERB007108,竹节参,no_fields,https://www.dayi.org.cn/cmedical/305939.html,detail page parsed but no mapped fields found
HERB007112,猪苓,ok_no_empty_fields,https://www.dayi.org.cn/cmedical/1116326.html,matched page but target columns already had values
HERB007118,朱砂杜鹃,not_found,,no exact cmedical result in search page
HERB007121,猪肾,not_found,,no exact cmedical result in search page
HERB007116,竹茹,ok_no_empty_fields,https://www.dayi.org.cn/cmedical/305955.html,matched page but target columns already had values
HERB007123,蛛丝红纹马先蒿,not_found,,no exact cmedical result in search page
HERB007124,柱穗山姜,not_found,,no exact cmedical result in search page
HERB007125,烛台鼠尾草,not_found,,no exact cmedical result in search page
HERB007128,猪靥,not_found,,no exact cmedical result in search page
HERB007133,竹叶兰,not_found,,no exact cmedical result in search page
HERB007132,竹叶菊,not_found,,no exact cmedical result in search page
HERB007129,竹叶柴胡,no_fields,https://www.dayi.org.cn/cmedical/1156134.html,detail page parsed but no mapped fields found
HERB007135,珠子草,not_found,,no exact cmedical result in search page
HERB007137,煮紫薯,not_found,,no exact cmedical result in search page
HERB007136,珠子参,no_fields,https://www.dayi.org.cn/cmedical/1116337.html,detail page parsed but no mapped fields found
HERB007142,壮观鸡骨常山,not_found,,no exact cmedical result in search page
HERB007140,砖红韧伞,not_found,,no exact cmedical result in search page
HERB007139,抓鬼瓜叶乌头,not_found,,no exact cmedical result in search page
HERB007143,追凤箭,not_found,,no exact cmedical result in search page
HERB007144,准格尔蓝盆花,not_found,,no exact cmedical result in search page
HERB007146,准格尔乌头,not_found,,no exact cmedical result in search page
HERB007154,紫背金盘,not_found,,no exact cmedical result in search page
HERB007155,紫背鹿蹄草,not_found,,no exact cmedical result in search page
HERB007151,梓白皮,no_fields,https://www.dayi.org.cn/cmedical/305996.html,detail page parsed but no mapped fields found
HERB007152,紫贝齿,no_fields,https://www.dayi.org.cn/cmedical/1155642.html,detail page parsed but no mapped fields found
HERB007157,紫背天葵,not_found,,no exact cmedical result in search page
HERB007153,紫背黄芩,no_fields,https://www.dayi.org.cn/cmedical/306006.html,detail page parsed but no mapped fields found
HERB007156,紫背苔,not_found,,no exact cmedical result in search page
HERB007159,紫菜,no_fields,https://www.dayi.org.cn/cmedical/1115526.html,detail page parsed but no mapped fields found
HERB007163,紫丹藤,not_found,,no exact cmedical result in search page
HERB007160,紫草,ok_no_empty_fields,https://www.dayi.org.cn/cmedical/1008544.html,matched page but target columns already had values
HERB007164,紫地黄,not_found,,no exact cmedical result in search page
HERB007162,紫丹参,no_fields,https://www.dayi.org.cn/cmedical/1156199.html,detail page parsed but no mapped fields found
HERB007166,紫丁香蘑,not_found,,no exact cmedical result in search page
HERB007168,紫番荔枝,not_found,,no exact cmedical result in search page
HERB007170,紫果卫矛,not_found,,no exact cmedical result in search page
HERB007167,紫萼香茶菜,not_found,,no exact cmedical result in search page
HERB007169,紫蜂斗菜,not_found,,no exact cmedical result in search page
HERB007173,紫胡,not_found,,no exact cmedical result in search page
HERB007171,紫河车,no_fields,https://www.dayi.org.cn/cmedical/1155695.html,detail page parsed but no mapped fields found
HERB007174,紫花地丁,ok_no_empty_fields,https://www.dayi.org.cn/cmedical/1008636.html,matched page but target columns already had values
HERB007177,紫花高乌头,not_found,,no exact cmedical result in search page
HERB007175,紫花杜鹃,no_fields,https://www.dayi.org.cn/cmedical/1155910.html,detail page parsed but no mapped fields found
HERB007176,紫花鄂北贝母,not_found,,no exact cmedical result in search page
HERB007181,紫花松果菊,not_found,,no exact cmedical result in search page
HERB007180,紫花前胡,no_fields,https://www.dayi.org.cn/cmedical/1155909.html,detail page parsed but no mapped fields found
HERB007182,紫花鱼灯草,no_fields,https://www.dayi.org.cn/cmedical/306028.html,detail page parsed but no mapped fields found
HERB007186,紫槿皮,not_found,,no exact cmedical result in search page
HERB007188,紫茎泽兰花,not_found,,no exact cmedical result in search page
HERB007185,紫金牛根,no_fields,https://www.dayi.org.cn/cmedical/306032.html,detail page parsed but no mapped fields found
HERB007187,紫堇叶唐松草,not_found,,no exact cmedical result in search page
HERB007184,紫金牛,no_fields,https://www.dayi.org.cn/cmedical/1115532.html,detail page parsed but no mapped fields found
HERB007190,滋兰树慧,not_found,,no exact cmedical result in search page
HERB007192,紫毛香茶菜,not_found,,no exact cmedical result in search page
HERB007195,紫茉莉花碧冬茄,not_found,,no exact cmedical result in search page
HERB007193,姊妹树,no_fields,https://www.dayi.org.cn/cmedical/1115533.html,detail page parsed but no mapped fields found
HERB007199,自然青,not_found,,no exact cmedical result in search page
HERB007194,紫茉莉根,no_fields,https://www.dayi.org.cn/cmedical/306048.html,detail page parsed but no mapped fields found
HERB007202,紫色獐牙菜,not_found,,no exact cmedical result in search page
HERB007207,紫薯,not_found,,no exact cmedical result in search page
HERB007212,紫苏叶油,not_found,,no exact cmedical result in search page
HERB007209,紫苏苞,no_fields,https://www.dayi.org.cn/cmedical/306060.html,detail page parsed but no mapped fields found
HERB007214,紫穗槐,not_found,,no exact cmedical result in search page
HERB007216,紫檀香,not_found,,no exact cmedical result in search page
HERB007223,紫葳根,no_fields,https://www.dayi.org.cn/cmedical/306068.html,detail page parsed but no mapped fields found
HERB007221,紫菀,ok_no_empty_fields,https://www.dayi.org.cn/cmedical/1115540.html,matched page but target columns already had values
HERB007227,紫乌头,not_found,,no exact cmedical result in search page
HERB007225,紫葳茎叶,no_fields,https://www.dayi.org.cn/cmedical/306069.html,detail page parsed but no mapped fields found
HERB007230,自消容子,not_found,,no exact cmedical result in search page
HERB007232,紫羊蹄甲,not_found,,no exact cmedical result in search page
HERB007233,紫叶,not_found,,no exact cmedical result in search page
HERB007228,自消容,no_fields,https://www.dayi.org.cn/cmedical/306096.html,detail page parsed but no mapped fields found
HERB007234,紫玉兰花,not_found,,no exact cmedical result in search page
HERB007229,自消容根,no_fields,https://www.dayi.org.cn/cmedical/306097.html,detail page parsed but no mapped fields found
HERB007235,紫玉兰皮,not_found,,no exact cmedical result in search page
HERB007240,紫锥花,not_found,,no exact cmedical result in search page
HERB007242,纵卷石蕊,not_found,,no exact cmedical result in search page
HERB007250,总状花羊蹄甲,not_found,,no exact cmedical result in search page
HERB007247,总皂,not_found,,no exact cmedical result in search page
HERB007245,棕榈皮,no_fields,https://www.dayi.org.cn/cmedical/306101.html,detail page parsed but no mapped fields found
HERB007244,棕榈,no_fields,https://www.dayi.org.cn/cmedical/306098.html,detail page parsed but no mapped fields found
HERB007251,总装鸡血藤,not_found,,no exact cmedical result in search page
HERB007246,棕榈炭,no_fields,https://www.dayi.org.cn/cmedical/1156036.html,detail page parsed but no mapped fields found
HERB007253,总状升麻,not_found,,no exact cmedical result in search page
HERB007258,走稳唐松草,not_found,,no exact cmedical result in search page
HERB007261,最大万寿菊,not_found,,no exact cmedical result in search page
HERB007260,钻果蒜芥,not_found,,no exact cmedical result in search page
HERB007262,最高牡荆叶,not_found,,no exact cmedical result in search page
