Herb_ID,Herb_cn_name,chp_status,chp_detail_url,chp_filled_fields,chp_message,dayi_status,dayi_detail_url,dayi_filled_fields,dayi_message
HERB000019,阿拉伯金合欢,not_found,,,no search results,not_found,,,no exact cmedical result in search page
HERB000014,阿根廷鼠曲草,not_found,,,no search results,not_found,,,no exact cmedical result in search page
HERB000009,阿富汗杜鹃花,not_found,,,no exact pharmacopoeia herb result,not_found,,,no exact cmedical result in search page
HERB000011,阿福泽尔马钱子,not_found,,,no exact pharmacopoeia herb result,not_found,,,no exact cmedical result in search page
HERB000006,阿尔泰银莲花,not_found,,,no exact pharmacopoeia herb result,not_found,,,no exact cmedical result in search page
HERB000002,阿比西尼亚牛筋果,not_found,,,no exact pharmacopoeia herb result,not_found,,,no exact cmedical result in search page
HERB000005,阿尔及利亚鸢尾,not_found,,,no exact pharmacopoeia herb result,not_found,,,no exact cmedical result in search page
HERB000003,阿尔及利亚棉蓟,not_found,,,no exact pharmacopoeia herb result,not_found,,,no exact cmedical result in search page
HERB000010,阿富汗黑麦草,not_found,,,no search results,not_found,,,no exact cmedical result in search page
HERB000018,阿拉伯胶金合欢,not_found,,,no search results,not_found,,,no exact cmedical result in search page
HERB000016,阿江榄仁,not_found,,,no exact pharmacopoeia herb result,not_found,,,no exact cmedical result in search page
HERB000001,阿比西尼亚刺桐,not_found,,,no exact pharmacopoeia herb result,not_found,,,no exact cmedical result in search page
HERB000040,埃及千里光,not_found,,,no exact pharmacopoeia herb result,not_found,,,no exact cmedical result in search page
HERB000044,埃及种植鸢尾,not_found,,,no exact pharmacopoeia herb result,not_found,,,no exact cmedical result in search page
HERB000038,埃及大翅蓟,not_found,,,no exact pharmacopoeia herb result,not_found,,,no exact cmedical result in search page
HERB000039,埃及假虎刺,not_found,,,no exact pharmacopoeia herb result,not_found,,,no exact cmedical result in search page
HERB000026,阿诺特花椒,not_found,,,no exact pharmacopoeia herb result,not_found,,,no exact cmedical result in search page
HERB000041,埃及鼠尾草,not_found,,,no search results,not_found,,,no exact cmedical result in search page
HERB000022,阿里山五味子,not_found,,,no exact pharmacopoeia herb result,not_found,,,no exact cmedical result in search page
HERB000008,阿富汗丁香,not_found,,,no exact pharmacopoeia herb result,not_found,,,no exact cmedical result in search page
HERB000032,阿育魏实,not_found,,,no exact pharmacopoeia herb result,ok,https://www.dayi.org.cn/cmedical/300010.html,Herb_latin_name|UsePart|Function|Indication|Properties,
HERB000029,阿魏,skipped_no_chp_blank_fields,,,,ok,https://www.dayi.org.cn/cmedical/300008.html,,matched page but remaining dayi target columns already had values
HERB000048,埃利斯多孔菌,not_found,,,no exact pharmacopoeia herb result,not_found,,,no exact cmedical result in search page
HERB000046,艾菊,not_found,,,no exact pharmacopoeia herb result,not_found,,,no exact cmedical result in search page
HERB000025,阿曼苏丹没药,not_found,,,no exact pharmacopoeia herb result,not_found,,,no exact cmedical result in search page
HERB000033,阿月浑子,not_found,,,no search results,ok,https://www.dayi.org.cn/cmedical/300011.html,Toxicity|Properties|Meridians,
HERB000037,埃及车轴草,not_found,,,no exact pharmacopoeia herb result,not_found,,,no exact cmedical result in search page
HERB000052,埃塞俄比亚羽扇豆,not_found,,,no exact pharmacopoeia herb result,not_found,,,no exact cmedical result in search page
HERB000004,阿尔及利亚补血草,not_found,,,no exact pharmacopoeia herb result,not_found,,,no exact cmedical result in search page
HERB000065,矮向日葵,not_found,,,no exact pharmacopoeia herb result,not_found,,,no exact cmedical result in search page
HERB000062,矮桐子,not_found,,,no exact pharmacopoeia herb result,not_found,,,no exact cmedical result in search page
HERB000007,阿尔泰紫菀,not_found,,,no exact pharmacopoeia herb result,ok,https://www.dayi.org.cn/cmedical/300004.html,Properties,
HERB000036,矮地茶,ok,https://ydz.chp.org.cn/#/item?bookId=1&entryId=573,UsePart,,ok,https://www.dayi.org.cn/cmedical/1113483.html,,matched page but remaining dayi target columns already had values
HERB000021,阿里红,not_found,,,no exact pharmacopoeia herb result,ok,https://www.dayi.org.cn/cmedical/300005.html,Properties,
HERB000035,矮大黄,not_found,,,no exact pharmacopoeia herb result,not_found,,,no exact cmedical result in search page
HERB000072,安哥拉八角枫,not_found,,,no exact pharmacopoeia herb result,not_found,,,no exact cmedical result in search page
HERB000071,安哥拉八角枫,not_found,,,no exact pharmacopoeia herb result,not_found,,,no exact cmedical result in search page
HERB000020,阿拉伯婆婆纳,not_found,,,no exact pharmacopoeia herb result,no_fields,https://www.dayi.org.cn/cmedical/1156031.html,,detail page parsed but no mapped fields found
HERB000063,爱娃筋骨草,not_found,,,no exact pharmacopoeia herb result,not_found,,,no exact cmedical result in search page
HERB000066,艾叶,skipped_no_chp_blank_fields,,,,ok,https://www.dayi.org.cn/cmedical/300037.html,Toxicity,
HERB000049,艾麻黄,not_found,,,no exact pharmacopoeia herb result,not_found,,,no exact cmedical result in search page
HERB000068,矮紫金牛,not_found,,,no exact pharmacopoeia herb result,not_found,,,no exact cmedical result in search page
HERB000082,安徽松木,not_found,,,no search results,not_found,,,no exact cmedical result in search page
HERB000078,暗红委陵菜,not_found,,,no exact pharmacopoeia herb result,not_found,,,no exact cmedical result in search page
HERB000074,安哥拉紫檀,not_found,,,no search results,not_found,,,no exact cmedical result in search page
HERB000073,安哥拉黄瓜,not_found,,,no search results,not_found,,,no exact cmedical result in search page
HERB000083,安徽银莲花,not_found,,,no exact pharmacopoeia herb result,not_found,,,no exact cmedical result in search page
HERB000095,暗棕炭团菌,not_found,,,no exact pharmacopoeia herb result,not_found,,,no exact cmedical result in search page
HERB000080,安徽贝母,not_found,,,no exact pharmacopoeia herb result,not_found,,,no exact cmedical result in search page
HERB000067,艾叶黄芩,not_found,,,no exact pharmacopoeia herb result,not_found,,,no exact cmedical result in search page
HERB000101,奥地利鳞毛蕨,not_found,,,no exact pharmacopoeia herb result,not_found,,,no exact cmedical result in search page
HERB000096,澳大利亚红豆杉,not_found,,,no exact pharmacopoeia herb result,not_found,,,no exact cmedical result in search page
HERB000085,龙舌兰,not_found,,,no search results,no_fields,https://www.dayi.org.cn/cmedical/301901.html,,detail page parsed but no mapped fields found
HERB000098,澳大利亚桑,not_found,,,no exact pharmacopoeia herb result,not_found,,,no exact cmedical result in search page
HERB000115,奥托肉豆蔻,not_found,,,no exact pharmacopoeia herb result,not_found,,,no exact cmedical result in search page
HERB000092,按油,not_found,,,no exact pharmacopoeia herb result,not_found,,,no exact cmedical result in search page
HERB000086,安罗,not_found,,,no exact pharmacopoeia herb result,not_found,,,no exact cmedical result in search page
HERB000050,艾纳香,not_found,,,no exact pharmacopoeia herb result,ok,https://www.dayi.org.cn/cmedical/300034.html,Properties,
HERB000057,艾实,not_found,,,no exact pharmacopoeia herb result,ok,https://www.dayi.org.cn/cmedical/300036.html,UsePart|Function|Indication|Properties|Meridians,
HERB000084,氨基比林,not_found,,,no exact pharmacopoeia herb result,not_found,,,no exact cmedical result in search page
HERB000097,澳大利亚千金藤,not_found,,,no exact pharmacopoeia herb result,not_found,,,no exact cmedical result in search page
HERB000122,澳洲茄,not_found,,,no exact pharmacopoeia herb result,not_found,,,no exact cmedical result in search page
HERB000090,安息香,skipped_no_chp_blank_fields,,,,no_fields,https://www.dayi.org.cn/cmedical/1113500.html,,detail page parsed but no mapped fields found
HERB000120,澳洲百脉根,not_found,,,no exact pharmacopoeia herb result,not_found,,,no exact cmedical result in search page
HERB000109,凹舌兰,not_found,,,no exact pharmacopoeia herb result,not_found,,,no exact cmedical result in search page
HERB000088,安乃近,not_found,,,no search results,not_found,,,no exact cmedical result in search page
HERB000123,澳洲商陆,not_found,,,no exact pharmacopoeia herb result,not_found,,,no exact cmedical result in search page
HERB000107,凹脉丁公藤,not_found,,,no exact pharmacopoeia herb result,not_found,,,no exact cmedical result in search page
HERB000121,澳洲坚果,not_found,,,no exact pharmacopoeia herb result,not_found,,,no exact cmedical result in search page
HERB000124,澳洲屎豆,not_found,,,no exact pharmacopoeia herb result,not_found,,,no exact cmedical result in search page
HERB000091,按叶,not_found,,,no exact pharmacopoeia herb result,not_found,,,no exact cmedical result in search page
HERB000093,暗紫贝母,not_found,,,no exact pharmacopoeia herb result,ok,https://www.dayi.org.cn/cmedical/300053.html,Properties|Meridians,
HERB000136,八角黄皮,not_found,,,no exact pharmacopoeia herb result,not_found,,,no exact cmedical result in search page
HERB000133,巴戟,skipped_no_chp_blank_fields,,,,not_found,,,no exact cmedical result in search page
HERB000119,凹叶野百合,not_found,,,no exact pharmacopoeia herb result,not_found,,,no exact cmedical result in search page
HERB000138,八角茴香油,not_found,,,no exact pharmacopoeia herb result,not_found,,,no exact cmedical result in search page
HERB000141,巴拿马合欢,not_found,,,no exact pharmacopoeia herb result,not_found,,,no exact cmedical result in search page
HERB000131,巴伐利亚龙胆,not_found,,,no exact pharmacopoeia herb result,not_found,,,no exact cmedical result in search page
HERB000117,凹叶厚朴,not_found,,,no exact pharmacopoeia herb result,not_found,,,no exact cmedical result in search page
HERB000114,凹头苋,not_found,,,no exact pharmacopoeia herb result,no_fields,https://www.dayi.org.cn/cmedical/300057.html,,detail page parsed but no mapped fields found
HERB000148,巴西马兜铃,not_found,,,no exact pharmacopoeia herb result,not_found,,,no exact cmedical result in search page
HERB000147,巴西萝芙木,not_found,,,no search results,not_found,,,no exact cmedical result in search page
HERB000135,八角枫,not_found,,,no exact pharmacopoeia herb result,ok,https://www.dayi.org.cn/cmedical/300062.html,Toxicity|Properties,
HERB000132,白鲜皮,ok,https://ydz.chp.org.cn/#/item?bookId=1&entryId=164,Properties|Meridians,,ok,https://www.dayi.org.cn/cmedical/300133.html,,matched page but remaining dayi target columns already had values
HERB000118,凹叶瑞香,not_found,,,no exact pharmacopoeia herb result,not_found,,,no exact cmedical result in search page
HERB000153,巴西页岩,not_found,,,no search results,not_found,,,no exact cmedical result in search page
HERB000150,巴西千里光,not_found,,,no exact pharmacopoeia herb result,not_found,,,no exact cmedical result in search page
HERB000149,巴西千里光,not_found,,,no exact pharmacopoeia herb result,not_found,,,no exact cmedical result in search page
HERB000140,巴拉圭茶,not_found,,,no exact pharmacopoeia herb result,not_found,,,no exact cmedical result in search page
HERB000137,八角茴香,ok,https://ydz.chp.org.cn/#/item?bookId=1&entryId=4,UsePart,,ok,https://www.dayi.org.cn/cmedical/300066.html,,matched page but remaining dayi target columns already had values
HERB000128,巴旦杏仁,not_found,,,no exact pharmacopoeia herb result,no_fields,https://www.dayi.org.cn/cmedical/300077.html,,detail page parsed but no mapped fields found
HERB000134,巴戟天,ok,https://ydz.chp.org.cn/#/item?bookId=1&entryId=118,Herb_latin_name|Properties|Meridians|Function,,ok,https://www.dayi.org.cn/cmedical/1144878.html,,matched page but remaining dayi target columns already had values
HERB000144,霸王鞭,not_found,,,no search results,ok,https://www.dayi.org.cn/cmedical/1124361.html,Toxicity|Properties,
HERB000152,巴西香无患子,not_found,,,no exact pharmacopoeia herb result,not_found,,,no exact cmedical result in search page
HERB000158,八月扎,not_found,,,no exact pharmacopoeia herb result,not_found,,,no exact cmedical result in search page
HERB000139,八角莲,not_found,,,no exact pharmacopoeia herb result,no_fields,https://www.dayi.org.cn/cmedical/300068.html,,detail page parsed but no mapped fields found
HERB000142,巴拿马山石榴,not_found,,,no exact pharmacopoeia herb result,not_found,,,no exact cmedical result in search page
HERB000143,菝葜,ok,https://ydz.chp.org.cn/#/item?bookId=1&entryId=487,Herb_latin_name|UsePart|Properties|Meridians|Function,,ok,https://www.dayi.org.cn/cmedical/300090.html,Toxicity,
HERB000155,巴夏嘎,not_found,,,no exact pharmacopoeia herb result,not_found,,,no exact cmedical result in search page
HERB000157,八仙花,not_found,,,no search results,ok,https://www.dayi.org.cn/cmedical/1113741.html,Toxicity|Properties|Meridians,
HERB000162,百部,skipped_no_chp_blank_fields,,,,ok,https://www.dayi.org.cn/cmedical/1155631.html,,matched page but remaining dayi target columns already had values
HERB000163,白草霜,not_found,,,no exact pharmacopoeia herb result,not_found,,,no exact cmedical result in search page
HERB000169,白刺花根,not_found,,,no exact pharmacopoeia herb result,not_found,,,no exact cmedical result in search page
HERB000181,白茯苓,skipped_no_chp_blank_fields,,,,not_found,,,no exact cmedical result in search page
HERB000171,白刺花子,not_found,,,no exact pharmacopoeia herb result,not_found,,,no exact cmedical result in search page
HERB000182,白附子,ok,https://ydz.chp.org.cn/#/item?bookId=1&entryId=156,UsePart,,skipped_no_remaining_blank_fields,,,
HERB000160,白背叶,not_found,,,no exact pharmacopoeia herb result,ok,https://www.dayi.org.cn/cmedical/300092.html,Herb_latin_name|UsePart|Function|Indication|Properties|Meridians,
HERB000159,白八角莲,not_found,,,no exact pharmacopoeia herb result,ok,https://www.dayi.org.cn/cmedical/300091.html,Properties,
HERB000156,八仙草,not_found,,,no exact pharmacopoeia herb result,ok,https://www.dayi.org.cn/cmedical/1113743.html,Properties,
HERB000179,白饭树,not_found,,,no exact pharmacopoeia herb result,ok,https://www.dayi.org.cn/cmedical/300109.html,UsePart|Function|Indication|Properties,
HERB000164,白鲳,not_found,,,no exact pharmacopoeia herb result,not_found,,,no exact cmedical result in search page
HERB000166,白刺,not_found,,,no exact pharmacopoeia herb result,ok,https://www.dayi.org.cn/cmedical/306220.html,Properties,
HERB000174,白豆蔻,skipped_no_chp_blank_fields,,,,ok,https://www.dayi.org.cn/cmedical/1113501.html,,matched page but remaining dayi target columns already had values
HERB000161,白扁豆,ok,https://ydz.chp.org.cn/#/item?bookId=1&entryId=162,,matched page but chp target columns already had values,ok,https://www.dayi.org.cn/cmedical/1155616.html,UsePart,
HERB000177,白矾,ok,https://ydz.chp.org.cn/#/item?bookId=1&entryId=158,Properties|Meridians,,ok,https://www.dayi.org.cn/cmedical/300107.html,UsePart,
HERB000180,白饭树根,not_found,,,no exact pharmacopoeia herb result,no_fields,https://www.dayi.org.cn/cmedical/300110.html,,detail page parsed but no mapped fields found
HERB000172,白葱,not_found,,,no exact pharmacopoeia herb result,not_found,,,no exact cmedical result in search page
HERB000170,白刺花叶,not_found,,,no exact pharmacopoeia herb result,no_fields,https://www.dayi.org.cn/cmedical/1113495.html,,detail page parsed but no mapped fields found
HERB000168,白刺花,not_found,,,no exact pharmacopoeia herb result,ok,https://www.dayi.org.cn/cmedical/300098.html,Properties|Meridians,
HERB000189,白果叶,skipped_no_chp_blank_fields,,,,ok,https://www.dayi.org.cn/cmedical/1113507.html,Toxicity,
HERB000176,白鹅膏,not_found,,,no exact pharmacopoeia herb result,no_fields,https://www.dayi.org.cn/cmedical/1118075.html,,detail page parsed but no mapped fields found
HERB000193,百合花,not_found,,,no search results,ok,https://www.dayi.org.cn/cmedical/1113510.html,UsePart|Function|Indication|Properties|Meridians,
HERB000178,白饭豆,not_found,,,no exact pharmacopoeia herb result,no_fields,https://www.dayi.org.cn/cmedical/300108.html,,detail page parsed but no mapped fields found
HERB000194,白鹤灵芝,not_found,,,no exact pharmacopoeia herb result,error,,,RuntimeError: HTTPError: HTTP Error 468: 
HERB000191,白蒿,not_found,,,no exact pharmacopoeia herb result,error,,,RuntimeError: HTTPError: HTTP Error 468: 
HERB000185,白鬼笔,not_found,,,no exact pharmacopoeia herb result,error,,,RuntimeError: HTTPError: HTTP Error 468: 
HERB000192,百合,skipped_no_chp_blank_fields,,,,error,,,RuntimeError: HTTPError: HTTP Error 468: 
HERB000183,柏根白皮,not_found,,,no exact pharmacopoeia herb result,error,,,RuntimeError: HTTPError: HTTP Error 468: 
HERB000188,白果树皮,not_found,,,no exact pharmacopoeia herb result,error,,,RuntimeError: HTTPError: HTTP Error 468: 
HERB000203,白花爵床,not_found,,,no exact pharmacopoeia herb result,error,,,RuntimeError: HTTPError: HTTP Error 468: 
HERB000197,白花菜子,not_found,,,no exact pharmacopoeia herb result,error,,,RuntimeError: HTTPError: HTTP Error 468: 
HERB000187,白果根,not_found,,,no exact pharmacopoeia herb result,error,,,RuntimeError: HTTPError: HTTP Error 468: 
HERB000190,白果紫草,not_found,,,no exact pharmacopoeia herb result,error,,,RuntimeError: HTTPError: HTTP Error 468: 
HERB000196,白鹤乌头,not_found,,,no exact pharmacopoeia herb result,error,,,RuntimeError: HTTPError: HTTP Error 468: 
HERB000198,白花丹,not_found,,,no exact pharmacopoeia herb result,error,,,RuntimeError: HTTPError: HTTP Error 468: 
HERB000202,百花蒿,not_found,,,no exact pharmacopoeia herb result,error,,,RuntimeError: HTTPError: HTTP Error 468: 
HERB000200,百花蜂斗菜,not_found,,,no exact pharmacopoeia herb result,error,,,RuntimeError: HTTPError: HTTP Error 468: 
HERB000201,白花甘西鼠尾草,not_found,,,no exact pharmacopoeia herb result,error,,,RuntimeError: HTTPError: HTTP Error 468: 
HERB000204,白花龙胆,not_found,,,no exact pharmacopoeia herb result,error,,,RuntimeError: HTTPError: HTTP Error 468: 
HERB000184,白钩藤,not_found,,,no exact pharmacopoeia herb result,error,,,RuntimeError: HTTPError: HTTP Error 468: 
HERB000195,百合子,not_found,,,no exact pharmacopoeia herb result,error,,,RuntimeError: HTTPError: HTTP Error 468: 
HERB000199,白花丹参,not_found,,,no exact pharmacopoeia herb result,error,,,RuntimeError: HTTPError: HTTP Error 468: 
HERB000205,白花前胡,not_found,,,no exact pharmacopoeia herb result,error,,,RuntimeError: HTTPError: HTTP Error 468: 
HERB000206,白花蛇,not_found,,,no search results,error,,,RuntimeError: HTTPError: HTTP Error 468: 
HERB000208,白花蛇舌草,skipped_no_chp_blank_fields,,,,error,,,RuntimeError: HTTPError: HTTP Error 468: 
HERB000209,白花水飞蓟,not_found,,,no exact pharmacopoeia herb result,error,,,RuntimeError: HTTPError: HTTP Error 468: 
HERB000207,白花射干,not_found,,,no exact pharmacopoeia herb result,error,,,RuntimeError: HTTPError: HTTP Error 468: 
HERB000212,白花夏至草,not_found,,,no exact pharmacopoeia herb result,error,,,RuntimeError: HTTPError: HTTP Error 468: 
HERB000211,白花夏枯草,not_found,,,no exact pharmacopoeia herb result,error,,,RuntimeError: HTTPError: HTTP Error 468: 
HERB000213,白花映山红,not_found,,,no exact pharmacopoeia herb result,error,,,RuntimeError: HTTPError: HTTP Error 468: 
HERB000220,白僵蚕,skipped_no_chp_blank_fields,,,,error,,,RuntimeError: HTTPError: HTTP Error 468: 
HERB000216,白及,ok,https://ydz.chp.org.cn/#/item?bookId=1&entryId=151,Herb_latin_name|UsePart|Properties|Meridians|Function,,error,,,RuntimeError: HTTPError: HTTP Error 468: 
HERB000221,败酱草,not_found,,,no exact pharmacopoeia herb result,error,,,RuntimeError: HTTPError: HTTP Error 468: 
HERB000217,白蒺藜,skipped_no_chp_blank_fields,,,,error,,,RuntimeError: HTTPError: HTTP Error 468: 
HERB000210,白花藤,not_found,,,no exact pharmacopoeia herb result,error,,,RuntimeError: HTTPError: HTTP Error 468: 
HERB000219,败酱,not_found,,,no exact pharmacopoeia herb result,error,,,RuntimeError: HTTPError: HTTP Error 468: 
HERB000224,白桔梗,skipped_no_chp_blank_fields,,,,error,,,RuntimeError: HTTPError: HTTP Error 468: 
HERB000218,白坚木,not_found,,,no exact pharmacopoeia herb result,error,,,RuntimeError: HTTPError: HTTP Error 468: 
HERB000215,白花油麻藤,not_found,,,no exact pharmacopoeia herb result,error,,,RuntimeError: HTTPError: HTTP Error 468: 
HERB000225,白芥子,skipped_no_chp_blank_fields,,,,error,,,RuntimeError: HTTPError: HTTP Error 468: 
HERB000222,白胶香,not_found,,,no exact pharmacopoeia herb result,error,,,RuntimeError: HTTPError: HTTP Error 468: 
HERB000223,白芥,not_found,,,no exact pharmacopoeia herb result,error,,,RuntimeError: HTTPError: HTTP Error 468: 
HERB000214,白花罂粟,not_found,,,no exact pharmacopoeia herb result,error,,,RuntimeError: HTTPError: HTTP Error 468: 
HERB000228,白蜡树,not_found,,,no exact pharmacopoeia herb result,error,,,RuntimeError: HTTPError: HTTP Error 468: 
HERB000226,白槿花,not_found,,,no exact pharmacopoeia herb result,error,,,RuntimeError: HTTPError: HTTP Error 468: 
HERB000231,白兰花,not_found,,,no search results,error,,,RuntimeError: HTTPError: HTTP Error 468: 
HERB000233,百里香,not_found,,,no exact pharmacopoeia herb result,error,,,RuntimeError: HTTPError: HTTP Error 468: 
HERB000237,白蔹,skipped_no_chp_blank_fields,,,,error,,,RuntimeError: HTTPError: HTTP Error 468: 
HERB000232,白藜芦醇,not_found,,,no exact pharmacopoeia herb result,error,,,RuntimeError: HTTPError: HTTP Error 468: 
HERB000227,白菊花根,not_found,,,no exact pharmacopoeia herb result,error,,,RuntimeError: HTTPError: HTTP Error 468: 
HERB000244,白茅根,ok,https://ydz.chp.org.cn/#/item?bookId=1&entryId=157,Properties|Meridians,,error,,,RuntimeError: HTTPError: HTTP Error 468: 
HERB000245,白茅根,ok,https://ydz.chp.org.cn/#/item?bookId=1&entryId=157,UsePart|Properties|Meridians|Function|Indication,,error,,,RuntimeError: HTTPError: HTTP Error 468: 
HERB000247,白毛夏枯草,not_found,,,no search results,error,,,RuntimeError: HTTPError: HTTP Error 468: 
HERB000230,白兰根,not_found,,,no exact pharmacopoeia herb result,error,,,RuntimeError: HTTPError: HTTP Error 468: 
HERB000238,白蔹子,not_found,,,no exact pharmacopoeia herb result,error,,,RuntimeError: HTTPError: HTTP Error 468: 
HERB000241,白马骨,not_found,,,no exact pharmacopoeia herb result,error,,,RuntimeError: HTTPError: HTTP Error 468: 
HERB000243,白茅根,ok,https://ydz.chp.org.cn/#/item?bookId=1&entryId=157,Herb_latin_name|UsePart|Properties|Meridians|Function|Indication,,error,,,RuntimeError: HTTPError: HTTP Error 468: 
HERB000239,百两金,not_found,,,no exact pharmacopoeia herb result,error,,,RuntimeError: HTTPError: HTTP Error 468: 
HERB000234,百里香酚,not_found,,,no exact pharmacopoeia herb result,error,,,RuntimeError: HTTPError: HTTP Error 468: 
HERB000246,白毛藤,not_found,,,no exact pharmacopoeia herb result,error,,,RuntimeError: HTTPError: HTTP Error 468: 
HERB000242,白茅根,ok,https://ydz.chp.org.cn/#/item?bookId=1&entryId=157,UsePart,,error,,,RuntimeError: HTTPError: HTTP Error 468: 
HERB000240,白萝卜清膏,not_found,,,no exact pharmacopoeia herb result,error,,,RuntimeError: HTTPError: HTTP Error 468: 
HERB000249,白梅花,not_found,,,no exact pharmacopoeia herb result,error,,,RuntimeError: HTTPError: HTTP Error 468: 
HERB000250,白木通,not_found,,,no exact pharmacopoeia herb result,error,,,RuntimeError: HTTPError: HTTP Error 468: 
HERB000259,白屈菜,ok,https://ydz.chp.org.cn/#/item?bookId=1&entryId=160,Herb_latin_name|Properties|Meridians|Function,,error,,,RuntimeError: HTTPError: HTTP Error 468: 
HERB000255,白牛膝,not_found,,,no exact pharmacopoeia herb result,error,,,RuntimeError: HTTPError: HTTP Error 468: 
HERB000256,白皮松,not_found,,,no search results,error,,,RuntimeError: HTTPError: HTTP Error 468: 
HERB000253,白木香,not_found,,,no exact pharmacopoeia herb result,error,,,RuntimeError: HTTPError: HTTP Error 468: 
HERB000257,白前,ok,https://ydz.chp.org.cn/#/item?bookId=1&entryId=161,UsePart,,error,,,RuntimeError: HTTPError: HTTP Error 468: 
HERB000263,白柔毛香茶菜,not_found,,,no exact pharmacopoeia herb result,error,,,RuntimeError: HTTPError: HTTP Error 468: 
HERB000254,白牛胆,not_found,,,no exact pharmacopoeia herb result,error,,,RuntimeError: HTTPError: HTTP Error 468: 
HERB000252,白木乌桕,not_found,,,no exact pharmacopoeia herb result,error,,,RuntimeError: HTTPError: HTTP Error 468: 
HERB000258,白千层,not_found,,,no exact pharmacopoeia herb result,error,,,RuntimeError: HTTPError: HTTP Error 468: 
HERB000267,白芍,skipped_no_chp_blank_fields,,,,error,,,RuntimeError: HTTPError: HTTP Error 468: 
HERB000251,白木通根,not_found,,,no exact pharmacopoeia herb result,error,,,RuntimeError: HTTPError: HTTP Error 468: 
HERB000262,百日青,not_found,,,no exact pharmacopoeia herb result,error,,,RuntimeError: HTTPError: HTTP Error 468: 
HERB000286,白鲜皮,ok,https://ydz.chp.org.cn/#/item?bookId=1&entryId=164,Herb_latin_name|UsePart|Properties|Meridians|Function,,ok,https://www.dayi.org.cn/cmedical/300133.html,,matched page but remaining dayi target columns already had values
HERB000261,百日草,not_found,,,no exact pharmacopoeia herb result,error,,,RuntimeError: HTTPError: HTTP Error 468: 
HERB000264,百蕊草,not_found,,,no search results,error,,,RuntimeError: HTTPError: HTTP Error 468: 
HERB000265,白散沫花,not_found,,,no exact pharmacopoeia herb result,error,,,RuntimeError: HTTPError: HTTP Error 468: 
HERB000269,白舌根,not_found,,,no exact pharmacopoeia herb result,error,,,RuntimeError: HTTPError: HTTP Error 468: 
HERB000271,白首乌,not_found,,,no search results,error,,,RuntimeError: HTTPError: HTTP Error 468: 
HERB000268,白芍药,not_found,,,no exact pharmacopoeia herb result,error,,,RuntimeError: HTTPError: HTTP Error 468: 
HERB000260,白屈菜根,not_found,,,no exact pharmacopoeia herb result,error,,,RuntimeError: HTTPError: HTTP Error 468: 
HERB000273,柏树叶,not_found,,,no exact pharmacopoeia herb result,ok,https://www.dayi.org.cn/cmedical/1113629.html,Properties,
HERB000291,白亚麻,not_found,,,no exact pharmacopoeia herb result,not_found,,,no exact cmedical result in search page
HERB000292,百眼藤,not_found,,,no exact pharmacopoeia herb result,no_fields,https://www.dayi.org.cn/cmedical/1113663.html,,detail page parsed but no mapped fields found
HERB000279,百岁叶,not_found,,,no exact pharmacopoeia herb result,not_found,,,no exact cmedical result in search page
HERB000274,白水仙,not_found,,,no exact pharmacopoeia herb result,not_found,,,no exact cmedical result in search page
HERB000296,白叶莓,not_found,,,no exact pharmacopoeia herb result,not_found,,,no exact cmedical result in search page
HERB000297,白夜米仔兰,not_found,,,no exact pharmacopoeia herb result,not_found,,,no exact cmedical result in search page
HERB000278,白苏子,not_found,,,no exact pharmacopoeia herb result,ok,https://www.dayi.org.cn/cmedical/1113637.html,Toxicity|Properties|Meridians,
HERB000281,白头翁,skipped_no_chp_blank_fields,,,,ok,https://www.dayi.org.cn/cmedical/300132.html,,matched page but remaining dayi target columns already had values
HERB000284,白土苓,not_found,,,no exact pharmacopoeia herb result,not_found,,,no exact cmedical result in search page
HERB000287,白鲜树,not_found,,,no exact pharmacopoeia herb result,not_found,,,no exact cmedical result in search page
HERB000277,白苏叶,not_found,,,no exact pharmacopoeia herb result,no_fields,https://www.dayi.org.cn/cmedical/1113635.html,,detail page parsed but no mapped fields found
HERB000289,白鲜根,not_found,,,no exact pharmacopoeia herb result,not_found,,,no exact cmedical result in search page
HERB000302,白玉兰,not_found,,,no search results,not_found,,,no exact cmedical result in search page
HERB000285,白薇,skipped_no_chp_blank_fields,,,,ok,https://www.dayi.org.cn/cmedical/1008863.html,,matched page but remaining dayi target columns already had values
HERB000288,白香草木樨,not_found,,,no exact pharmacopoeia herb result,not_found,,,no exact cmedical result in search page
HERB000283,白头翁叶,not_found,,,no exact pharmacopoeia herb result,not_found,,,no exact cmedical result in search page
HERB000307,白芝麻,not_found,,,no search results,not_found,,,no exact cmedical result in search page
HERB000293,白药子,not_found,,,no search results,no_fields,https://www.dayi.org.cn/cmedical/1113541.html,,detail page parsed but no mapped fields found
HERB000276,白苏梗,not_found,,,no exact pharmacopoeia herb result,no_fields,https://www.dayi.org.cn/cmedical/1113633.html,,detail page parsed but no mapped fields found
HERB000299,白叶香茶菜,not_found,,,no exact pharmacopoeia herb result,not_found,,,no exact cmedical result in search page
HERB000272,白鼠狼,not_found,,,no exact pharmacopoeia herb result,not_found,,,no exact cmedical result in search page
HERB000294,白叶瓜馥木,not_found,,,no exact pharmacopoeia herb result,no_fields,https://www.dayi.org.cn/cmedical/1116797.html,,detail page parsed but no mapped fields found
HERB000300,白罂粟,not_found,,,no exact pharmacopoeia herb result,not_found,,,no exact cmedical result in search page
HERB000311,柏子仁,skipped_no_chp_blank_fields,,,,ok,https://www.dayi.org.cn/cmedical/300137.html,,matched page but remaining dayi target columns already had values
HERB000303,白羽扇豆,not_found,,,no exact pharmacopoeia herb result,not_found,,,no exact cmedical result in search page
HERB000309,白术,skipped_no_chp_blank_fields,,,,ok,https://www.dayi.org.cn/cmedical/1113535.html,Toxicity,
HERB000282,白头翁花,not_found,,,no exact pharmacopoeia herb result,ok,https://www.dayi.org.cn/cmedical/1113643.html,UsePart|Function|Indication|Properties|Meridians,
HERB000306,柏枝节,not_found,,,no exact pharmacopoeia herb result,no_fields,https://www.dayi.org.cn/cmedical/1113675.html,,detail page parsed but no mapped fields found
HERB000314,半边苏,not_found,,,no exact pharmacopoeia herb result,ok,https://www.dayi.org.cn/cmedical/1113686.html,Properties,
HERB000305,白芷,ok,https://ydz.chp.org.cn/#/item?bookId=1&entryId=155,Meridians,,ok,https://www.dayi.org.cn/cmedical/300135.html,,matched page but remaining dayi target columns already had values
HERB000304,白芸花,not_found,,,no exact pharmacopoeia herb result,not_found,,,no exact cmedical result in search page
HERB000324,板栗,not_found,,,no exact pharmacopoeia herb result,not_found,,,no exact cmedical result in search page
HERB000312,半边莲,ok,https://ydz.chp.org.cn/#/item?bookId=1&entryId=177,Properties|Meridians,,ok,https://www.dayi.org.cn/cmedical/300140.html,Toxicity,
HERB000325,斑蝥,ok,https://ydz.chp.org.cn/#/item?bookId=1&entryId=525,Herb_latin_name|Properties|Meridians|Function,,not_found,,,no exact cmedical result in search page
HERB000310,白竹鼠,not_found,,,no exact pharmacopoeia herb result,not_found,,,no exact cmedical result in search page
HERB000333,斑叶萍蓬草,not_found,,,no exact pharmacopoeia herb result,not_found,,,no exact cmedical result in search page
HERB000298,白叶藤,not_found,,,no exact pharmacopoeia herb result,ok,https://www.dayi.org.cn/cmedical/1115698.html,Toxicity|Properties|Meridians,
HERB000319,斑鸠,not_found,,,no search results,ok,https://www.dayi.org.cn/cmedical/1117933.html,Properties|Meridians,
HERB000308,白芷叶,not_found,,,no exact pharmacopoeia herb result,no_fields,https://www.dayi.org.cn/cmedical/1113679.html,,detail page parsed but no mapped fields found
HERB000334,斑叶萍蓬草,not_found,,,no exact pharmacopoeia herb result,not_found,,,no exact cmedical result in search page
HERB000329,斑纹芦荟,not_found,,,no exact pharmacopoeia herb result,not_found,,,no exact cmedical result in search page
HERB000323,板蓝根,skipped_no_chp_blank_fields,,,,ok,https://www.dayi.org.cn/cmedical/300139.html,Toxicity,
HERB000343,棒叶蕨藻,not_found,,,no exact pharmacopoeia herb result,not_found,,,no exact cmedical result in search page
HERB000327,瓣蕊唐松草,not_found,,,no search results,no_fields,https://www.dayi.org.cn/cmedical/1113707.html,,detail page parsed but no mapped fields found
HERB000355,抱茎獐牙菜,not_found,,,no exact pharmacopoeia herb result,not_found,,,no exact cmedical result in search page
HERB000336,半月形铁线蕨,not_found,,,no exact pharmacopoeia herb result,not_found,,,no exact cmedical result in search page
HERB000350,宝盖灵芝,not_found,,,no exact pharmacopoeia herb result,not_found,,,no exact cmedical result in search page
HERB000347,报春石斛,not_found,,,no exact pharmacopoeia herb result,not_found,,,no exact cmedical result in search page
HERB000342,榜嘎,not_found,,,no exact pharmacopoeia herb result,no_fields,https://www.dayi.org.cn/cmedical/1116053.html,,detail page parsed but no mapped fields found
HERB000357,毛豆,not_found,,,no search results,not_found,,,no exact cmedical result in search page
HERB000352,豹骨,not_found,,,no exact pharmacopoeia herb result,no_fields,https://www.dayi.org.cn/cmedical/1117908.html,,detail page parsed but no mapped fields found
HERB000338,半枝莲,skipped_no_chp_blank_fields,,,,ok,https://www.dayi.org.cn/cmedical/300143.html,,matched page but remaining dayi target columns already had values
HERB000320,斑鸠菊,not_found,,,no exact pharmacopoeia herb result,no_fields,https://www.dayi.org.cn/cmedical/1115278.html,,detail page parsed but no mapped fields found
HERB000315,斑地锦,not_found,,,no exact pharmacopoeia herb result,no_fields,https://www.dayi.org.cn/cmedical/1113688.html,,detail page parsed but no mapped fields found
HERB000351,保肝浸膏,not_found,,,no exact pharmacopoeia herb result,not_found,,,no exact cmedical result in search page
HERB000356,暴马子,not_found,,,no exact pharmacopoeia herb result,no_fields,https://www.dayi.org.cn/cmedical/1155993.html,,detail page parsed but no mapped fields found
HERB000346,报春花,not_found,,,no exact pharmacopoeia herb result,ok,https://www.dayi.org.cn/cmedical/1113725.html,Properties,
HERB000368,孢子甘蓝,not_found,,,no exact pharmacopoeia herb result,not_found,,,no exact cmedical result in search page
HERB000353,抱茎苦荬菜,not_found,,,no exact pharmacopoeia herb result,no_fields,https://www.dayi.org.cn/cmedical/1155816.html,,detail page parsed but no mapped fields found
HERB000372,北侧金盏花,not_found,,,no search results,not_found,,,no exact cmedical result in search page
HERB000332,斑叶地锦,not_found,,,no exact pharmacopoeia herb result,not_found,,,no exact cmedical result in search page
HERB000382,贝加尔唐松草,not_found,,,no exact pharmacopoeia herb result,not_found,,,no exact cmedical result in search page
HERB000367,苞叶香茶菜,not_found,,,no exact pharmacopoeia herb result,not_found,,,no exact cmedical result in search page
HERB000360,包片鼠尾草,not_found,,,no exact pharmacopoeia herb result,not_found,,,no exact cmedical result in search page
HERB000339,斑子麻黄,not_found,,,no exact pharmacopoeia herb result,not_found,,,no exact cmedical result in search page
HERB000331,半夏曲,not_found,,,no exact pharmacopoeia herb result,no_fields,https://www.dayi.org.cn/cmedical/1113715.html,,detail page parsed but no mapped fields found
HERB000377,北非雪松,not_found,,,no search results,not_found,,,no exact cmedical result in search page
HERB000365,飞燕草,not_found,,,no search results,ok,https://www.dayi.org.cn/cmedical/300850.html,Toxicity|Function|Indication|Properties|Meridians,
HERB000390,北美艾蒿,not_found,,,no search results,not_found,,,no exact cmedical result in search page
HERB000395,北美葶苈子,not_found,,,no exact pharmacopoeia herb result,not_found,,,no exact cmedical result in search page
HERB000394,北美球子蕨,not_found,,,no exact pharmacopoeia herb result,not_found,,,no exact cmedical result in search page
HERB000359,薄片矢车菊,not_found,,,no exact pharmacopoeia herb result,not_found,,,no exact cmedical result in search page
HERB000391,北美鹅掌楸,not_found,,,no search results,not_found,,,no exact cmedical result in search page
HERB000349,宝盖草,not_found,,,no exact pharmacopoeia herb result,ok,https://www.dayi.org.cn/cmedical/1113729.html,Properties,
HERB000388,北马兜铃,not_found,,,no exact pharmacopoeia herb result,not_found,,,no exact cmedical result in search page
HERB000393,北美红杉,not_found,,,no search results,not_found,,,no exact cmedical result in search page
HERB000392,北美鬼臼,not_found,,,no search results,not_found,,,no exact cmedical result in search page
HERB000373,北豆根,ok,https://ydz.chp.org.cn/#/item?bookId=1&entryId=145,UsePart|Properties|Meridians,,ok,https://www.dayi.org.cn/cmedical/300147.html,Toxicity,
HERB000371,北苍术,not_found,,,no exact pharmacopoeia herb result,not_found,,,no exact cmedical result in search page
HERB000381,北黄花菜,not_found,,,no exact pharmacopoeia herb result,not_found,,,no exact cmedical result in search page
HERB000379,北海当归,not_found,,,no exact pharmacopoeia herb result,not_found,,,no exact cmedical result in search page
HERB000399,北美洲山梗菜,not_found,,,no exact pharmacopoeia herb result,not_found,,,no exact cmedical result in search page
HERB000376,北方乌头,not_found,,,no exact pharmacopoeia herb result,not_found,,,no exact cmedical result in search page
HERB000387,北刘寄奴,ok,https://ydz.chp.org.cn/#/item?bookId=1&entryId=144,Herb_latin_name|UsePart|Properties|Meridians|Function|Indication,,ok,https://www.dayi.org.cn/cmedical/300148.html,,matched page but remaining dayi target columns already had values
HERB000408,北五味,skipped_no_chp_blank_fields,,,,not_found,,,no exact cmedical result in search page
HERB000385,贝壳杉,not_found,,,no exact pharmacopoeia herb result,not_found,,,no exact cmedical result in search page
HERB000375,北方枸杞根皮,not_found,,,no exact pharmacopoeia herb result,not_found,,,no exact cmedical result in search page
HERB000389,北马兜铃根,not_found,,,no exact pharmacopoeia herb result,not_found,,,no exact cmedical result in search page
HERB000396,北美香柏,not_found,,,no exact pharmacopoeia herb result,not_found,,,no exact cmedical result in search page
HERB000398,北美圆柏,not_found,,,no exact pharmacopoeia herb result,not_found,,,no exact cmedical result in search page
HERB000402,杯鞘石斛,not_found,,,no exact pharmacopoeia herb result,not_found,,,no exact cmedical result in search page
HERB000405,北水苦荬,not_found,,,no exact pharmacopoeia herb result,not_found,,,no exact cmedical result in search page
HERB000403,北沙参,skipped_no_chp_blank_fields,,,,ok,https://www.dayi.org.cn/cmedical/1113569.html,Toxicity,
HERB000406,北五加皮,skipped_no_chp_blank_fields,,,,no_fields,https://www.dayi.org.cn/cmedical/1155981.html,,detail page parsed but no mapped fields found
HERB000411,北野菊,not_found,,,no exact pharmacopoeia herb result,not_found,,,no exact cmedical result in search page
HERB000412,北越钩藤,not_found,,,no exact pharmacopoeia herb result,not_found,,,no exact cmedical result in search page
HERB000419,篦齿眼子菜,not_found,,,no exact pharmacopoeia herb result,not_found,,,no exact cmedical result in search page
HERB000424,秘鲁钩藤,not_found,,,no exact pharmacopoeia herb result,not_found,,,no exact cmedical result in search page
HERB000407,北乌头,not_found,,,no exact pharmacopoeia herb result,not_found,,,no exact cmedical result in search page
HERB000427,秘鲁香蕉,not_found,,,no exact pharmacopoeia herb result,not_found,,,no exact cmedical result in search page
HERB000401,贝母兰,not_found,,,no exact pharmacopoeia herb result,no_fields,https://www.dayi.org.cn/cmedical/1113745.html,,detail page parsed but no mapped fields found
HERB000425,秘鲁古柯,not_found,,,no search results,not_found,,,no exact cmedical result in search page
HERB000400,贝母,not_found,,,no exact pharmacopoeia herb result,no_fields,https://www.dayi.org.cn/cmedical/1155765.html,,detail page parsed but no mapped fields found
HERB000409,北五味子,not_found,,,no exact pharmacopoeia herb result,not_found,,,no exact cmedical result in search page
HERB000417,毕澄茄,not_found,,,no exact pharmacopoeia herb result,no_fields,https://www.dayi.org.cn/cmedical/1156041.html,,detail page parsed but no mapped fields found
HERB000436,彼氏堆心菊,not_found,,,no exact pharmacopoeia herb result,not_found,,,no exact cmedical result in search page
HERB000415,荜茇,ok,https://ydz.chp.org.cn/#/item?bookId=1&entryId=366,Herb_latin_name|Properties|Meridians|Function,,ok,https://www.dayi.org.cn/cmedical/300149.html,UsePart,
HERB000444,鳞毛蕨,not_found,,,no exact pharmacopoeia herb result,not_found,,,no exact cmedical result in search page
HERB000432,蓖麻子,skipped_no_chp_blank_fields,,,,no_fields,https://www.dayi.org.cn/cmedical/1113581.html,,detail page parsed but no mapped fields found
HERB000431,蓖麻油,not_found,,,no exact pharmacopoeia herb result,ok,https://www.dayi.org.cn/cmedical/1113787.html,Toxicity|Properties|Meridians,
HERB000441,壁纸唐松草,not_found,,,no exact pharmacopoeia herb result,not_found,,,no exact cmedical result in search page
HERB000418,荜澄茄,ok,https://ydz.chp.org.cn/#/item?bookId=1&entryId=367,Herb_latin_name|UsePart|Properties|Meridians|Function,,no_fields,https://www.dayi.org.cn/cmedical/300150.html,,detail page parsed but no mapped fields found
HERB000421,碧冬茄,not_found,,,no exact pharmacopoeia herb result,not_found,,,no exact cmedical result in search page
HERB000448,遍地锦,not_found,,,no exact pharmacopoeia herb result,not_found,,,no exact cmedical result in search page
HERB000439,萆薢,skipped_no_chp_blank_fields,,,,ok,https://www.dayi.org.cn/cmedical/300151.html,,matched page but remaining dayi target columns already had values
HERB000433,蓖麻子与蓖麻油,not_found,,,no exact pharmacopoeia herb result,not_found,,,no exact cmedical result in search page
HERB000437,萝芙木,not_found,,,no search results,no_fields,https://www.dayi.org.cn/cmedical/301987.html,,detail page parsed but no mapped fields found
HERB000416,荜茇根,not_found,,,no exact pharmacopoeia herb result,ok,https://www.dayi.org.cn/cmedical/1113795.html,Toxicity|UsePart|Function|Indication|Properties|Meridians,
HERB000445,马利筋,not_found,,,no exact pharmacopoeia herb result,not_found,,,no exact cmedical result in search page
HERB000447,鞭打绣球,not_found,,,no exact pharmacopoeia herb result,no_fields,https://www.dayi.org.cn/cmedical/1113749.html,,detail page parsed but no mapped fields found
HERB000453,扁豆花,not_found,,,no search results,no_fields,https://www.dayi.org.cn/cmedical/1155903.html,,detail page parsed but no mapped fields found
HERB000429,蓖麻根,not_found,,,no exact pharmacopoeia herb result,no_fields,https://www.dayi.org.cn/cmedical/1113785.html,,detail page parsed but no mapped fields found
HERB000450,扁豆,skipped_no_chp_blank_fields,,,,ok,https://www.dayi.org.cn/cmedical/1113753.html,,matched page but remaining dayi target columns already had values
HERB000434,蓖麻叶,not_found,,,no exact pharmacopoeia herb result,ok,https://www.dayi.org.cn/cmedical/1113783.html,Toxicity|UsePart|Function|Indication|Properties,
HERB000443,马利筋,not_found,,,no exact pharmacopoeia herb result,not_found,,,no exact cmedical result in search page
HERB000430,蓖麻叶,not_found,,,no exact pharmacopoeia herb result,ok,https://www.dayi.org.cn/cmedical/1113783.html,Toxicity|Properties,
HERB000451,变豆菜叶,not_found,,,no exact pharmacopoeia herb result,not_found,,,no exact cmedical result in search page
HERB000455,扁豆叶,not_found,,,no exact pharmacopoeia herb result,not_found,,,no exact cmedical result in search page
HERB000466,变色石竹,not_found,,,no exact pharmacopoeia herb result,not_found,,,no exact cmedical result in search page
HERB000459,绞股蓝,not_found,,,no exact pharmacopoeia herb result,no_fields,https://www.dayi.org.cn/cmedical/1114422.html,,detail page parsed but no mapped fields found
HERB000440,碧玉散,not_found,,,no exact pharmacopoeia herb result,not_found,,,no exact cmedical result in search page
HERB000457,蝙蝠葛根,skipped_no_chp_blank_fields,,,,ok,https://www.dayi.org.cn/cmedical/1113757.html,Toxicity,
HERB000471,变形木兰,not_found,,,no exact pharmacopoeia herb result,not_found,,,no exact cmedical result in search page
HERB000469,扁桃,not_found,,,no exact pharmacopoeia herb result,not_found,,,no exact cmedical result in search page
HERB000456,蝙蝠葛,not_found,,,no exact pharmacopoeia herb result,ok,https://www.dayi.org.cn/cmedical/1113755.html,Properties|Meridians,
HERB000483,荜澄茄,ok,https://ydz.chp.org.cn/#/item?bookId=1&entryId=367,Herb_latin_name|UsePart|Properties|Meridians|Function|Indication,,no_fields,https://www.dayi.org.cn/cmedical/300150.html,,detail page parsed but no mapped fields found
HERB000468,鞭苔,not_found,,,no search results,not_found,,,no exact cmedical result in search page
HERB000465,变色马兜铃,not_found,,,no exact pharmacopoeia herb result,not_found,,,no exact cmedical result in search page
HERB000454,扁豆藤,not_found,,,no exact pharmacopoeia herb result,not_found,,,no exact cmedical result in search page
HERB000472,萹蓄,skipped_no_chp_blank_fields,,,,ok,https://www.dayi.org.cn/cmedical/300153.html,,matched page but remaining dayi target columns already had values
HERB000452,扁豆根,not_found,,,no exact pharmacopoeia herb result,not_found,,,no exact cmedical result in search page
HERB000474,变异凤尾蕨,not_found,,,no exact pharmacopoeia herb result,not_found,,,no exact cmedical result in search page
HERB000480,变种尖槐藤,not_found,,,no exact pharmacopoeia herb result,not_found,,,no exact cmedical result in search page
HERB000438,碧桃干,not_found,,,no exact pharmacopoeia herb result,no_fields,https://www.dayi.org.cn/cmedical/1113799.html,,detail page parsed but no mapped fields found
HERB000482,鞭柱唐松草,not_found,,,no search results,not_found,,,no exact cmedical result in search page
HERB000462,扁茎沿阶草,not_found,,,no exact pharmacopoeia herb result,not_found,,,no exact cmedical result in search page
HERB000461,扁茎黄芪,not_found,,,no exact pharmacopoeia herb result,not_found,,,no exact cmedical result in search page
HERB000467,扁蒴藤,not_found,,,no exact pharmacopoeia herb result,not_found,,,no exact cmedical result in search page
HERB000478,扁枝槲寄生,not_found,,,no exact pharmacopoeia herb result,error,,,RuntimeError: HTTPError: HTTP Error 468: 
HERB000460,山黧豆,not_found,,,no exact pharmacopoeia herb result,error,,,RuntimeError: HTTPError: HTTP Error 468: 
HERB000493,柄果槲寄生,not_found,,,no exact pharmacopoeia herb result,error,,,RuntimeError: HTTPError: HTTP Error 468: 
HERB000498,冰片,skipped_no_chp_blank_fields,,,,error,,,RuntimeError: HTTPError: HTTP Error 468: 
HERB000477,边缘鳞毛蕨,not_found,,,no exact pharmacopoeia herb result,error,,,RuntimeError: HTTPError: HTTP Error 468: 
HERB000476,边缘鳞盖蕨,not_found,,,no exact pharmacopoeia herb result,error,,,RuntimeError: HTTPError: HTTP Error 468: 
HERB000495,冰果唐松草,not_found,,,no exact pharmacopoeia herb result,error,,,RuntimeError: HTTPError: HTTP Error 468: 
HERB000497,槟榔,skipped_no_chp_blank_fields,,,,error,,,RuntimeError: HTTPError: HTTP Error 468: 
HERB000500,冰糖,not_found,,,no exact pharmacopoeia herb result,error,,,RuntimeError: HTTPError: HTTP Error 468: 
HERB000485,别致琉璃草,not_found,,,no exact pharmacopoeia herb result,error,,,RuntimeError: HTTPError: HTTP Error 468: 
HERB000479,变种长叶暗罗,not_found,,,no exact pharmacopoeia herb result,error,,,RuntimeError: HTTPError: HTTP Error 468: 
HERB000492,冰豆,not_found,,,no exact pharmacopoeia herb result,error,,,RuntimeError: HTTPError: HTTP Error 468: 
HERB000487,滨海前胡,not_found,,,no exact pharmacopoeia herb result,error,,,RuntimeError: HTTPError: HTTP Error 468: 
HERB000473,鞭叶铁线蕨,not_found,,,no exact pharmacopoeia herb result,error,,,RuntimeError: HTTPError: HTTP Error 468: 
HERB000484,鳖甲,skipped_no_chp_blank_fields,,,,error,,,RuntimeError: HTTPError: HTTP Error 468: 
HERB000499,冰蛇床,not_found,,,no exact pharmacopoeia herb result,error,,,RuntimeError: HTTPError: HTTP Error 468: 
HERB000481,扁竹根,not_found,,,no exact pharmacopoeia herb result,error,,,RuntimeError: HTTPError: HTTP Error 468: 
HERB000486,滨海当归,not_found,,,no exact pharmacopoeia herb result,error,,,RuntimeError: HTTPError: HTTP Error 468: 
HERB000494,柄果花椒,not_found,,,no exact pharmacopoeia herb result,error,,,RuntimeError: HTTPError: HTTP Error 468: 
HERB000501,并头草,not_found,,,no exact pharmacopoeia herb result,error,,,RuntimeError: HTTPError: HTTP Error 468: 
HERB000510,薄荷油,not_found,,,no exact pharmacopoeia herb result,error,,,RuntimeError: HTTPError: HTTP Error 468: 
HERB000511,伯乐树,not_found,,,no exact pharmacopoeia herb result,error,,,RuntimeError: HTTPError: HTTP Error 468: 
HERB000506,菠菜,not_found,,,no search results,error,,,RuntimeError: HTTPError: HTTP Error 468: 
HERB000507,伯格斑鸠菊,not_found,,,no exact pharmacopoeia herb result,error,,,RuntimeError: HTTPError: HTTP Error 468: 
HERB000513,伯利兹花椒,not_found,,,no exact pharmacopoeia herb result,error,,,RuntimeError: HTTPError: HTTP Error 468: 
HERB000521,菠萝蜜,not_found,,,no search results,error,,,RuntimeError: HTTPError: HTTP Error 468: 
HERB000502,并头黄芩,not_found,,,no exact pharmacopoeia herb result,error,,,RuntimeError: HTTPError: HTTP Error 468: 
HERB000524,黄瓜,not_found,,,no search results,error,,,RuntimeError: HTTPError: HTTP Error 468: 
HERB000508,薄荷,skipped_no_chp_blank_fields,,,,error,,,RuntimeError: HTTPError: HTTP Error 468: 
HERB000520,博落回,not_found,,,no exact pharmacopoeia herb result,error,,,RuntimeError: HTTPError: HTTP Error 468: 
HERB000505,波瓣合叶苔,not_found,,,no exact pharmacopoeia herb result,error,,,RuntimeError: HTTPError: HTTP Error 468: 
HERB000529,波士茄,not_found,,,no exact pharmacopoeia herb result,error,,,RuntimeError: HTTPError: HTTP Error 468: 
HERB000509,薄荷脑,skipped_no_chp_blank_fields,,,,error,,,RuntimeError: HTTPError: HTTP Error 468: 
HERB000512,波棱瓜子,not_found,,,no exact pharmacopoeia herb result,error,,,RuntimeError: HTTPError: HTTP Error 468: 
HERB000523,播娘蒿,not_found,,,no exact pharmacopoeia herb result,error,,,RuntimeError: HTTPError: HTTP Error 468: 
HERB000531,波士吴茱萸,not_found,,,no exact pharmacopoeia herb result,error,,,RuntimeError: HTTPError: HTTP Error 468: 
HERB000522,菠萝香藤,not_found,,,no exact pharmacopoeia herb result,error,,,RuntimeError: HTTPError: HTTP Error 468: 
HERB000534,波斯罂粟,not_found,,,no exact pharmacopoeia herb result,error,,,RuntimeError: HTTPError: HTTP Error 468: 
HERB000537,波叶大黄,not_found,,,no exact pharmacopoeia herb result,error,,,RuntimeError: HTTPError: HTTP Error 468: 
HERB000533,波斯益母草,not_found,,,no exact pharmacopoeia herb result,error,,,RuntimeError: HTTPError: HTTP Error 468: 
HERB000546,补骨脂,skipped_no_chp_blank_fields,,,,error,,,RuntimeError: HTTPError: HTTP Error 468: 
HERB000550,补血草,not_found,,,no exact pharmacopoeia herb result,error,,,RuntimeError: HTTPError: HTTP Error 468: 
HERB000539,波叶山橙,not_found,,,no exact pharmacopoeia herb result,error,,,RuntimeError: HTTPError: HTTP Error 468: 
HERB000562,蔡文千金藤,not_found,,,no exact pharmacopoeia herb result,error,,,RuntimeError: HTTPError: HTTP Error 468: 
HERB000541,波叶乌头,not_found,,,no exact pharmacopoeia herb result,error,,,RuntimeError: HTTPError: HTTP Error 468: 
HERB000538,波叶枯木,not_found,,,no exact pharmacopoeia herb result,error,,,RuntimeError: HTTPError: HTTP Error 468: 
HERB000561,苍耳,not_found,,,no exact pharmacopoeia herb result,error,,,RuntimeError: HTTPError: HTTP Error 468: 
HERB000558,菜豆树,not_found,,,no exact pharmacopoeia herb result,error,,,RuntimeError: HTTPError: HTTP Error 468: 
HERB000553,布渣叶,ok,https://ydz.chp.org.cn/#/item?bookId=1&entryId=139,Herb_latin_name|UsePart|Properties|Meridians|Function|Indication,,error,,,RuntimeError: HTTPError: HTTP Error 468: 
HERB000552,不育红,not_found,,,no exact pharmacopoeia herb result,error,,,RuntimeError: HTTPError: HTTP Error 468: 
HERB000580,苍耳子,ok,https://ydz.chp.org.cn/#/item?bookId=1&entryId=251,UsePart,,skipped_no_remaining_blank_fields,,,
HERB000563,蚕豆,not_found,,,no exact pharmacopoeia herb result,error,,,RuntimeError: HTTPError: HTTP Error 468: 
HERB000551,捕蝇草,not_found,,,no exact pharmacopoeia herb result,error,,,RuntimeError: HTTPError: HTTP Error 468: 
HERB000564,蚕豆荚壳,not_found,,,no exact pharmacopoeia herb result,error,,,RuntimeError: HTTPError: HTTP Error 468: 
HERB000565,蚕豆茎,not_found,,,no exact pharmacopoeia herb result,error,,,RuntimeError: HTTPError: HTTP Error 468: 
HERB000568,蚕茧,not_found,,,no search results,error,,,RuntimeError: HTTPError: HTTP Error 468: 
HERB000566,蚕豆壳,not_found,,,no exact pharmacopoeia herb result,error,,,RuntimeError: HTTPError: HTTP Error 468: 
HERB000567,蚕豆叶,not_found,,,no exact pharmacopoeia herb result,error,,,RuntimeError: HTTPError: HTTP Error 468: 
HERB000570,蚕沙,not_found,,,no exact pharmacopoeia herb result,error,,,RuntimeError: HTTPError: HTTP Error 468: 
HERB000569,蚕桑,not_found,,,no search results,error,,,RuntimeError: HTTPError: HTTP Error 468: 
HERB000571,蝉蜕,ok,https://ydz.chp.org.cn/#/item?bookId=1&entryId=587,Indication,,error,,,RuntimeError: HTTPError: HTTP Error 468: 
HERB000578,苍耳根,not_found,,,no exact pharmacopoeia herb result,error,,,RuntimeError: HTTPError: HTTP Error 468: 
HERB000573,苍白秤钩风,not_found,,,no exact pharmacopoeia herb result,error,,,RuntimeError: HTTPError: HTTP Error 468: 
HERB000577,苍耳,not_found,,,no exact pharmacopoeia herb result,error,,,RuntimeError: HTTPError: HTTP Error 468: 
HERB000589,草地毛茛,not_found,,,no exact pharmacopoeia herb result,error,,,RuntimeError: HTTPError: HTTP Error 468: 
HERB000584,苍术,skipped_no_chp_blank_fields,,,,error,,,RuntimeError: HTTPError: HTTP Error 468: 
HERB000587,草本威灵仙,not_found,,,no exact pharmacopoeia herb result,error,,,RuntimeError: HTTPError: HTTP Error 468: 
HERB000579,苍耳花,not_found,,,no exact pharmacopoeia herb result,error,,,RuntimeError: HTTPError: HTTP Error 468: 
HERB000593,草菇,not_found,,,no search results,error,,,RuntimeError: HTTPError: HTTP Error 468: 
HERB000591,草甸千里光,not_found,,,no exact pharmacopoeia herb result,error,,,RuntimeError: HTTPError: HTTP Error 468: 
HERB000604,草乌,ok,https://ydz.chp.org.cn/#/item?bookId=1&entryId=368,UsePart,,skipped_no_remaining_blank_fields,,,
HERB000583,苍山香茶菜,not_found,,,no exact pharmacopoeia herb result,error,,,RuntimeError: HTTPError: HTTP Error 468: 
HERB000590,草地乌头,not_found,,,no exact pharmacopoeia herb result,error,,,RuntimeError: HTTPError: HTTP Error 468: 
HERB000592,草豆蔻,skipped_no_chp_blank_fields,,,,error,,,RuntimeError: HTTPError: HTTP Error 468: 
HERB000588,草苁蓉,not_found,,,no exact pharmacopoeia herb result,error,,,RuntimeError: HTTPError: HTTP Error 468: 
HERB000594,草果,ok,https://ydz.chp.org.cn/#/item?bookId=1&entryId=372,UsePart,,error,,,RuntimeError: HTTPError: HTTP Error 468: 
HERB000596,草决明,skipped_no_chp_blank_fields,,,,error,,,RuntimeError: HTTPError: HTTP Error 468: 
HERB000598,草帽假杜鹃,not_found,,,no exact pharmacopoeia herb result,error,,,RuntimeError: HTTPError: HTTP Error 468: 
HERB000595,草胡椒,not_found,,,no exact pharmacopoeia herb result,error,,,RuntimeError: HTTPError: HTTP Error 468: 
HERB000599,草莓,not_found,,,no search results,error,,,RuntimeError: HTTPError: HTTP Error 468: 
HERB000597,草寇仁,not_found,,,no exact pharmacopoeia herb result,error,,,RuntimeError: HTTPError: HTTP Error 468: 
HERB000600,草莓车轴草,not_found,,,no exact pharmacopoeia herb result,error,,,RuntimeError: HTTPError: HTTP Error 468: 
HERB000602,草酸,not_found,,,no exact pharmacopoeia herb result,error,,,RuntimeError: HTTPError: HTTP Error 468: 
HERB000601,草芍药,not_found,,,no exact pharmacopoeia herb result,error,,,RuntimeError: HTTPError: HTTP Error 468: 
HERB000611,草原大蓟,not_found,,,no exact pharmacopoeia herb result,error,,,RuntimeError: HTTPError: HTTP Error 468: 
HERB000612,草原老鹳草,not_found,,,no exact pharmacopoeia herb result,error,,,RuntimeError: HTTPError: HTTP Error 468: 
HERB000609,糙叶败酱,not_found,,,no exact pharmacopoeia herb result,error,,,RuntimeError: HTTPError: HTTP Error 468: 
HERB000603,草问荆,not_found,,,no exact pharmacopoeia herb result,error,,,RuntimeError: HTTPError: HTTP Error 468: 
HERB000605,草乌酒,not_found,,,no exact pharmacopoeia herb result,error,,,RuntimeError: HTTPError: HTTP Error 468: 
HERB000608,草香豌豆,not_found,,,no exact pharmacopoeia herb result,error,,,RuntimeError: HTTPError: HTTP Error 468: 
HERB000613,海风藤,ok,https://ydz.chp.org.cn/#/item?bookId=1&entryId=462,Herb_latin_name|UsePart|Properties|Meridians|Function|Indication,,error,,,RuntimeError: HTTPError: HTTP Error 468: 
HERB000607,草乌叶,ok,https://ydz.chp.org.cn/#/item?bookId=1&entryId=370,UsePart|Properties,,error,,,RuntimeError: HTTPError: HTTP Error 468: 
HERB000606,草乌头,not_found,,,no exact pharmacopoeia herb result,error,,,RuntimeError: HTTPError: HTTP Error 468: 
HERB000616,侧子,not_found,,,no exact pharmacopoeia herb result,error,,,RuntimeError: HTTPError: HTTP Error 468: 
HERB000614,侧柏叶,skipped_no_chp_blank_fields,,,,error,,,RuntimeError: HTTPError: HTTP Error 468: 
HERB000622,叉歧繁缕,not_found,,,no search results,error,,,RuntimeError: HTTPError: HTTP Error 468: 
HERB000620,茶梅,not_found,,,no search results,error,,,RuntimeError: HTTPError: HTTP Error 468: 
HERB000619,茶花,not_found,,,no search results,error,,,RuntimeError: HTTPError: HTTP Error 468: 
HERB000618,层孔菌,not_found,,,no exact pharmacopoeia herb result,error,,,RuntimeError: HTTPError: HTTP Error 468: 
HERB000627,茶树,not_found,,,no search results,error,,,RuntimeError: HTTPError: HTTP Error 468: 
HERB000625,叉蕊薯蓣,not_found,,,no exact pharmacopoeia herb result,error,,,RuntimeError: HTTPError: HTTP Error 468: 
HERB000626,茶室蛇鞭菊,not_found,,,no exact pharmacopoeia herb result,error,,,RuntimeError: HTTPError: HTTP Error 468: 
HERB000628,茶树根,not_found,,,no exact pharmacopoeia herb result,error,,,RuntimeError: HTTPError: HTTP Error 468: 
HERB000632,茶叶,skipped_no_chp_blank_fields,,,,error,,,RuntimeError: HTTPError: HTTP Error 468: 
HERB000631,茶芎,not_found,,,no exact pharmacopoeia herb result,error,,,RuntimeError: HTTPError: HTTP Error 468: 
HERB000629,茶条槭,not_found,,,no exact pharmacopoeia herb result,error,,,RuntimeError: HTTPError: HTTP Error 468: 
HERB000638,柴胡,skipped_no_chp_blank_fields,,,,error,,,RuntimeError: HTTPError: HTTP Error 468: 
HERB000633,茶油,not_found,,,no exact pharmacopoeia herb result,error,,,RuntimeError: HTTPError: HTTP Error 468: 
HERB000634,察隅遍地金,not_found,,,no exact pharmacopoeia herb result,error,,,RuntimeError: HTTPError: HTTP Error 468: 
HERB000636,茶子心,not_found,,,no exact pharmacopoeia herb result,error,,,RuntimeError: HTTPError: HTTP Error 468: 
HERB000641,柴黄姜,not_found,,,no exact pharmacopoeia herb result,error,,,RuntimeError: HTTPError: HTTP Error 468: 
HERB000637,叉子圆柏,not_found,,,no exact pharmacopoeia herb result,error,,,RuntimeError: HTTPError: HTTP Error 468: 
HERB000639,柴胡装千里光,not_found,,,no exact pharmacopoeia herb result,error,,,RuntimeError: HTTPError: HTTP Error 468: 
HERB000645,蟾蜍,not_found,,,no exact pharmacopoeia herb result,error,,,RuntimeError: HTTPError: HTTP Error 468: 
HERB000635,茶子,not_found,,,no exact pharmacopoeia herb result,error,,,RuntimeError: HTTPError: HTTP Error 468: 
HERB000642,柴黄姜,not_found,,,no exact pharmacopoeia herb result,error,,,RuntimeError: HTTPError: HTTP Error 468: 
HERB000640,柴胡装千里光,not_found,,,no exact pharmacopoeia herb result,error,,,RuntimeError: HTTPError: HTTP Error 468: 
HERB000647,潺槁木姜子,not_found,,,no exact pharmacopoeia herb result,error,,,RuntimeError: HTTPError: HTTP Error 468: 
HERB000646,蟾蜍胆,not_found,,,no exact pharmacopoeia herb result,error,,,RuntimeError: HTTPError: HTTP Error 468: 
HERB000651,蝉蜕,skipped_no_chp_blank_fields,,,,error,,,RuntimeError: HTTPError: HTTP Error 468: 
HERB000649,黄檀,not_found,,,no search results,error,,,RuntimeError: HTTPError: HTTP Error 468: 
HERB000648,蟾皮,not_found,,,no exact pharmacopoeia herb result,error,,,RuntimeError: HTTPError: HTTP Error 468: 
HERB000654,长白山报春,not_found,,,no search results,error,,,RuntimeError: HTTPError: HTTP Error 468: 
HERB000653,蝉翼藤,not_found,,,no exact pharmacopoeia herb result,error,,,RuntimeError: HTTPError: HTTP Error 468: 
HERB000655,长白松,not_found,,,no exact pharmacopoeia herb result,error,,,RuntimeError: HTTPError: HTTP Error 468: 
HERB000659,长柄凤尾蕨,not_found,,,no exact pharmacopoeia herb result,error,,,RuntimeError: HTTPError: HTTP Error 468: 
HERB000656,长瓣金莲花,not_found,,,no exact pharmacopoeia herb result,error,,,RuntimeError: HTTPError: HTTP Error 468: 
HERB000661,长柄七叶树,not_found,,,no exact pharmacopoeia herb result,error,,,RuntimeError: HTTPError: HTTP Error 468: 
HERB000663,长春花,not_found,,,no search results,error,,,RuntimeError: HTTPError: HTTP Error 468: 
HERB000660,长柄胡椒,not_found,,,no exact pharmacopoeia herb result,error,,,RuntimeError: HTTPError: HTTP Error 468: 
HERB000664,常春藤,not_found,,,no exact pharmacopoeia herb result,error,,,RuntimeError: HTTPError: HTTP Error 468: 
HERB000662,长柄圆柏,not_found,,,no exact pharmacopoeia herb result,error,,,RuntimeError: HTTPError: HTTP Error 468: 
HERB000665,常春油麻藤,not_found,,,no exact pharmacopoeia herb result,error,,,RuntimeError: HTTPError: HTTP Error 468: 
HERB000668,长萼瞿麦,not_found,,,no exact pharmacopoeia herb result,error,,,RuntimeError: HTTPError: HTTP Error 468: 
HERB000667,长萼金莲木皮,not_found,,,no exact pharmacopoeia herb result,error,,,RuntimeError: HTTPError: HTTP Error 468: 
HERB000672,长梗冬青,not_found,,,no exact pharmacopoeia herb result,error,,,RuntimeError: HTTPError: HTTP Error 468: 
HERB000669,长萼香茶菜,not_found,,,no exact pharmacopoeia herb result,error,,,RuntimeError: HTTPError: HTTP Error 468: 
HERB000670,长梗百蕊草,not_found,,,no exact pharmacopoeia herb result,error,,,RuntimeError: HTTPError: HTTP Error 468: 
HERB000673,长梗绞股蓝,not_found,,,no exact pharmacopoeia herb result,error,,,RuntimeError: HTTPError: HTTP Error 468: 
HERB000671,长梗粗榧,not_found,,,no exact pharmacopoeia herb result,error,,,RuntimeError: HTTPError: HTTP Error 468: 
HERB000674,长梗南五味子,not_found,,,no exact pharmacopoeia herb result,error,,,RuntimeError: HTTPError: HTTP Error 468: 
HERB000675,长梗郁李仁,not_found,,,no exact pharmacopoeia herb result,error,,,RuntimeError: HTTPError: HTTP Error 468: 
HERB000676,长管假茉莉,not_found,,,no exact pharmacopoeia herb result,error,,,RuntimeError: HTTPError: HTTP Error 468: 
HERB000677,长管香茶菜,not_found,,,no exact pharmacopoeia herb result,error,,,RuntimeError: HTTPError: HTTP Error 468: 
HERB000683,长胡椒,not_found,,,no exact pharmacopoeia herb result,error,,,RuntimeError: HTTPError: HTTP Error 468: 
HERB000678,长管萱草,not_found,,,no exact pharmacopoeia herb result,error,,,RuntimeError: HTTPError: HTTP Error 468: 
HERB000684,长话版克亚树,not_found,,,no search results,error,,,RuntimeError: HTTPError: HTTP Error 468: 
HERB000679,长果荜茇,not_found,,,no exact pharmacopoeia herb result,error,,,RuntimeError: HTTPError: HTTP Error 468: 
HERB000681,长果雪胆,not_found,,,no exact pharmacopoeia herb result,error,,,RuntimeError: HTTPError: HTTP Error 468: 
HERB000687,长话图拉书,not_found,,,no search results,error,,,RuntimeError: HTTPError: HTTP Error 468: 
HERB000680,长果山橙,not_found,,,no exact pharmacopoeia herb result,error,,,RuntimeError: HTTPError: HTTP Error 468: 
HERB000685,长话钩藤,not_found,,,no exact pharmacopoeia herb result,error,,,RuntimeError: HTTPError: HTTP Error 468: 
HERB000689,马钱子,ok,https://ydz.chp.org.cn/#/item?bookId=1&entryId=72,Properties|Meridians|Function|Indication,,error,,,RuntimeError: HTTPError: HTTP Error 468: 
HERB000694,长距延胡索,not_found,,,no exact pharmacopoeia herb result,error,,,RuntimeError: HTTPError: HTTP Error 468: 
HERB000682,长果罂粟,not_found,,,no exact pharmacopoeia herb result,error,,,RuntimeError: HTTPError: HTTP Error 468: 
HERB000690,长喙桉,not_found,,,no exact pharmacopoeia herb result,error,,,RuntimeError: HTTPError: HTTP Error 468: 
HERB000697,长毛风毛菊,not_found,,,no exact pharmacopoeia herb result,error,,,RuntimeError: HTTPError: HTTP Error 468: 
HERB000699,长毛香科科,not_found,,,no exact pharmacopoeia herb result,error,,,RuntimeError: HTTPError: HTTP Error 468: 
HERB000692,长角豆,not_found,,,no exact pharmacopoeia herb result,error,,,RuntimeError: HTTPError: HTTP Error 468: 
HERB000702,菖蒲,not_found,,,no exact pharmacopoeia herb result,error,,,RuntimeError: HTTPError: HTTP Error 468: 
HERB000698,绒叶含笑,not_found,,,no exact pharmacopoeia herb result,error,,,RuntimeError: HTTPError: HTTP Error 468: 
HERB000700,长毛籽远志,not_found,,,no exact pharmacopoeia herb result,error,,,RuntimeError: HTTPError: HTTP Error 468: 
HERB000709,巴豆,ok,https://ydz.chp.org.cn/#/item?bookId=1&entryId=116,UsePart|Properties|Meridians|Function|Indication,,error,,,RuntimeError: HTTPError: HTTP Error 468: 
HERB000705,长蕊琉璃草,not_found,,,no exact pharmacopoeia herb result,error,,,RuntimeError: HTTPError: HTTP Error 468: 
HERB000707,长生铁角蕨,not_found,,,no exact pharmacopoeia herb result,error,,,RuntimeError: HTTPError: HTTP Error 468: 
HERB000703,长前胡,not_found,,,no exact pharmacopoeia herb result,error,,,RuntimeError: HTTPError: HTTP Error 468: 
HERB000708,长蒴黄麻,not_found,,,no exact pharmacopoeia herb result,error,,,RuntimeError: HTTPError: HTTP Error 468: 
HERB000714,长尾复叶耳蕨,not_found,,,no search results,error,,,RuntimeError: HTTPError: HTTP Error 468: 
HERB000704,长柔毛委陵菜,not_found,,,no exact pharmacopoeia herb result,error,,,RuntimeError: HTTPError: HTTP Error 468: 
HERB000712,长筒瞿麦,not_found,,,no exact pharmacopoeia herb result,error,,,RuntimeError: HTTPError: HTTP Error 468: 
HERB000716,香茅,not_found,,,no search results,error,,,RuntimeError: HTTPError: HTTP Error 468: 
HERB000710,长穗地榆,not_found,,,no exact pharmacopoeia herb result,error,,,RuntimeError: HTTPError: HTTP Error 468: 
HERB000715,长尾婆婆纳,not_found,,,no exact pharmacopoeia herb result,error,,,RuntimeError: HTTPError: HTTP Error 468: 
HERB000742,当归,ok,https://ydz.chp.org.cn/#/item?bookId=1&entryId=204,Herb_latin_name|UsePart|Properties|Meridians|Function|Indication,,ok,https://www.dayi.org.cn/cmedical/300362.html,Toxicity|Therapeutic_cn_class,
HERB000719,长药隔重楼,not_found,,,no exact pharmacopoeia herb result,error,,,RuntimeError: HTTPError: HTTP Error 468: 
HERB000722,长叶薄荷,not_found,,,no exact pharmacopoeia herb result,error,,,RuntimeError: HTTPError: HTTP Error 468: 
HERB000720,长叶艾菊,not_found,,,no exact pharmacopoeia herb result,error,,,RuntimeError: HTTPError: HTTP Error 468: 
HERB000724,长叶长春花,not_found,,,no exact pharmacopoeia herb result,error,,,RuntimeError: HTTPError: HTTP Error 468: 
HERB000725,长叶车前,not_found,,,no exact pharmacopoeia herb result,error,,,RuntimeError: HTTPError: HTTP Error 468: 
HERB000726,长叶地榆,not_found,,,no exact pharmacopoeia herb result,error,,,RuntimeError: HTTPError: HTTP Error 468: 
HERB000721,长叶暗罗,not_found,,,no exact pharmacopoeia herb result,error,,,RuntimeError: HTTPError: HTTP Error 468: 
HERB000727,长叶榧树,not_found,,,no exact pharmacopoeia herb result,error,,,RuntimeError: HTTPError: HTTP Error 468: 
HERB000729,长叶厚壳桂,not_found,,,no exact pharmacopoeia herb result,error,,,RuntimeError: HTTPError: HTTP Error 468: 
HERB000728,长叶哥纳香,not_found,,,no exact pharmacopoeia herb result,error,,,RuntimeError: HTTPError: HTTP Error 468: 
HERB000732,长叶千里光,not_found,,,no exact pharmacopoeia herb result,error,,,RuntimeError: HTTPError: HTTP Error 468: 
HERB000733,长叶水麻,not_found,,,no exact pharmacopoeia herb result,error,,,RuntimeError: HTTPError: HTTP Error 468: 
HERB000734,长叶松,not_found,,,no exact pharmacopoeia herb result,error,,,RuntimeError: HTTPError: HTTP Error 468: 
HERB000736,长叶香茶菜,not_found,,,no exact pharmacopoeia herb result,error,,,RuntimeError: HTTPError: HTTP Error 468: 
HERB000737,长叶野萝卜,not_found,,,no exact pharmacopoeia herb result,error,,,RuntimeError: HTTPError: HTTP Error 468: 
HERB000735,长叶天名精,not_found,,,no exact pharmacopoeia herb result,error,,,RuntimeError: HTTPError: HTTP Error 468: 
HERB000741,长籽马钱,not_found,,,no exact pharmacopoeia herb result,error,,,RuntimeError: HTTPError: HTTP Error 468: 
HERB000739,长圆叶小波,not_found,,,no exact pharmacopoeia herb result,error,,,RuntimeError: HTTPError: HTTP Error 468: 
HERB000744,潮风草,not_found,,,no exact pharmacopoeia herb result,error,,,RuntimeError: HTTPError: HTTP Error 468: 
HERB000740,唐松草,not_found,,,no exact pharmacopoeia herb result,error,,,RuntimeError: HTTPError: HTTP Error 468: 
HERB000746,炒山甲,skipped_no_chp_blank_fields,,,,error,,,RuntimeError: HTTPError: HTTP Error 468: 
HERB000745,炒麦芽,skipped_no_chp_blank_fields,,,,error,,,RuntimeError: HTTPError: HTTP Error 468: 
HERB000750,朝鲜白头翁,not_found,,,no exact pharmacopoeia herb result,error,,,RuntimeError: HTTPError: HTTP Error 468: 
HERB000747,炒山甲珠,skipped_no_chp_blank_fields,,,,error,,,RuntimeError: HTTPError: HTTP Error 468: 
HERB000749,炒苏子,skipped_no_chp_blank_fields,,,,error,,,RuntimeError: HTTPError: HTTP Error 468: 
HERB000748,炒神曲,not_found,,,no exact pharmacopoeia herb result,error,,,RuntimeError: HTTPError: HTTP Error 468: 
HERB000753,朝鲜当归,not_found,,,no exact pharmacopoeia herb result,error,,,RuntimeError: HTTPError: HTTP Error 468: 
HERB000756,朝鲜狼牙刺,not_found,,,no exact pharmacopoeia herb result,error,,,RuntimeError: HTTPError: HTTP Error 468: 
HERB000755,朝鲜蓟,not_found,,,no exact pharmacopoeia herb result,error,,,RuntimeError: HTTPError: HTTP Error 468: 
HERB000751,朝鲜苍术,not_found,,,no exact pharmacopoeia herb result,error,,,RuntimeError: HTTPError: HTTP Error 468: 
HERB000754,朝鲜槐,not_found,,,no exact pharmacopoeia herb result,error,,,RuntimeError: HTTPError: HTTP Error 468: 
HERB000757,朝鲜冷杉,not_found,,,no exact pharmacopoeia herb result,error,,,RuntimeError: HTTPError: HTTP Error 468: 
HERB000759,朝鲜罗万,not_found,,,no exact pharmacopoeia herb result,error,,,RuntimeError: HTTPError: HTTP Error 468: 
HERB000765,炒枳壳,skipped_no_chp_blank_fields,,,,error,,,RuntimeError: HTTPError: HTTP Error 468: 
HERB000758,朝鲜连翘,not_found,,,no exact pharmacopoeia herb result,error,,,RuntimeError: HTTPError: HTTP Error 468: 
HERB000761,朝鲜五角枫,not_found,,,no exact pharmacopoeia herb result,error,,,RuntimeError: HTTPError: HTTP Error 468: 
HERB000764,炒枣仁,skipped_no_chp_blank_fields,,,,error,,,RuntimeError: HTTPError: HTTP Error 468: 
HERB000767,车前草,ok,https://ydz.chp.org.cn/#/item?bookId=1&entryId=100,UsePart,,error,,,RuntimeError: HTTPError: HTTP Error 468: 
HERB000762,朝鲜淫羊藿,not_found,,,no exact pharmacopoeia herb result,error,,,RuntimeError: HTTPError: HTTP Error 468: 
HERB000768,车前叶蓝蓟,not_found,,,no exact pharmacopoeia herb result,error,,,RuntimeError: HTTPError: HTTP Error 468: 
HERB000763,炒香干蟾蜍,not_found,,,no exact pharmacopoeia herb result,error,,,RuntimeError: HTTPError: HTTP Error 468: 
HERB000773,陈冬菜卤汁,not_found,,,no exact pharmacopoeia herb result,error,,,RuntimeError: HTTPError: HTTP Error 468: 
HERB000770,车前子,ok,https://ydz.chp.org.cn/#/item?bookId=1&entryId=99,,matched page but chp target columns already had values,error,,,RuntimeError: HTTPError: HTTP Error 468: 
HERB000769,车前与车前草,not_found,,,no exact pharmacopoeia herb result,error,,,RuntimeError: HTTPError: HTTP Error 468: 
HERB000777,沉香,skipped_no_chp_blank_fields,,,,error,,,RuntimeError: HTTPError: HTTP Error 468: 
HERB000776,辰砂,not_found,,,no exact pharmacopoeia herb result,error,,,RuntimeError: HTTPError: HTTP Error 468: 
HERB000774,陈蒿,skipped_no_chp_blank_fields,,,,error,,,RuntimeError: HTTPError: HTTP Error 468: 
HERB000771,车桑子叶,not_found,,,no exact pharmacopoeia herb result,error,,,RuntimeError: HTTPError: HTTP Error 468: 
HERB000775,陈皮,ok,https://ydz.chp.org.cn/#/item?bookId=1&entryId=293,,matched page but chp target columns already had values,error,,,RuntimeError: HTTPError: HTTP Error 468: 
HERB000778,陈棕炭,not_found,,,no exact pharmacopoeia herb result,error,,,RuntimeError: HTTPError: HTTP Error 468: 
HERB000766,车前,not_found,,,no exact pharmacopoeia herb result,error,,,RuntimeError: HTTPError: HTTP Error 468: 
HERB000779,秤杆草,not_found,,,no exact pharmacopoeia herb result,error,,,RuntimeError: HTTPError: HTTP Error 468: 
HERB000780,秤杆升麻,not_found,,,no exact pharmacopoeia herb result,error,,,RuntimeError: HTTPError: HTTP Error 468: 
HERB000782,西南唐松草,not_found,,,no exact pharmacopoeia herb result,error,,,RuntimeError: HTTPError: HTTP Error 468: 
HERB000786,蛏子,not_found,,,no search results,error,,,RuntimeError: HTTPError: HTTP Error 468: 
HERB000785,澄茄子,not_found,,,no exact pharmacopoeia herb result,error,,,RuntimeError: HTTPError: HTTP Error 468: 
HERB000793,赤豆,not_found,,,no exact pharmacopoeia herb result,error,,,RuntimeError: HTTPError: HTTP Error 468: 
HERB000783,柽柳,skipped_no_chp_blank_fields,,,,error,,,RuntimeError: HTTPError: HTTP Error 468: 
HERB000795,赤梗藤,not_found,,,no exact pharmacopoeia herb result,error,,,RuntimeError: HTTPError: HTTP Error 468: 
HERB000791,齿瓣延胡索,not_found,,,no exact pharmacopoeia herb result,error,,,RuntimeError: HTTPError: HTTP Error 468: 
HERB000797,翅果藤,not_found,,,no exact pharmacopoeia herb result,error,,,RuntimeError: HTTPError: HTTP Error 468: 
HERB000794,赤茯苓,not_found,,,no exact pharmacopoeia herb result,error,,,RuntimeError: HTTPError: HTTP Error 468: 
HERB000799,赤楠,not_found,,,no exact pharmacopoeia herb result,error,,,RuntimeError: HTTPError: HTTP Error 468: 
HERB000796,翅果黄芪,not_found,,,no exact pharmacopoeia herb result,error,,,RuntimeError: HTTPError: HTTP Error 468: 
HERB000803,赤石脂,ok,https://ydz.chp.org.cn/#/item?bookId=1&entryId=244,,matched page but chp target columns already had values,error,,,RuntimeError: HTTPError: HTTP Error 468: 
HERB000805,赤硝,not_found,,,no exact pharmacopoeia herb result,error,,,RuntimeError: HTTPError: HTTP Error 468: 
HERB000804,赤松,not_found,,,no search results,error,,,RuntimeError: HTTPError: HTTP Error 468: 
HERB000800,赤芍,ok,https://ydz.chp.org.cn/#/item?bookId=1&entryId=245,UsePart,,error,,,RuntimeError: HTTPError: HTTP Error 468: 
HERB000806,赤小豆,ok,https://ydz.chp.org.cn/#/item?bookId=1&entryId=243,,matched page but chp target columns already had values,error,,,RuntimeError: HTTPError: HTTP Error 468: 
HERB000808,赤阳子,not_found,,,no exact pharmacopoeia herb result,error,,,RuntimeError: HTTPError: HTTP Error 468: 
HERB000802,赤芍药,not_found,,,no exact pharmacopoeia herb result,error,,,RuntimeError: HTTPError: HTTP Error 468: 
HERB000810,驰野美登木,not_found,,,no exact pharmacopoeia herb result,error,,,RuntimeError: HTTPError: HTTP Error 468: 
HERB000813,齿叶橐吾,not_found,,,no exact pharmacopoeia herb result,error,,,RuntimeError: HTTPError: HTTP Error 468: 
HERB000809,齿叶草,not_found,,,no exact pharmacopoeia herb result,error,,,RuntimeError: HTTPError: HTTP Error 468: 
HERB000817,重唇鱼,not_found,,,no exact pharmacopoeia herb result,error,,,RuntimeError: HTTPError: HTTP Error 468: 
HERB000814,虫白蜡,ok,https://ydz.chp.org.cn/#/item?bookId=1&entryId=206,,matched page but chp target columns already had values,error,,,RuntimeError: HTTPError: HTTP Error 468: 
HERB000811,齿叶睡莲,not_found,,,no exact pharmacopoeia herb result,error,,,RuntimeError: HTTPError: HTTP Error 468: 
HERB000820,崇明八角莲,not_found,,,no exact pharmacopoeia herb result,error,,,RuntimeError: HTTPError: HTTP Error 468: 
HERB000818,重楼,ok,https://ydz.chp.org.cn/#/item?bookId=1&entryId=409,Properties|Meridians,,error,,,RuntimeError: HTTPError: HTTP Error 468: 
HERB000819,重楼排草,not_found,,,no exact pharmacopoeia herb result,error,,,RuntimeError: HTTPError: HTTP Error 468: 
HERB000822,茺蔚子,ok,https://ydz.chp.org.cn/#/item?bookId=1&entryId=376,UsePart,,error,,,RuntimeError: HTTPError: HTTP Error 468: 
HERB000816,重瓣栀子,not_found,,,no exact pharmacopoeia herb result,error,,,RuntimeError: HTTPError: HTTP Error 468: 
HERB000828,臭冷杉,not_found,,,no exact pharmacopoeia herb result,error,,,RuntimeError: HTTPError: HTTP Error 468: 
HERB000824,臭阿魏,not_found,,,no exact pharmacopoeia herb result,error,,,RuntimeError: HTTPError: HTTP Error 468: 
HERB000826,臭草,not_found,,,no exact pharmacopoeia herb result,error,,,RuntimeError: HTTPError: HTTP Error 468: 
HERB000827,臭节草根,not_found,,,no exact pharmacopoeia herb result,error,,,RuntimeError: HTTPError: HTTP Error 468: 
HERB000825,臭柏,not_found,,,no exact pharmacopoeia herb result,error,,,RuntimeError: HTTPError: HTTP Error 468: 
HERB000830,臭牡丹,not_found,,,no exact pharmacopoeia herb result,error,,,RuntimeError: HTTPError: HTTP Error 468: 
HERB000829,臭茉莉,not_found,,,no exact pharmacopoeia herb result,error,,,RuntimeError: HTTPError: HTTP Error 468: 
HERB000831,臭牡丹根,not_found,,,no exact pharmacopoeia herb result,error,,,RuntimeError: HTTPError: HTTP Error 468: 
HERB000839,除虫菊,not_found,,,no search results,error,,,RuntimeError: HTTPError: HTTP Error 468: 
HERB000832,臭苜蓿根,not_found,,,no exact pharmacopoeia herb result,error,,,RuntimeError: HTTPError: HTTP Error 468: 
HERB000834,臭味红豆,not_found,,,no exact pharmacopoeia herb result,error,,,RuntimeError: HTTPError: HTTP Error 468: 
HERB000833,臭山羊,not_found,,,no exact pharmacopoeia herb result,error,,,RuntimeError: HTTPError: HTTP Error 468: 
HERB000835,臭梧桐,not_found,,,no exact pharmacopoeia herb result,error,,,RuntimeError: HTTPError: HTTP Error 468: 
HERB000838,樗白皮,not_found,,,no search results,error,,,RuntimeError: HTTPError: HTTP Error 468: 
HERB000815,重瓣萱草,not_found,,,no exact pharmacopoeia herb result,error,,,RuntimeError: HTTPError: HTTP Error 468: 
HERB000840,雏菊,not_found,,,no search results,error,,,RuntimeError: HTTPError: HTTP Error 468: 
HERB000836,臭梧桐根,not_found,,,no exact pharmacopoeia herb result,error,,,RuntimeError: HTTPError: HTTP Error 468: 
HERB000841,楮实,skipped_no_chp_blank_fields,,,,error,,,RuntimeError: HTTPError: HTTP Error 468: 
HERB000848,川百合,skipped_no_chp_blank_fields,,,,error,,,RuntimeError: HTTPError: HTTP Error 468: 
HERB000845,樗叶花椒根,not_found,,,no exact pharmacopoeia herb result,error,,,RuntimeError: HTTPError: HTTP Error 468: 
HERB000842,楮实子,ok,https://ydz.chp.org.cn/#/item?bookId=1&entryId=530,Herb_latin_name|UsePart|Properties|Meridians|Function|Indication,,error,,,RuntimeError: HTTPError: HTTP Error 468: 
HERB000844,樗叶花椒,not_found,,,no exact pharmacopoeia herb result,error,,,RuntimeError: HTTPError: HTTP Error 468: 
HERB000847,川八角莲,not_found,,,no exact pharmacopoeia herb result,error,,,RuntimeError: HTTPError: HTTP Error 468: 
HERB000851,川产九节龙,not_found,,,no exact pharmacopoeia herb result,error,,,RuntimeError: HTTPError: HTTP Error 468: 
HERB000849,川贝母,skipped_no_chp_blank_fields,,,,error,,,RuntimeError: HTTPError: HTTP Error 468: 
HERB000852,川赤芍,not_found,,,no exact pharmacopoeia herb result,error,,,RuntimeError: HTTPError: HTTP Error 468: 
HERB000846,樗叶花椒皮,not_found,,,no exact pharmacopoeia herb result,error,,,RuntimeError: HTTPError: HTTP Error 468: 
HERB000850,川赤芍,not_found,,,no exact pharmacopoeia herb result,error,,,RuntimeError: HTTPError: HTTP Error 468: 
HERB000854,川滇金丝桃,not_found,,,no exact pharmacopoeia herb result,error,,,RuntimeError: HTTPError: HTTP Error 468: 
HERB000853,川党参,not_found,,,no exact pharmacopoeia herb result,error,,,RuntimeError: HTTPError: HTTP Error 468: 
HERB000857,川东獐牙菜,not_found,,,no exact pharmacopoeia herb result,error,,,RuntimeError: HTTPError: HTTP Error 468: 
HERB000861,川蚣,not_found,,,no exact pharmacopoeia herb result,error,,,RuntimeError: HTTPError: HTTP Error 468: 
HERB000858,川杜仲,skipped_no_chp_blank_fields,,,,error,,,RuntimeError: HTTPError: HTTP Error 468: 
HERB000862,川黄连,skipped_no_chp_blank_fields,,,,error,,,RuntimeError: HTTPError: HTTP Error 468: 
HERB000856,川滇淫羊藿,not_found,,,no exact pharmacopoeia herb result,error,,,RuntimeError: HTTPError: HTTP Error 468: 
HERB000859,川鄂淫羊藿,not_found,,,no exact pharmacopoeia herb result,error,,,RuntimeError: HTTPError: HTTP Error 468: 
HERB000860,川防风,not_found,,,no exact pharmacopoeia herb result,error,,,RuntimeError: HTTPError: HTTP Error 468: 
HERB000863,川黄芩,not_found,,,no exact pharmacopoeia herb result,error,,,RuntimeError: HTTPError: HTTP Error 468: 
HERB000866,川黎果,not_found,,,no exact pharmacopoeia herb result,error,,,RuntimeError: HTTPError: HTTP Error 468: 
HERB000864,川槿皮,not_found,,,no exact pharmacopoeia herb result,error,,,RuntimeError: HTTPError: HTTP Error 468: 
HERB000867,川楝皮,not_found,,,no exact pharmacopoeia herb result,error,,,RuntimeError: HTTPError: HTTP Error 468: 
HERB000865,川菊,not_found,,,no exact pharmacopoeia herb result,error,,,RuntimeError: HTTPError: HTTP Error 468: 
HERB000872,川牛膝,skipped_no_chp_blank_fields,,,,error,,,RuntimeError: HTTPError: HTTP Error 468: 
HERB000871,川木香,ok,https://ydz.chp.org.cn/#/item?bookId=1&entryId=50,Properties|Meridians,,error,,,RuntimeError: HTTPError: HTTP Error 468: 
HERB000873,穿破石,not_found,,,no exact pharmacopoeia herb result,error,,,RuntimeError: HTTPError: HTTP Error 468: 
HERB000870,川木通,ok,https://ydz.chp.org.cn/#/item?bookId=1&entryId=51,UsePart|Properties|Meridians,,error,,,RuntimeError: HTTPError: HTTP Error 468: 
HERB000869,穿龙薯蓣,not_found,,,no exact pharmacopoeia herb result,error,,,RuntimeError: HTTPError: HTTP Error 468: 
HERB000874,川黔翠雀花,not_found,,,no search results,error,,,RuntimeError: HTTPError: HTTP Error 468: 
HERB000879,川射干,ok,https://ydz.chp.org.cn/#/item?bookId=1&entryId=57,Herb_latin_name|UsePart|Properties|Meridians|Function|Indication,,error,,,RuntimeError: HTTPError: HTTP Error 468: 
HERB000877,穿山龙,ok,https://ydz.chp.org.cn/#/item?bookId=1&entryId=422,UsePart,,error,,,RuntimeError: HTTPError: HTTP Error 468: 
HERB000876,穿山甲,skipped_no_chp_blank_fields,,,,error,,,RuntimeError: HTTPError: HTTP Error 468: 
HERB000875,川山橙,not_found,,,no exact pharmacopoeia herb result,error,,,RuntimeError: HTTPError: HTTP Error 468: 
HERB000884,穿心莲,skipped_no_chp_blank_fields,,,,error,,,RuntimeError: HTTPError: HTTP Error 468: 
HERB000881,川乌,ok,https://ydz.chp.org.cn/#/item?bookId=1&entryId=54,,matched page but chp target columns already had values,error,,,RuntimeError: HTTPError: HTTP Error 468: 
HERB000883,川西獐牙菜,not_found,,,no exact pharmacopoeia herb result,error,,,RuntimeError: HTTPError: HTTP Error 468: 
HERB000882,川西淫羊藿,not_found,,,no exact pharmacopoeia herb result,error,,,RuntimeError: HTTPError: HTTP Error 468: 
HERB000887,川芎,skipped_no_chp_blank_fields,,,,error,,,RuntimeError: HTTPError: HTTP Error 468: 
HERB000885,穿心莲叶,not_found,,,no search results,error,,,RuntimeError: HTTPError: HTTP Error 468: 
HERB000886,船形乌头,not_found,,,no exact pharmacopoeia herb result,error,,,RuntimeError: HTTPError: HTTP Error 468: 
HERB000889,川藏香茶菜,not_found,,,no exact pharmacopoeia herb result,error,,,RuntimeError: HTTPError: HTTP Error 468: 
HERB000888,川续断,skipped_no_chp_blank_fields,,,,error,,,RuntimeError: HTTPError: HTTP Error 468: 
HERB000890,串珠耳叶苔,not_found,,,no exact pharmacopoeia herb result,error,,,RuntimeError: HTTPError: HTTP Error 468: 
HERB000891,木防己,not_found,,,no exact pharmacopoeia herb result,error,,,RuntimeError: HTTPError: HTTP Error 468: 
HERB000898,椿白皮,not_found,,,no exact pharmacopoeia herb result,error,,,RuntimeError: HTTPError: HTTP Error 468: 
HERB000892,垂盆草,ok,https://ydz.chp.org.cn/#/item?bookId=1&entryId=330,UsePart,,error,,,RuntimeError: HTTPError: HTTP Error 468: 
HERB000896,垂子买麻藤,not_found,,,no exact pharmacopoeia herb result,error,,,RuntimeError: HTTPError: HTTP Error 468: 
HERB000895,垂珠算盘子,not_found,,,no exact pharmacopoeia herb result,error,,,RuntimeError: HTTPError: HTTP Error 468: 
HERB000899,唇萼薄荷,not_found,,,no exact pharmacopoeia herb result,error,,,RuntimeError: HTTPError: HTTP Error 468: 
HERB000903,椿皮,ok,https://ydz.chp.org.cn/#/item?bookId=1&entryId=562,UsePart,,error,,,RuntimeError: HTTPError: HTTP Error 468: 
HERB000900,福寿草,not_found,,,no exact pharmacopoeia herb result,error,,,RuntimeError: HTTPError: HTTP Error 468: 
HERB000909,刺菜蓟,not_found,,,no search results,error,,,RuntimeError: HTTPError: HTTP Error 468: 
HERB000907,刺柏,not_found,,,no search results,error,,,RuntimeError: HTTPError: HTTP Error 468: 
HERB000912,茨菇,not_found,,,no exact pharmacopoeia herb result,error,,,RuntimeError: HTTPError: HTTP Error 468: 
HERB000906,唇柱苣苔,not_found,,,no exact pharmacopoeia herb result,error,,,RuntimeError: HTTPError: HTTP Error 468: 
HERB000901,椿根皮,not_found,,,no exact pharmacopoeia herb result,error,,,RuntimeError: HTTPError: HTTP Error 468: 
HERB000911,刺豆蔻,not_found,,,no exact pharmacopoeia herb result,error,,,RuntimeError: HTTPError: HTTP Error 468: 
HERB000914,刺果番荔枝,not_found,,,no search results,error,,,RuntimeError: HTTPError: HTTP Error 468: 
HERB000913,刺瑰,not_found,,,no exact pharmacopoeia herb result,error,,,RuntimeError: HTTPError: HTTP Error 468: 
HERB000917,刺果苏木,not_found,,,no exact pharmacopoeia herb result,error,,,RuntimeError: HTTPError: HTTP Error 468: 
HERB000915,刺果甘草,not_found,,,no exact pharmacopoeia herb result,error,,,RuntimeError: HTTPError: HTTP Error 468: 
HERB000924,刺蒺藜,skipped_no_chp_blank_fields,,,,error,,,RuntimeError: HTTPError: HTTP Error 468: 
HERB000916,刺果松,not_found,,,no exact pharmacopoeia herb result,error,,,RuntimeError: HTTPError: HTTP Error 468: 
HERB000919,刺花椒,not_found,,,no exact pharmacopoeia herb result,error,,,RuntimeError: HTTPError: HTTP Error 468: 
HERB000921,刺槐花,not_found,,,no exact pharmacopoeia herb result,error,,,RuntimeError: HTTPError: HTTP Error 468: 
HERB000920,刺花莲子草,not_found,,,no exact pharmacopoeia herb result,error,,,RuntimeError: HTTPError: HTTP Error 468: 
HERB000923,刺黄连,not_found,,,no exact pharmacopoeia herb result,error,,,RuntimeError: HTTPError: HTTP Error 468: 
HERB000922,刺槐角,not_found,,,no exact pharmacopoeia herb result,error,,,RuntimeError: HTTPError: HTTP Error 468: 
HERB000926,刺壳花椒,not_found,,,no exact pharmacopoeia herb result,error,,,RuntimeError: HTTPError: HTTP Error 468: 
HERB000927,刺梨,not_found,,,no search results,error,,,RuntimeError: HTTPError: HTTP Error 468: 
HERB000931,刺南蛇藤,not_found,,,no exact pharmacopoeia herb result,error,,,RuntimeError: HTTPError: HTTP Error 468: 
HERB000928,刺马前子,not_found,,,no exact pharmacopoeia herb result,error,,,RuntimeError: HTTPError: HTTP Error 468: 
HERB000930,刺芒柄花,not_found,,,no exact pharmacopoeia herb result,error,,,RuntimeError: HTTPError: HTTP Error 468: 
HERB000932,刺楸树皮,not_found,,,no exact pharmacopoeia herb result,error,,,RuntimeError: HTTPError: HTTP Error 468: 
HERB000935,磁石,ok,https://ydz.chp.org.cn/#/item?bookId=1&entryId=584,,matched page but chp target columns already had values,error,,,RuntimeError: HTTPError: HTTP Error 468: 
HERB000933,刺人参,not_found,,,no exact pharmacopoeia herb result,error,,,RuntimeError: HTTPError: HTTP Error 468: 
HERB000938,刺头复叶耳蕨,not_found,,,no search results,error,,,RuntimeError: HTTPError: HTTP Error 468: 
HERB000934,刺三加,not_found,,,no exact pharmacopoeia herb result,error,,,RuntimeError: HTTPError: HTTP Error 468: 
HERB000939,刺猬皮,not_found,,,no exact pharmacopoeia herb result,error,,,RuntimeError: HTTPError: HTTP Error 468: 
HERB000936,刺天茄,not_found,,,no exact pharmacopoeia herb result,error,,,RuntimeError: HTTPError: HTTP Error 468: 
HERB000944,十大功劳叶,not_found,,,no search results,error,,,RuntimeError: HTTPError: HTTP Error 468: 
HERB000949,葱白,skipped_no_chp_blank_fields,,,,error,,,RuntimeError: HTTPError: HTTP Error 468: 
HERB000940,刺五加,skipped_no_chp_blank_fields,,,,error,,,RuntimeError: HTTPError: HTTP Error 468: 
HERB000941,刺五加片,not_found,,,no exact pharmacopoeia herb result,error,,,RuntimeError: HTTPError: HTTP Error 468: 
HERB000948,葱,not_found,,,no exact pharmacopoeia herb result,error,,,RuntimeError: HTTPError: HTTP Error 468: 
HERB000942,刺五加叶,not_found,,,no exact pharmacopoeia herb result,error,,,RuntimeError: HTTPError: HTTP Error 468: 
HERB000950,葱花,not_found,,,no search results,error,,,RuntimeError: HTTPError: HTTP Error 468: 
HERB000945,刺异叶花椒,not_found,,,no exact pharmacopoeia herb result,error,,,RuntimeError: HTTPError: HTTP Error 468: 
HERB000954,葱实,not_found,,,no exact pharmacopoeia herb result,error,,,RuntimeError: HTTPError: HTTP Error 468: 
HERB000953,枞木,not_found,,,no search results,error,,,RuntimeError: HTTPError: HTTP Error 468: 
HERB000952,丛粒藻,not_found,,,no exact pharmacopoeia herb result,error,,,RuntimeError: HTTPError: HTTP Error 468: 
HERB000955,葱须,not_found,,,no exact pharmacopoeia herb result,error,,,RuntimeError: HTTPError: HTTP Error 468: 
HERB000958,雪莲,not_found,,,no exact pharmacopoeia herb result,error,,,RuntimeError: HTTPError: HTTP Error 468: 
HERB000956,葱叶,not_found,,,no exact pharmacopoeia herb result,error,,,RuntimeError: HTTPError: HTTP Error 468: 
HERB000957,葱汁,not_found,,,no exact pharmacopoeia herb result,error,,,RuntimeError: HTTPError: HTTP Error 468: 
HERB000959,臭冷杉,not_found,,,no exact pharmacopoeia herb result,error,,,RuntimeError: HTTPError: HTTP Error 468: 
HERB000961,粗柄铁线莲,not_found,,,no exact pharmacopoeia herb result,error,,,RuntimeError: HTTPError: HTTP Error 468: 
HERB000962,粗糙菝葜,not_found,,,no exact pharmacopoeia herb result,error,,,RuntimeError: HTTPError: HTTP Error 468: 
HERB000960,醋,not_found,,,no exact pharmacopoeia herb result,error,,,RuntimeError: HTTPError: HTTP Error 468: 
HERB000964,粗糙蛇鞭菊,not_found,,,no exact pharmacopoeia herb result,error,,,RuntimeError: HTTPError: HTTP Error 468: 
HERB000963,龙胆,ok,https://ydz.chp.org.cn/#/item?bookId=1&entryId=140,UsePart|Properties|Meridians|Function|Indication,,error,,,RuntimeError: HTTPError: HTTP Error 468: 
HERB000967,粗果唐松草,not_found,,,no exact pharmacopoeia herb result,error,,,RuntimeError: HTTPError: HTTP Error 468: 
HERB000965,粗糙矢车菊,not_found,,,no exact pharmacopoeia herb result,error,,,RuntimeError: HTTPError: HTTP Error 468: 
HERB000968,粗果香茶菜,not_found,,,no exact pharmacopoeia herb result,error,,,RuntimeError: HTTPError: HTTP Error 468: 
HERB000969,簇花獐牙菜,not_found,,,no exact pharmacopoeia herb result,error,,,RuntimeError: HTTPError: HTTP Error 468: 
HERB000972,粗糠柴,not_found,,,no exact pharmacopoeia herb result,error,,,RuntimeError: HTTPError: HTTP Error 468: 
HERB000976,粗毛鳞盖蕨,not_found,,,no exact pharmacopoeia herb result,error,,,RuntimeError: HTTPError: HTTP Error 468: 
HERB000971,粗茎乌头,not_found,,,no exact pharmacopoeia herb result,error,,,RuntimeError: HTTPError: HTTP Error 468: 
HERB000970,粗茎秦艽,not_found,,,no exact pharmacopoeia herb result,error,,,RuntimeError: HTTPError: HTTP Error 468: 
HERB000973,醋柳果,not_found,,,no exact pharmacopoeia herb result,error,,,RuntimeError: HTTPError: HTTP Error 468: 
HERB000974,粗毛甘草,not_found,,,no exact pharmacopoeia herb result,error,,,RuntimeError: HTTPError: HTTP Error 468: 
HERB000977,粗毛南蛇藤,not_found,,,no exact pharmacopoeia herb result,error,,,RuntimeError: HTTPError: HTTP Error 468: 
HERB000980,粗毛淫羊藿,not_found,,,no exact pharmacopoeia herb result,error,,,RuntimeError: HTTPError: HTTP Error 468: 
HERB000978,粗毛牛舌草,not_found,,,no exact pharmacopoeia herb result,error,,,RuntimeError: HTTPError: HTTP Error 468: 
HERB000981,粗皮山核桃,not_found,,,no exact pharmacopoeia herb result,error,,,RuntimeError: HTTPError: HTTP Error 468: 
HERB000979,粗毛栓菌,not_found,,,no exact pharmacopoeia herb result,error,,,RuntimeError: HTTPError: HTTP Error 468: 
HERB000992,粗叶榕,not_found,,,no exact pharmacopoeia herb result,error,,,RuntimeError: HTTPError: HTTP Error 468: 
HERB000988,醋酸地塞米松,not_found,,,no exact pharmacopoeia herb result,error,,,RuntimeError: HTTPError: HTTP Error 468: 
HERB000987,醋酸,not_found,,,no exact pharmacopoeia herb result,error,,,RuntimeError: HTTPError: HTTP Error 468: 
HERB000999,粗壮金鸡纳,not_found,,,no exact pharmacopoeia herb result,error,,,RuntimeError: HTTPError: HTTP Error 468: 
HERB000993,粗叶悬钩子,not_found,,,no exact pharmacopoeia herb result,error,,,RuntimeError: HTTPError: HTTP Error 468: 
HERB000982,粗蛇鞭菊,not_found,,,no exact pharmacopoeia herb result,error,,,RuntimeError: HTTPError: HTTP Error 468: 
HERB000998,粗壮龙胆,not_found,,,no exact pharmacopoeia herb result,error,,,RuntimeError: HTTPError: HTTP Error 468: 
HERB000996,粗硬毛豚草,not_found,,,no exact pharmacopoeia herb result,error,,,RuntimeError: HTTPError: HTTP Error 468: 
HERB000995,粗硬毛铁苋菜,not_found,,,no exact pharmacopoeia herb result,error,,,RuntimeError: HTTPError: HTTP Error 468: 
HERB001000,粗壮咖啡,not_found,,,no exact pharmacopoeia herb result,error,,,RuntimeError: HTTPError: HTTP Error 468: 
HERB001005,催眠睡茄,not_found,,,no exact pharmacopoeia herb result,error,,,RuntimeError: HTTPError: HTTP Error 468: 
HERB001001,粗壮女贞,not_found,,,no exact pharmacopoeia herb result,error,,,RuntimeError: HTTPError: HTTP Error 468: 
HERB001004,灯芯柳珊瑚,not_found,,,no exact pharmacopoeia herb result,error,,,RuntimeError: HTTPError: HTTP Error 468: 
HERB001008,催吐萝芙木,not_found,,,no exact pharmacopoeia herb result,error,,,RuntimeError: HTTPError: HTTP Error 468: 
HERB001002,粗壮酸藤子,not_found,,,no exact pharmacopoeia herb result,error,,,RuntimeError: HTTPError: HTTP Error 468: 
HERB001010,寸冬,skipped_no_chp_blank_fields,,,,error,,,RuntimeError: HTTPError: HTTP Error 468: 
HERB001006,翠雀花,not_found,,,no exact pharmacopoeia herb result,error,,,RuntimeError: HTTPError: HTTP Error 468: 
HERB001014,大驳骨,skipped_no_chp_blank_fields,,,,error,,,RuntimeError: HTTPError: HTTP Error 468: 
HERB001009,翠云草,not_found,,,no exact pharmacopoeia herb result,error,,,RuntimeError: HTTPError: HTTP Error 468: 
HERB001012,大芭蕉,not_found,,,no exact pharmacopoeia herb result,error,,,RuntimeError: HTTPError: HTTP Error 468: 
HERB001013,大白顶草,not_found,,,no exact pharmacopoeia herb result,error,,,RuntimeError: HTTPError: HTTP Error 468: 
HERB001015,大波斯菊,not_found,,,no search results,error,,,RuntimeError: HTTPError: HTTP Error 468: 
HERB001016,大草寇,not_found,,,no exact pharmacopoeia herb result,error,,,RuntimeError: HTTPError: HTTP Error 468: 
HERB001023,大豆,not_found,,,no exact pharmacopoeia herb result,error,,,RuntimeError: HTTPError: HTTP Error 468: 
HERB001017,大长春花,not_found,,,no exact pharmacopoeia herb result,error,,,RuntimeError: HTTPError: HTTP Error 468: 
HERB001018,大巢菜,not_found,,,no exact pharmacopoeia herb result,error,,,RuntimeError: HTTPError: HTTP Error 468: 
HERB001024,大独活,skipped_no_chp_blank_fields,,,,error,,,RuntimeError: HTTPError: HTTP Error 468: 
HERB001019,大车前,not_found,,,no exact pharmacopoeia herb result,error,,,RuntimeError: HTTPError: HTTP Error 468: 
HERB001028,大萼香茶菜,not_found,,,no exact pharmacopoeia herb result,error,,,RuntimeError: HTTPError: HTTP Error 468: 
HERB001022,大丁草,not_found,,,no exact pharmacopoeia herb result,error,,,RuntimeError: HTTPError: HTTP Error 468: 
HERB001027,大萼金丝桃,not_found,,,no exact pharmacopoeia herb result,error,,,RuntimeError: HTTPError: HTTP Error 468: 
HERB001020,大翅蓟,not_found,,,no exact pharmacopoeia herb result,error,,,RuntimeError: HTTPError: HTTP Error 468: 
HERB001025,大渡乌头,not_found,,,no exact pharmacopoeia herb result,error,,,RuntimeError: HTTPError: HTTP Error 468: 
HERB001031,大飞扬草,not_found,,,no search results,error,,,RuntimeError: HTTPError: HTTP Error 468: 
HERB001030,达尔文小檗,not_found,,,no exact pharmacopoeia herb result,error,,,RuntimeError: HTTPError: HTTP Error 468: 
HERB001032,大风子,not_found,,,no exact pharmacopoeia herb result,error,,,RuntimeError: HTTPError: HTTP Error 468: 
HERB001034,大腹皮,ok,https://ydz.chp.org.cn/#/item?bookId=1&entryId=35,Herb_latin_name|UsePart|Properties|Meridians|Function,,error,,,RuntimeError: HTTPError: HTTP Error 468: 
HERB001037,大果大戟,not_found,,,no exact pharmacopoeia herb result,error,,,RuntimeError: HTTPError: HTTP Error 468: 
HERB001039,大果桃金娘,not_found,,,no exact pharmacopoeia herb result,error,,,RuntimeError: HTTPError: HTTP Error 468: 
HERB001043,大红菇,not_found,,,no exact pharmacopoeia herb result,error,,,RuntimeError: HTTPError: HTTP Error 468: 
HERB001044,大红罂粟,not_found,,,no exact pharmacopoeia herb result,error,,,RuntimeError: HTTPError: HTTP Error 468: 
HERB001046,大花倒地铃,not_found,,,no exact pharmacopoeia herb result,error,,,RuntimeError: HTTPError: HTTP Error 468: 
HERB001036,大果柏木,not_found,,,no exact pharmacopoeia herb result,error,,,RuntimeError: HTTPError: HTTP Error 468: 
HERB001038,大果咖啡,not_found,,,no exact pharmacopoeia herb result,error,,,RuntimeError: HTTPError: HTTP Error 468: 
HERB001041,大黑,not_found,,,no exact pharmacopoeia herb result,error,,,RuntimeError: HTTPError: HTTP Error 468: 
HERB001045,大花糙苏,not_found,,,no exact pharmacopoeia herb result,error,,,RuntimeError: HTTPError: HTTP Error 468: 
HERB001040,大果西番莲,not_found,,,no exact pharmacopoeia herb result,error,,,RuntimeError: HTTPError: HTTP Error 468: 
HERB001042,大黑头草,not_found,,,no exact pharmacopoeia herb result,error,,,RuntimeError: HTTPError: HTTP Error 468: 
HERB001048,大花哥纳香,not_found,,,no exact pharmacopoeia herb result,error,,,RuntimeError: HTTPError: HTTP Error 468: 
HERB001052,大花剪秋罗,not_found,,,no exact pharmacopoeia herb result,error,,,RuntimeError: HTTPError: HTTP Error 468: 
HERB001049,大花红景天,not_found,,,no exact pharmacopoeia herb result,error,,,RuntimeError: HTTPError: HTTP Error 468: 
HERB001051,大花樫木,not_found,,,no exact pharmacopoeia herb result,error,,,RuntimeError: HTTPError: HTTP Error 468: 
HERB001050,大花黄花蒿,not_found,,,no exact pharmacopoeia herb result,error,,,RuntimeError: HTTPError: HTTP Error 468: 
HERB001054,大花金挖耳,not_found,,,no exact pharmacopoeia herb result,error,,,RuntimeError: HTTPError: HTTP Error 468: 
HERB001053,大花金鸡菊,not_found,,,no exact pharmacopoeia herb result,error,,,RuntimeError: HTTPError: HTTP Error 468: 
HERB001055,大花菊,not_found,,,no exact pharmacopoeia herb result,error,,,RuntimeError: HTTPError: HTTP Error 468: 
HERB001056,大花落新妇,not_found,,,no exact pharmacopoeia herb result,error,,,RuntimeError: HTTPError: HTTP Error 468: 
HERB001057,大花马齿苋,not_found,,,no exact pharmacopoeia herb result,error,,,RuntimeError: HTTPError: HTTP Error 468: 
HERB001063,大花旋覆花,not_found,,,no exact pharmacopoeia herb result,error,,,RuntimeError: HTTPError: HTTP Error 468: 
HERB001059,大花杓兰,not_found,,,no exact pharmacopoeia herb result,error,,,RuntimeError: HTTPError: HTTP Error 468: 
HERB001060,大花五味子,not_found,,,no exact pharmacopoeia herb result,error,,,RuntimeError: HTTPError: HTTP Error 468: 
HERB001064,大花妖文殊兰,not_found,,,no exact pharmacopoeia herb result,error,,,RuntimeError: HTTPError: HTTP Error 468: 
HERB001062,大花旋覆花,not_found,,,no exact pharmacopoeia herb result,error,,,RuntimeError: HTTPError: HTTP Error 468: 
HERB001058,大花山牵牛,not_found,,,no exact pharmacopoeia herb result,error,,,RuntimeError: HTTPError: HTTP Error 468: 
HERB001061,大花细辛,not_found,,,no exact pharmacopoeia herb result,error,,,RuntimeError: HTTPError: HTTP Error 468: 
HERB001067,大花紫薇,not_found,,,no exact pharmacopoeia herb result,error,,,RuntimeError: HTTPError: HTTP Error 468: 
HERB001069,大黄,skipped_no_chp_blank_fields,,,,error,,,RuntimeError: HTTPError: HTTP Error 468: 
HERB001068,大花紫玉盘,not_found,,,no exact pharmacopoeia herb result,error,,,RuntimeError: HTTPError: HTTP Error 468: 
HERB001065,大花淫羊藿,not_found,,,no exact pharmacopoeia herb result,error,,,RuntimeError: HTTPError: HTTP Error 468: 
HERB001075,大蓟,skipped_no_chp_blank_fields,,,,error,,,RuntimeError: HTTPError: HTTP Error 468: 
HERB001071,大黄茎,not_found,,,no exact pharmacopoeia herb result,error,,,RuntimeError: HTTPError: HTTP Error 468: 
HERB001073,大活血,skipped_no_chp_blank_fields,,,,error,,,RuntimeError: HTTPError: HTTP Error 468: 
HERB001070,大黄豆卷,not_found,,,no exact pharmacopoeia herb result,error,,,RuntimeError: HTTPError: HTTP Error 468: 
HERB001074,大蓟,ok,https://ydz.chp.org.cn/#/item?bookId=1&entryId=33,UsePart|Indication,,error,,,RuntimeError: HTTPError: HTTP Error 468: 
HERB001076,大蓟,skipped_no_chp_blank_fields,,,,error,,,RuntimeError: HTTPError: HTTP Error 468: 
HERB001077,大蓟,ok,https://ydz.chp.org.cn/#/item?bookId=1&entryId=33,Herb_latin_name|UsePart|Properties|Meridians|Function|Indication,,error,,,RuntimeError: HTTPError: HTTP Error 468: 
HERB001078,大蓟,ok,https://ydz.chp.org.cn/#/item?bookId=1&entryId=33,Herb_latin_name|UsePart|Properties|Meridians|Function|Indication,,error,,,RuntimeError: HTTPError: HTTP Error 468: 
HERB001079,大蓟,ok,https://ydz.chp.org.cn/#/item?bookId=1&entryId=33,Properties|Meridians,,error,,,RuntimeError: HTTPError: HTTP Error 468: 
HERB001080,大蓟,ok,https://ydz.chp.org.cn/#/item?bookId=1&entryId=33,Properties|Meridians,,error,,,RuntimeError: HTTPError: HTTP Error 468: 
HERB001081,大金牛草,not_found,,,no exact pharmacopoeia herb result,error,,,RuntimeError: HTTPError: HTTP Error 468: 
HERB001084,大丽花,not_found,,,no search results,error,,,RuntimeError: HTTPError: HTTP Error 468: 
HERB001085,大理鹿蹄草,not_found,,,no exact pharmacopoeia herb result,error,,,RuntimeError: HTTPError: HTTP Error 468: 
HERB001083,大狼毒,not_found,,,no exact pharmacopoeia herb result,error,,,RuntimeError: HTTPError: HTTP Error 468: 
HERB001086,大力子,skipped_no_chp_blank_fields,,,,error,,,RuntimeError: HTTPError: HTTP Error 468: 
HERB001082,大金钱草,not_found,,,no exact pharmacopoeia herb result,error,,,RuntimeError: HTTPError: HTTP Error 468: 
HERB001091,大马士革蔷薇,not_found,,,no search results,error,,,RuntimeError: HTTPError: HTTP Error 468: 
HERB001088,大马兜铃,not_found,,,no exact pharmacopoeia herb result,error,,,RuntimeError: HTTPError: HTTP Error 468: 
HERB001095,大棚藤,not_found,,,no exact pharmacopoeia herb result,error,,,RuntimeError: HTTPError: HTTP Error 468: 
HERB001093,大米,not_found,,,no exact pharmacopoeia herb result,error,,,RuntimeError: HTTPError: HTTP Error 468: 
HERB001087,大良姜,not_found,,,no exact pharmacopoeia herb result,error,,,RuntimeError: HTTPError: HTTP Error 468: 
HERB001090,大马金,not_found,,,no exact pharmacopoeia herb result,error,,,RuntimeError: HTTPError: HTTP Error 468: 
HERB001092,大麻叶泽兰,not_found,,,no exact pharmacopoeia herb result,error,,,RuntimeError: HTTPError: HTTP Error 468: 
HERB001096,大平丝芋,not_found,,,no exact pharmacopoeia herb result,error,,,RuntimeError: HTTPError: HTTP Error 468: 
HERB001098,大前胡,not_found,,,no exact pharmacopoeia herb result,error,,,RuntimeError: HTTPError: HTTP Error 468: 
HERB001097,打破碗花花,not_found,,,no exact pharmacopoeia herb result,error,,,RuntimeError: HTTPError: HTTP Error 468: 
HERB001099,大青木根,not_found,,,no exact pharmacopoeia herb result,error,,,RuntimeError: HTTPError: HTTP Error 468: 
HERB001101,大青叶,skipped_no_chp_blank_fields,,,,error,,,RuntimeError: HTTPError: HTTP Error 468: 
HERB001100,大青杨,not_found,,,no exact pharmacopoeia herb result,error,,,RuntimeError: HTTPError: HTTP Error 468: 
HERB001108,大头橐吾,not_found,,,no exact pharmacopoeia herb result,error,,,RuntimeError: HTTPError: HTTP Error 468: 
HERB001104,大蒜,skipped_no_chp_blank_fields,,,,error,,,RuntimeError: HTTPError: HTTP Error 468: 
HERB001106,大头黄花蒿,not_found,,,no exact pharmacopoeia herb result,error,,,RuntimeError: HTTPError: HTTP Error 468: 
HERB001107,大头蒜,not_found,,,no exact pharmacopoeia herb result,error,,,RuntimeError: HTTPError: HTTP Error 468: 
HERB001102,大青叶胆,not_found,,,no exact pharmacopoeia herb result,error,,,RuntimeError: HTTPError: HTTP Error 468: 
HERB001103,大三叶升麻,not_found,,,no exact pharmacopoeia herb result,error,,,RuntimeError: HTTPError: HTTP Error 468: 
HERB001110,大团囊虫草,not_found,,,no exact pharmacopoeia herb result,error,,,RuntimeError: HTTPError: HTTP Error 468: 
HERB001109,大菟丝子,not_found,,,no exact pharmacopoeia herb result,error,,,RuntimeError: HTTPError: HTTP Error 468: 
HERB001112,达乌里秦艽,not_found,,,no exact pharmacopoeia herb result,error,,,RuntimeError: HTTPError: HTTP Error 468: 
HERB001116,大雪花莲,not_found,,,no search results,error,,,RuntimeError: HTTPError: HTTP Error 468: 
HERB001111,大尾摇,not_found,,,no exact pharmacopoeia herb result,error,,,RuntimeError: HTTPError: HTTP Error 468: 
HERB001115,大星芹,not_found,,,no exact pharmacopoeia herb result,error,,,RuntimeError: HTTPError: HTTP Error 468: 
HERB001113,大乌泡,not_found,,,no exact pharmacopoeia herb result,error,,,RuntimeError: HTTPError: HTTP Error 468: 
HERB001119,大叶白头翁,not_found,,,no exact pharmacopoeia herb result,error,,,RuntimeError: HTTPError: HTTP Error 468: 
HERB001117,大血藤,skipped_no_chp_blank_fields,,,,error,,,RuntimeError: HTTPError: HTTP Error 468: 
HERB001120,大叶菜,not_found,,,no exact pharmacopoeia herb result,error,,,RuntimeError: HTTPError: HTTP Error 468: 
HERB001121,大叶柴胡,not_found,,,no exact pharmacopoeia herb result,error,,,RuntimeError: HTTPError: HTTP Error 468: 
HERB001118,大叶桉叶,not_found,,,no exact pharmacopoeia herb result,error,,,RuntimeError: HTTPError: HTTP Error 468: 
HERB001123,大叶吊兰,not_found,,,no exact pharmacopoeia herb result,error,,,RuntimeError: HTTPError: HTTP Error 468: 
HERB001122,大叶臭花椒,not_found,,,no exact pharmacopoeia herb result,error,,,RuntimeError: HTTPError: HTTP Error 468: 
HERB001126,大叶钩藤根,not_found,,,no exact pharmacopoeia herb result,error,,,RuntimeError: HTTPError: HTTP Error 468: 
HERB001124,大叶冬青,not_found,,,no exact pharmacopoeia herb result,error,,,RuntimeError: HTTPError: HTTP Error 468: 
HERB001127,大叶骨碎补,not_found,,,no exact pharmacopoeia herb result,error,,,RuntimeError: HTTPError: HTTP Error 468: 
HERB001125,大叶钩藤,not_found,,,no exact pharmacopoeia herb result,error,,,RuntimeError: HTTPError: HTTP Error 468: 
HERB001130,大叶花椒,not_found,,,no exact pharmacopoeia herb result,error,,,RuntimeError: HTTPError: HTTP Error 468: 
HERB001131,大叶花椒根,not_found,,,no exact pharmacopoeia herb result,error,,,RuntimeError: HTTPError: HTTP Error 468: 
HERB001133,大叶井口边草,not_found,,,no exact pharmacopoeia herb result,error,,,RuntimeError: HTTPError: HTTP Error 468: 
HERB001132,大叶金花草,not_found,,,no exact pharmacopoeia herb result,error,,,RuntimeError: HTTPError: HTTP Error 468: 
HERB001134,大叶菊,not_found,,,no exact pharmacopoeia herb result,error,,,RuntimeError: HTTPError: HTTP Error 468: 
HERB001137,大叶萝芙木,not_found,,,no exact pharmacopoeia herb result,error,,,RuntimeError: HTTPError: HTTP Error 468: 
HERB001135,大叶苣荬菜,not_found,,,no exact pharmacopoeia herb result,error,,,RuntimeError: HTTPError: HTTP Error 468: 
HERB001138,大叶落新妇,not_found,,,no exact pharmacopoeia herb result,error,,,RuntimeError: HTTPError: HTTP Error 468: 
HERB001140,大叶南洋杉,not_found,,,no exact pharmacopoeia herb result,error,,,RuntimeError: HTTPError: HTTP Error 468: 
HERB001139,大叶帽柱木,not_found,,,no exact pharmacopoeia herb result,error,,,RuntimeError: HTTPError: HTTP Error 468: 
HERB001143,大叶牛奶菜,not_found,,,no exact pharmacopoeia herb result,error,,,RuntimeError: HTTPError: HTTP Error 468: 
HERB001142,大叶牛防风,not_found,,,no exact pharmacopoeia herb result,error,,,RuntimeError: HTTPError: HTTP Error 468: 
HERB001146,大叶寄树兰,not_found,,,no exact pharmacopoeia herb result,error,,,RuntimeError: HTTPError: HTTP Error 468: 
HERB001144,大叶茜草,not_found,,,no exact pharmacopoeia herb result,error,,,RuntimeError: HTTPError: HTTP Error 468: 
HERB001141,大叶南洋参,not_found,,,no exact pharmacopoeia herb result,error,,,RuntimeError: HTTPError: HTTP Error 468: 
HERB001145,大叶蛇葡萄,not_found,,,no exact pharmacopoeia herb result,error,,,RuntimeError: HTTPError: HTTP Error 468: 
HERB001147,大叶糖胶树,not_found,,,no exact pharmacopoeia herb result,error,,,RuntimeError: HTTPError: HTTP Error 468: 
HERB001150,大叶土木香,not_found,,,no exact pharmacopoeia herb result,error,,,RuntimeError: HTTPError: HTTP Error 468: 
HERB001148,大叶唐松草,not_found,,,no exact pharmacopoeia herb result,error,,,RuntimeError: HTTPError: HTTP Error 468: 
HERB001149,大叶藤黄,not_found,,,no exact pharmacopoeia herb result,error,,,RuntimeError: HTTPError: HTTP Error 468: 
HERB001151,大叶仙茅,not_found,,,no exact pharmacopoeia herb result,error,,,RuntimeError: HTTPError: HTTP Error 468: 
HERB001153,大叶香薷,not_found,,,no exact pharmacopoeia herb result,error,,,RuntimeError: HTTPError: HTTP Error 468: 
HERB001152,大叶香茶菜,not_found,,,no exact pharmacopoeia herb result,error,,,RuntimeError: HTTPError: HTTP Error 468: 
HERB001158,大叶紫珠,ok,https://ydz.chp.org.cn/#/item?bookId=1&entryId=24,Properties|Meridians,,error,,,RuntimeError: HTTPError: HTTP Error 468: 
HERB001156,大叶芸香草,not_found,,,no exact pharmacopoeia herb result,error,,,RuntimeError: HTTPError: HTTP Error 468: 
HERB001154,大叶杨,not_found,,,no search results,error,,,RuntimeError: HTTPError: HTTP Error 468: 
HERB001155,大冶有木云香,not_found,,,no exact pharmacopoeia herb result,error,,,RuntimeError: HTTPError: HTTP Error 468: 
HERB001157,大叶紫玉盘,not_found,,,no exact pharmacopoeia herb result,error,,,RuntimeError: HTTPError: HTTP Error 468: 
HERB001159,大叶醉鱼草,not_found,,,no exact pharmacopoeia herb result,error,,,RuntimeError: HTTPError: HTTP Error 468: 
HERB001160,大一枝箭,not_found,,,no exact pharmacopoeia herb result,error,,,RuntimeError: HTTPError: HTTP Error 468: 
HERB001163,大陨石,not_found,,,no exact pharmacopoeia herb result,error,,,RuntimeError: HTTPError: HTTP Error 468: 
HERB001162,大鱼鳔花,not_found,,,no exact pharmacopoeia herb result,error,,,RuntimeError: HTTPError: HTTP Error 468: 
HERB001166,大锥香茶菜,not_found,,,no exact pharmacopoeia herb result,error,,,RuntimeError: HTTPError: HTTP Error 468: 
HERB001164,大枣,skipped_no_chp_blank_fields,,,,error,,,RuntimeError: HTTPError: HTTP Error 468: 
HERB001161,大一枝箭,not_found,,,no exact pharmacopoeia herb result,error,,,RuntimeError: HTTPError: HTTP Error 468: 
HERB001165,大皂荚,not_found,,,no exact pharmacopoeia herb result,error,,,RuntimeError: HTTPError: HTTP Error 468: 
HERB001168,大子买麻藤,not_found,,,no exact pharmacopoeia herb result,error,,,RuntimeError: HTTPError: HTTP Error 468: 
HERB001167,大籽筋骨草,not_found,,,no exact pharmacopoeia herb result,error,,,RuntimeError: HTTPError: HTTP Error 468: 
HERB001170,大籽獐牙菜,not_found,,,no exact pharmacopoeia herb result,error,,,RuntimeError: HTTPError: HTTP Error 468: 
HERB001173,代赭石,not_found,,,no search results,error,,,RuntimeError: HTTPError: HTTP Error 468: 
HERB001171,玳玳花,not_found,,,no exact pharmacopoeia herb result,error,,,RuntimeError: HTTPError: HTTP Error 468: 
HERB001172,玳瑁,not_found,,,no exact pharmacopoeia herb result,error,,,RuntimeError: HTTPError: HTTP Error 468: 
HERB001169,大籽雪胆,not_found,,,no exact pharmacopoeia herb result,error,,,RuntimeError: HTTPError: HTTP Error 468: 
HERB001176,胆矾,not_found,,,no search results,error,,,RuntimeError: HTTPError: HTTP Error 468: 
HERB001175,淡豆豉,ok,https://ydz.chp.org.cn/#/item?bookId=1&entryId=519,,matched page but chp target columns already had values,error,,,RuntimeError: HTTPError: HTTP Error 468: 
HERB001174,单瓣狗牙花,not_found,,,no exact pharmacopoeia herb result,error,,,RuntimeError: HTTPError: HTTP Error 468: 
HERB001178,淡红枪刀药,not_found,,,no exact pharmacopoeia herb result,error,,,RuntimeError: HTTPError: HTTP Error 468: 
HERB001177,单盖铁线蕨,not_found,,,no exact pharmacopoeia herb result,error,,,RuntimeError: HTTPError: HTTP Error 468: 
HERB001180,淡黄苦马豆,not_found,,,no exact pharmacopoeia herb result,error,,,RuntimeError: HTTPError: HTTP Error 468: 
HERB001179,淡黄巴豆,not_found,,,no exact pharmacopoeia herb result,error,,,RuntimeError: HTTPError: HTTP Error 468: 
HERB001210,当归,skipped_no_chp_blank_fields,,,,ok,https://www.dayi.org.cn/cmedical/300362.html,Toxicity,
HERB001183,淡黄獐牙菜,not_found,,,no exact pharmacopoeia herb result,error,,,RuntimeError: HTTPError: HTTP Error 468: 
HERB001181,淡黄木犀草,not_found,,,no exact pharmacopoeia herb result,error,,,RuntimeError: HTTPError: HTTP Error 468: 
HERB001186,丹吉尔鸢尾,not_found,,,no exact pharmacopoeia herb result,error,,,RuntimeError: HTTPError: HTTP Error 468: 
HERB001192,胆南星,ok,https://ydz.chp.org.cn/#/item?bookId=1&entryId=412,Meridians,,error,,,RuntimeError: HTTPError: HTTP Error 468: 
HERB001182,淡黄香茶菜,not_found,,,no exact pharmacopoeia herb result,error,,,RuntimeError: HTTPError: HTTP Error 468: 
HERB001193,丹参,skipped_no_chp_blank_fields,,,,error,,,RuntimeError: HTTPError: HTTP Error 468: 
HERB001187,丹爵床,not_found,,,no exact pharmacopoeia herb result,error,,,RuntimeError: HTTPError: HTTP Error 468: 
HERB001185,丹吉尔鸢尾,not_found,,,no exact pharmacopoeia herb result,error,,,RuntimeError: HTTPError: HTTP Error 468: 
HERB001188,单粒小麦,not_found,,,no exact pharmacopoeia herb result,error,,,RuntimeError: HTTPError: HTTP Error 468: 
HERB001199,单叶蔓荆子,not_found,,,no exact pharmacopoeia herb result,error,,,RuntimeError: HTTPError: HTTP Error 468: 
HERB001195,单条草,not_found,,,no exact pharmacopoeia herb result,error,,,RuntimeError: HTTPError: HTTP Error 468: 
HERB001198,单叶蔓荆,not_found,,,no exact pharmacopoeia herb result,error,,,RuntimeError: HTTPError: HTTP Error 468: 
HERB001194,单穗石松,not_found,,,no exact pharmacopoeia herb result,error,,,RuntimeError: HTTPError: HTTP Error 468: 
HERB001204,淡竹叶,skipped_no_chp_blank_fields,,,,error,,,RuntimeError: HTTPError: HTTP Error 468: 
HERB001196,胆星,not_found,,,no exact pharmacopoeia herb result,error,,,RuntimeError: HTTPError: HTTP Error 468: 
HERB001207,单子麻黄,not_found,,,no exact pharmacopoeia herb result,error,,,RuntimeError: HTTPError: HTTP Error 468: 
HERB001200,单叶新月蕨,not_found,,,no exact pharmacopoeia herb result,error,,,RuntimeError: HTTPError: HTTP Error 468: 
HERB001205,淡竹叶根,not_found,,,no exact pharmacopoeia herb result,error,,,RuntimeError: HTTPError: HTTP Error 468: 
HERB001211,党参,skipped_no_chp_blank_fields,,,,error,,,RuntimeError: HTTPError: HTTP Error 468: 
HERB001213,当药,ok,https://ydz.chp.org.cn/#/item?bookId=1&entryId=205,Properties|Meridians,,error,,,RuntimeError: HTTPError: HTTP Error 468: 
HERB001214,稻草,not_found,,,no search results,error,,,RuntimeError: HTTPError: HTTP Error 468: 
HERB001217,倒扣草,not_found,,,no search results,error,,,RuntimeError: HTTPError: HTTP Error 468: 
HERB001208,单子山楂,not_found,,,no exact pharmacopoeia herb result,error,,,RuntimeError: HTTPError: HTTP Error 468: 
HERB001215,刀豆,ok,https://ydz.chp.org.cn/#/item?bookId=1&entryId=11,Properties|Meridians,,error,,,RuntimeError: HTTPError: HTTP Error 468: 
HERB001212,党参芦头,not_found,,,no exact pharmacopoeia herb result,error,,,RuntimeError: HTTPError: HTTP Error 468: 
HERB001219,倒卵叶蒲公英根,not_found,,,no exact pharmacopoeia herb result,error,,,RuntimeError: HTTPError: HTTP Error 468: 
HERB001218,倒卵叶伏石蕨,not_found,,,no exact pharmacopoeia herb result,error,,,RuntimeError: HTTPError: HTTP Error 468: 
HERB001216,道孚香茶菜,not_found,,,no exact pharmacopoeia herb result,error,,,RuntimeError: HTTPError: HTTP Error 468: 
HERB001220,倒捻子,not_found,,,no exact pharmacopoeia herb result,error,,,RuntimeError: HTTPError: HTTP Error 468: 
HERB001226,德国龙胆草,not_found,,,no exact pharmacopoeia herb result,error,,,RuntimeError: HTTPError: HTTP Error 468: 
HERB001227,德国鸢尾,not_found,,,no exact pharmacopoeia herb result,error,,,RuntimeError: HTTPError: HTTP Error 468: 
HERB001222,稻芽,skipped_no_chp_blank_fields,,,,error,,,RuntimeError: HTTPError: HTTP Error 468: 
HERB001231,德钦红景天,not_found,,,no exact pharmacopoeia herb result,error,,,RuntimeError: HTTPError: HTTP Error 468: 
HERB001223,倒叶瘤足蕨,not_found,,,no search results,error,,,RuntimeError: HTTPError: HTTP Error 468: 
HERB001230,德拉梦的金丝桃,not_found,,,no exact pharmacopoeia herb result,error,,,RuntimeError: HTTPError: HTTP Error 468: 
HERB001233,灯台树,not_found,,,no exact pharmacopoeia herb result,error,,,RuntimeError: HTTPError: HTTP Error 468: 
HERB001232,灯笼草,not_found,,,no exact pharmacopoeia herb result,error,,,RuntimeError: HTTPError: HTTP Error 468: 
HERB001234,灯台叶,not_found,,,no exact pharmacopoeia herb result,error,,,RuntimeError: HTTPError: HTTP Error 468: 
HERB001235,灯心草,skipped_no_chp_blank_fields,,,,error,,,RuntimeError: HTTPError: HTTP Error 468: 
HERB001237,灯芯柳珊瑚,not_found,,,no exact pharmacopoeia herb result,error,,,RuntimeError: HTTPError: HTTP Error 468: 
HERB001238,灯油藤子,not_found,,,no exact pharmacopoeia herb result,error,,,RuntimeError: HTTPError: HTTP Error 468: 
HERB001243,地丁,not_found,,,no exact pharmacopoeia herb result,error,,,RuntimeError: HTTPError: HTTP Error 468: 
HERB001241,地不容,not_found,,,no search results,error,,,RuntimeError: HTTPError: HTTP Error 468: 
HERB001240,地蟞虫,not_found,,,no exact pharmacopoeia herb result,error,,,RuntimeError: HTTPError: HTTP Error 468: 
HERB001242,地胆头,not_found,,,no exact pharmacopoeia herb result,error,,,RuntimeError: HTTPError: HTTP Error 468: 
HERB001239,灯盏细辛,not_found,,,no exact pharmacopoeia herb result,error,,,RuntimeError: HTTPError: HTTP Error 468: 
HERB001247,地肤子,ok,https://ydz.chp.org.cn/#/item?bookId=1&entryId=188,UsePart,,error,,,RuntimeError: HTTPError: HTTP Error 468: 
HERB001244,地耳草,not_found,,,no exact pharmacopoeia herb result,error,,,RuntimeError: HTTPError: HTTP Error 468: 
HERB001249,地骨皮,ok,https://ydz.chp.org.cn/#/item?bookId=1&entryId=189,UsePart,,error,,,RuntimeError: HTTPError: HTTP Error 468: 
HERB001248,迪根金丝桃,not_found,,,no exact pharmacopoeia herb result,error,,,RuntimeError: HTTPError: HTTP Error 468: 
HERB001245,地枫,not_found,,,no exact pharmacopoeia herb result,error,,,RuntimeError: HTTPError: HTTP Error 468: 
HERB001251,地黄,ok,https://ydz.chp.org.cn/#/item?bookId=1&entryId=190,Herb_latin_name|UsePart|Properties|Meridians|Function|Indication,,error,,,RuntimeError: HTTPError: HTTP Error 468: 
HERB001252,地椒,not_found,,,no search results,error,,,RuntimeError: HTTPError: HTTP Error 468: 
HERB001250,地瓜子,not_found,,,no exact pharmacopoeia herb result,error,,,RuntimeError: HTTPError: HTTP Error 468: 
HERB001253,地锦,not_found,,,no exact pharmacopoeia herb result,error,,,RuntimeError: HTTPError: HTTP Error 468: 
HERB001254,地锦草,skipped_no_chp_blank_fields,,,,error,,,RuntimeError: HTTPError: HTTP Error 468: 
HERB001257,地龙,skipped_no_chp_blank_fields,,,,error,,,RuntimeError: HTTPError: HTTP Error 468: 
HERB001258,地钱,not_found,,,no search results,error,,,RuntimeError: HTTPError: HTTP Error 468: 
HERB001259,地梢瓜,not_found,,,no exact pharmacopoeia herb result,error,,,RuntimeError: HTTPError: HTTP Error 468: 
HERB001262,地梭罗,not_found,,,no exact pharmacopoeia herb result,error,,,RuntimeError: HTTPError: HTTP Error 468: 
HERB001264,百步穿杨,not_found,,,no search results,error,,,RuntimeError: HTTPError: HTTP Error 468: 
HERB001263,地梭罗,not_found,,,no exact pharmacopoeia herb result,error,,,RuntimeError: HTTPError: HTTP Error 468: 
HERB001260,地虱,not_found,,,no exact pharmacopoeia herb result,error,,,RuntimeError: HTTPError: HTTP Error 468: 
HERB001266,棣棠花,not_found,,,no exact pharmacopoeia herb result,error,,,RuntimeError: HTTPError: HTTP Error 468: 
HERB001271,地榆,skipped_no_chp_blank_fields,,,,error,,,RuntimeError: HTTPError: HTTP Error 468: 
HERB001269,地下车轴草,not_found,,,no exact pharmacopoeia herb result,error,,,RuntimeError: HTTPError: HTTP Error 468: 
HERB001267,地桃花,not_found,,,no exact pharmacopoeia herb result,error,,,RuntimeError: HTTPError: HTTP Error 468: 
HERB001272,地中海柏木,not_found,,,no search results,error,,,RuntimeError: HTTPError: HTTP Error 468: 
HERB001270,地羊鹊,not_found,,,no exact pharmacopoeia herb result,error,,,RuntimeError: HTTPError: HTTP Error 468: 
HERB001279,滇白珠树,not_found,,,no exact pharmacopoeia herb result,error,,,RuntimeError: HTTPError: HTTP Error 468: 
HERB001265,地棠草,not_found,,,no exact pharmacopoeia herb result,error,,,RuntimeError: HTTPError: HTTP Error 468: 
HERB001282,淀粉,not_found,,,no exact pharmacopoeia herb result,error,,,RuntimeError: HTTPError: HTTP Error 468: 
HERB001275,地中海马桑,not_found,,,no exact pharmacopoeia herb result,error,,,RuntimeError: HTTPError: HTTP Error 468: 
HERB001276,大毛蕊花,not_found,,,no exact pharmacopoeia herb result,error,,,RuntimeError: HTTPError: HTTP Error 468: 
HERB001286,滇鸡骨常山,not_found,,,no exact pharmacopoeia herb result,error,,,RuntimeError: HTTPError: HTTP Error 468: 
HERB001283,滇钩藤,not_found,,,no exact pharmacopoeia herb result,error,,,RuntimeError: HTTPError: HTTP Error 468: 
HERB001288,滇龙胆草,not_found,,,no exact pharmacopoeia herb result,error,,,RuntimeError: HTTPError: HTTP Error 468: 
HERB001291,颠茄,not_found,,,no exact pharmacopoeia herb result,error,,,RuntimeError: HTTPError: HTTP Error 468: 
HERB001284,滇黄精,not_found,,,no exact pharmacopoeia herb result,error,,,RuntimeError: HTTPError: HTTP Error 468: 
HERB001289,滇牡丹,not_found,,,no exact pharmacopoeia herb result,error,,,RuntimeError: HTTPError: HTTP Error 468: 
HERB001287,滇姜花,not_found,,,no exact pharmacopoeia herb result,error,,,RuntimeError: HTTPError: HTTP Error 468: 
HERB001290,滇南红厚壳,not_found,,,no exact pharmacopoeia herb result,error,,,RuntimeError: HTTPError: HTTP Error 468: 
HERB001285,滇黄芩,not_found,,,no exact pharmacopoeia herb result,error,,,RuntimeError: HTTPError: HTTP Error 468: 
HERB001292,颠茄草,ok,https://ydz.chp.org.cn/#/item?bookId=1&entryId=603,,matched page but chp target columns already had values,error,,,RuntimeError: HTTPError: HTTP Error 468: 
HERB001295,滇藏木兰,not_found,,,no exact pharmacopoeia herb result,error,,,RuntimeError: HTTPError: HTTP Error 468: 
HERB001298,吊灯树,not_found,,,no exact pharmacopoeia herb result,error,,,RuntimeError: HTTPError: HTTP Error 468: 
HERB001297,滇紫草,not_found,,,no exact pharmacopoeia herb result,error,,,RuntimeError: HTTPError: HTTP Error 468: 
HERB001296,垫状卷柏,not_found,,,no exact pharmacopoeia herb result,error,,,RuntimeError: HTTPError: HTTP Error 468: 
HERB001304,叠鞘石斛,not_found,,,no exact pharmacopoeia herb result,error,,,RuntimeError: HTTPError: HTTP Error 468: 
HERB001303,跌打老,not_found,,,no exact pharmacopoeia herb result,error,,,RuntimeError: HTTPError: HTTP Error 468: 
HERB001302,钓樟枝叶,not_found,,,no exact pharmacopoeia herb result,error,,,RuntimeError: HTTPError: HTTP Error 468: 
HERB001300,吊岩风,not_found,,,no exact pharmacopoeia herb result,error,,,RuntimeError: HTTPError: HTTP Error 468: 
HERB001306,鼎湖钓樟,not_found,,,no exact pharmacopoeia herb result,error,,,RuntimeError: HTTPError: HTTP Error 468: 
HERB001301,钓樟根皮,not_found,,,no exact pharmacopoeia herb result,error,,,RuntimeError: HTTPError: HTTP Error 468: 
HERB001294,滇西乌头,not_found,,,no exact pharmacopoeia herb result,error,,,RuntimeError: HTTPError: HTTP Error 468: 
HERB001308,丁茄,not_found,,,no exact pharmacopoeia herb result,error,,,RuntimeError: HTTPError: HTTP Error 468: 
HERB001309,丁香,skipped_no_chp_blank_fields,,,,error,,,RuntimeError: HTTPError: HTTP Error 468: 
HERB001315,丁香叶,skipped_no_chp_blank_fields,,,,error,,,RuntimeError: HTTPError: HTTP Error 468: 
HERB001311,丁香露,not_found,,,no exact pharmacopoeia herb result,error,,,RuntimeError: HTTPError: HTTP Error 468: 
HERB001310,丁香根,not_found,,,no exact pharmacopoeia herb result,error,,,RuntimeError: HTTPError: HTTP Error 468: 
HERB001314,丁香树皮,not_found,,,no exact pharmacopoeia herb result,error,,,RuntimeError: HTTPError: HTTP Error 468: 
HERB001312,丁香罗勒,not_found,,,no exact pharmacopoeia herb result,error,,,RuntimeError: HTTPError: HTTP Error 468: 
HERB001313,丁香罗勒油,not_found,,,no exact pharmacopoeia herb result,error,,,RuntimeError: HTTPError: HTTP Error 468: 
HERB001316,丁香油,not_found,,,no exact pharmacopoeia herb result,error,,,RuntimeError: HTTPError: HTTP Error 468: 
HERB001325,东北蛔蒿,not_found,,,no exact pharmacopoeia herb result,error,,,RuntimeError: HTTPError: HTTP Error 468: 
HERB001318,顶羽菊,not_found,,,no exact pharmacopoeia herb result,error,,,RuntimeError: HTTPError: HTTP Error 468: 
HERB001324,东北胡桃木,not_found,,,no exact pharmacopoeia herb result,error,,,RuntimeError: HTTPError: HTTP Error 468: 
HERB001322,东北多足蕨,not_found,,,no exact pharmacopoeia herb result,error,,,RuntimeError: HTTPError: HTTP Error 468: 
HERB001319,东安那托利亚矢车菊,not_found,,,no exact pharmacopoeia herb result,error,,,RuntimeError: HTTPError: HTTP Error 468: 
HERB001320,暗花金挖耳,not_found,,,no exact pharmacopoeia herb result,error,,,RuntimeError: HTTPError: HTTP Error 468: 
HERB001326,东北雷公藤,not_found,,,no exact pharmacopoeia herb result,error,,,RuntimeError: HTTPError: HTTP Error 468: 
HERB001317,丁香枝,not_found,,,no exact pharmacopoeia herb result,error,,,RuntimeError: HTTPError: HTTP Error 468: 
HERB001327,东北龙胆,not_found,,,no exact pharmacopoeia herb result,error,,,RuntimeError: HTTPError: HTTP Error 468: 
HERB001321,东北刺人参,not_found,,,no exact pharmacopoeia herb result,error,,,RuntimeError: HTTPError: HTTP Error 468: 
HERB001328,东北牡蒿,not_found,,,no exact pharmacopoeia herb result,error,,,RuntimeError: HTTPError: HTTP Error 468: 
HERB001333,冬虫夏草,skipped_no_chp_blank_fields,,,,error,,,RuntimeError: HTTPError: HTTP Error 468: 
HERB001331,东北延胡索,not_found,,,no exact pharmacopoeia herb result,error,,,RuntimeError: HTTPError: HTTP Error 468: 
HERB001339,东方狗脊,not_found,,,no exact pharmacopoeia herb result,error,,,RuntimeError: HTTPError: HTTP Error 468: 
HERB001338,东方飞燕草,not_found,,,no exact pharmacopoeia herb result,error,,,RuntimeError: HTTPError: HTTP Error 468: 
HERB001341,东方狗牙花,not_found,,,no exact pharmacopoeia herb result,error,,,RuntimeError: HTTPError: HTTP Error 468: 
HERB001330,东北天南星,not_found,,,no exact pharmacopoeia herb result,error,,,RuntimeError: HTTPError: HTTP Error 468: 
HERB001334,东当归,not_found,,,no exact pharmacopoeia herb result,error,,,RuntimeError: HTTPError: HTTP Error 468: 
HERB001342,东方核桃,not_found,,,no exact pharmacopoeia herb result,error,,,RuntimeError: HTTPError: HTTP Error 468: 
HERB001340,东方钩藤,not_found,,,no exact pharmacopoeia herb result,error,,,RuntimeError: HTTPError: HTTP Error 468: 
HERB001347,东方西门菲草,not_found,,,no search results,error,,,RuntimeError: HTTPError: HTTP Error 468: 
HERB001344,东方天仙子,not_found,,,no exact pharmacopoeia herb result,error,,,RuntimeError: HTTPError: HTTP Error 468: 
HERB001349,东方洋地黄,not_found,,,no exact pharmacopoeia herb result,error,,,RuntimeError: HTTPError: HTTP Error 468: 
HERB001343,东方荚果蕨,not_found,,,no exact pharmacopoeia herb result,error,,,RuntimeError: HTTPError: HTTP Error 468: 
HERB001354,东风桔叶子,not_found,,,no exact pharmacopoeia herb result,error,,,RuntimeError: HTTPError: HTTP Error 468: 
HERB001350,东非决明,not_found,,,no exact pharmacopoeia herb result,error,,,RuntimeError: HTTPError: HTTP Error 468: 
HERB001352,东风菜,not_found,,,no exact pharmacopoeia herb result,error,,,RuntimeError: HTTPError: HTTP Error 468: 
HERB001351,东非玛茜,not_found,,,no exact pharmacopoeia herb result,error,,,RuntimeError: HTTPError: HTTP Error 468: 
HERB001348,东方香可可,not_found,,,no exact pharmacopoeia herb result,error,,,RuntimeError: HTTPError: HTTP Error 468: 
HERB001355,冬瓜皮,skipped_no_chp_blank_fields,,,,error,,,RuntimeError: HTTPError: HTTP Error 468: 
HERB001356,冬瓜仁,not_found,,,no exact pharmacopoeia herb result,error,,,RuntimeError: HTTPError: HTTP Error 468: 
HERB001353,东风橘根,not_found,,,no exact pharmacopoeia herb result,error,,,RuntimeError: HTTPError: HTTP Error 468: 
HERB001357,冬瓜子,not_found,,,no exact pharmacopoeia herb result,error,,,RuntimeError: HTTPError: HTTP Error 468: 
HERB001359,东京巴豆,not_found,,,no exact pharmacopoeia herb result,error,,,RuntimeError: HTTPError: HTTP Error 468: 
HERB001361,冬葵子,skipped_no_chp_blank_fields,,,,error,,,RuntimeError: HTTPError: HTTP Error 468: 
HERB001360,冬葵果,ok,https://ydz.chp.org.cn/#/item?bookId=1&entryId=174,UsePart,,error,,,RuntimeError: HTTPError: HTTP Error 468: 
HERB001366,冬青叶美登木,not_found,,,no exact pharmacopoeia herb result,error,,,RuntimeError: HTTPError: HTTP Error 468: 
HERB001364,东南景天,not_found,,,no exact pharmacopoeia herb result,error,,,RuntimeError: HTTPError: HTTP Error 468: 
HERB001362,东莨菪碱,not_found,,,no exact pharmacopoeia herb result,error,,,RuntimeError: HTTPError: HTTP Error 468: 
HERB001367,东亚唐松草,not_found,,,no exact pharmacopoeia herb result,error,,,RuntimeError: HTTPError: HTTP Error 468: 
HERB001369,东亚紫金牛,not_found,,,no exact pharmacopoeia herb result,error,,,RuntimeError: HTTPError: HTTP Error 468: 
HERB001363,冬淩草,not_found,,,no exact pharmacopoeia herb result,error,,,RuntimeError: HTTPError: HTTP Error 468: 
HERB001372,豆瓣菜,not_found,,,no search results,error,,,RuntimeError: HTTPError: HTTP Error 468: 
HERB001371,东瀛珊瑚木,not_found,,,no exact pharmacopoeia herb result,error,,,RuntimeError: HTTPError: HTTP Error 468: 
HERB001370,剑麻,not_found,,,no search results,error,,,RuntimeError: HTTPError: HTTP Error 468: 
HERB001373,豆包菌,not_found,,,no exact pharmacopoeia herb result,error,,,RuntimeError: HTTPError: HTTP Error 468: 
HERB001374,豆豉,skipped_no_chp_blank_fields,,,,error,,,RuntimeError: HTTPError: HTTP Error 468: 
HERB001378,豆蔻,ok,https://ydz.chp.org.cn/#/item?bookId=1&entryId=261,UsePart|Properties|Meridians,,error,,,RuntimeError: HTTPError: HTTP Error 468: 
HERB001376,豆豉姜,not_found,,,no exact pharmacopoeia herb result,error,,,RuntimeError: HTTPError: HTTP Error 468: 
HERB001377,豆腐柴,not_found,,,no exact pharmacopoeia herb result,error,,,RuntimeError: HTTPError: HTTP Error 468: 
HERB001379,豆薯,not_found,,,no search results,error,,,RuntimeError: HTTPError: HTTP Error 468: 
HERB001382,豆油,not_found,,,no exact pharmacopoeia herb result,error,,,RuntimeError: HTTPError: HTTP Error 468: 
HERB001375,豆豉草,not_found,,,no exact pharmacopoeia herb result,error,,,RuntimeError: HTTPError: HTTP Error 468: 
HERB001383,兜状荷包牡丹,not_found,,,no exact pharmacopoeia herb result,error,,,RuntimeError: HTTPError: HTTP Error 468: 
HERB001380,豆叶九里香,not_found,,,no exact pharmacopoeia herb result,error,,,RuntimeError: HTTPError: HTTP Error 468: 
HERB001385,毒扁豆,not_found,,,no exact pharmacopoeia herb result,error,,,RuntimeError: HTTPError: HTTP Error 468: 
HERB001389,杜虹花,not_found,,,no exact pharmacopoeia herb result,error,,,RuntimeError: HTTPError: HTTP Error 468: 
HERB001388,杜衡,not_found,,,no search results,error,,,RuntimeError: HTTPError: HTTP Error 468: 
HERB001386,毒豆,not_found,,,no exact pharmacopoeia herb result,error,,,RuntimeError: HTTPError: HTTP Error 468: 
HERB001387,毒鹅膏,not_found,,,no exact pharmacopoeia herb result,error,,,RuntimeError: HTTPError: HTTP Error 468: 
HERB001394,独活,skipped_no_chp_blank_fields,,,,error,,,RuntimeError: HTTPError: HTTP Error 468: 
HERB001391,毒花椒,not_found,,,no exact pharmacopoeia herb result,error,,,RuntimeError: HTTPError: HTTP Error 468: 
HERB001397,杜鹃花,not_found,,,no exact pharmacopoeia herb result,error,,,RuntimeError: HTTPError: HTTP Error 468: 
HERB001390,毒胡萝卜,not_found,,,no exact pharmacopoeia herb result,error,,,RuntimeError: HTTPError: HTTP Error 468: 
HERB001395,独角莲,not_found,,,no exact pharmacopoeia herb result,error,,,RuntimeError: HTTPError: HTTP Error 468: 
HERB001398,杜鹃花叶,not_found,,,no search results,error,,,RuntimeError: HTTPError: HTTP Error 468: 
HERB001399,杜鹃兰,not_found,,,no exact pharmacopoeia herb result,error,,,RuntimeError: HTTPError: HTTP Error 468: 
HERB001400,毒马钱,not_found,,,no exact pharmacopoeia herb result,error,,,RuntimeError: HTTPError: HTTP Error 468: 
HERB001401,毒漆藤,not_found,,,no exact pharmacopoeia herb result,error,,,RuntimeError: HTTPError: HTTP Error 468: 
HERB001396,杜茎山,not_found,,,no exact pharmacopoeia herb result,error,,,RuntimeError: HTTPError: HTTP Error 468: 
HERB001402,毒芹根,not_found,,,no exact pharmacopoeia herb result,error,,,RuntimeError: HTTPError: HTTP Error 468: 
HERB001408,杜宇鼠尾草,not_found,,,no search results,error,,,RuntimeError: HTTPError: HTTP Error 468: 
HERB001409,杜仲,skipped_no_chp_blank_fields,,,,error,,,RuntimeError: HTTPError: HTTP Error 468: 
HERB001407,独一味,ok,https://ydz.chp.org.cn/#/item?bookId=1&entryId=414,Meridians,,error,,,RuntimeError: HTTPError: HTTP Error 468: 
HERB001410,杜仲叶,ok,https://ydz.chp.org.cn/#/item?bookId=1&entryId=258,Herb_latin_name|Properties|Meridians|Function,,error,,,RuntimeError: HTTPError: HTTP Error 468: 
HERB001411,短茎古当归,not_found,,,no exact pharmacopoeia herb result,error,,,RuntimeError: HTTPError: HTTP Error 468: 
HERB001412,煅白矾,not_found,,,no exact pharmacopoeia herb result,error,,,RuntimeError: HTTPError: HTTP Error 468: 
HERB001417,短柄和叶澜,not_found,,,no exact pharmacopoeia herb result,error,,,RuntimeError: HTTPError: HTTP Error 468: 
HERB001418,断翅黄芪,not_found,,,no exact pharmacopoeia herb result,error,,,RuntimeError: HTTPError: HTTP Error 468: 
HERB001414,短瓣金莲花,not_found,,,no exact pharmacopoeia herb result,error,,,RuntimeError: HTTPError: HTTP Error 468: 
HERB001422,短梗胡枝子,not_found,,,no exact pharmacopoeia herb result,error,,,RuntimeError: HTTPError: HTTP Error 468: 
HERB001420,煅磁石,not_found,,,no exact pharmacopoeia herb result,error,,,RuntimeError: HTTPError: HTTP Error 468: 
HERB001419,断刺花椒,not_found,,,no exact pharmacopoeia herb result,error,,,RuntimeError: HTTPError: HTTP Error 468: 
HERB001415,短棒石斛,not_found,,,no exact pharmacopoeia herb result,error,,,RuntimeError: HTTPError: HTTP Error 468: 
HERB001423,煅狗骨,not_found,,,no exact pharmacopoeia herb result,error,,,RuntimeError: HTTPError: HTTP Error 468: 
HERB001432,短毛金线草根,not_found,,,no exact pharmacopoeia herb result,error,,,RuntimeError: HTTPError: HTTP Error 468: 
HERB001421,短萼黄连,not_found,,,no exact pharmacopoeia herb result,error,,,RuntimeError: HTTPError: HTTP Error 468: 
HERB001428,煅龙齿,not_found,,,no exact pharmacopoeia herb result,error,,,RuntimeError: HTTPError: HTTP Error 468: 
HERB001426,断节参,not_found,,,no exact pharmacopoeia herb result,error,,,RuntimeError: HTTPError: HTTP Error 468: 
HERB001433,短片藁本,not_found,,,no exact pharmacopoeia herb result,error,,,RuntimeError: HTTPError: HTTP Error 468: 
HERB001429,煅龙骨,not_found,,,no exact pharmacopoeia herb result,error,,,RuntimeError: HTTPError: HTTP Error 468: 
HERB001430,煅龙牡,not_found,,,no exact pharmacopoeia herb result,error,,,RuntimeError: HTTPError: HTTP Error 468: 
HERB001431,短毛独活,not_found,,,no exact pharmacopoeia herb result,error,,,RuntimeError: HTTPError: HTTP Error 468: 
HERB001434,端绒毛钩藤,not_found,,,no exact pharmacopoeia herb result,error,,,RuntimeError: HTTPError: HTTP Error 468: 
HERB001435,端绒毛钩藤,not_found,,,no exact pharmacopoeia herb result,error,,,RuntimeError: HTTPError: HTTP Error 468: 
HERB001436,端绒毛大蓟,not_found,,,no exact pharmacopoeia herb result,error,,,RuntimeError: HTTPError: HTTP Error 468: 
HERB001439,短柔毛止泻木,not_found,,,no exact pharmacopoeia herb result,error,,,RuntimeError: HTTPError: HTTP Error 468: 
HERB001444,短葶山麦冬,not_found,,,no exact pharmacopoeia herb result,error,,,RuntimeError: HTTPError: HTTP Error 468: 
HERB001437,短柔毛飞燕草,not_found,,,no exact pharmacopoeia herb result,error,,,RuntimeError: HTTPError: HTTP Error 468: 
HERB001445,煅瓦楞,not_found,,,no exact pharmacopoeia herb result,error,,,RuntimeError: HTTPError: HTTP Error 468: 
HERB001438,短柔毛马兜铃,not_found,,,no exact pharmacopoeia herb result,error,,,RuntimeError: HTTPError: HTTP Error 468: 
HERB001441,煅石膏,ok,https://ydz.chp.org.cn/#/item?bookId=1&entryId=138,Properties|Meridians,,error,,,RuntimeError: HTTPError: HTTP Error 468: 
HERB001442,椴树,not_found,,,no exact pharmacopoeia herb result,error,,,RuntimeError: HTTPError: HTTP Error 468: 
HERB001448,断血流,ok,https://ydz.chp.org.cn/#/item?bookId=1&entryId=516,UsePart|Properties|Meridians,,error,,,RuntimeError: HTTPError: HTTP Error 468: 
HERB001443,短碎胡椒,not_found,,,no exact pharmacopoeia herb result,error,,,RuntimeError: HTTPError: HTTP Error 468: 
HERB001449,短叶红豆杉,not_found,,,no exact pharmacopoeia herb result,error,,,RuntimeError: HTTPError: HTTP Error 468: 
HERB001447,短小蛇根草,not_found,,,no exact pharmacopoeia herb result,error,,,RuntimeError: HTTPError: HTTP Error 468: 
HERB001446,短线小米草,not_found,,,no exact pharmacopoeia herb result,error,,,RuntimeError: HTTPError: HTTP Error 468: 
HERB001450,短叶假木贼,not_found,,,no exact pharmacopoeia herb result,error,,,RuntimeError: HTTPError: HTTP Error 468: 
HERB001455,短叶罗汉松叶,not_found,,,no exact pharmacopoeia herb result,error,,,RuntimeError: HTTPError: HTTP Error 468: 
HERB001451,短叶绢蒿,not_found,,,no exact pharmacopoeia herb result,error,,,RuntimeError: HTTPError: HTTP Error 468: 
HERB001452,短叶龙胆,not_found,,,no exact pharmacopoeia herb result,error,,,RuntimeError: HTTPError: HTTP Error 468: 
HERB001457,短叶山蚂蝗,not_found,,,no exact pharmacopoeia herb result,error,,,RuntimeError: HTTPError: HTTP Error 468: 
HERB001460,短柱八角,not_found,,,no exact pharmacopoeia herb result,error,,,RuntimeError: HTTPError: HTTP Error 468: 
HERB001459,煅自然铜,not_found,,,no exact pharmacopoeia herb result,error,,,RuntimeError: HTTPError: HTTP Error 468: 
HERB001461,对生玛茜,not_found,,,no exact pharmacopoeia herb result,error,,,RuntimeError: HTTPError: HTTP Error 468: 
HERB001462,对虾,not_found,,,no search results,error,,,RuntimeError: HTTPError: HTTP Error 468: 
HERB001467,对叶元胡,not_found,,,no exact pharmacopoeia herb result,error,,,RuntimeError: HTTPError: HTTP Error 468: 
HERB001466,对叶榕,not_found,,,no exact pharmacopoeia herb result,error,,,RuntimeError: HTTPError: HTTP Error 468: 
HERB001463,堆心菊,not_found,,,no exact pharmacopoeia herb result,error,,,RuntimeError: HTTPError: HTTP Error 468: 
HERB001465,对叶金腰,not_found,,,no exact pharmacopoeia herb result,error,,,RuntimeError: HTTPError: HTTP Error 468: 
HERB001464,对叶豆,not_found,,,no exact pharmacopoeia herb result,error,,,RuntimeError: HTTPError: HTTP Error 468: 
HERB001473,钝性鸡蛋花,not_found,,,no search results,error,,,RuntimeError: HTTPError: HTTP Error 468: 
HERB001477,盾叶鬼臼,not_found,,,no exact pharmacopoeia herb result,error,,,RuntimeError: HTTPError: HTTP Error 468: 
HERB001470,钝形凹顶藻,not_found,,,no exact pharmacopoeia herb result,error,,,RuntimeError: HTTPError: HTTP Error 468: 
HERB001468,钝苞雪莲,not_found,,,no exact pharmacopoeia herb result,error,,,RuntimeError: HTTPError: HTTP Error 468: 
HERB001479,蹲野胡椒,not_found,,,no exact pharmacopoeia herb result,error,,,RuntimeError: HTTPError: HTTP Error 468: 
HERB001471,遁形白叶藤,not_found,,,no exact pharmacopoeia herb result,error,,,RuntimeError: HTTPError: HTTP Error 468: 
HERB001474,钝叶车轴草,not_found,,,no exact pharmacopoeia herb result,error,,,RuntimeError: HTTPError: HTTP Error 468: 
HERB001469,钝裂银莲花,not_found,,,no exact pharmacopoeia herb result,error,,,RuntimeError: HTTPError: HTTP Error 468: 
HERB001478,蹲野桂皮,not_found,,,no exact pharmacopoeia herb result,error,,,RuntimeError: HTTPError: HTTP Error 468: 
HERB001475,盾叶大戟,not_found,,,no exact pharmacopoeia herb result,error,,,RuntimeError: HTTPError: HTTP Error 468: 
HERB001481,盾叶薯蓣,not_found,,,no exact pharmacopoeia herb result,error,,,RuntimeError: HTTPError: HTTP Error 468: 
HERB001480,钝叶决明,not_found,,,no exact pharmacopoeia herb result,error,,,RuntimeError: HTTPError: HTTP Error 468: 
HERB001483,盾叶唐松草,not_found,,,no exact pharmacopoeia herb result,error,,,RuntimeError: HTTPError: HTTP Error 468: 
HERB001484,钝叶土牛膝,not_found,,,no exact pharmacopoeia herb result,error,,,RuntimeError: HTTPError: HTTP Error 468: 
HERB001482,钝叶酸模,not_found,,,no exact pharmacopoeia herb result,error,,,RuntimeError: HTTPError: HTTP Error 468: 
HERB001486,盾叶茅膏菜,not_found,,,no exact pharmacopoeia herb result,error,,,RuntimeError: HTTPError: HTTP Error 468: 
HERB001488,多被银莲花,not_found,,,no exact pharmacopoeia herb result,error,,,RuntimeError: HTTPError: HTTP Error 468: 
HERB001490,多变小冠花,not_found,,,no exact pharmacopoeia herb result,error,,,RuntimeError: HTTPError: HTTP Error 468: 
HERB001491,多齿千里光,not_found,,,no exact pharmacopoeia herb result,error,,,RuntimeError: HTTPError: HTTP Error 468: 
HERB001496,多刺绿绒蒿,not_found,,,no exact pharmacopoeia herb result,error,,,RuntimeError: HTTPError: HTTP Error 468: 
HERB001497,多根乌头,not_found,,,no exact pharmacopoeia herb result,error,,,RuntimeError: HTTPError: HTTP Error 468: 
HERB001502,多花菜豆,not_found,,,no exact pharmacopoeia herb result,error,,,RuntimeError: HTTPError: HTTP Error 468: 
HERB001492,多次柴胡,not_found,,,no exact pharmacopoeia herb result,error,,,RuntimeError: HTTPError: HTTP Error 468: 
HERB001494,刺黄花稔,not_found,,,no exact pharmacopoeia herb result,error,,,RuntimeError: HTTPError: HTTP Error 468: 
HERB001500,多花八角莲,not_found,,,no exact pharmacopoeia herb result,error,,,RuntimeError: HTTPError: HTTP Error 468: 
HERB001507,多花山麻根,not_found,,,no exact pharmacopoeia herb result,error,,,RuntimeError: HTTPError: HTTP Error 468: 
HERB001506,多花山麻杆,not_found,,,no exact pharmacopoeia herb result,error,,,RuntimeError: HTTPError: HTTP Error 468: 
HERB001505,多花蓝果树,not_found,,,no exact pharmacopoeia herb result,error,,,RuntimeError: HTTPError: HTTP Error 468: 
HERB001498,多果树,not_found,,,no exact pharmacopoeia herb result,error,,,RuntimeError: HTTPError: HTTP Error 468: 
HERB001509,多花水仙,not_found,,,no exact pharmacopoeia herb result,error,,,RuntimeError: HTTPError: HTTP Error 468: 
HERB001504,多花黄精,not_found,,,no exact pharmacopoeia herb result,error,,,RuntimeError: HTTPError: HTTP Error 468: 
HERB001510,多花藤黄,not_found,,,no exact pharmacopoeia herb result,error,,,RuntimeError: HTTPError: HTTP Error 468: 
HERB001512,多花小波,not_found,,,no exact pharmacopoeia herb result,error,,,RuntimeError: HTTPError: HTTP Error 468: 
HERB001508,多花芍药,not_found,,,no exact pharmacopoeia herb result,error,,,RuntimeError: HTTPError: HTTP Error 468: 
HERB001513,多花杨梅,not_found,,,no exact pharmacopoeia herb result,error,,,RuntimeError: HTTPError: HTTP Error 468: 
HERB001514,多家草,not_found,,,no exact pharmacopoeia herb result,error,,,RuntimeError: HTTPError: HTTP Error 468: 
HERB001518,多买南美肉豆蔻,not_found,,,no exact pharmacopoeia herb result,error,,,RuntimeError: HTTPError: HTTP Error 468: 
HERB001517,多买钩藤,not_found,,,no exact pharmacopoeia herb result,error,,,RuntimeError: HTTPError: HTTP Error 468: 
HERB001503,多花黑麦草,not_found,,,no search results,error,,,RuntimeError: HTTPError: HTTP Error 468: 
HERB001516,多裂乌头,not_found,,,no exact pharmacopoeia herb result,error,,,RuntimeError: HTTPError: HTTP Error 468: 
HERB001521,朵蕊白花菜,not_found,,,no exact pharmacopoeia herb result,error,,,RuntimeError: HTTPError: HTTP Error 468: 
HERB001515,多裂委陵菜,not_found,,,no exact pharmacopoeia herb result,error,,,RuntimeError: HTTPError: HTTP Error 468: 
HERB001523,多舌飞蓬,not_found,,,no exact pharmacopoeia herb result,error,,,RuntimeError: HTTPError: HTTP Error 468: 
HERB001528,剁碎鼠尾草,not_found,,,no search results,error,,,RuntimeError: HTTPError: HTTP Error 468: 
HERB001525,多岁罗汉松是,not_found,,,no exact pharmacopoeia herb result,error,,,RuntimeError: HTTPError: HTTP Error 468: 
HERB001522,多伞阿魏,not_found,,,no exact pharmacopoeia herb result,error,,,RuntimeError: HTTPError: HTTP Error 468: 
HERB001530,多头风轮菜,not_found,,,no exact pharmacopoeia herb result,error,,,RuntimeError: HTTPError: HTTP Error 468: 
HERB001529,剁碎豚草,not_found,,,no search results,error,,,RuntimeError: HTTPError: HTTP Error 468: 
HERB001527,多穗石柯叶,not_found,,,no exact pharmacopoeia herb result,error,,,RuntimeError: HTTPError: HTTP Error 468: 
HERB001533,惰性金发藓,not_found,,,no search results,error,,,RuntimeError: HTTPError: HTTP Error 468: 
HERB001534,多雄蕊领春木,not_found,,,no exact pharmacopoeia herb result,error,,,RuntimeError: HTTPError: HTTP Error 468: 
HERB001536,多须公,not_found,,,no exact pharmacopoeia herb result,error,,,RuntimeError: HTTPError: HTTP Error 468: 
HERB001532,多香果,not_found,,,no exact pharmacopoeia herb result,error,,,RuntimeError: HTTPError: HTTP Error 468: 
HERB001537,多序岩黄耆,not_found,,,no exact pharmacopoeia herb result,error,,,RuntimeError: HTTPError: HTTP Error 468: 
HERB001535,多雄蕊商陆,not_found,,,no exact pharmacopoeia herb result,error,,,RuntimeError: HTTPError: HTTP Error 468: 
HERB001539,多叶棘豆,not_found,,,no exact pharmacopoeia herb result,error,,,RuntimeError: HTTPError: HTTP Error 468: 
HERB001538,多叶百脉根,not_found,,,no exact pharmacopoeia herb result,error,,,RuntimeError: HTTPError: HTTP Error 468: 
HERB001542,多枝柴胡,not_found,,,no exact pharmacopoeia herb result,error,,,RuntimeError: HTTPError: HTTP Error 468: 
HERB001543,多枝柽柳,not_found,,,no exact pharmacopoeia herb result,error,,,RuntimeError: HTTPError: HTTP Error 468: 
HERB001540,多叶金丝桃,not_found,,,no exact pharmacopoeia herb result,error,,,RuntimeError: HTTPError: HTTP Error 468: 
HERB001544,多指阔苞菊,not_found,,,no search results,error,,,RuntimeError: HTTPError: HTTP Error 468: 
HERB001549,多汁甜姐菜,not_found,,,no exact pharmacopoeia herb result,error,,,RuntimeError: HTTPError: HTTP Error 468: 
HERB001550,多汁甜姐草,not_found,,,no exact pharmacopoeia herb result,error,,,RuntimeError: HTTPError: HTTP Error 468: 
HERB001541,多枝桉,not_found,,,no exact pharmacopoeia herb result,error,,,RuntimeError: HTTPError: HTTP Error 468: 
HERB001545,多枝龙胆,not_found,,,no exact pharmacopoeia herb result,error,,,RuntimeError: HTTPError: HTTP Error 468: 
HERB001546,多指龙血树,not_found,,,no exact pharmacopoeia herb result,error,,,RuntimeError: HTTPError: HTTP Error 468: 
HERB001554,鄂报春,not_found,,,no search results,error,,,RuntimeError: HTTPError: HTTP Error 468: 
HERB001551,多汁止疼黄,not_found,,,no exact pharmacopoeia herb result,error,,,RuntimeError: HTTPError: HTTP Error 468: 
HERB001556,鹅不食草,ok,https://ydz.chp.org.cn/#/item?bookId=1&entryId=551,Properties|Meridians,,error,,,RuntimeError: HTTPError: HTTP Error 468: 
HERB001552,多种芦荟提取物,not_found,,,no exact pharmacopoeia herb result,error,,,RuntimeError: HTTPError: HTTP Error 468: 
HERB001557,鹅肠菜,not_found,,,no exact pharmacopoeia herb result,error,,,RuntimeError: HTTPError: HTTP Error 468: 
HERB001565,俄勒冈荷包牡丹,not_found,,,no exact pharmacopoeia herb result,error,,,RuntimeError: HTTPError: HTTP Error 468: 
HERB001564,阿胶,ok,https://ydz.chp.org.cn/#/item?bookId=1&entryId=291,,matched page but chp target columns already had values,error,,,RuntimeError: HTTPError: HTTP Error 468: 
HERB001563,俄国西门菲草,not_found,,,no search results,error,,,RuntimeError: HTTPError: HTTP Error 468: 
HERB001560,鹅膏,not_found,,,no exact pharmacopoeia herb result,error,,,RuntimeError: HTTPError: HTTP Error 468: 
HERB001570,峨眉唐松草,not_found,,,no exact pharmacopoeia herb result,error,,,RuntimeError: HTTPError: HTTP Error 468: 
HERB001572,鹅绒藤,not_found,,,no exact pharmacopoeia herb result,error,,,RuntimeError: HTTPError: HTTP Error 468: 
HERB001574,峨参,not_found,,,no exact pharmacopoeia herb result,error,,,RuntimeError: HTTPError: HTTP Error 468: 
HERB001567,峨眉翠雀花,not_found,,,no search results,error,,,RuntimeError: HTTPError: HTTP Error 468: 
HERB001573,鹅绒委陵菜,not_found,,,no exact pharmacopoeia herb result,error,,,RuntimeError: HTTPError: HTTP Error 468: 
HERB001579,莪术,ok,https://ydz.chp.org.cn/#/item?bookId=1&entryId=433,UsePart,,error,,,RuntimeError: HTTPError: HTTP Error 468: 
HERB001571,峨眉野黄连,not_found,,,no exact pharmacopoeia herb result,error,,,RuntimeError: HTTPError: HTTP Error 468: 
HERB001578,鹅掌藤,not_found,,,no exact pharmacopoeia herb result,error,,,RuntimeError: HTTPError: HTTP Error 468: 
HERB001577,鹅掌草,not_found,,,no exact pharmacopoeia herb result,error,,,RuntimeError: HTTPError: HTTP Error 468: 
HERB001576,鄂西香茶菜,not_found,,,no exact pharmacopoeia herb result,error,,,RuntimeError: HTTPError: HTTP Error 468: 
HERB001580,莪术油,not_found,,,no exact pharmacopoeia herb result,error,,,RuntimeError: HTTPError: HTTP Error 468: 
HERB001583,儿茶,ok,https://ydz.chp.org.cn/#/item?bookId=1&entryId=8,,matched page but chp target columns already had values,error,,,RuntimeError: HTTPError: HTTP Error 468: 
HERB001591,二七狗牙花,not_found,,,no exact pharmacopoeia herb result,error,,,RuntimeError: HTTPError: HTTP Error 468: 
HERB001582,耳草,not_found,,,no exact pharmacopoeia herb result,error,,,RuntimeError: HTTPError: HTTP Error 468: 
HERB001584,儿茶钩藤,not_found,,,no exact pharmacopoeia herb result,error,,,RuntimeError: HTTPError: HTTP Error 468: 
HERB001588,二沟黄芪,not_found,,,no exact pharmacopoeia herb result,error,,,RuntimeError: HTTPError: HTTP Error 468: 
HERB001593,二色华鼠尾草,not_found,,,no exact pharmacopoeia herb result,error,,,RuntimeError: HTTPError: HTTP Error 468: 
HERB001585,二齿香科科,not_found,,,no exact pharmacopoeia herb result,error,,,RuntimeError: HTTPError: HTTP Error 468: 
HERB001589,二角多甲藻,not_found,,,no exact pharmacopoeia herb result,error,,,RuntimeError: HTTPError: HTTP Error 468: 
HERB001586,二次陨石,not_found,,,no exact pharmacopoeia herb result,error,,,RuntimeError: HTTPError: HTTP Error 468: 
HERB001597,耳形瘤足蕨,not_found,,,no search results,error,,,RuntimeError: HTTPError: HTTP Error 468: 
HERB001594,儿十蕊商陆,not_found,,,no exact pharmacopoeia herb result,error,,,RuntimeError: HTTPError: HTTP Error 468: 
HERB001598,二星杨二兰,not_found,,,no exact pharmacopoeia herb result,error,,,RuntimeError: HTTPError: HTTP Error 468: 
HERB001605,发菜,not_found,,,no search results,error,,,RuntimeError: HTTPError: HTTP Error 468: 
HERB001604,法半夏,skipped_no_chp_blank_fields,,,,error,,,RuntimeError: HTTPError: HTTP Error 468: 
HERB001596,二星金合欢,not_found,,,no exact pharmacopoeia herb result,error,,,RuntimeError: HTTPError: HTTP Error 468: 
HERB001601,耳叶牛皮消,not_found,,,no exact pharmacopoeia herb result,error,,,RuntimeError: HTTPError: HTTP Error 468: 
HERB001600,二爷金罂粟,not_found,,,no exact pharmacopoeia herb result,error,,,RuntimeError: HTTPError: HTTP Error 468: 
HERB001595,而行鸡血藤,not_found,,,no exact pharmacopoeia herb result,error,,,RuntimeError: HTTPError: HTTP Error 468: 
HERB001607,法国金雀儿,not_found,,,no exact pharmacopoeia herb result,error,,,RuntimeError: HTTPError: HTTP Error 468: 
HERB001602,二一拖包地钱,not_found,,,no exact pharmacopoeia herb result,error,,,RuntimeError: HTTPError: HTTP Error 468: 
HERB001610,翻白草,ok,https://ydz.chp.org.cn/#/item?bookId=1&entryId=613,Properties|Meridians,,error,,,RuntimeError: HTTPError: HTTP Error 468: 
HERB001608,法国蔷薇,not_found,,,no search results,error,,,RuntimeError: HTTPError: HTTP Error 468: 
HERB001611,繁华止泻木,not_found,,,no exact pharmacopoeia herb result,error,,,RuntimeError: HTTPError: HTTP Error 468: 
HERB001609,法抗乌头,not_found,,,no exact pharmacopoeia herb result,error,,,RuntimeError: HTTPError: HTTP Error 468: 
HERB001612,番荔枝,not_found,,,no search results,error,,,RuntimeError: HTTPError: HTTP Error 468: 
HERB001614,番木瓜,not_found,,,no search results,error,,,RuntimeError: HTTPError: HTTP Error 468: 
HERB001616,番茄,not_found,,,no search results,error,,,RuntimeError: HTTPError: HTTP Error 468: 
HERB001617,番石榴干,not_found,,,no exact pharmacopoeia herb result,error,,,RuntimeError: HTTPError: HTTP Error 468: 
HERB001620,番石榴籽,not_found,,,no exact pharmacopoeia herb result,error,,,RuntimeError: HTTPError: HTTP Error 468: 
HERB001615,番木瓜叶,not_found,,,no exact pharmacopoeia herb result,error,,,RuntimeError: HTTPError: HTTP Error 468: 
HERB001618,番石榴皮,not_found,,,no exact pharmacopoeia herb result,error,,,RuntimeError: HTTPError: HTTP Error 468: 
HERB001619,番石榴叶,not_found,,,no exact pharmacopoeia herb result,error,,,RuntimeError: HTTPError: HTTP Error 468: 
HERB001622,防风,skipped_no_chp_blank_fields,,,,error,,,RuntimeError: HTTPError: HTTP Error 468: 
HERB001621,番泻叶,ok,https://ydz.chp.org.cn/#/item?bookId=1&entryId=552,Meridians,,error,,,RuntimeError: HTTPError: HTTP Error 468: 
HERB001626,防己,skipped_no_chp_blank_fields,,,,error,,,RuntimeError: HTTPError: HTTP Error 468: 
HERB001624,防风叶,not_found,,,no exact pharmacopoeia herb result,error,,,RuntimeError: HTTPError: HTTP Error 468: 
HERB001627,防己叶菝葜,not_found,,,no exact pharmacopoeia herb result,error,,,RuntimeError: HTTPError: HTTP Error 468: 
HERB001628,芳香白珠,not_found,,,no exact pharmacopoeia herb result,error,,,RuntimeError: HTTPError: HTTP Error 468: 
HERB001632,菲菜,not_found,,,no exact pharmacopoeia herb result,error,,,RuntimeError: HTTPError: HTTP Error 468: 
HERB001629,芳香堆心菊,not_found,,,no exact pharmacopoeia herb result,error,,,RuntimeError: HTTPError: HTTP Error 468: 
HERB001655,飞燕草,not_found,,,no search results,ok,https://www.dayi.org.cn/cmedical/300850.html,Toxicity|Properties|Meridians,
HERB001623,防风花,not_found,,,no exact pharmacopoeia herb result,error,,,RuntimeError: HTTPError: HTTP Error 468: 
HERB001633,费城飞蓬,not_found,,,no exact pharmacopoeia herb result,error,,,RuntimeError: HTTPError: HTTP Error 468: 
HERB001625,方海,not_found,,,no exact pharmacopoeia herb result,error,,,RuntimeError: HTTPError: HTTP Error 468: 
HERB001634,肥城酸浆,not_found,,,no exact pharmacopoeia herb result,error,,,RuntimeError: HTTPError: HTTP Error 468: 
HERB001635,飞蛾藤,not_found,,,no exact pharmacopoeia herb result,error,,,RuntimeError: HTTPError: HTTP Error 468: 
HERB001636,飞猴面包果,not_found,,,no exact pharmacopoeia herb result,error,,,RuntimeError: HTTPError: HTTP Error 468: 
HERB001638,飞蓟草,not_found,,,no exact pharmacopoeia herb result,error,,,RuntimeError: HTTPError: HTTP Error 468: 
HERB001641,飞廉,skipped_no_chp_blank_fields,,,,error,,,RuntimeError: HTTPError: HTTP Error 468: 
HERB001645,菲律宾千里光,not_found,,,no exact pharmacopoeia herb result,error,,,RuntimeError: HTTPError: HTTP Error 468: 
HERB001642,飞龙掌血,not_found,,,no exact pharmacopoeia herb result,error,,,RuntimeError: HTTPError: HTTP Error 468: 
HERB001643,飞龙掌血,not_found,,,no exact pharmacopoeia herb result,error,,,RuntimeError: HTTPError: HTTP Error 468: 
HERB001644,菲律宾罗汉松,not_found,,,no search results,error,,,RuntimeError: HTTPError: HTTP Error 468: 
HERB001646,菲律宾肉豆蔻,not_found,,,no exact pharmacopoeia herb result,error,,,RuntimeError: HTTPError: HTTP Error 468: 
HERB001647,菲律宾罗汉松,not_found,,,no search results,error,,,RuntimeError: HTTPError: HTTP Error 468: 
HERB001649,菲律宾千斤拔,not_found,,,no exact pharmacopoeia herb result,error,,,RuntimeError: HTTPError: HTTP Error 468: 
HERB001650,菲律宾千里光,not_found,,,no exact pharmacopoeia herb result,error,,,RuntimeError: HTTPError: HTTP Error 468: 
HERB001653,腓尼基刺柏,not_found,,,no search results,error,,,RuntimeError: HTTPError: HTTP Error 468: 
HERB001651,菲律宾肉豆蔻,not_found,,,no exact pharmacopoeia herb result,error,,,RuntimeError: HTTPError: HTTP Error 468: 
HERB001652,菲律宾石梓,not_found,,,no exact pharmacopoeia herb result,error,,,RuntimeError: HTTPError: HTTP Error 468: 
HERB001656,肥一点红,not_found,,,no exact pharmacopoeia herb result,error,,,RuntimeError: HTTPError: HTTP Error 468: 
HERB001660,非洲闭鞘姜,not_found,,,no exact pharmacopoeia herb result,error,,,RuntimeError: HTTPError: HTTP Error 468: 
HERB001662,非洲防己,not_found,,,no exact pharmacopoeia herb result,error,,,RuntimeError: HTTPError: HTTP Error 468: 
HERB001661,非洲番荔枝,not_found,,,no exact pharmacopoeia herb result,error,,,RuntimeError: HTTPError: HTTP Error 468: 
HERB001659,非洲百子莲,not_found,,,no exact pharmacopoeia herb result,error,,,RuntimeError: HTTPError: HTTP Error 468: 
HERB001658,肥皂草,not_found,,,no exact pharmacopoeia herb result,error,,,RuntimeError: HTTPError: HTTP Error 468: 
HERB001664,非洲格木,not_found,,,no exact pharmacopoeia herb result,error,,,RuntimeError: HTTPError: HTTP Error 468: 
HERB001657,费约果,not_found,,,no exact pharmacopoeia herb result,error,,,RuntimeError: HTTPError: HTTP Error 468: 
HERB001663,非洲橄榄,not_found,,,no exact pharmacopoeia herb result,error,,,RuntimeError: HTTPError: HTTP Error 468: 
HERB001669,非洲剑雪封喉,not_found,,,no search results,error,,,RuntimeError: HTTPError: HTTP Error 468: 
HERB001670,非洲枯木,not_found,,,no exact pharmacopoeia herb result,error,,,RuntimeError: HTTPError: HTTP Error 468: 
HERB001668,非洲黄檀,not_found,,,no exact pharmacopoeia herb result,error,,,RuntimeError: HTTPError: HTTP Error 468: 
HERB001673,非洲蛙,not_found,,,no exact pharmacopoeia herb result,error,,,RuntimeError: HTTPError: HTTP Error 468: 
HERB001665,非洲钩藤,not_found,,,no exact pharmacopoeia herb result,error,,,RuntimeError: HTTPError: HTTP Error 468: 
HERB001671,非洲罗勒,not_found,,,no exact pharmacopoeia herb result,error,,,RuntimeError: HTTPError: HTTP Error 468: 
HERB001676,榧子,skipped_no_chp_blank_fields,,,,error,,,RuntimeError: HTTPError: HTTP Error 468: 
HERB001672,非洲帽柱木,not_found,,,no exact pharmacopoeia herb result,error,,,RuntimeError: HTTPError: HTTP Error 468: 
HERB001674,非洲止泻木,not_found,,,no exact pharmacopoeia herb result,error,,,RuntimeError: HTTPError: HTTP Error 468: 
HERB001677,粉芭蕉,not_found,,,no exact pharmacopoeia herb result,error,,,RuntimeError: HTTPError: HTTP Error 468: 
HERB001679,粉萆薢,ok,https://ydz.chp.org.cn/#/item?bookId=1&entryId=455,Herb_latin_name|UsePart|Properties|Meridians|Function,,error,,,RuntimeError: HTTPError: HTTP Error 468: 
HERB001686,粪箕笃,not_found,,,no search results,error,,,RuntimeError: HTTPError: HTTP Error 468: 
HERB001685,粉红色西番莲,not_found,,,no exact pharmacopoeia herb result,error,,,RuntimeError: HTTPError: HTTP Error 468: 
HERB001684,粉红色西番莲,not_found,,,no exact pharmacopoeia herb result,error,,,RuntimeError: HTTPError: HTTP Error 468: 
HERB001681,分叉马钱子,not_found,,,no exact pharmacopoeia herb result,error,,,RuntimeError: HTTPError: HTTP Error 468: 
HERB001680,分叉当归,not_found,,,no exact pharmacopoeia herb result,error,,,RuntimeError: HTTPError: HTTP Error 468: 
HERB001683,粉葛,ok,https://ydz.chp.org.cn/#/item?bookId=1&entryId=456,UsePart|Properties|Meridians|Function|Indication,,error,,,RuntimeError: HTTPError: HTTP Error 468: 
HERB001688,粉瘤菌,not_found,,,no exact pharmacopoeia herb result,error,,,RuntimeError: HTTPError: HTTP Error 468: 
HERB001682,粉防己,not_found,,,no exact pharmacopoeia herb result,error,,,RuntimeError: HTTPError: HTTP Error 468: 
HERB001691,分路猪殃殃,not_found,,,no search results,error,,,RuntimeError: HTTPError: HTTP Error 468: 
HERB001692,分肉层孔菌,not_found,,,no exact pharmacopoeia herb result,error,,,RuntimeError: HTTPError: HTTP Error 468: 
HERB001690,坟墓草,not_found,,,no exact pharmacopoeia herb result,error,,,RuntimeError: HTTPError: HTTP Error 468: 
HERB001693,分时唐松草,not_found,,,no exact pharmacopoeia herb result,error,,,RuntimeError: HTTPError: HTTP Error 468: 
HERB001694,粉团花,not_found,,,no exact pharmacopoeia herb result,error,,,RuntimeError: HTTPError: HTTP Error 468: 
HERB001695,分心木,not_found,,,no exact pharmacopoeia herb result,error,,,RuntimeError: HTTPError: HTTP Error 468: 
HERB001696,分支颇具,not_found,,,no exact pharmacopoeia herb result,error,,,RuntimeError: HTTPError: HTTP Error 468: 
HERB001700,蜂斗菜,not_found,,,no exact pharmacopoeia herb result,error,,,RuntimeError: HTTPError: HTTP Error 468: 
HERB001697,蜂巢草,not_found,,,no exact pharmacopoeia herb result,error,,,RuntimeError: HTTPError: HTTP Error 468: 
HERB001702,蜂房,ok,https://ydz.chp.org.cn/#/item?bookId=1&entryId=568,Properties|Meridians,,error,,,RuntimeError: HTTPError: HTTP Error 468: 
HERB001699,丰城鸡血藤,not_found,,,no exact pharmacopoeia herb result,error,,,RuntimeError: HTTPError: HTTP Error 468: 
HERB001705,蜂胶,ok,https://ydz.chp.org.cn/#/item?bookId=1&entryId=569,Properties|Meridians,,error,,,RuntimeError: HTTPError: HTTP Error 468: 
HERB001704,凤凰木,not_found,,,no search results,error,,,RuntimeError: HTTPError: HTTP Error 468: 
HERB001706,蜂蜡,ok,https://ydz.chp.org.cn/#/item?bookId=1&entryId=570,Properties|Meridians,,error,,,RuntimeError: HTTPError: HTTP Error 468: 
HERB001709,风轮菜,not_found,,,no exact pharmacopoeia herb result,error,,,RuntimeError: HTTPError: HTTP Error 468: 
HERB001713,凤尾草,skipped_no_chp_blank_fields,,,,error,,,RuntimeError: HTTPError: HTTP Error 468: 
HERB001707,凤梨,not_found,,,no search results,error,,,RuntimeError: HTTPError: HTTP Error 468: 
HERB001711,蜂蜜,skipped_no_chp_blank_fields,,,,error,,,RuntimeError: HTTPError: HTTP Error 468: 
HERB001710,风毛菊,not_found,,,no exact pharmacopoeia herb result,error,,,RuntimeError: HTTPError: HTTP Error 468: 
HERB001708,风铃草,not_found,,,no exact pharmacopoeia herb result,error,,,RuntimeError: HTTPError: HTTP Error 468: 
HERB001716,凤尾爬山虎,not_found,,,no search results,error,,,RuntimeError: HTTPError: HTTP Error 468: 
HERB001715,凤尾蕨,not_found,,,no exact pharmacopoeia herb result,error,,,RuntimeError: HTTPError: HTTP Error 468: 
HERB001718,凤仙花,not_found,,,no exact pharmacopoeia herb result,error,,,RuntimeError: HTTPError: HTTP Error 468: 
HERB001714,凤尾茶,not_found,,,no exact pharmacopoeia herb result,error,,,RuntimeError: HTTPError: HTTP Error 468: 
HERB001719,凤仙透骨草,not_found,,,no exact pharmacopoeia herb result,error,,,RuntimeError: HTTPError: HTTP Error 468: 
HERB001717,凤仙,not_found,,,no exact pharmacopoeia herb result,error,,,RuntimeError: HTTPError: HTTP Error 468: 
HERB001720,枫香寄生,not_found,,,no exact pharmacopoeia herb result,error,,,RuntimeError: HTTPError: HTTP Error 468: 
HERB001723,枫香树皮,not_found,,,no exact pharmacopoeia herb result,error,,,RuntimeError: HTTPError: HTTP Error 468: 
HERB001722,风箱树根,not_found,,,no exact pharmacopoeia herb result,error,,,RuntimeError: HTTPError: HTTP Error 468: 
HERB001721,枫香树,not_found,,,no exact pharmacopoeia herb result,error,,,RuntimeError: HTTPError: HTTP Error 468: 
HERB001724,风箱树叶,not_found,,,no exact pharmacopoeia herb result,error,,,RuntimeError: HTTPError: HTTP Error 468: 
HERB001727,风信子,not_found,,,no search results,error,,,RuntimeError: HTTPError: HTTP Error 468: 
HERB001728,凤丫蕨,not_found,,,no exact pharmacopoeia herb result,error,,,RuntimeError: HTTPError: HTTP Error 468: 
HERB001726,枫香脂,ok,https://ydz.chp.org.cn/#/item?bookId=1&entryId=319,Properties|Meridians,,error,,,RuntimeError: HTTPError: HTTP Error 468: 
HERB001732,佛耳草,skipped_no_chp_blank_fields,,,,error,,,RuntimeError: HTTPError: HTTP Error 468: 
HERB001738,伏尔加侧金盏花,not_found,,,no exact pharmacopoeia herb result,error,,,RuntimeError: HTTPError: HTTP Error 468: 
HERB001733,佛甲草,not_found,,,no search results,error,,,RuntimeError: HTTPError: HTTP Error 468: 
HERB001731,紫菀花,not_found,,,no exact pharmacopoeia herb result,error,,,RuntimeError: HTTPError: HTTP Error 468: 
HERB001734,佛手,skipped_no_chp_blank_fields,,,,error,,,RuntimeError: HTTPError: HTTP Error 468: 
HERB001730,凤羽花,not_found,,,no exact pharmacopoeia herb result,error,,,RuntimeError: HTTPError: HTTP Error 468: 
HERB001729,凤眼草,not_found,,,no exact pharmacopoeia herb result,error,,,RuntimeError: HTTPError: HTTP Error 468: 
HERB001740,浮海石,not_found,,,no exact pharmacopoeia herb result,error,,,RuntimeError: HTTPError: HTTP Error 468: 
HERB001742,弗吉尼亚狗脊蕨,not_found,,,no exact pharmacopoeia herb result,error,,,RuntimeError: HTTPError: HTTP Error 468: 
HERB001739,扶芳藤,not_found,,,no exact pharmacopoeia herb result,error,,,RuntimeError: HTTPError: HTTP Error 468: 
HERB001741,弗吉尼亚地笋,not_found,,,no exact pharmacopoeia herb result,error,,,RuntimeError: HTTPError: HTTP Error 468: 
HERB001744,福橘,not_found,,,no exact pharmacopoeia herb result,error,,,RuntimeError: HTTPError: HTTP Error 468: 
HERB001748,弗雷是杜鹃花,not_found,,,no search results,error,,,RuntimeError: HTTPError: HTTP Error 468: 
HERB001747,扶郎花,not_found,,,no exact pharmacopoeia herb result,error,,,RuntimeError: HTTPError: HTTP Error 468: 
HERB001750,茯苓皮,skipped_no_chp_blank_fields,,,,error,,,RuntimeError: HTTPError: HTTP Error 468: 
HERB001743,福建细辛,not_found,,,no exact pharmacopoeia herb result,error,,,RuntimeError: HTTPError: HTTP Error 468: 
HERB001745,阜康阿魏根,not_found,,,no exact pharmacopoeia herb result,error,,,RuntimeError: HTTPError: HTTP Error 468: 
HERB001749,茯苓,skipped_no_chp_blank_fields,,,,error,,,RuntimeError: HTTPError: HTTP Error 468: 
HERB001751,伏毛山豆根,not_found,,,no exact pharmacopoeia herb result,error,,,RuntimeError: HTTPError: HTTP Error 468: 
HERB001753,富宁藤,not_found,,,no exact pharmacopoeia herb result,error,,,RuntimeError: HTTPError: HTTP Error 468: 
HERB001754,覆盆子,ok,https://ydz.chp.org.cn/#/item?bookId=1&entryId=611,Herb_latin_name|UsePart|Properties|Meridians|Function,,error,,,RuntimeError: HTTPError: HTTP Error 468: 
HERB001758,浮萍,skipped_no_chp_blank_fields,,,,error,,,RuntimeError: HTTPError: HTTP Error 468: 
HERB001763,扶桑叶,not_found,,,no exact pharmacopoeia herb result,error,,,RuntimeError: HTTPError: HTTP Error 468: 
HERB001756,覆盆子叶,not_found,,,no exact pharmacopoeia herb result,error,,,RuntimeError: HTTPError: HTTP Error 468: 
HERB001762,扶桑花,not_found,,,no exact pharmacopoeia herb result,error,,,RuntimeError: HTTPError: HTTP Error 468: 
HERB001755,覆盆子根,not_found,,,no exact pharmacopoeia herb result,error,,,RuntimeError: HTTPError: HTTP Error 468: 
HERB001765,茯神,not_found,,,no exact pharmacopoeia herb result,error,,,RuntimeError: HTTPError: HTTP Error 468: 
HERB001764,辐射松,not_found,,,no exact pharmacopoeia herb result,error,,,RuntimeError: HTTPError: HTTP Error 468: 
HERB001772,浮叶眼子菜,not_found,,,no exact pharmacopoeia herb result,error,,,RuntimeError: HTTPError: HTTP Error 468: 
HERB001770,浮小麦,skipped_no_chp_blank_fields,,,,error,,,RuntimeError: HTTPError: HTTP Error 468: 
HERB001759,芙蓉菊根,not_found,,,no exact pharmacopoeia herb result,error,,,RuntimeError: HTTPError: HTTP Error 468: 
HERB001766,茯神木,not_found,,,no exact pharmacopoeia herb result,error,,,RuntimeError: HTTPError: HTTP Error 468: 
HERB001768,福寿草?,not_found,,,no exact pharmacopoeia herb result,error,,,RuntimeError: HTTPError: HTTP Error 468: 
HERB001773,泽兰,ok,https://ydz.chp.org.cn/#/item?bookId=1&entryId=354,UsePart|Properties|Meridians|Function|Indication,,error,,,RuntimeError: HTTPError: HTTP Error 468: 
HERB001779,甘草,skipped_no_chp_blank_fields,,,,error,,,RuntimeError: HTTPError: HTTP Error 468: 
HERB001780,甘草节,not_found,,,no exact pharmacopoeia herb result,error,,,RuntimeError: HTTPError: HTTP Error 468: 
HERB001781,甘草稍,not_found,,,no exact pharmacopoeia herb result,error,,,RuntimeError: HTTPError: HTTP Error 468: 
HERB001782,甘草头,not_found,,,no exact pharmacopoeia herb result,error,,,RuntimeError: HTTPError: HTTP Error 468: 
HERB001783,干地黄,not_found,,,no exact pharmacopoeia herb result,error,,,RuntimeError: HTTPError: HTTP Error 468: 
HERB001784,肝风草,not_found,,,no exact pharmacopoeia herb result,error,,,RuntimeError: HTTPError: HTTP Error 468: 
HERB001786,干花豆,not_found,,,no exact pharmacopoeia herb result,error,,,RuntimeError: HTTPError: HTTP Error 468: 
HERB001785,甘葛藤根,not_found,,,no exact pharmacopoeia herb result,error,,,RuntimeError: HTTPError: HTTP Error 468: 
HERB001787,干姜,skipped_no_chp_blank_fields,,,,error,,,RuntimeError: HTTPError: HTTP Error 468: 
HERB001788,橄榄,skipped_no_chp_blank_fields,,,,error,,,RuntimeError: HTTPError: HTTP Error 468: 
HERB001789,橄榄白蜡伞,not_found,,,no exact pharmacopoeia herb result,error,,,RuntimeError: HTTPError: HTTP Error 468: 
HERB001798,甘青铁线莲,not_found,,,no exact pharmacopoeia herb result,error,,,RuntimeError: HTTPError: HTTP Error 468: 
HERB001790,橄榄核,not_found,,,no exact pharmacopoeia herb result,error,,,RuntimeError: HTTPError: HTTP Error 468: 
HERB001793,甘露秦,not_found,,,no exact pharmacopoeia herb result,error,,,RuntimeError: HTTPError: HTTP Error 468: 
HERB001791,橄榄仁,not_found,,,no exact pharmacopoeia herb result,error,,,RuntimeError: HTTPError: HTTP Error 468: 
HERB001792,干老鸡骨常山,not_found,,,no exact pharmacopoeia herb result,error,,,RuntimeError: HTTPError: HTTP Error 468: 
HERB001800,甘薯,not_found,,,no search results,error,,,RuntimeError: HTTPError: HTTP Error 468: 
HERB001801,甘松,skipped_no_chp_blank_fields,,,,error,,,RuntimeError: HTTPError: HTTP Error 468: 
HERB001797,甘青青兰,not_found,,,no exact pharmacopoeia herb result,error,,,RuntimeError: HTTPError: HTTP Error 468: 
HERB001799,甘青乌头,not_found,,,no exact pharmacopoeia herb result,error,,,RuntimeError: HTTPError: HTTP Error 468: 
HERB001794,干鹿肉,not_found,,,no exact pharmacopoeia herb result,error,,,RuntimeError: HTTPError: HTTP Error 468: 
HERB001802,甘肃贝母,not_found,,,no exact pharmacopoeia herb result,error,,,RuntimeError: HTTPError: HTTP Error 468: 
HERB001803,甘肃槐树,not_found,,,no exact pharmacopoeia herb result,error,,,RuntimeError: HTTPError: HTTP Error 468: 
HERB001804,甘肃黄芩,not_found,,,no exact pharmacopoeia herb result,error,,,RuntimeError: HTTPError: HTTP Error 468: 
HERB001805,甘肃山楂,not_found,,,no exact pharmacopoeia herb result,error,,,RuntimeError: HTTPError: HTTP Error 468: 
HERB001806,甘遂,skipped_no_chp_blank_fields,,,,error,,,RuntimeError: HTTPError: HTTP Error 468: 
HERB001812,刚果剑雪封喉,not_found,,,no search results,error,,,RuntimeError: HTTPError: HTTP Error 468: 
HERB001807,赣皖乌头,not_found,,,no exact pharmacopoeia herb result,error,,,RuntimeError: HTTPError: HTTP Error 468: 
HERB001808,甘西鼠尾草,not_found,,,no exact pharmacopoeia herb result,error,,,RuntimeError: HTTPError: HTTP Error 468: 
HERB001809,甘蔗,not_found,,,no search results,error,,,RuntimeError: HTTPError: HTTP Error 468: 
HERB001810,杠板归根,not_found,,,no exact pharmacopoeia herb result,error,,,RuntimeError: HTTPError: HTTP Error 468: 
HERB001813,刚果萝芙木,not_found,,,no search results,error,,,RuntimeError: HTTPError: HTTP Error 468: 
HERB001821,藁本,ok,https://ydz.chp.org.cn/#/item?bookId=1&entryId=607,Herb_latin_name|UsePart|Properties|Meridians|Function,,error,,,RuntimeError: HTTPError: HTTP Error 468: 
HERB001814,刚毛柽柳,not_found,,,no exact pharmacopoeia herb result,error,,,RuntimeError: HTTPError: HTTP Error 468: 
HERB001815,刚毛藤山柳,not_found,,,no exact pharmacopoeia herb result,error,,,RuntimeError: HTTPError: HTTP Error 468: 
HERB001816,岗梅,not_found,,,no exact pharmacopoeia herb result,error,,,RuntimeError: HTTPError: HTTP Error 468: 
HERB001826,高大翠雀花,not_found,,,no search results,error,,,RuntimeError: HTTPError: HTTP Error 468: 
HERB001823,高春黄菊,not_found,,,no exact pharmacopoeia herb result,error,,,RuntimeError: HTTPError: HTTP Error 468: 
HERB001817,岗松,not_found,,,no search results,error,,,RuntimeError: HTTPError: HTTP Error 468: 
HERB001824,高丛珍珠梅,not_found,,,no exact pharmacopoeia herb result,error,,,RuntimeError: HTTPError: HTTP Error 468: 
HERB001828,高达山蓝,not_found,,,no exact pharmacopoeia herb result,error,,,RuntimeError: HTTPError: HTTP Error 468: 
HERB001832,高飞燕草,not_found,,,no exact pharmacopoeia herb result,error,,,RuntimeError: HTTPError: HTTP Error 468: 
HERB001833,高贵波罗蜜,not_found,,,no search results,error,,,RuntimeError: HTTPError: HTTP Error 468: 
HERB001829,高当归,not_found,,,no exact pharmacopoeia herb result,error,,,RuntimeError: HTTPError: HTTP Error 468: 
HERB001842,高加索摆线,not_found,,,no search results,error,,,RuntimeError: HTTPError: HTTP Error 468: 
HERB001840,高黄芩,not_found,,,no exact pharmacopoeia herb result,error,,,RuntimeError: HTTPError: HTTP Error 468: 
HERB001835,高贵假紫草,not_found,,,no exact pharmacopoeia herb result,error,,,RuntimeError: HTTPError: HTTP Error 468: 
HERB001834,高贵春黄菊,not_found,,,no exact pharmacopoeia herb result,error,,,RuntimeError: HTTPError: HTTP Error 468: 
HERB001844,高加索鳞毛蕨,not_found,,,no exact pharmacopoeia herb result,error,,,RuntimeError: HTTPError: HTTP Error 468: 
HERB001843,高加索蓝盆花,not_found,,,no exact pharmacopoeia herb result,error,,,RuntimeError: HTTPError: HTTP Error 468: 
HERB001841,高灰毛豆,not_found,,,no exact pharmacopoeia herb result,error,,,RuntimeError: HTTPError: HTTP Error 468: 
HERB001845,高加索龙胆,not_found,,,no exact pharmacopoeia herb result,error,,,RuntimeError: HTTPError: HTTP Error 468: 
HERB001847,高加索罂粟,not_found,,,no exact pharmacopoeia herb result,error,,,RuntimeError: HTTPError: HTTP Error 468: 
HERB001846,高加索乌头,not_found,,,no exact pharmacopoeia herb result,error,,,RuntimeError: HTTPError: HTTP Error 468: 
HERB001849,高咖啡,not_found,,,no exact pharmacopoeia herb result,error,,,RuntimeError: HTTPError: HTTP Error 468: 
HERB001850,高丽参,not_found,,,no search results,error,,,RuntimeError: HTTPError: HTTP Error 468: 
HERB001851,高粱,not_found,,,no search results,error,,,RuntimeError: HTTPError: HTTP Error 468: 
HERB001848,高加索紫金,not_found,,,no exact pharmacopoeia herb result,error,,,RuntimeError: HTTPError: HTTP Error 468: 
HERB001855,高山扁枝石松,not_found,,,no exact pharmacopoeia herb result,error,,,RuntimeError: HTTPError: HTTP Error 468: 
HERB001853,高梁泡,not_found,,,no exact pharmacopoeia herb result,error,,,RuntimeError: HTTPError: HTTP Error 468: 
HERB001852,高良姜,ok,https://ydz.chp.org.cn/#/item?bookId=1&entryId=453,Herb_latin_name|UsePart|Properties|Meridians|Function,,error,,,RuntimeError: HTTPError: HTTP Error 468: 
HERB001857,高山花椒,not_found,,,no exact pharmacopoeia herb result,error,,,RuntimeError: HTTPError: HTTP Error 468: 
HERB001858,高山黄华,not_found,,,no exact pharmacopoeia herb result,error,,,RuntimeError: HTTPError: HTTP Error 468: 
HERB001859,高山黄华根,not_found,,,no exact pharmacopoeia herb result,error,,,RuntimeError: HTTPError: HTTP Error 468: 
HERB001866,高山罂粟,not_found,,,no exact pharmacopoeia herb result,error,,,RuntimeError: HTTPError: HTTP Error 468: 
HERB001863,高山唐松草,not_found,,,no exact pharmacopoeia herb result,error,,,RuntimeError: HTTPError: HTTP Error 468: 
HERB001860,高山火绒草,not_found,,,no exact pharmacopoeia herb result,error,,,RuntimeError: HTTPError: HTTP Error 468: 
HERB001862,高山罗汉松,not_found,,,no exact pharmacopoeia herb result,error,,,RuntimeError: HTTPError: HTTP Error 468: 
HERB001861,高山辣根菜,ok,https://ydz.chp.org.cn/#/item?bookId=1&entryId=452,Properties|Meridians|Function|Indication,,error,,,RuntimeError: HTTPError: HTTP Error 468: 
HERB001864,高山条蕨,not_found,,,no exact pharmacopoeia herb result,error,,,RuntimeError: HTTPError: HTTP Error 468: 
HERB001869,高原唐松草,not_found,,,no exact pharmacopoeia herb result,error,,,RuntimeError: HTTPError: HTTP Error 468: 
HERB001871,戈壁天门冬,not_found,,,no search results,error,,,RuntimeError: HTTPError: HTTP Error 468: 
HERB001868,高一枝黄花,not_found,,,no exact pharmacopoeia herb result,error,,,RuntimeError: HTTPError: HTTP Error 468: 
HERB001867,高乌头,not_found,,,no exact pharmacopoeia herb result,error,,,RuntimeError: HTTPError: HTTP Error 468: 
HERB001873,茖葱,not_found,,,no exact pharmacopoeia herb result,error,,,RuntimeError: HTTPError: HTTP Error 468: 
HERB001870,高泽兰,not_found,,,no exact pharmacopoeia herb result,error,,,RuntimeError: HTTPError: HTTP Error 468: 
HERB001874,葛根,skipped_no_chp_blank_fields,,,,error,,,RuntimeError: HTTPError: HTTP Error 468: 
HERB001876,葛花,not_found,,,no search results,error,,,RuntimeError: HTTPError: HTTP Error 468: 
HERB001875,葛谷,not_found,,,no exact pharmacopoeia herb result,error,,,RuntimeError: HTTPError: HTTP Error 468: 
HERB001878,格里菲斯十大功劳,not_found,,,no exact pharmacopoeia herb result,error,,,RuntimeError: HTTPError: HTTP Error 468: 
HERB001877,蛤蚧,skipped_no_chp_blank_fields,,,,error,,,RuntimeError: HTTPError: HTTP Error 468: 
HERB001881,哥伦比亚巴豆,not_found,,,no exact pharmacopoeia herb result,error,,,RuntimeError: HTTPError: HTTP Error 468: 
HERB001879,格里菲斯藤黄,not_found,,,no search results,error,,,RuntimeError: HTTPError: HTTP Error 468: 
HERB001882,哥伦比亚木瓣树?,not_found,,,no exact pharmacopoeia herb result,error,,,RuntimeError: HTTPError: HTTP Error 468: 
HERB001885,蛤壳,skipped_no_chp_blank_fields,,,,error,,,RuntimeError: HTTPError: HTTP Error 468: 
HERB001883,葛蔓,not_found,,,no exact pharmacopoeia herb result,error,,,RuntimeError: HTTPError: HTTP Error 468: 
HERB001884,哥纳香,not_found,,,no exact pharmacopoeia herb result,error,,,RuntimeError: HTTPError: HTTP Error 468: 
HERB001888,格式鼠尾草,not_found,,,no exact pharmacopoeia herb result,error,,,RuntimeError: HTTPError: HTTP Error 468: 
HERB001886,隔山消,not_found,,,no exact pharmacopoeia herb result,error,,,RuntimeError: HTTPError: HTTP Error 468: 
HERB001887,葛上亭长,not_found,,,no exact pharmacopoeia herb result,error,,,RuntimeError: HTTPError: HTTP Error 468: 
HERB001890,各样西番莲,not_found,,,no search results,error,,,RuntimeError: HTTPError: HTTP Error 468: 
HERB001892,革叶猕猴桃,not_found,,,no exact pharmacopoeia herb result,error,,,RuntimeError: HTTPError: HTTP Error 468: 
HERB001894,工布乌头,not_found,,,no exact pharmacopoeia herb result,error,,,RuntimeError: HTTPError: HTTP Error 468: 
HERB001900,枸骨树皮,not_found,,,no exact pharmacopoeia herb result,error,,,RuntimeError: HTTPError: HTTP Error 468: 
HERB001895,贡嘎山乌头,not_found,,,no exact pharmacopoeia herb result,error,,,RuntimeError: HTTPError: HTTP Error 468: 
HERB001899,枸骨根,not_found,,,no exact pharmacopoeia herb result,error,,,RuntimeError: HTTPError: HTTP Error 468: 
HERB001891,葛叶,not_found,,,no exact pharmacopoeia herb result,error,,,RuntimeError: HTTPError: HTTP Error 468: 
HERB001898,公兴马兜铃,not_found,,,no exact pharmacopoeia herb result,error,,,RuntimeError: HTTPError: HTTP Error 468: 
HERB001896,功劳木,ok,https://ydz.chp.org.cn/#/item?bookId=1&entryId=124,UsePart,,error,,,RuntimeError: HTTPError: HTTP Error 468: 
HERB001897,功劳子,not_found,,,no exact pharmacopoeia herb result,error,,,RuntimeError: HTTPError: HTTP Error 468: 
HERB001901,枸骨叶,ok,https://ydz.chp.org.cn/#/item?bookId=1&entryId=391,Herb_latin_name|UsePart|Properties|Meridians|Function,,error,,,RuntimeError: HTTPError: HTTP Error 468: 
HERB001902,枸骨子,not_found,,,no exact pharmacopoeia herb result,error,,,RuntimeError: HTTPError: HTTP Error 468: 
HERB001904,枸橘,not_found,,,no search results,error,,,RuntimeError: HTTPError: HTTP Error 468: 
HERB001903,狗脊,skipped_no_chp_blank_fields,,,,error,,,RuntimeError: HTTPError: HTTP Error 468: 
HERB001907,枸橘叶,not_found,,,no exact pharmacopoeia herb result,error,,,RuntimeError: HTTPError: HTTP Error 468: 
HERB001906,枸橘核,not_found,,,no exact pharmacopoeia herb result,error,,,RuntimeError: HTTPError: HTTP Error 468: 
HERB001905,狗桔刺,not_found,,,no exact pharmacopoeia herb result,error,,,RuntimeError: HTTPError: HTTP Error 468: 
HERB001911,枸杞,not_found,,,no exact pharmacopoeia herb result,error,,,RuntimeError: HTTPError: HTTP Error 468: 
HERB001909,枸橘枳实,not_found,,,no exact pharmacopoeia herb result,error,,,RuntimeError: HTTPError: HTTP Error 468: 
HERB001910,钩毛茜草,not_found,,,no exact pharmacopoeia herb result,error,,,RuntimeError: HTTPError: HTTP Error 468: 
HERB001913,枸杞小波,not_found,,,no exact pharmacopoeia herb result,error,,,RuntimeError: HTTPError: HTTP Error 468: 
HERB001916,狗肉,not_found,,,no search results,error,,,RuntimeError: HTTPError: HTTP Error 468: 
HERB001914,枸杞叶,not_found,,,no exact pharmacopoeia herb result,error,,,RuntimeError: HTTPError: HTTP Error 468: 
HERB001915,枸杞子,skipped_no_chp_blank_fields,,,,error,,,RuntimeError: HTTPError: HTTP Error 468: 
HERB001912,枸杞根皮,not_found,,,no exact pharmacopoeia herb result,error,,,RuntimeError: HTTPError: HTTP Error 468: 
HERB001920,构树,not_found,,,no exact pharmacopoeia herb result,error,,,RuntimeError: HTTPError: HTTP Error 468: 
HERB001918,狗肾,not_found,,,no exact pharmacopoeia herb result,error,,,RuntimeError: HTTPError: HTTP Error 468: 
HERB001921,构树白皮,not_found,,,no exact pharmacopoeia herb result,error,,,RuntimeError: HTTPError: HTTP Error 468: 
HERB001917,狗舌草,not_found,,,no exact pharmacopoeia herb result,error,,,RuntimeError: HTTPError: HTTP Error 468: 
HERB001919,狗屎花,not_found,,,no exact pharmacopoeia herb result,error,,,RuntimeError: HTTPError: HTTP Error 468: 
HERB001922,构树根,not_found,,,no exact pharmacopoeia herb result,error,,,RuntimeError: HTTPError: HTTP Error 468: 
HERB001924,钩藤,skipped_no_chp_blank_fields,,,,error,,,RuntimeError: HTTPError: HTTP Error 468: 
HERB001930,钩状胡椒,not_found,,,no exact pharmacopoeia herb result,error,,,RuntimeError: HTTPError: HTTP Error 468: 
HERB001923,构树果,not_found,,,no exact pharmacopoeia herb result,error,,,RuntimeError: HTTPError: HTTP Error 468: 
HERB001927,狗心,not_found,,,no exact pharmacopoeia herb result,error,,,RuntimeError: HTTPError: HTTP Error 468: 
HERB001928,狗仔花,not_found,,,no exact pharmacopoeia herb result,error,,,RuntimeError: HTTPError: HTTP Error 468: 
HERB001931,钩状胡椒,not_found,,,no exact pharmacopoeia herb result,error,,,RuntimeError: HTTPError: HTTP Error 468: 
HERB001929,钩枝藤,not_found,,,no exact pharmacopoeia herb result,error,,,RuntimeError: HTTPError: HTTP Error 468: 
HERB001925,钩藤根,not_found,,,no exact pharmacopoeia herb result,error,,,RuntimeError: HTTPError: HTTP Error 468: 
HERB001932,钩状石斛,not_found,,,no exact pharmacopoeia herb result,error,,,RuntimeError: HTTPError: HTTP Error 468: 
HERB001938,谷精草,skipped_no_chp_blank_fields,,,,error,,,RuntimeError: HTTPError: HTTP Error 468: 
HERB001935,古城玫瑰树,not_found,,,no exact pharmacopoeia herb result,error,,,RuntimeError: HTTPError: HTTP Error 468: 
HERB001934,古巴萝芙木,not_found,,,no search results,error,,,RuntimeError: HTTPError: HTTP Error 468: 
HERB001939,谷壳,not_found,,,no search results,error,,,RuntimeError: HTTPError: HTTP Error 468: 
HERB001936,鼓槌石斛,not_found,,,no exact pharmacopoeia herb result,error,,,RuntimeError: HTTPError: HTTP Error 468: 
HERB001940,古蔺雪丹,not_found,,,no exact pharmacopoeia herb result,error,,,RuntimeError: HTTPError: HTTP Error 468: 
HERB001942,骨碎补,skipped_no_chp_blank_fields,,,,error,,,RuntimeError: HTTPError: HTTP Error 468: 
HERB001937,骨节草,not_found,,,no exact pharmacopoeia herb result,error,,,RuntimeError: HTTPError: HTTP Error 468: 
HERB001944,孤挺花,not_found,,,no search results,error,,,RuntimeError: HTTPError: HTTP Error 468: 
HERB001943,骨碎补毛,not_found,,,no exact pharmacopoeia herb result,error,,,RuntimeError: HTTPError: HTTP Error 468: 
HERB001945,孤挺花,not_found,,,no search results,error,,,RuntimeError: HTTPError: HTTP Error 468: 
HERB001946,孤挺花杂交种,not_found,,,no search results,error,,,RuntimeError: HTTPError: HTTP Error 468: 
HERB001951,挂金灯跟,not_found,,,no exact pharmacopoeia herb result,error,,,RuntimeError: HTTPError: HTTP Error 468: 
HERB001947,谷芽,skipped_no_chp_blank_fields,,,,error,,,RuntimeError: HTTPError: HTTP Error 468: 
HERB001952,瓜蒌,ok,https://ydz.chp.org.cn/#/item?bookId=1&entryId=167,Herb_latin_name|UsePart|Properties|Meridians|Function,,error,,,RuntimeError: HTTPError: HTTP Error 468: 
HERB001953,瓜篓皮,skipped_no_chp_blank_fields,,,,error,,,RuntimeError: HTTPError: HTTP Error 468: 
HERB001954,瓜篓子,not_found,,,no exact pharmacopoeia herb result,error,,,RuntimeError: HTTPError: HTTP Error 468: 
HERB001950,挂金灯,not_found,,,no exact pharmacopoeia herb result,error,,,RuntimeError: HTTPError: HTTP Error 468: 
HERB001955,栝楼茎叶,not_found,,,no exact pharmacopoeia herb result,error,,,RuntimeError: HTTPError: HTTP Error 468: 
HERB001949,瓜馥木,not_found,,,no exact pharmacopoeia herb result,error,,,RuntimeError: HTTPError: HTTP Error 468: 
HERB001963,关公须,not_found,,,no exact pharmacopoeia herb result,error,,,RuntimeError: HTTPError: HTTP Error 468: 
HERB001959,拐芹,not_found,,,no exact pharmacopoeia herb result,error,,,RuntimeError: HTTPError: HTTP Error 468: 
HERB001960,关苍术,not_found,,,no exact pharmacopoeia herb result,error,,,RuntimeError: HTTPError: HTTP Error 468: 
HERB001965,管花党参,not_found,,,no exact pharmacopoeia herb result,error,,,RuntimeError: HTTPError: HTTP Error 468: 
HERB001971,灌木奥拓斯特草,not_found,,,no search results,error,,,RuntimeError: HTTPError: HTTP Error 468: 
HERB001958,瓜叶乌头,not_found,,,no exact pharmacopoeia herb result,error,,,RuntimeError: HTTPError: HTTP Error 468: 
HERB001966,管花马兜铃,not_found,,,no exact pharmacopoeia herb result,error,,,RuntimeError: HTTPError: HTTP Error 468: 
HERB001969,关黄柏,ok,https://ydz.chp.org.cn/#/item?bookId=1&entryId=225,Herb_latin_name|UsePart|Properties|Meridians|Function|Indication,,error,,,RuntimeError: HTTPError: HTTP Error 468: 
HERB001968,管花肉苁蓉,not_found,,,no exact pharmacopoeia herb result,error,,,RuntimeError: HTTPError: HTTP Error 468: 
HERB001964,观光木,not_found,,,no exact pharmacopoeia herb result,error,,,RuntimeError: HTTPError: HTTP Error 468: 
HERB001974,灌木天门冬,not_found,,,no search results,error,,,RuntimeError: HTTPError: HTTP Error 468: 
HERB001973,灌木萝芙木,not_found,,,no search results,error,,,RuntimeError: HTTPError: HTTP Error 468: 
HERB001967,管花秦艽,not_found,,,no exact pharmacopoeia herb result,error,,,RuntimeError: HTTPError: HTTP Error 468: 
HERB001975,关木通,skipped_no_chp_blank_fields,,,,error,,,RuntimeError: HTTPError: HTTP Error 468: 
HERB001972,灌木柴胡,not_found,,,no exact pharmacopoeia herb result,error,,,RuntimeError: HTTPError: HTTP Error 468: 
HERB001976,灌木文殊兰,not_found,,,no search results,error,,,RuntimeError: HTTPError: HTTP Error 468: 
HERB001978,灌木远志,not_found,,,no exact pharmacopoeia herb result,error,,,RuntimeError: HTTPError: HTTP Error 468: 
HERB001982,贯叶连翘,skipped_no_chp_blank_fields,,,,error,,,RuntimeError: HTTPError: HTTP Error 468: 
HERB001977,灌木亚菊,not_found,,,no exact pharmacopoeia herb result,error,,,RuntimeError: HTTPError: HTTP Error 468: 
HERB001980,观赏獐牙菜,not_found,,,no exact pharmacopoeia herb result,error,,,RuntimeError: HTTPError: HTTP Error 468: 
HERB001983,贯叶连翘,not_found,,,no exact pharmacopoeia herb result,error,,,RuntimeError: HTTPError: HTTP Error 468: 
HERB001979,灌木状车轴草,not_found,,,no exact pharmacopoeia herb result,error,,,RuntimeError: HTTPError: HTTP Error 468: 
HERB001981,贯叶金丝桃,ok,https://ydz.chp.org.cn/#/item?bookId=1&entryId=358,Herb_latin_name|UsePart|Properties|Meridians|Function|Indication,,error,,,RuntimeError: HTTPError: HTTP Error 468: 
HERB001986,冠状沟轧花,not_found,,,no search results,error,,,RuntimeError: HTTPError: HTTP Error 468: 
HERB001984,观音草,not_found,,,no exact pharmacopoeia herb result,error,,,RuntimeError: HTTPError: HTTP Error 468: 
HERB001985,贯众,not_found,,,no exact pharmacopoeia herb result,error,,,RuntimeError: HTTPError: HTTP Error 468: 
HERB001989,贯众,skipped_no_chp_blank_fields,,,,error,,,RuntimeError: HTTPError: HTTP Error 468: 
HERB001992,光慈姑,not_found,,,no exact pharmacopoeia herb result,error,,,RuntimeError: HTTPError: HTTP Error 468: 
HERB001994,广东金钱草,not_found,,,no exact pharmacopoeia herb result,error,,,RuntimeError: HTTPError: HTTP Error 468: 
HERB001996,光萼猪屎豆,not_found,,,no search results,error,,,RuntimeError: HTTPError: HTTP Error 468: 
HERB001993,广地龙,not_found,,,no exact pharmacopoeia herb result,error,,,RuntimeError: HTTPError: HTTP Error 468: 
HERB001997,广防风,not_found,,,no exact pharmacopoeia herb result,error,,,RuntimeError: HTTPError: HTTP Error 468: 
HERB001999,光飞燕草,not_found,,,no exact pharmacopoeia herb result,error,,,RuntimeError: HTTPError: HTTP Error 468: 
HERB001995,广东土牛膝,not_found,,,no exact pharmacopoeia herb result,error,,,RuntimeError: HTTPError: HTTP Error 468: 
HERB002000,光果甘草,not_found,,,no exact pharmacopoeia herb result,error,,,RuntimeError: HTTPError: HTTP Error 468: 
HERB001998,广防己,not_found,,,no exact pharmacopoeia herb result,error,,,RuntimeError: HTTPError: HTTP Error 468: 
HERB002001,光华当归,not_found,,,no exact pharmacopoeia herb result,error,,,RuntimeError: HTTPError: HTTP Error 468: 
HERB002003,广藿香叶,skipped_no_chp_blank_fields,,,,error,,,RuntimeError: HTTPError: HTTP Error 468: 
HERB002002,广藿香,ok,https://ydz.chp.org.cn/#/item?bookId=1&entryId=62,Herb_latin_name|UsePart|Properties|Meridians|Function,,error,,,RuntimeError: HTTPError: HTTP Error 468: 
HERB002005,光洁秋海棠,not_found,,,no exact pharmacopoeia herb result,error,,,RuntimeError: HTTPError: HTTP Error 468: 
HERB002009,光亮假龙胆,not_found,,,no exact pharmacopoeia herb result,error,,,RuntimeError: HTTPError: HTTP Error 468: 
HERB002006,广金钱草,skipped_no_chp_blank_fields,,,,error,,,RuntimeError: HTTPError: HTTP Error 468: 
HERB002007,广金钱草,ok,https://ydz.chp.org.cn/#/item?bookId=1&entryId=61,Properties|Meridians,,error,,,RuntimeError: HTTPError: HTTP Error 468: 
HERB002011,光良石松,not_found,,,no exact pharmacopoeia herb result,error,,,RuntimeError: HTTPError: HTTP Error 468: 
HERB002008,光亮黄檀,not_found,,,no exact pharmacopoeia herb result,error,,,RuntimeError: HTTPError: HTTP Error 468: 
HERB002004,广藿香油,skipped_no_chp_blank_fields,,,,error,,,RuntimeError: HTTPError: HTTP Error 468: 
HERB002010,光亮萝芙木,not_found,,,no exact pharmacopoeia herb result,error,,,RuntimeError: HTTPError: HTTP Error 468: 
HERB002015,光囊紫柄蕨,not_found,,,no exact pharmacopoeia herb result,error,,,RuntimeError: HTTPError: HTTP Error 468: 
HERB002019,光头独活,not_found,,,no exact pharmacopoeia herb result,error,,,RuntimeError: HTTPError: HTTP Error 468: 
HERB002020,广西八角莲,not_found,,,no exact pharmacopoeia herb result,error,,,RuntimeError: HTTPError: HTTP Error 468: 
HERB002014,广木香,not_found,,,no exact pharmacopoeia herb result,error,,,RuntimeError: HTTPError: HTTP Error 468: 
HERB002017,光石韦,not_found,,,no exact pharmacopoeia herb result,error,,,RuntimeError: HTTPError: HTTP Error 468: 
HERB002023,广西九里香,not_found,,,no exact pharmacopoeia herb result,error,,,RuntimeError: HTTPError: HTTP Error 468: 
HERB002021,广西莪术,not_found,,,no exact pharmacopoeia herb result,error,,,RuntimeError: HTTPError: HTTP Error 468: 
HERB002013,光良远志,not_found,,,no exact pharmacopoeia herb result,error,,,RuntimeError: HTTPError: HTTP Error 468: 
HERB002022,广西莪术,not_found,,,no exact pharmacopoeia herb result,error,,,RuntimeError: HTTPError: HTTP Error 468: 
HERB002024,广西美登木,not_found,,,no exact pharmacopoeia herb result,error,,,RuntimeError: HTTPError: HTTP Error 468: 
HERB002026,广西石蒜,not_found,,,no exact pharmacopoeia herb result,error,,,RuntimeError: HTTPError: HTTP Error 468: 
HERB002025,广西千户,not_found,,,no exact pharmacopoeia herb result,error,,,RuntimeError: HTTPError: HTTP Error 468: 
HERB002027,光药大黄花,not_found,,,no exact pharmacopoeia herb result,error,,,RuntimeError: HTTPError: HTTP Error 468: 
HERB002031,光叶粉花绣线菊,not_found,,,no exact pharmacopoeia herb result,error,,,RuntimeError: HTTPError: HTTP Error 468: 
HERB002028,光叶巴豆,not_found,,,no exact pharmacopoeia herb result,error,,,RuntimeError: HTTPError: HTTP Error 468: 
HERB002029,光叶地不容,not_found,,,no exact pharmacopoeia herb result,error,,,RuntimeError: HTTPError: HTTP Error 468: 
HERB002033,光叶水苏,not_found,,,no exact pharmacopoeia herb result,error,,,RuntimeError: HTTPError: HTTP Error 468: 
HERB002030,光叶丁公藤,not_found,,,no exact pharmacopoeia herb result,error,,,RuntimeError: HTTPError: HTTP Error 468: 
HERB002035,光叶水苏,not_found,,,no exact pharmacopoeia herb result,error,,,RuntimeError: HTTPError: HTTP Error 468: 
HERB002034,光叶蛇葡萄,not_found,,,no exact pharmacopoeia herb result,error,,,RuntimeError: HTTPError: HTTP Error 468: 
HERB002037,光叶猪屎豆,not_found,,,no exact pharmacopoeia herb result,error,,,RuntimeError: HTTPError: HTTP Error 468: 
HERB002032,光叶决明,not_found,,,no exact pharmacopoeia herb result,error,,,RuntimeError: HTTPError: HTTP Error 468: 
HERB002036,光叶眼子菜,not_found,,,no exact pharmacopoeia herb result,error,,,RuntimeError: HTTPError: HTTP Error 468: 
HERB002038,光叶子花,not_found,,,no exact pharmacopoeia herb result,error,,,RuntimeError: HTTPError: HTTP Error 468: 
HERB002039,光叶紫玉盘,not_found,,,no exact pharmacopoeia herb result,error,,,RuntimeError: HTTPError: HTTP Error 468: 
HERB002046,鬼灯笼,not_found,,,no exact pharmacopoeia herb result,error,,,RuntimeError: HTTPError: HTTP Error 468: 
HERB002040,广枣,ok,https://ydz.chp.org.cn/#/item?bookId=1&entryId=60,UsePart,,error,,,RuntimeError: HTTPError: HTTP Error 468: 
HERB002042,光泽乌头,not_found,,,no exact pharmacopoeia herb result,error,,,RuntimeError: HTTPError: HTTP Error 468: 
HERB002045,龟板胶,not_found,,,no exact pharmacopoeia herb result,error,,,RuntimeError: HTTPError: HTTP Error 468: 
HERB002049,桂花,not_found,,,no search results,error,,,RuntimeError: HTTPError: HTTP Error 468: 
HERB002044,龟板,not_found,,,no search results,error,,,RuntimeError: HTTPError: HTTP Error 468: 
HERB002043,光枝勾儿茶,not_found,,,no exact pharmacopoeia herb result,error,,,RuntimeError: HTTPError: HTTP Error 468: 
HERB002050,龟甲,skipped_no_chp_blank_fields,,,,error,,,RuntimeError: HTTPError: HTTP Error 468: 
HERB002047,桂丁,not_found,,,no exact pharmacopoeia herb result,error,,,RuntimeError: HTTPError: HTTP Error 468: 
HERB002052,鬼箭羽,not_found,,,no exact pharmacopoeia herb result,error,,,RuntimeError: HTTPError: HTTP Error 468: 
HERB002051,鬼箭锦鸡儿,not_found,,,no search results,error,,,RuntimeError: HTTPError: HTTP Error 468: 
HERB002053,鬼箭羽,not_found,,,no exact pharmacopoeia herb result,error,,,RuntimeError: HTTPError: HTTP Error 468: 
HERB002054,鬼臼,not_found,,,no search results,error,,,RuntimeError: HTTPError: HTTP Error 468: 
HERB002055,鬼毛针,not_found,,,no exact pharmacopoeia herb result,error,,,RuntimeError: HTTPError: HTTP Error 468: 
HERB002058,桂皮油,not_found,,,no exact pharmacopoeia herb result,error,,,RuntimeError: HTTPError: HTTP Error 468: 
HERB002056,桂皮,not_found,,,no exact pharmacopoeia herb result,error,,,RuntimeError: HTTPError: HTTP Error 468: 
HERB002057,桂皮钓樟,not_found,,,no exact pharmacopoeia herb result,error,,,RuntimeError: HTTPError: HTTP Error 468: 
HERB002061,鬼针草,not_found,,,no search results,error,,,RuntimeError: HTTPError: HTTP Error 468: 
HERB002059,圭亚那钩藤,not_found,,,no exact pharmacopoeia herb result,error,,,RuntimeError: HTTPError: HTTP Error 468: 
HERB002063,贵州獐牙菜,not_found,,,no exact pharmacopoeia herb result,error,,,RuntimeError: HTTPError: HTTP Error 468: 
HERB002062,桂枝,skipped_no_chp_blank_fields,,,,error,,,RuntimeError: HTTPError: HTTP Error 468: 
HERB002066,桂子,not_found,,,no search results,error,,,RuntimeError: HTTPError: HTTP Error 468: 
HERB002060,桧叶,not_found,,,no exact pharmacopoeia herb result,error,,,RuntimeError: HTTPError: HTTP Error 468: 
HERB002064,桂竹糖芥,not_found,,,no exact pharmacopoeia herb result,error,,,RuntimeError: HTTPError: HTTP Error 468: 
HERB002067,过江龙,not_found,,,no exact pharmacopoeia herb result,error,,,RuntimeError: HTTPError: HTTP Error 468: 
HERB002065,桂竹香,not_found,,,no exact pharmacopoeia herb result,error,,,RuntimeError: HTTPError: HTTP Error 468: 
HERB002072,蛤蟆油,not_found,,,no exact pharmacopoeia herb result,error,,,RuntimeError: HTTPError: HTTP Error 468: 
HERB002068,过路黄,not_found,,,no exact pharmacopoeia herb result,error,,,RuntimeError: HTTPError: HTTP Error 468: 
HERB002069,果香菊,not_found,,,no exact pharmacopoeia herb result,error,,,RuntimeError: HTTPError: HTTP Error 468: 
HERB002075,哈市山梗菜,not_found,,,no exact pharmacopoeia herb result,error,,,RuntimeError: HTTPError: HTTP Error 468: 
HERB002073,哈市罗汉松,not_found,,,no search results,error,,,RuntimeError: HTTPError: HTTP Error 468: 
HERB002078,海滨柳穿鱼,not_found,,,no exact pharmacopoeia herb result,error,,,RuntimeError: HTTPError: HTTP Error 468: 
HERB002076,海巴戟,not_found,,,no exact pharmacopoeia herb result,error,,,RuntimeError: HTTPError: HTTP Error 468: 
HERB002082,海带,not_found,,,no exact pharmacopoeia herb result,error,,,RuntimeError: HTTPError: HTTP Error 468: 
HERB002079,海滨萝芙木,not_found,,,no search results,error,,,RuntimeError: HTTPError: HTTP Error 468: 
HERB002081,海葱,not_found,,,no exact pharmacopoeia herb result,error,,,RuntimeError: HTTPError: HTTP Error 468: 
HERB002084,海岛棉,not_found,,,no search results,error,,,RuntimeError: HTTPError: HTTP Error 468: 
HERB002085,孩儿茶,not_found,,,no exact pharmacopoeia herb result,error,,,RuntimeError: HTTPError: HTTP Error 468: 
HERB002083,海带根,not_found,,,no exact pharmacopoeia herb result,error,,,RuntimeError: HTTPError: HTTP Error 468: 
HERB002086,孩儿参,not_found,,,no exact pharmacopoeia herb result,error,,,RuntimeError: HTTPError: HTTP Error 468: 
HERB002087,海风藤,skipped_no_chp_blank_fields,,,,error,,,RuntimeError: HTTPError: HTTP Error 468: 
HERB002088,海浮石,not_found,,,no exact pharmacopoeia herb result,error,,,RuntimeError: HTTPError: HTTP Error 468: 
HERB002089,海蛤壳,not_found,,,no search results,error,,,RuntimeError: HTTPError: HTTP Error 468: 
HERB002090,海狗肾,not_found,,,no search results,error,,,RuntimeError: HTTPError: HTTP Error 468: 
HERB002092,海红豆,not_found,,,no exact pharmacopoeia herb result,error,,,RuntimeError: HTTPError: HTTP Error 468: 
HERB002091,海龟,not_found,,,no search results,error,,,RuntimeError: HTTPError: HTTP Error 468: 
HERB002095,海韭菜,not_found,,,no exact pharmacopoeia herb result,error,,,RuntimeError: HTTPError: HTTP Error 468: 
HERB002096,海龙,skipped_no_chp_blank_fields,,,,error,,,RuntimeError: HTTPError: HTTP Error 468: 
HERB002099,海南哥纳香,not_found,,,no exact pharmacopoeia herb result,error,,,RuntimeError: HTTPError: HTTP Error 468: 
HERB002097,海马,skipped_no_chp_blank_fields,,,,error,,,RuntimeError: HTTPError: HTTP Error 468: 
HERB002094,海金沙,skipped_no_chp_blank_fields,,,,error,,,RuntimeError: HTTPError: HTTP Error 468: 
HERB002102,海南萝芙木,not_found,,,no exact pharmacopoeia herb result,error,,,RuntimeError: HTTPError: HTTP Error 468: 
HERB002098,海南粗榧,not_found,,,no exact pharmacopoeia herb result,error,,,RuntimeError: HTTPError: HTTP Error 468: 
HERB002100,海南狗牙花,not_found,,,no exact pharmacopoeia herb result,error,,,RuntimeError: HTTPError: HTTP Error 468: 
HERB002104,海南青牛胆,not_found,,,no exact pharmacopoeia herb result,error,,,RuntimeError: HTTPError: HTTP Error 468: 
HERB002101,海南樫木,not_found,,,no exact pharmacopoeia herb result,error,,,RuntimeError: HTTPError: HTTP Error 468: 
HERB002103,海南买麻藤,not_found,,,no exact pharmacopoeia herb result,error,,,RuntimeError: HTTPError: HTTP Error 468: 
HERB002106,海南野扇花,not_found,,,no exact pharmacopoeia herb result,error,,,RuntimeError: HTTPError: HTTP Error 468: 
HERB002107,海泥钩枝藤,not_found,,,no exact pharmacopoeia herb result,error,,,RuntimeError: HTTPError: HTTP Error 468: 
HERB002111,海参,not_found,,,no search results,error,,,RuntimeError: HTTPError: HTTP Error 468: 
HERB002108,海螵蛸,skipped_no_chp_blank_fields,,,,error,,,RuntimeError: HTTPError: HTTP Error 468: 
HERB002109,氦气,not_found,,,no search results,error,,,RuntimeError: HTTPError: HTTP Error 468: 
HERB002105,海南砂仁,not_found,,,no exact pharmacopoeia herb result,error,,,RuntimeError: HTTPError: HTTP Error 468: 
HERB002114,海狮,not_found,,,no search results,error,,,RuntimeError: HTTPError: HTTP Error 468: 
HERB002110,海人草,not_found,,,no exact pharmacopoeia herb result,error,,,RuntimeError: HTTPError: HTTP Error 468: 
HERB002118,海桐,not_found,,,no exact pharmacopoeia herb result,error,,,RuntimeError: HTTPError: HTTP Error 468: 
HERB002119,海桐皮,skipped_no_chp_blank_fields,,,,error,,,RuntimeError: HTTPError: HTTP Error 468: 
HERB002115,狗牙花,not_found,,,no exact pharmacopoeia herb result,error,,,RuntimeError: HTTPError: HTTP Error 468: 
HERB002120,海豚鱼,not_found,,,no exact pharmacopoeia herb result,error,,,RuntimeError: HTTPError: HTTP Error 468: 
HERB002116,海松子,not_found,,,no exact pharmacopoeia herb result,error,,,RuntimeError: HTTPError: HTTP Error 468: 
HERB002112,海参肠,not_found,,,no exact pharmacopoeia herb result,error,,,RuntimeError: HTTPError: HTTP Error 468: 
HERB002117,海棠果,not_found,,,no exact pharmacopoeia herb result,error,,,RuntimeError: HTTPError: HTTP Error 468: 
HERB002126,海藻,ok,https://ydz.chp.org.cn/#/item?bookId=1&entryId=466,,matched page but chp target columns already had values,error,,,RuntimeError: HTTPError: HTTP Error 468: 
HERB002125,海罂粟,not_found,,,no exact pharmacopoeia herb result,error,,,RuntimeError: HTTPError: HTTP Error 468: 
HERB002128,旱菜,not_found,,,no exact pharmacopoeia herb result,error,,,RuntimeError: HTTPError: HTTP Error 468: 
HERB002129,汉城细辛,not_found,,,no exact pharmacopoeia herb result,error,,,RuntimeError: HTTPError: HTTP Error 468: 
HERB002127,海州骨碎补,not_found,,,no exact pharmacopoeia herb result,error,,,RuntimeError: HTTPError: HTTP Error 468: 
HERB002131,旱莲草,not_found,,,no exact pharmacopoeia herb result,error,,,RuntimeError: HTTPError: HTTP Error 468: 
HERB002132,旱莲花,not_found,,,no exact pharmacopoeia herb result,error,,,RuntimeError: HTTPError: HTTP Error 468: 
HERB002130,汉防己,skipped_no_chp_blank_fields,,,,error,,,RuntimeError: HTTPError: HTTP Error 468: 
HERB002133,旱麦瓶草,not_found,,,no exact pharmacopoeia herb result,error,,,RuntimeError: HTTPError: HTTP Error 468: 
HERB002140,旱生香茶菜,not_found,,,no exact pharmacopoeia herb result,error,,,RuntimeError: HTTPError: HTTP Error 468: 
HERB002136,旱芹变种,not_found,,,no exact pharmacopoeia herb result,error,,,RuntimeError: HTTPError: HTTP Error 468: 
HERB002135,旱芹,not_found,,,no exact pharmacopoeia herb result,error,,,RuntimeError: HTTPError: HTTP Error 468: 
HERB002137,韩瑞五味子,not_found,,,no exact pharmacopoeia herb result,error,,,RuntimeError: HTTPError: HTTP Error 468: 
HERB002144,含羞草,not_found,,,no search results,error,,,RuntimeError: HTTPError: HTTP Error 468: 
HERB002141,寒食,not_found,,,no exact pharmacopoeia herb result,error,,,RuntimeError: HTTPError: HTTP Error 468: 
HERB002139,旱生卷柏,not_found,,,no exact pharmacopoeia herb result,error,,,RuntimeError: HTTPError: HTTP Error 468: 
HERB002142,寒水石,not_found,,,no exact pharmacopoeia herb result,error,,,RuntimeError: HTTPError: HTTP Error 468: 
HERB002138,汉三七,skipped_no_chp_blank_fields,,,,error,,,RuntimeError: HTTPError: HTTP Error 468: 
HERB002143,韩信草,not_found,,,no exact pharmacopoeia herb result,error,,,RuntimeError: HTTPError: HTTP Error 468: 
HERB002145,杭白芷,not_found,,,no exact pharmacopoeia herb result,error,,,RuntimeError: HTTPError: HTTP Error 468: 
HERB002147,杭菊,skipped_no_chp_blank_fields,,,,error,,,RuntimeError: HTTPError: HTTP Error 468: 
HERB002148,杭芍,skipped_no_chp_blank_fields,,,,error,,,RuntimeError: HTTPError: HTTP Error 468: 
HERB002149,蒿本,not_found,,,no search results,error,,,RuntimeError: HTTPError: HTTP Error 468: 
HERB002146,杭矾,not_found,,,no exact pharmacopoeia herb result,error,,,RuntimeError: HTTPError: HTTP Error 468: 
HERB002150,好望角芦荟,not_found,,,no exact pharmacopoeia herb result,error,,,RuntimeError: HTTPError: HTTP Error 468: 
HERB002157,荷包地不容,not_found,,,no search results,error,,,RuntimeError: HTTPError: HTTP Error 468: 
HERB002151,好望角罗汉松,not_found,,,no exact pharmacopoeia herb result,error,,,RuntimeError: HTTPError: HTTP Error 468: 
HERB002154,河岸狗肝菜,not_found,,,no exact pharmacopoeia herb result,error,,,RuntimeError: HTTPError: HTTP Error 468: 
HERB002158,荷包牡丹根,not_found,,,no exact pharmacopoeia herb result,error,,,RuntimeError: HTTPError: HTTP Error 468: 
HERB002159,河北杨,not_found,,,no search results,error,,,RuntimeError: HTTPError: HTTP Error 468: 
HERB002160,和草香豌豆,not_found,,,no exact pharmacopoeia herb result,error,,,RuntimeError: HTTPError: HTTP Error 468: 
HERB002161,鹤草芽,skipped_no_chp_blank_fields,,,,error,,,RuntimeError: HTTPError: HTTP Error 468: 
HERB002162,禾草叶佳贝防风,not_found,,,no search results,error,,,RuntimeError: HTTPError: HTTP Error 468: 
HERB002182,鹤虱,ok,https://ydz.chp.org.cn/#/item?bookId=1&entryId=599,UsePart,,skipped_no_remaining_blank_fields,,,
HERB002167,核果状补骨脂,not_found,,,no exact pharmacopoeia herb result,error,,,RuntimeError: HTTPError: HTTP Error 468: 
HERB002164,荷梗,skipped_no_chp_blank_fields,,,,error,,,RuntimeError: HTTPError: HTTP Error 468: 
HERB002165,河谷地不容,not_found,,,no search results,error,,,RuntimeError: HTTPError: HTTP Error 468: 
HERB002168,荷花,not_found,,,no search results,error,,,RuntimeError: HTTPError: HTTP Error 468: 
HERB002166,核果粗榧,not_found,,,no exact pharmacopoeia herb result,error,,,RuntimeError: HTTPError: HTTP Error 468: 
HERB002169,荷花雪莲,not_found,,,no exact pharmacopoeia herb result,error,,,RuntimeError: HTTPError: HTTP Error 468: 
HERB002170,荷花延龄草,not_found,,,no exact pharmacopoeia herb result,error,,,RuntimeError: HTTPError: HTTP Error 468: 
HERB002173,合欢皮,skipped_no_chp_blank_fields,,,,error,,,RuntimeError: HTTPError: HTTP Error 468: 
HERB002174,和卡尼亚黄杨,not_found,,,no exact pharmacopoeia herb result,error,,,RuntimeError: HTTPError: HTTP Error 468: 
HERB002171,荷花玉兰,not_found,,,no exact pharmacopoeia herb result,error,,,RuntimeError: HTTPError: HTTP Error 468: 
HERB002172,合欢花,ok,https://ydz.chp.org.cn/#/item?bookId=1&entryId=222,Properties|Meridians,,error,,,RuntimeError: HTTPError: HTTP Error 468: 
HERB002178,河南唐松草,not_found,,,no exact pharmacopoeia herb result,error,,,RuntimeError: HTTPError: HTTP Error 468: 
HERB002177,和木瓜,not_found,,,no exact pharmacopoeia herb result,error,,,RuntimeError: HTTPError: HTTP Error 468: 
HERB002175,荷兰种植番红花,not_found,,,no exact pharmacopoeia herb result,error,,,RuntimeError: HTTPError: HTTP Error 468: 
HERB002180,褐绒盖牛肝菌,not_found,,,no exact pharmacopoeia herb result,error,,,RuntimeError: HTTPError: HTTP Error 468: 
HERB002181,褐色钟花树,not_found,,,no exact pharmacopoeia herb result,error,,,RuntimeError: HTTPError: HTTP Error 468: 
HERB002189,核桃仁,ok,https://ydz.chp.org.cn/#/item?bookId=1&entryId=439,Properties|Meridians,,error,,,RuntimeError: HTTPError: HTTP Error 468: 
HERB002185,何首乌,skipped_no_chp_blank_fields,,,,error,,,RuntimeError: HTTPError: HTTP Error 468: 
HERB002193,禾叶风毛菊,not_found,,,no exact pharmacopoeia herb result,error,,,RuntimeError: HTTPError: HTTP Error 468: 
HERB002186,河蒴荛花,not_found,,,no exact pharmacopoeia herb result,error,,,RuntimeError: HTTPError: HTTP Error 468: 
HERB002183,鹤虱风,not_found,,,no exact pharmacopoeia herb result,error,,,RuntimeError: HTTPError: HTTP Error 468: 
HERB002191,荷叶,skipped_no_chp_blank_fields,,,,error,,,RuntimeError: HTTPError: HTTP Error 468: 
HERB002194,诃子,skipped_no_chp_blank_fields,,,,error,,,RuntimeError: HTTPError: HTTP Error 468: 
HERB002190,河豚,not_found,,,no search results,error,,,RuntimeError: HTTPError: HTTP Error 468: 
HERB002198,黑百合,not_found,,,no exact pharmacopoeia herb result,error,,,RuntimeError: HTTPError: HTTP Error 468: 
HERB002192,荷叶蒂,not_found,,,no exact pharmacopoeia herb result,error,,,RuntimeError: HTTPError: HTTP Error 468: 
HERB002196,诃子叶,not_found,,,no exact pharmacopoeia herb result,error,,,RuntimeError: HTTPError: HTTP Error 468: 
HERB002199,黑白简木,not_found,,,no exact pharmacopoeia herb result,error,,,RuntimeError: HTTPError: HTTP Error 468: 
HERB002201,黑柴胡,not_found,,,no exact pharmacopoeia herb result,error,,,RuntimeError: HTTPError: HTTP Error 468: 
HERB002195,诃子核,not_found,,,no exact pharmacopoeia herb result,error,,,RuntimeError: HTTPError: HTTP Error 468: 
HERB002200,黑茶表,not_found,,,no exact pharmacopoeia herb result,error,,,RuntimeError: HTTPError: HTTP Error 468: 
HERB002184,鹤氏唐松草碱,not_found,,,no exact pharmacopoeia herb result,error,,,RuntimeError: HTTPError: HTTP Error 468: 
HERB002205,黑醋,not_found,,,no exact pharmacopoeia herb result,error,,,RuntimeError: HTTPError: HTTP Error 468: 
HERB002204,黑磁石,not_found,,,no exact pharmacopoeia herb result,error,,,RuntimeError: HTTPError: HTTP Error 468: 
HERB002206,黑大豆,not_found,,,no exact pharmacopoeia herb result,error,,,RuntimeError: HTTPError: HTTP Error 468: 
HERB002207,黑大豆皮,not_found,,,no exact pharmacopoeia herb result,error,,,RuntimeError: HTTPError: HTTP Error 468: 
HERB002209,黑豆,ok,https://ydz.chp.org.cn/#/item?bookId=1&entryId=547,Function|Indication,,error,,,RuntimeError: HTTPError: HTTP Error 468: 
HERB002212,黑果菝葜,not_found,,,no exact pharmacopoeia herb result,error,,,RuntimeError: HTTPError: HTTP Error 468: 
HERB002210,黑风藤,not_found,,,no search results,error,,,RuntimeError: HTTPError: HTTP Error 468: 
HERB002211,黑杠柳?,not_found,,,no exact pharmacopoeia herb result,error,,,RuntimeError: HTTPError: HTTP Error 468: 
HERB002217,黑化延命草,not_found,,,no exact pharmacopoeia herb result,error,,,RuntimeError: HTTPError: HTTP Error 468: 
HERB002214,黑果茜草,not_found,,,no exact pharmacopoeia herb result,error,,,RuntimeError: HTTPError: HTTP Error 468: 
HERB002215,黑胡桃,not_found,,,no search results,error,,,RuntimeError: HTTPError: HTTP Error 468: 
HERB002208,黑大豆叶,not_found,,,no exact pharmacopoeia herb result,error,,,RuntimeError: HTTPError: HTTP Error 468: 
HERB002213,黑果黄皮,not_found,,,no exact pharmacopoeia herb result,error,,,RuntimeError: HTTPError: HTTP Error 468: 
HERB002216,黑化无根藤,not_found,,,no exact pharmacopoeia herb result,error,,,RuntimeError: HTTPError: HTTP Error 468: 
HERB002218,黑姜,skipped_no_chp_blank_fields,,,,error,,,RuntimeError: HTTPError: HTTP Error 468: 
HERB002220,黑桔梗兰,not_found,,,no exact pharmacopoeia herb result,error,,,RuntimeError: HTTPError: HTTP Error 468: 
HERB002222,黑壳楠,not_found,,,no exact pharmacopoeia herb result,error,,,RuntimeError: HTTPError: HTTP Error 468: 
HERB002221,黑荆树,not_found,,,no exact pharmacopoeia herb result,error,,,RuntimeError: HTTPError: HTTP Error 468: 
HERB002225,黑老虎根,not_found,,,no exact pharmacopoeia herb result,error,,,RuntimeError: HTTPError: HTTP Error 468: 
HERB002223,黑昆布,not_found,,,no exact pharmacopoeia herb result,error,,,RuntimeError: HTTPError: HTTP Error 468: 
HERB002227,黑蚂蚁,not_found,,,no search results,error,,,RuntimeError: HTTPError: HTTP Error 468: 
HERB002226,黑曼巴,not_found,,,no exact pharmacopoeia herb result,error,,,RuntimeError: HTTPError: HTTP Error 468: 
HERB002224,黑老虎,not_found,,,no exact pharmacopoeia herb result,error,,,RuntimeError: HTTPError: HTTP Error 468: 
HERB002230,黑木耳,not_found,,,no exact pharmacopoeia herb result,error,,,RuntimeError: HTTPError: HTTP Error 468: 
HERB002236,黑水翠雀,not_found,,,no exact pharmacopoeia herb result,error,,,RuntimeError: HTTPError: HTTP Error 468: 
HERB002235,黑水翠雀,not_found,,,no exact pharmacopoeia herb result,error,,,RuntimeError: HTTPError: HTTP Error 468: 
HERB002237,黑水缬草,not_found,,,no exact pharmacopoeia herb result,error,,,RuntimeError: HTTPError: HTTP Error 468: 
HERB002238,黑水野罂粟,not_found,,,no exact pharmacopoeia herb result,error,,,RuntimeError: HTTPError: HTTP Error 468: 
HERB002234,黑石耳,not_found,,,no exact pharmacopoeia herb result,error,,,RuntimeError: HTTPError: HTTP Error 468: 
HERB002229,黑毛石斛,not_found,,,no exact pharmacopoeia herb result,error,,,RuntimeError: HTTPError: HTTP Error 468: 
HERB002233,黑色米皮糠,not_found,,,no exact pharmacopoeia herb result,error,,,RuntimeError: HTTPError: HTTP Error 468: 
HERB002231,黑木金合欢,not_found,,,no exact pharmacopoeia herb result,error,,,RuntimeError: HTTPError: HTTP Error 468: 
HERB002239,黑锡,not_found,,,no exact pharmacopoeia herb result,error,,,RuntimeError: HTTPError: HTTP Error 468: 
HERB002243,黑种草,skipped_no_chp_blank_fields,,,,error,,,RuntimeError: HTTPError: HTTP Error 468: 
HERB002241,黑岩蛇根草,not_found,,,no exact pharmacopoeia herb result,error,,,RuntimeError: HTTPError: HTTP Error 468: 
HERB002244,黑子梨果寄生,not_found,,,no exact pharmacopoeia herb result,error,,,RuntimeError: HTTPError: HTTP Error 468: 
HERB002240,黑线条藤黄,not_found,,,no exact pharmacopoeia herb result,error,,,RuntimeError: HTTPError: HTTP Error 468: 
HERB002242,黑芝麻,skipped_no_chp_blank_fields,,,,error,,,RuntimeError: HTTPError: HTTP Error 468: 
HERB002245,横根费菜,not_found,,,no exact pharmacopoeia herb result,error,,,RuntimeError: HTTPError: HTTP Error 468: 
HERB002248,衡州乌药,not_found,,,no exact pharmacopoeia herb result,error,,,RuntimeError: HTTPError: HTTP Error 468: 
HERB002247,横沥地耳草,not_found,,,no exact pharmacopoeia herb result,error,,,RuntimeError: HTTPError: HTTP Error 468: 
HERB002250,草莓,not_found,,,no search results,error,,,RuntimeError: HTTPError: HTTP Error 468: 
HERB002253,红百合木,not_found,,,no exact pharmacopoeia herb result,error,,,RuntimeError: HTTPError: HTTP Error 468: 
HERB002256,荭草花,not_found,,,no exact pharmacopoeia herb result,error,,,RuntimeError: HTTPError: HTTP Error 468: 
HERB002262,红豆,not_found,,,no search results,error,,,RuntimeError: HTTPError: HTTP Error 468: 
HERB002259,红椿,not_found,,,no exact pharmacopoeia herb result,error,,,RuntimeError: HTTPError: HTTP Error 468: 
HERB002255,红草,not_found,,,no exact pharmacopoeia herb result,error,,,RuntimeError: HTTPError: HTTP Error 468: 
HERB002261,红大丽花,not_found,,,no exact pharmacopoeia herb result,error,,,RuntimeError: HTTPError: HTTP Error 468: 
HERB002264,红豆杉,not_found,,,no exact pharmacopoeia herb result,error,,,RuntimeError: HTTPError: HTTP Error 468: 
HERB002258,红车轴草,not_found,,,no exact pharmacopoeia herb result,error,,,RuntimeError: HTTPError: HTTP Error 468: 
HERB002263,红豆蔻,ok,https://ydz.chp.org.cn/#/item?bookId=1&entryId=236,Properties|Meridians,,error,,,RuntimeError: HTTPError: HTTP Error 468: 
HERB002254,红背山麻杆,not_found,,,no exact pharmacopoeia herb result,error,,,RuntimeError: HTTPError: HTTP Error 468: 
HERB002257,红柴胡,not_found,,,no exact pharmacopoeia herb result,error,,,RuntimeError: HTTPError: HTTP Error 468: 
HERB002271,红果萝芙木,not_found,,,no search results,error,,,RuntimeError: HTTPError: HTTP Error 468: 
HERB002268,红根草,not_found,,,no search results,error,,,RuntimeError: HTTPError: HTTP Error 468: 
HERB002267,红粉,ok,https://ydz.chp.org.cn/#/item?bookId=1&entryId=238,Properties|Meridians,,error,,,RuntimeError: HTTPError: HTTP Error 468: 
HERB002272,红海葱,not_found,,,no exact pharmacopoeia herb result,error,,,RuntimeError: HTTPError: HTTP Error 468: 
HERB002270,红果樫木,not_found,,,no exact pharmacopoeia herb result,error,,,RuntimeError: HTTPError: HTTP Error 468: 
HERB002274,红海榄,not_found,,,no search results,error,,,RuntimeError: HTTPError: HTTP Error 468: 
HERB002273,红海椒,not_found,,,no exact pharmacopoeia herb result,error,,,RuntimeError: HTTPError: HTTP Error 468: 
HERB002276,红花,skipped_no_chp_blank_fields,,,,error,,,RuntimeError: HTTPError: HTTP Error 468: 
HERB002277,红花菜豆,not_found,,,no search results,error,,,RuntimeError: HTTPError: HTTP Error 468: 
HERB002275,红旱莲,not_found,,,no exact pharmacopoeia herb result,error,,,RuntimeError: HTTPError: HTTP Error 468: 
HERB002280,红花龙胆,ok,https://ydz.chp.org.cn/#/item?bookId=1&entryId=233,Properties|Meridians,,error,,,RuntimeError: HTTPError: HTTP Error 468: 
HERB002283,红花绿绒蒿,not_found,,,no exact pharmacopoeia herb result,error,,,RuntimeError: HTTPError: HTTP Error 468: 
HERB002291,红鸡蛋花,not_found,,,no search results,error,,,RuntimeError: HTTPError: HTTP Error 468: 
HERB002288,红花五味子,not_found,,,no exact pharmacopoeia herb result,error,,,RuntimeError: HTTPError: HTTP Error 468: 
HERB002286,红花槭,not_found,,,no exact pharmacopoeia herb result,error,,,RuntimeError: HTTPError: HTTP Error 468: 
HERB002282,红花鹿蹄草,not_found,,,no exact pharmacopoeia herb result,error,,,RuntimeError: HTTPError: HTTP Error 468: 
HERB002278,红花除虫菊,not_found,,,no exact pharmacopoeia herb result,error,,,RuntimeError: HTTPError: HTTP Error 468: 
HERB002287,红花蕊木,not_found,,,no exact pharmacopoeia herb result,error,,,RuntimeError: HTTPError: HTTP Error 468: 
HERB002285,红花皮,not_found,,,no exact pharmacopoeia herb result,error,,,RuntimeError: HTTPError: HTTP Error 468: 
HERB002281,红花鹿茸,not_found,,,no exact pharmacopoeia herb result,error,,,RuntimeError: HTTPError: HTTP Error 468: 
HERB002279,红花椒,not_found,,,no exact pharmacopoeia herb result,error,,,RuntimeError: HTTPError: HTTP Error 468: 
HERB002284,红花苗,not_found,,,no exact pharmacopoeia herb result,error,,,RuntimeError: HTTPError: HTTP Error 468: 
HERB002290,红茴香,not_found,,,no exact pharmacopoeia herb result,error,,,RuntimeError: HTTPError: HTTP Error 468: 
HERB002289,红花岩黄芪,not_found,,,no exact pharmacopoeia herb result,error,,,RuntimeError: HTTPError: HTTP Error 468: 
HERB002293,红剪秋罗,not_found,,,no exact pharmacopoeia herb result,error,,,RuntimeError: HTTPError: HTTP Error 468: 
HERB002292,红荚蒾,not_found,,,no exact pharmacopoeia herb result,error,,,RuntimeError: HTTPError: HTTP Error 468: 
HERB002294,红景天,ok,https://ydz.chp.org.cn/#/item?bookId=1&entryId=239,Indication,,error,,,RuntimeError: HTTPError: HTTP Error 468: 
HERB002298,洪连,ok,https://ydz.chp.org.cn/#/item?bookId=1&entryId=420,Properties|Meridians|Function|Indication,,error,,,RuntimeError: HTTPError: HTTP Error 468: 
HERB002296,红筷子,not_found,,,no exact pharmacopoeia herb result,error,,,RuntimeError: HTTPError: HTTP Error 468: 
HERB002295,红口水仙,not_found,,,no exact pharmacopoeia herb result,error,,,RuntimeError: HTTPError: HTTP Error 468: 
HERB002302,红毛野海棠,not_found,,,no exact pharmacopoeia herb result,error,,,RuntimeError: HTTPError: HTTP Error 468: 
HERB002301,红毛五加皮,not_found,,,no exact pharmacopoeia herb result,error,,,RuntimeError: HTTPError: HTTP Error 468: 
HERB002300,红毛七,not_found,,,no search results,error,,,RuntimeError: HTTPError: HTTP Error 468: 
HERB002308,红皮云杉,not_found,,,no search results,error,,,RuntimeError: HTTPError: HTTP Error 468: 
HERB002303,红木,not_found,,,no search results,error,,,RuntimeError: HTTPError: HTTP Error 468: 
HERB002314,红曲,not_found,,,no exact pharmacopoeia herb result,error,,,RuntimeError: HTTPError: HTTP Error 468: 
HERB002305,红南皮,not_found,,,no exact pharmacopoeia herb result,error,,,RuntimeError: HTTPError: HTTP Error 468: 
HERB002304,红母鸡草,not_found,,,no exact pharmacopoeia herb result,error,,,RuntimeError: HTTPError: HTTP Error 468: 
HERB002312,红茄苳果,not_found,,,no exact pharmacopoeia herb result,error,,,RuntimeError: HTTPError: HTTP Error 468: 
HERB002307,红牛毛刺根,not_found,,,no exact pharmacopoeia herb result,error,,,RuntimeError: HTTPError: HTTP Error 468: 
HERB002310,红七叶树,not_found,,,no exact pharmacopoeia herb result,error,,,RuntimeError: HTTPError: HTTP Error 468: 
HERB002311,红前胡,not_found,,,no exact pharmacopoeia herb result,error,,,RuntimeError: HTTPError: HTTP Error 468: 
HERB002309,红芪,ok,https://ydz.chp.org.cn/#/item?bookId=1&entryId=234,Herb_latin_name|UsePart|Properties|Meridians|Function,,error,,,RuntimeError: HTTPError: HTTP Error 468: 
HERB002316,红三七,not_found,,,no exact pharmacopoeia herb result,error,,,RuntimeError: HTTPError: HTTP Error 468: 
HERB002313,红球姜,not_found,,,no exact pharmacopoeia herb result,error,,,RuntimeError: HTTPError: HTTP Error 468: 
HERB002318,红色金鸡纳树,not_found,,,no exact pharmacopoeia herb result,error,,,RuntimeError: HTTPError: HTTP Error 468: 
HERB002319,红参,ok,https://ydz.chp.org.cn/#/item?bookId=1&entryId=237,UsePart,,error,,,RuntimeError: HTTPError: HTTP Error 468: 
HERB002317,红三叶草,not_found,,,no exact pharmacopoeia herb result,error,,,RuntimeError: HTTPError: HTTP Error 468: 
HERB002321,红石仙桃,not_found,,,no search results,error,,,RuntimeError: HTTPError: HTTP Error 468: 
HERB002322,红薯,not_found,,,no search results,error,,,RuntimeError: HTTPError: HTTP Error 468: 
HERB002320,红十二,not_found,,,no exact pharmacopoeia herb result,error,,,RuntimeError: HTTPError: HTTP Error 468: 
HERB002325,红松,not_found,,,no search results,error,,,RuntimeError: HTTPError: HTTP Error 468: 
HERB002328,红纹马先蒿,not_found,,,no exact pharmacopoeia herb result,error,,,RuntimeError: HTTPError: HTTP Error 468: 
HERB002326,红头草,not_found,,,no search results,error,,,RuntimeError: HTTPError: HTTP Error 468: 
HERB002331,红枣,skipped_no_chp_blank_fields,,,,error,,,RuntimeError: HTTPError: HTTP Error 468: 
HERB002323,红栓菌,not_found,,,no exact pharmacopoeia herb result,error,,,RuntimeError: HTTPError: HTTP Error 468: 
HERB002330,红缘层孔菌,not_found,,,no exact pharmacopoeia herb result,error,,,RuntimeError: HTTPError: HTTP Error 468: 
HERB002324,红丝线,not_found,,,no exact pharmacopoeia herb result,error,,,RuntimeError: HTTPError: HTTP Error 468: 
HERB002327,宏伟酸脚杆,not_found,,,no exact pharmacopoeia herb result,error,,,RuntimeError: HTTPError: HTTP Error 468: 
HERB002333,红直獐牙菜,not_found,,,no exact pharmacopoeia herb result,error,,,RuntimeError: HTTPError: HTTP Error 468: 
HERB002329,红芽大戟,not_found,,,no exact pharmacopoeia herb result,error,,,RuntimeError: HTTPError: HTTP Error 468: 
HERB002332,红泽兰,not_found,,,no exact pharmacopoeia herb result,error,,,RuntimeError: HTTPError: HTTP Error 468: 
HERB002334,红足蒿,not_found,,,no exact pharmacopoeia herb result,error,,,RuntimeError: HTTPError: HTTP Error 468: 
HERB002336,厚壳桂,not_found,,,no exact pharmacopoeia herb result,error,,,RuntimeError: HTTPError: HTTP Error 468: 
HERB002339,厚朴,ok,https://ydz.chp.org.cn/#/item?bookId=1&entryId=394,Properties|Meridians,,error,,,RuntimeError: HTTPError: HTTP Error 468: 
HERB002337,厚皮花椒,not_found,,,no exact pharmacopoeia herb result,error,,,RuntimeError: HTTPError: HTTP Error 468: 
HERB002338,厚皮树,not_found,,,no exact pharmacopoeia herb result,error,,,RuntimeError: HTTPError: HTTP Error 468: 
HERB002342,厚朴,ok,https://ydz.chp.org.cn/#/item?bookId=1&entryId=394,,matched page but chp target columns already had values,error,,,RuntimeError: HTTPError: HTTP Error 468: 
HERB002340,厚朴花,ok,https://ydz.chp.org.cn/#/item?bookId=1&entryId=395,Herb_latin_name|UsePart|Properties|Meridians|Function|Indication,,error,,,RuntimeError: HTTPError: HTTP Error 468: 
HERB002341,厚朴子,not_found,,,no exact pharmacopoeia herb result,error,,,RuntimeError: HTTPError: HTTP Error 468: 
HERB002343,厚朴花,ok,https://ydz.chp.org.cn/#/item?bookId=1&entryId=395,Properties|Meridians,,error,,,RuntimeError: HTTPError: HTTP Error 468: 
HERB002346,猴头菌,not_found,,,no search results,error,,,RuntimeError: HTTPError: HTTP Error 468: 
HERB002345,猴头菇,not_found,,,no search results,error,,,RuntimeError: HTTPError: HTTP Error 468: 
HERB002351,猴枣,not_found,,,no search results,error,,,RuntimeError: HTTPError: HTTP Error 468: 
HERB002355,湖北瓜蒌,not_found,,,no exact pharmacopoeia herb result,error,,,RuntimeError: HTTPError: HTTP Error 468: 
HERB002348,后夜钩藤,not_found,,,no exact pharmacopoeia herb result,error,,,RuntimeError: HTTPError: HTTP Error 468: 
HERB002354,湖北瓜蒌,not_found,,,no exact pharmacopoeia herb result,error,,,RuntimeError: HTTPError: HTTP Error 468: 
HERB002356,湖北黄精,not_found,,,no exact pharmacopoeia herb result,error,,,RuntimeError: HTTPError: HTTP Error 468: 
HERB002353,湖北贝母,ok,https://ydz.chp.org.cn/#/item?bookId=1&entryId=553,Properties|Meridians,,error,,,RuntimeError: HTTPError: HTTP Error 468: 
HERB002350,厚叶岩白菜,not_found,,,no exact pharmacopoeia herb result,error,,,RuntimeError: HTTPError: HTTP Error 468: 
HERB002359,湖北十大功劳,not_found,,,no exact pharmacopoeia herb result,error,,,RuntimeError: HTTPError: HTTP Error 468: 
HERB002358,湖北山楂,not_found,,,no exact pharmacopoeia herb result,error,,,RuntimeError: HTTPError: HTTP Error 468: 
HERB002360,虎刺,not_found,,,no search results,error,,,RuntimeError: HTTPError: HTTP Error 468: 
HERB002362,胡葱,not_found,,,no search results,error,,,RuntimeError: HTTPError: HTTP Error 468: 
HERB002357,湖北山麦冬,not_found,,,no exact pharmacopoeia herb result,error,,,RuntimeError: HTTPError: HTTP Error 468: 
HERB002363,蝴蝶花,not_found,,,no search results,error,,,RuntimeError: HTTPError: HTTP Error 468: 
HERB002361,虎刺楤木,not_found,,,no exact pharmacopoeia herb result,error,,,RuntimeError: HTTPError: HTTP Error 468: 
HERB002364,蝴蝶花豆,not_found,,,no exact pharmacopoeia herb result,error,,,RuntimeError: HTTPError: HTTP Error 468: 
HERB002366,虎耳草叶茴芹,not_found,,,no search results,error,,,RuntimeError: HTTPError: HTTP Error 468: 
HERB002367,虎骨,not_found,,,no search results,error,,,RuntimeError: HTTPError: HTTP Error 468: 
HERB002371,胡椒,skipped_no_chp_blank_fields,,,,error,,,RuntimeError: HTTPError: HTTP Error 468: 
HERB002370,槲寄生,skipped_no_chp_blank_fields,,,,error,,,RuntimeError: HTTPError: HTTP Error 468: 
HERB002368,瓠瓜,not_found,,,no exact pharmacopoeia herb result,error,,,RuntimeError: HTTPError: HTTP Error 468: 
HERB002369,胡黄连,ok,https://ydz.chp.org.cn/#/item?bookId=1&entryId=378,Herb_latin_name|UsePart|Properties|Meridians|Function,,error,,,RuntimeError: HTTPError: HTTP Error 468: 
HERB002373,黄瓜,not_found,,,no search results,error,,,RuntimeError: HTTPError: HTTP Error 468: 
HERB002375,葫芦,not_found,,,no exact pharmacopoeia herb result,error,,,RuntimeError: HTTPError: HTTP Error 468: 
HERB002372,胡椒花椒,not_found,,,no exact pharmacopoeia herb result,error,,,RuntimeError: HTTPError: HTTP Error 468: 
HERB002374,狐狸,not_found,,,no search results,error,,,RuntimeError: HTTPError: HTTP Error 468: 
HERB002376,胡芦巴,ok,https://ydz.chp.org.cn/#/item?bookId=1&entryId=377,Herb_latin_name|Properties|Meridians|Function,,error,,,RuntimeError: HTTPError: HTTP Error 468: 
HERB002377,葫芦茶,not_found,,,no search results,error,,,RuntimeError: HTTPError: HTTP Error 468: 
HERB002380,胡萝卜,not_found,,,no search results,error,,,RuntimeError: HTTPError: HTTP Error 468: 
HERB002381,胡萝卜子,not_found,,,no exact pharmacopoeia herb result,error,,,RuntimeError: HTTPError: HTTP Error 468: 
HERB002378,葫芦七,not_found,,,no exact pharmacopoeia herb result,error,,,RuntimeError: HTTPError: HTTP Error 468: 
HERB002383,胡麻花,not_found,,,no exact pharmacopoeia herb result,error,,,RuntimeError: HTTPError: HTTP Error 468: 
HERB002382,胡麻根,not_found,,,no exact pharmacopoeia herb result,error,,,RuntimeError: HTTPError: HTTP Error 468: 
HERB002379,葫芦七变种,not_found,,,no exact pharmacopoeia herb result,error,,,RuntimeError: HTTPError: HTTP Error 468: 
HERB002386,虎舌红,not_found,,,no exact pharmacopoeia herb result,error,,,RuntimeError: HTTPError: HTTP Error 468: 
HERB002384,胡麻叶,not_found,,,no exact pharmacopoeia herb result,error,,,RuntimeError: HTTPError: HTTP Error 468: 
HERB002385,琥珀,skipped_no_chp_blank_fields,,,,error,,,RuntimeError: HTTPError: HTTP Error 468: 
HERB002387,互生红景天,not_found,,,no exact pharmacopoeia herb result,error,,,RuntimeError: HTTPError: HTTP Error 468: 
HERB002389,互生叶叶决明,not_found,,,no exact pharmacopoeia herb result,error,,,RuntimeError: HTTPError: HTTP Error 468: 
HERB002390,胡荽,skipped_no_chp_blank_fields,,,,error,,,RuntimeError: HTTPError: HTTP Error 468: 
HERB002388,互生叶白千层,not_found,,,no exact pharmacopoeia herb result,error,,,RuntimeError: HTTPError: HTTP Error 468: 
HERB002394,胡桃壳,not_found,,,no exact pharmacopoeia herb result,error,,,RuntimeError: HTTPError: HTTP Error 468: 
HERB002393,胡桃花,not_found,,,no exact pharmacopoeia herb result,error,,,RuntimeError: HTTPError: HTTP Error 468: 
HERB002391,胡荽子,not_found,,,no exact pharmacopoeia herb result,error,,,RuntimeError: HTTPError: HTTP Error 468: 
HERB002395,胡桃青皮,not_found,,,no exact pharmacopoeia herb result,error,,,RuntimeError: HTTPError: HTTP Error 468: 
HERB002398,胡桃树皮,not_found,,,no exact pharmacopoeia herb result,error,,,RuntimeError: HTTPError: HTTP Error 468: 
HERB002397,胡桃仁,skipped_no_chp_blank_fields,,,,error,,,RuntimeError: HTTPError: HTTP Error 468: 
HERB002403,虎眼万年青,not_found,,,no exact pharmacopoeia herb result,error,,,RuntimeError: HTTPError: HTTP Error 468: 
HERB002401,胡桃枝,not_found,,,no exact pharmacopoeia herb result,error,,,RuntimeError: HTTPError: HTTP Error 468: 
HERB002399,胡桃叶,not_found,,,no exact pharmacopoeia herb result,error,,,RuntimeError: HTTPError: HTTP Error 468: 
HERB002402,虎尾兰,not_found,,,no search results,error,,,RuntimeError: HTTPError: HTTP Error 468: 
HERB002405,虎杖,skipped_no_chp_blank_fields,,,,error,,,RuntimeError: HTTPError: HTTP Error 468: 
HERB002406,虎掌草,not_found,,,no search results,error,,,RuntimeError: HTTPError: HTTP Error 468: 
HERB002400,胡桃油,not_found,,,no exact pharmacopoeia herb result,error,,,RuntimeError: HTTPError: HTTP Error 468: 
HERB002408,胡枝子,not_found,,,no exact pharmacopoeia herb result,error,,,RuntimeError: HTTPError: HTTP Error 468: 
HERB002411,华北白前,not_found,,,no exact pharmacopoeia herb result,error,,,RuntimeError: HTTPError: HTTP Error 468: 
HERB002404,槲叶,not_found,,,no exact pharmacopoeia herb result,error,,,RuntimeError: HTTPError: HTTP Error 468: 
HERB002407,虎杖叶,not_found,,,no exact pharmacopoeia herb result,error,,,RuntimeError: HTTPError: HTTP Error 468: 
HERB002412,华北蓝盆花,not_found,,,no exact pharmacopoeia herb result,error,,,RuntimeError: HTTPError: HTTP Error 468: 
HERB002409,花白蜡树,not_found,,,no exact pharmacopoeia herb result,error,,,RuntimeError: HTTPError: HTTP Error 468: 
HERB002415,华东椴,not_found,,,no exact pharmacopoeia herb result,error,,,RuntimeError: HTTPError: HTTP Error 468: 
HERB002413,花茶表,not_found,,,no exact pharmacopoeia herb result,error,,,RuntimeError: HTTPError: HTTP Error 468: 
HERB002416,华东蓝刺头,not_found,,,no exact pharmacopoeia herb result,error,,,RuntimeError: HTTPError: HTTP Error 468: 
HERB002414,花重楼,not_found,,,no exact pharmacopoeia herb result,error,,,RuntimeError: HTTPError: HTTP Error 468: 
HERB002418,花粉,not_found,,,no exact pharmacopoeia herb result,error,,,RuntimeError: HTTPError: HTTP Error 468: 
HERB002417,华东唐松草,not_found,,,no exact pharmacopoeia herb result,error,,,RuntimeError: HTTPError: HTTP Error 468: 
HERB002423,桦褐孔菌,not_found,,,no exact pharmacopoeia herb result,error,,,RuntimeError: HTTPError: HTTP Error 468: 
HERB002424,花椒,skipped_no_chp_blank_fields,,,,error,,,RuntimeError: HTTPError: HTTP Error 468: 
HERB002421,花冠银莲花,not_found,,,no exact pharmacopoeia herb result,error,,,RuntimeError: HTTPError: HTTP Error 468: 
HERB002420,华钩藤,not_found,,,no exact pharmacopoeia herb result,error,,,RuntimeError: HTTPError: HTTP Error 468: 
HERB002422,华鬼臼,not_found,,,no exact pharmacopoeia herb result,error,,,RuntimeError: HTTPError: HTTP Error 468: 
HERB002427,化金丹,not_found,,,no exact pharmacopoeia herb result,error,,,RuntimeError: HTTPError: HTTP Error 468: 
HERB002433,华南功劳木,not_found,,,no exact pharmacopoeia herb result,error,,,RuntimeError: HTTPError: HTTP Error 468: 
HERB002425,花椒根,not_found,,,no exact pharmacopoeia herb result,error,,,RuntimeError: HTTPError: HTTP Error 468: 
HERB002428,化橘红,ok,https://ydz.chp.org.cn/#/item?bookId=1&entryId=109,,matched page but chp target columns already had values,error,,,RuntimeError: HTTPError: HTTP Error 468: 
HERB002429,华丽蛇鞭菊,not_found,,,no exact pharmacopoeia herb result,error,,,RuntimeError: HTTPError: HTTP Error 468: 
HERB002432,桦木皮,not_found,,,no exact pharmacopoeia herb result,error,,,RuntimeError: HTTPError: HTTP Error 468: 
HERB002430,花菱草,not_found,,,no exact pharmacopoeia herb result,error,,,RuntimeError: HTTPError: HTTP Error 468: 
HERB002435,华南功劳子,not_found,,,no exact pharmacopoeia herb result,error,,,RuntimeError: HTTPError: HTTP Error 468: 
HERB002436,华南鹤虱,not_found,,,no exact pharmacopoeia herb result,error,,,RuntimeError: HTTPError: HTTP Error 468: 
HERB002434,华南功劳叶,not_found,,,no exact pharmacopoeia herb result,error,,,RuntimeError: HTTPError: HTTP Error 468: 
HERB002437,华南马尾杉,not_found,,,no exact pharmacopoeia herb result,error,,,RuntimeError: HTTPError: HTTP Error 468: 
HERB002439,华南忍冬,not_found,,,no exact pharmacopoeia herb result,error,,,RuntimeError: HTTPError: HTTP Error 468: 
HERB002438,华南猕猴桃,not_found,,,no exact pharmacopoeia herb result,error,,,RuntimeError: HTTPError: HTTP Error 468: 
HERB002441,华南皂荚,not_found,,,no exact pharmacopoeia herb result,error,,,RuntimeError: HTTPError: HTTP Error 468: 
HERB002443,花蕊石,ok,https://ydz.chp.org.cn/#/item?bookId=1&entryId=248,,matched page but chp target columns already had values,error,,,RuntimeError: HTTPError: HTTP Error 468: 
HERB002440,华南吴茱萸,not_found,,,no exact pharmacopoeia herb result,error,,,RuntimeError: HTTPError: HTTP Error 468: 
HERB002442,华千金藤,not_found,,,no exact pharmacopoeia herb result,error,,,RuntimeError: HTTPError: HTTP Error 468: 
HERB002445,华山矾,not_found,,,no exact pharmacopoeia herb result,error,,,RuntimeError: HTTPError: HTTP Error 468: 
HERB002446,华山参,ok,https://ydz.chp.org.cn/#/item?bookId=1&entryId=215,Herb_latin_name|UsePart|Properties|Meridians|Function,,error,,,RuntimeError: HTTPError: HTTP Error 468: 
HERB002444,华桑,not_found,,,no exact pharmacopoeia herb result,error,,,RuntimeError: HTTPError: HTTP Error 468: 
HERB002448,花生衣,not_found,,,no search results,error,,,RuntimeError: HTTPError: HTTP Error 468: 
HERB002447,华山松,not_found,,,no exact pharmacopoeia herb result,error,,,RuntimeError: HTTPError: HTTP Error 468: 
HERB002452,桦树液,not_found,,,no search results,error,,,RuntimeError: HTTPError: HTTP Error 468: 
HERB002451,滑石粉,ok,https://ydz.chp.org.cn/#/item?bookId=1&entryId=555,,matched page but chp target columns already had values,error,,,RuntimeError: HTTPError: HTTP Error 468: 
HERB002449,花生油,not_found,,,no search results,error,,,RuntimeError: HTTPError: HTTP Error 468: 
HERB002450,滑石,ok,https://ydz.chp.org.cn/#/item?bookId=1&entryId=554,,matched page but chp target columns already had values,error,,,RuntimeError: HTTPError: HTTP Error 468: 
HERB002455,华西贝母,not_found,,,no exact pharmacopoeia herb result,error,,,RuntimeError: HTTPError: HTTP Error 468: 
HERB002454,花桃树,not_found,,,no exact pharmacopoeia herb result,error,,,RuntimeError: HTTPError: HTTP Error 468: 
HERB002453,花唐松草,not_found,,,no exact pharmacopoeia herb result,error,,,RuntimeError: HTTPError: HTTP Error 468: 
HERB002457,化香树果,not_found,,,no exact pharmacopoeia herb result,error,,,RuntimeError: HTTPError: HTTP Error 468: 
HERB002459,花序梗百脉根,not_found,,,no exact pharmacopoeia herb result,error,,,RuntimeError: HTTPError: HTTP Error 468: 
HERB002458,化香树叶,not_found,,,no exact pharmacopoeia herb result,error,,,RuntimeError: HTTPError: HTTP Error 468: 
HERB002460,花椰菜,not_found,,,no search results,error,,,RuntimeError: HTTPError: HTTP Error 468: 
HERB002461,花叶假杜鹃,not_found,,,no exact pharmacopoeia herb result,error,,,RuntimeError: HTTPError: HTTP Error 468: 
HERB002462,华泽兰,not_found,,,no exact pharmacopoeia herb result,error,,,RuntimeError: HTTPError: HTTP Error 468: 
HERB002463,华中瘤足蕨,not_found,,,no exact pharmacopoeia herb result,error,,,RuntimeError: HTTPError: HTTP Error 468: 
HERB002472,槐花,ok,https://ydz.chp.org.cn/#/item?bookId=1&entryId=563,UsePart,,error,,,RuntimeError: HTTPError: HTTP Error 468: 
HERB002470,槐耳,not_found,,,no exact pharmacopoeia herb result,error,,,RuntimeError: HTTPError: HTTP Error 468: 
HERB002465,华中五味子,not_found,,,no exact pharmacopoeia herb result,error,,,RuntimeError: HTTPError: HTTP Error 468: 
HERB002476,淮山药,skipped_no_chp_blank_fields,,,,error,,,RuntimeError: HTTPError: HTTP Error 468: 
HERB002464,华中前胡,not_found,,,no exact pharmacopoeia herb result,error,,,RuntimeError: HTTPError: HTTP Error 468: 
HERB002473,槐角,ok,https://ydz.chp.org.cn/#/item?bookId=1&entryId=564,UsePart|Indication,,error,,,RuntimeError: HTTPError: HTTP Error 468: 
HERB002475,怀牛膝,skipped_no_chp_blank_fields,,,,error,,,RuntimeError: HTTPError: HTTP Error 468: 
HERB002471,槐根,not_found,,,no exact pharmacopoeia herb result,error,,,RuntimeError: HTTPError: HTTP Error 468: 
HERB002478,槐叶,not_found,,,no search results,error,,,RuntimeError: HTTPError: HTTP Error 468: 
HERB002481,鲩鱼,not_found,,,no exact pharmacopoeia herb result,error,,,RuntimeError: HTTPError: HTTP Error 468: 
HERB002483,黄柏,skipped_no_chp_blank_fields,,,,error,,,RuntimeError: HTTPError: HTTP Error 468: 
HERB002482,换装金丝桃?,not_found,,,no exact pharmacopoeia herb result,error,,,RuntimeError: HTTPError: HTTP Error 468: 
HERB002484,黄百合,not_found,,,no exact pharmacopoeia herb result,error,,,RuntimeError: HTTPError: HTTP Error 468: 
HERB002489,黄柏,ok,https://ydz.chp.org.cn/#/item?bookId=1&entryId=482,Indication,,error,,,RuntimeError: HTTPError: HTTP Error 468: 
HERB002485,黄白红谷,not_found,,,no exact pharmacopoeia herb result,error,,,RuntimeError: HTTPError: HTTP Error 468: 
HERB002486,黄白糖芥,not_found,,,no exact pharmacopoeia herb result,error,,,RuntimeError: HTTPError: HTTP Error 468: 
HERB002487,黄蘗,not_found,,,no search results,error,,,RuntimeError: HTTPError: HTTP Error 468: 
HERB002491,黄蝉,not_found,,,no exact pharmacopoeia herb result,error,,,RuntimeError: HTTPError: HTTP Error 468: 
HERB002490,黄菠萝果,not_found,,,no exact pharmacopoeia herb result,error,,,RuntimeError: HTTPError: HTTP Error 468: 
HERB002493,黄大豆,not_found,,,no search results,error,,,RuntimeError: HTTPError: HTTP Error 468: 
HERB002498,黄瓜,not_found,,,no search results,error,,,RuntimeError: HTTPError: HTTP Error 468: 
HERB002497,黄狗肾,not_found,,,no search results,error,,,RuntimeError: HTTPError: HTTP Error 468: 
HERB002492,黄菖蒲,not_found,,,no exact pharmacopoeia herb result,error,,,RuntimeError: HTTPError: HTTP Error 468: 
HERB002496,黄根树,not_found,,,no exact pharmacopoeia herb result,error,,,RuntimeError: HTTPError: HTTP Error 468: 
HERB002494,黄甘草,not_found,,,no exact pharmacopoeia herb result,error,,,RuntimeError: HTTPError: HTTP Error 468: 
HERB002499,黄瓜根,not_found,,,no exact pharmacopoeia herb result,error,,,RuntimeError: HTTPError: HTTP Error 468: 
HERB002500,黄瓜藤,not_found,,,no exact pharmacopoeia herb result,error,,,RuntimeError: HTTPError: HTTP Error 468: 
HERB002495,黄根姜黄,not_found,,,no exact pharmacopoeia herb result,error,,,RuntimeError: HTTPError: HTTP Error 468: 
HERB002501,黄瓜叶,not_found,,,no exact pharmacopoeia herb result,error,,,RuntimeError: HTTPError: HTTP Error 468: 
HERB002502,黄果茄,not_found,,,no exact pharmacopoeia herb result,error,,,RuntimeError: HTTPError: HTTP Error 468: 
HERB002503,黄海棠,not_found,,,no exact pharmacopoeia herb result,error,,,RuntimeError: HTTPError: HTTP Error 468: 
HERB002505,黄蒿,skipped_no_chp_blank_fields,,,,error,,,RuntimeError: HTTPError: HTTP Error 468: 
HERB002508,黄花败酱,not_found,,,no exact pharmacopoeia herb result,error,,,RuntimeError: HTTPError: HTTP Error 468: 
HERB002509,黄花菜,not_found,,,no search results,error,,,RuntimeError: HTTPError: HTTP Error 468: 
HERB002506,黄褐毛忍冬,not_found,,,no exact pharmacopoeia herb result,error,,,RuntimeError: HTTPError: HTTP Error 468: 
HERB002504,黄海罂粟,not_found,,,no exact pharmacopoeia herb result,error,,,RuntimeError: HTTPError: HTTP Error 468: 
HERB002510,黄花菜,not_found,,,no search results,error,,,RuntimeError: HTTPError: HTTP Error 468: 
HERB002511,黄花草,not_found,,,no exact pharmacopoeia herb result,error,,,RuntimeError: HTTPError: HTTP Error 468: 
HERB002512,黄花地丁,skipped_no_chp_blank_fields,,,,error,,,RuntimeError: HTTPError: HTTP Error 468: 
HERB002515,黄花蒿,not_found,,,no exact pharmacopoeia herb result,error,,,RuntimeError: HTTPError: HTTP Error 468: 
HERB002514,黄花海罂粟,not_found,,,no exact pharmacopoeia herb result,error,,,RuntimeError: HTTPError: HTTP Error 468: 
HERB002516,黄花蒿子,not_found,,,no exact pharmacopoeia herb result,error,,,RuntimeError: HTTPError: HTTP Error 468: 
HERB002517,黄花夹竹桃,not_found,,,no exact pharmacopoeia herb result,error,,,RuntimeError: HTTPError: HTTP Error 468: 
HERB002513,黄花儿柳,not_found,,,no exact pharmacopoeia herb result,error,,,RuntimeError: HTTPError: HTTP Error 468: 
HERB002521,黄花鼠尾草,not_found,,,no exact pharmacopoeia herb result,error,,,RuntimeError: HTTPError: HTTP Error 468: 
HERB002520,黄花稔,not_found,,,no exact pharmacopoeia herb result,error,,,RuntimeError: HTTPError: HTTP Error 468: 
HERB002519,黄花木,not_found,,,no exact pharmacopoeia herb result,error,,,RuntimeError: HTTPError: HTTP Error 468: 
HERB002523,黄花香茶菜,not_found,,,no exact pharmacopoeia herb result,error,,,RuntimeError: HTTPError: HTTP Error 468: 
HERB002518,黄花九轮草,not_found,,,no exact pharmacopoeia herb result,error,,,RuntimeError: HTTPError: HTTP Error 468: 
HERB002522,黄花乌头,not_found,,,no exact pharmacopoeia herb result,error,,,RuntimeError: HTTPError: HTTP Error 468: 
HERB002524,黄花烟草,not_found,,,no search results,error,,,RuntimeError: HTTPError: HTTP Error 468: 
HERB002392,胡桃根,not_found,,,no exact pharmacopoeia herb result,error,,,RuntimeError: TimeoutError: The read operation timed out
HERB002528,皇家海罂粟,not_found,,,no exact pharmacopoeia herb result,error,,,RuntimeError: HTTPError: HTTP Error 468: 
HERB002525,黄花远志,not_found,,,no exact pharmacopoeia herb result,error,,,RuntimeError: HTTPError: HTTP Error 468: 
HERB002526,黄花子,not_found,,,no exact pharmacopoeia herb result,error,,,RuntimeError: HTTPError: HTTP Error 468: 
HERB002527,黄精种子,not_found,,,no exact pharmacopoeia herb result,error,,,RuntimeError: HTTPError: HTTP Error 468: 
HERB002533,黄金树,not_found,,,no search results,error,,,RuntimeError: HTTPError: HTTP Error 468: 
HERB002530,黄金,not_found,,,no search results,error,,,RuntimeError: HTTPError: HTTP Error 468: 
HERB002532,黄金古草,not_found,,,no exact pharmacopoeia herb result,error,,,RuntimeError: HTTPError: HTTP Error 468: 
HERB002534,黄精,skipped_no_chp_blank_fields,,,,error,,,RuntimeError: HTTPError: HTTP Error 468: 
HERB002535,黄精根,not_found,,,no exact pharmacopoeia herb result,error,,,RuntimeError: HTTPError: HTTP Error 468: 
HERB002536,黄精叶,not_found,,,no exact pharmacopoeia herb result,error,,,RuntimeError: HTTPError: HTTP Error 468: 
HERB002537,黄精枝,not_found,,,no exact pharmacopoeia herb result,error,,,RuntimeError: HTTPError: HTTP Error 468: 
HERB002538,黄酒,not_found,,,no exact pharmacopoeia herb result,error,,,RuntimeError: HTTPError: HTTP Error 468: 
HERB002539,黄葵,not_found,,,no exact pharmacopoeia herb result,error,,,RuntimeError: HTTPError: HTTP Error 468: 
HERB002546,黄栌枝叶,not_found,,,no exact pharmacopoeia herb result,error,,,RuntimeError: HTTPError: HTTP Error 468: 
HERB002540,黄连,skipped_no_chp_blank_fields,,,,error,,,RuntimeError: HTTPError: HTTP Error 468: 
HERB002542,黄连芽,not_found,,,no exact pharmacopoeia herb result,error,,,RuntimeError: HTTPError: HTTP Error 468: 
HERB002547,黄麻叶,not_found,,,no exact pharmacopoeia herb result,error,,,RuntimeError: HTTPError: HTTP Error 468: 
HERB002541,黄莲花,not_found,,,no exact pharmacopoeia herb result,error,,,RuntimeError: HTTPError: HTTP Error 468: 
HERB002545,黄栌,not_found,,,no search results,error,,,RuntimeError: HTTPError: HTTP Error 468: 
HERB002543,黄苓,not_found,,,no exact pharmacopoeia herb result,error,,,RuntimeError: HTTPError: HTTP Error 468: 
HERB002551,黄毛鳞毛蕨,not_found,,,no exact pharmacopoeia herb result,error,,,RuntimeError: HTTPError: HTTP Error 468: 
HERB002544,黄龙胆,not_found,,,no exact pharmacopoeia herb result,error,,,RuntimeError: HTTPError: HTTP Error 468: 
HERB002548,黄麻子,not_found,,,no exact pharmacopoeia herb result,error,,,RuntimeError: HTTPError: HTTP Error 468: 
HERB002549,黄毛楤木,not_found,,,no exact pharmacopoeia herb result,error,,,RuntimeError: HTTPError: HTTP Error 468: 
HERB002529,黄接骨丹,not_found,,,no exact pharmacopoeia herb result,error,,,RuntimeError: HTTPError: HTTP Error 468: 
HERB002550,黄毛茛,not_found,,,no exact pharmacopoeia herb result,error,,,RuntimeError: HTTPError: HTTP Error 468: 
HERB002553,黄缅桂,not_found,,,no exact pharmacopoeia herb result,error,,,RuntimeError: HTTPError: HTTP Error 468: 
HERB002552,黄毛乌头,not_found,,,no exact pharmacopoeia herb result,error,,,RuntimeError: HTTPError: HTTP Error 468: 
HERB002554,黄明胶,not_found,,,no search results,error,,,RuntimeError: HTTPError: HTTP Error 468: 
HERB002560,黄芪,skipped_no_chp_blank_fields,,,,error,,,RuntimeError: HTTPError: HTTP Error 468: 
HERB002556,黄皮根,not_found,,,no exact pharmacopoeia herb result,error,,,RuntimeError: HTTPError: HTTP Error 468: 
HERB002555,黄牛木,not_found,,,no exact pharmacopoeia herb result,error,,,RuntimeError: HTTPError: HTTP Error 468: 
HERB002563,黄芩,skipped_no_chp_blank_fields,,,,error,,,RuntimeError: HTTPError: HTTP Error 468: 
HERB002558,黄皮叶,not_found,,,no exact pharmacopoeia herb result,error,,,RuntimeError: HTTPError: HTTP Error 468: 
HERB002557,黄皮树,not_found,,,no exact pharmacopoeia herb result,error,,,RuntimeError: HTTPError: HTTP Error 468: 
HERB002559,黄瓶子草,not_found,,,no exact pharmacopoeia herb result,error,,,RuntimeError: HTTPError: HTTP Error 468: 
HERB002562,黄鞘蕊花,not_found,,,no exact pharmacopoeia herb result,error,,,RuntimeError: HTTPError: HTTP Error 468: 
HERB002564,黄芩甙,not_found,,,no exact pharmacopoeia herb result,error,,,RuntimeError: HTTPError: HTTP Error 468: 
HERB002565,黄芪胶,not_found,,,no exact pharmacopoeia herb result,error,,,RuntimeError: HTTPError: HTTP Error 468: 
HERB002566,黄芩子,not_found,,,no exact pharmacopoeia herb result,error,,,RuntimeError: HTTPError: HTTP Error 468: 
HERB002569,黄色奥丁草,not_found,,,no exact pharmacopoeia herb result,error,,,RuntimeError: HTTPError: HTTP Error 468: 
HERB002567,黄赛金莲木,not_found,,,no exact pharmacopoeia herb result,error,,,RuntimeError: HTTPError: HTTP Error 468: 
HERB002574,黄蜀葵花,ok,https://ydz.chp.org.cn/#/item?bookId=1&entryId=483,Properties|Meridians,,error,,,RuntimeError: HTTPError: HTTP Error 468: 
HERB002575,黄水晶兰,not_found,,,no exact pharmacopoeia herb result,error,,,RuntimeError: HTTPError: HTTP Error 468: 
HERB002571,黄色千里光,not_found,,,no exact pharmacopoeia herb result,error,,,RuntimeError: HTTPError: HTTP Error 468: 
HERB002576,黄水仙,not_found,,,no search results,error,,,RuntimeError: HTTPError: HTTP Error 468: 
HERB002568,黄三七,not_found,,,no exact pharmacopoeia herb result,error,,,RuntimeError: HTTPError: HTTP Error 468: 
HERB002573,黄山药,ok,https://ydz.chp.org.cn/#/item?bookId=1&entryId=477,UsePart|Properties|Meridians,,error,,,RuntimeError: HTTPError: HTTP Error 468: 
HERB002578,黄唐松草,not_found,,,no exact pharmacopoeia herb result,error,,,RuntimeError: HTTPError: HTTP Error 468: 
HERB002586,黄杨木叶,not_found,,,no exact pharmacopoeia herb result,error,,,RuntimeError: HTTPError: HTTP Error 468: 
HERB002581,黄乌头,not_found,,,no exact pharmacopoeia herb result,error,,,RuntimeError: HTTPError: HTTP Error 468: 
HERB002589,黄杨叶木瓣树,not_found,,,no exact pharmacopoeia herb result,error,,,RuntimeError: HTTPError: HTTP Error 468: 
HERB002582,黄细辛,not_found,,,no exact pharmacopoeia herb result,error,,,RuntimeError: HTTPError: HTTP Error 468: 
HERB002594,黄叶槐,not_found,,,no exact pharmacopoeia herb result,error,,,RuntimeError: HTTPError: HTTP Error 468: 
HERB002585,黄烟木,not_found,,,no exact pharmacopoeia herb result,error,,,RuntimeError: HTTPError: HTTP Error 468: 
HERB002590,黄药,not_found,,,no exact pharmacopoeia herb result,error,,,RuntimeError: HTTPError: HTTP Error 468: 
HERB002592,黄叶地不容,not_found,,,no search results,error,,,RuntimeError: HTTPError: HTTP Error 468: 
HERB002591,黄药子,skipped_no_chp_blank_fields,,,,error,,,RuntimeError: HTTPError: HTTP Error 468: 
HERB002587,黄杨小檗,not_found,,,no exact pharmacopoeia herb result,error,,,RuntimeError: HTTPError: HTTP Error 468: 
HERB002604,灰白实参,not_found,,,no exact pharmacopoeia herb result,error,,,RuntimeError: HTTPError: HTTP Error 468: 
HERB002596,黄羽扇豆,not_found,,,no exact pharmacopoeia herb result,error,,,RuntimeError: HTTPError: HTTP Error 468: 
HERB002593,黄叶毒性菜,not_found,,,no exact pharmacopoeia herb result,error,,,RuntimeError: HTTPError: HTTP Error 468: 
HERB002595,黄硬皮马勃,not_found,,,no exact pharmacopoeia herb result,error,,,RuntimeError: HTTPError: HTTP Error 468: 
HERB002600,灰白独活,not_found,,,no exact pharmacopoeia herb result,error,,,RuntimeError: HTTPError: HTTP Error 468: 
HERB002602,灰白毛萝芙木,not_found,,,no exact pharmacopoeia herb result,error,,,RuntimeError: HTTPError: HTTP Error 468: 
HERB002605,灰白向日葵,not_found,,,no exact pharmacopoeia herb result,error,,,RuntimeError: HTTPError: HTTP Error 468: 
HERB002611,蛔蒿,not_found,,,no exact pharmacopoeia herb result,error,,,RuntimeError: HTTPError: HTTP Error 468: 
HERB002610,喙果绞股蓝,not_found,,,no exact pharmacopoeia herb result,error,,,RuntimeError: HTTPError: HTTP Error 468: 
HERB002607,灰白益母草,not_found,,,no exact pharmacopoeia herb result,error,,,RuntimeError: HTTPError: HTTP Error 468: 
HERB002614,回回豆,not_found,,,no exact pharmacopoeia herb result,error,,,RuntimeError: HTTPError: HTTP Error 468: 
HERB002612,灰胡桃,not_found,,,no exact pharmacopoeia herb result,error,,,RuntimeError: HTTPError: HTTP Error 468: 
HERB002615,回回苏,not_found,,,no exact pharmacopoeia herb result,error,,,RuntimeError: HTTPError: HTTP Error 468: 
HERB002625,茴香,skipped_no_chp_blank_fields,,,,error,,,RuntimeError: HTTPError: HTTP Error 468: 
HERB002624,惠特克茅膏菜,not_found,,,no exact pharmacopoeia herb result,error,,,RuntimeError: HTTPError: HTTP Error 468: 
HERB002622,茴芹,not_found,,,no exact pharmacopoeia herb result,error,,,RuntimeError: HTTPError: HTTP Error 468: 
HERB002616,回回苏梗,not_found,,,no exact pharmacopoeia herb result,error,,,RuntimeError: HTTPError: HTTP Error 468: 
HERB002626,茴香虫,not_found,,,no exact pharmacopoeia herb result,error,,,RuntimeError: HTTPError: HTTP Error 468: 
HERB002617,回回苏叶,not_found,,,no exact pharmacopoeia herb result,error,,,RuntimeError: HTTPError: HTTP Error 468: 
HERB002623,灰色欧石楠,not_found,,,no exact pharmacopoeia herb result,error,,,RuntimeError: HTTPError: HTTP Error 468: 
HERB002631,灰叶杜茎山,not_found,,,no exact pharmacopoeia herb result,error,,,RuntimeError: HTTPError: HTTP Error 468: 
HERB002628,茴香根茎叶,not_found,,,no exact pharmacopoeia herb result,error,,,RuntimeError: HTTPError: HTTP Error 468: 
HERB002632,灰叶根,not_found,,,no exact pharmacopoeia herb result,error,,,RuntimeError: HTTPError: HTTP Error 468: 
HERB002634,灰毡毛忍冬,not_found,,,no exact pharmacopoeia herb result,error,,,RuntimeError: HTTPError: HTTP Error 468: 
HERB002629,茴香茎叶,not_found,,,no exact pharmacopoeia herb result,error,,,RuntimeError: HTTPError: HTTP Error 468: 
HERB002635,喙柱牛奶菜,not_found,,,no exact pharmacopoeia herb result,error,,,RuntimeError: HTTPError: HTTP Error 468: 
HERB002640,火麻仁,skipped_no_chp_blank_fields,,,,error,,,RuntimeError: HTTPError: HTTP Error 468: 
HERB002627,茴香根,not_found,,,no exact pharmacopoeia herb result,error,,,RuntimeError: HTTPError: HTTP Error 468: 
HERB002642,火索麻,not_found,,,no exact pharmacopoeia herb result,error,,,RuntimeError: HTTPError: HTTP Error 468: 
HERB002641,火山岩草胡椒,not_found,,,no exact pharmacopoeia herb result,error,,,RuntimeError: HTTPError: HTTP Error 468: 
HERB002643,火炭母草,not_found,,,no search results,error,,,RuntimeError: HTTPError: HTTP Error 468: 
HERB002644,霍香,skipped_no_chp_blank_fields,,,,error,,,RuntimeError: HTTPError: HTTP Error 468: 
HERB002646,霍香叶,skipped_no_chp_blank_fields,,,,error,,,RuntimeError: HTTPError: HTTP Error 468: 
HERB002645,藿香根,not_found,,,no exact pharmacopoeia herb result,error,,,RuntimeError: HTTPError: HTTP Error 468: 
HERB002647,藿香叶绿绒蒿,not_found,,,no exact pharmacopoeia herb result,error,,,RuntimeError: HTTPError: HTTP Error 468: 
HERB002650,珍珠母,ok,https://ydz.chp.org.cn/#/item?bookId=1&entryId=360,Properties|Meridians,,error,,,RuntimeError: HTTPError: HTTP Error 468: 
HERB002655,荠菜,not_found,,,no search results,error,,,RuntimeError: HTTPError: HTTP Error 468: 
HERB002648,火焰花,not_found,,,no exact pharmacopoeia herb result,error,,,RuntimeError: HTTPError: HTTP Error 468: 
HERB002657,荠菜子,not_found,,,no exact pharmacopoeia herb result,error,,,RuntimeError: HTTPError: HTTP Error 468: 
HERB002649,火殃勒,not_found,,,no exact pharmacopoeia herb result,error,,,RuntimeError: HTTPError: HTTP Error 468: 
HERB002656,荠菜花,not_found,,,no exact pharmacopoeia herb result,error,,,RuntimeError: HTTPError: HTTP Error 468: 
HERB002653,集安红参,not_found,,,no exact pharmacopoeia herb result,error,,,RuntimeError: HTTPError: HTTP Error 468: 
HERB002660,棘刺花,not_found,,,no exact pharmacopoeia herb result,error,,,RuntimeError: HTTPError: HTTP Error 468: 
HERB002665,鸡骨草,skipped_no_chp_blank_fields,,,,error,,,RuntimeError: HTTPError: HTTP Error 468: 
HERB002666,鸡冠刺桐,not_found,,,no exact pharmacopoeia herb result,error,,,RuntimeError: HTTPError: HTTP Error 468: 
HERB002662,鸡蛋果,not_found,,,no exact pharmacopoeia herb result,error,,,RuntimeError: HTTPError: HTTP Error 468: 
HERB002659,鸡肠狼毒,not_found,,,no exact pharmacopoeia herb result,error,,,RuntimeError: HTTPError: HTTP Error 468: 
HERB002661,鸡胆,not_found,,,no exact pharmacopoeia herb result,error,,,RuntimeError: HTTPError: HTTP Error 468: 
HERB002668,鸡冠苗,not_found,,,no exact pharmacopoeia herb result,error,,,RuntimeError: HTTPError: HTTP Error 468: 
HERB002667,鸡冠花,skipped_no_chp_blank_fields,,,,error,,,RuntimeError: HTTPError: HTTP Error 468: 
HERB002664,积甘草,not_found,,,no exact pharmacopoeia herb result,error,,,RuntimeError: HTTPError: HTTP Error 468: 
HERB002669,鸡冠子,not_found,,,no search results,error,,,RuntimeError: HTTPError: HTTP Error 468: 
HERB002674,基建龙舌兰,not_found,,,no search results,error,,,RuntimeError: HTTPError: HTTP Error 468: 
HERB002681,蒺藜苗,not_found,,,no exact pharmacopoeia herb result,error,,,RuntimeError: HTTPError: HTTP Error 468: 
HERB002678,鸡冠刺桐,not_found,,,no exact pharmacopoeia herb result,error,,,RuntimeError: HTTPError: HTTP Error 468: 
HERB002679,蒺藜,ok,https://ydz.chp.org.cn/#/item?bookId=1&entryId=559,UsePart|Properties|Meridians,,error,,,RuntimeError: HTTPError: HTTP Error 468: 
HERB002684,吉林延龄草,not_found,,,no exact pharmacopoeia herb result,error,,,RuntimeError: HTTPError: HTTP Error 468: 
HERB002685,鸡毛菜,not_found,,,no exact pharmacopoeia herb result,error,,,RuntimeError: HTTPError: HTTP Error 468: 
HERB002686,鸡毛松,not_found,,,no exact pharmacopoeia herb result,error,,,RuntimeError: HTTPError: HTTP Error 468: 
HERB002683,吉林乌头,not_found,,,no exact pharmacopoeia herb result,error,,,RuntimeError: HTTPError: HTTP Error 468: 
HERB002690,鸡内金,skipped_no_chp_blank_fields,,,,error,,,RuntimeError: HTTPError: HTTP Error 468: 
HERB002692,几内亚格木,not_found,,,no search results,error,,,RuntimeError: HTTPError: HTTP Error 468: 
HERB002693,几内亚胡椒,not_found,,,no exact pharmacopoeia herb result,error,,,RuntimeError: HTTPError: HTTP Error 468: 
HERB002688,继木,not_found,,,no exact pharmacopoeia herb result,error,,,RuntimeError: HTTPError: HTTP Error 468: 
HERB002699,鸡矢藤,not_found,,,no exact pharmacopoeia herb result,error,,,RuntimeError: HTTPError: HTTP Error 468: 
HERB002698,即食芦荟,not_found,,,no exact pharmacopoeia herb result,error,,,RuntimeError: HTTPError: HTTP Error 468: 
HERB002700,鸡矢藤,not_found,,,no exact pharmacopoeia herb result,error,,,RuntimeError: HTTPError: HTTP Error 468: 
HERB002691,几内亚斑鸠菊,not_found,,,no exact pharmacopoeia herb result,error,,,RuntimeError: HTTPError: HTTP Error 468: 
HERB002695,鸡肉,not_found,,,no search results,error,,,RuntimeError: HTTPError: HTTP Error 468: 
HERB002702,鸡嗉子,not_found,,,no exact pharmacopoeia herb result,error,,,RuntimeError: HTTPError: HTTP Error 468: 
HERB002697,吉氏红景天,not_found,,,no exact pharmacopoeia herb result,error,,,RuntimeError: HTTPError: HTTP Error 468: 
HERB002703,鸡胎,not_found,,,no exact pharmacopoeia herb result,error,,,RuntimeError: HTTPError: HTTP Error 468: 
HERB002713,积雪草,skipped_no_chp_blank_fields,,,,error,,,RuntimeError: HTTPError: HTTP Error 468: 
HERB002714,鸡血藤,ok,https://ydz.chp.org.cn/#/item?bookId=1&entryId=297,UsePart,,error,,,RuntimeError: HTTPError: HTTP Error 468: 
HERB002701,鸡矢藤果,not_found,,,no exact pharmacopoeia herb result,error,,,RuntimeError: HTTPError: HTTP Error 468: 
HERB002704,鸡娃草,not_found,,,no exact pharmacopoeia herb result,error,,,RuntimeError: HTTPError: HTTP Error 468: 
HERB002716,鸡眼草,not_found,,,no exact pharmacopoeia herb result,error,,,RuntimeError: HTTPError: HTTP Error 468: 
HERB002717,棘叶,not_found,,,no exact pharmacopoeia herb result,error,,,RuntimeError: HTTPError: HTTP Error 468: 
HERB002722,蓟罂粟,not_found,,,no exact pharmacopoeia herb result,error,,,RuntimeError: HTTPError: HTTP Error 468: 
HERB002706,吉祥草,not_found,,,no exact pharmacopoeia herb result,error,,,RuntimeError: HTTPError: HTTP Error 468: 
HERB002715,鸡血藤根,not_found,,,no exact pharmacopoeia herb result,error,,,RuntimeError: HTTPError: HTTP Error 468: 
HERB002720,戟叶鼠尾草,not_found,,,no exact pharmacopoeia herb result,error,,,RuntimeError: HTTPError: HTTP Error 468: 
HERB002718,戟叶马鞭草,not_found,,,no exact pharmacopoeia herb result,error,,,RuntimeError: HTTPError: HTTP Error 468: 
HERB002721,戟叶酸模,not_found,,,no exact pharmacopoeia herb result,error,,,RuntimeError: HTTPError: HTTP Error 468: 
HERB002719,蕺叶秋海棠,not_found,,,no exact pharmacopoeia herb result,error,,,RuntimeError: HTTPError: HTTP Error 468: 
HERB002723,鲫鱼胆,not_found,,,no exact pharmacopoeia herb result,error,,,RuntimeError: HTTPError: HTTP Error 468: 
HERB002726,鸡子白,not_found,,,no exact pharmacopoeia herb result,error,,,RuntimeError: HTTPError: HTTP Error 468: 
HERB002727,鸡子黄,not_found,,,no exact pharmacopoeia herb result,error,,,RuntimeError: HTTPError: HTTP Error 468: 
HERB002725,棘针,not_found,,,no exact pharmacopoeia herb result,error,,,RuntimeError: HTTPError: HTTP Error 468: 
HERB002729,鸡子木,not_found,,,no exact pharmacopoeia herb result,error,,,RuntimeError: HTTPError: HTTP Error 468: 
HERB002728,鸡子壳,not_found,,,no exact pharmacopoeia herb result,error,,,RuntimeError: HTTPError: HTTP Error 468: 
HERB002731,假百合,not_found,,,no exact pharmacopoeia herb result,error,,,RuntimeError: HTTPError: HTTP Error 468: 
HERB002730,鸡纵,not_found,,,no exact pharmacopoeia herb result,error,,,RuntimeError: HTTPError: HTTP Error 468: 
HERB002734,假单胞菌洋槐,not_found,,,no exact pharmacopoeia herb result,error,,,RuntimeError: HTTPError: HTTP Error 468: 
HERB002735,假地胆草,not_found,,,no exact pharmacopoeia herb result,error,,,RuntimeError: HTTPError: HTTP Error 468: 
HERB002737,佳东方千里光,not_found,,,no exact pharmacopoeia herb result,error,,,RuntimeError: HTTPError: HTTP Error 468: 
HERB002743,加灰色九里香婆婆纳,not_found,,,no exact pharmacopoeia herb result,error,,,RuntimeError: HTTPError: HTTP Error 468: 
HERB002736,假地枫皮,not_found,,,no exact pharmacopoeia herb result,error,,,RuntimeError: HTTPError: HTTP Error 468: 
HERB002732,假贝母,not_found,,,no exact pharmacopoeia herb result,error,,,RuntimeError: HTTPError: HTTP Error 468: 
HERB002748,假苦瓜,not_found,,,no exact pharmacopoeia herb result,error,,,RuntimeError: HTTPError: HTTP Error 468: 
HERB002742,假黄花远志,not_found,,,no exact pharmacopoeia herb result,error,,,RuntimeError: HTTPError: HTTP Error 468: 
HERB002751,甲类决明,not_found,,,no exact pharmacopoeia herb result,error,,,RuntimeError: HTTPError: HTTP Error 468: 
HERB002740,茄根,not_found,,,no exact pharmacopoeia herb result,error,,,RuntimeError: HTTPError: HTTP Error 468: 
HERB002752,假连翘,not_found,,,no exact pharmacopoeia herb result,error,,,RuntimeError: HTTPError: HTTP Error 468: 
HERB002755,假马齿苋,not_found,,,no exact pharmacopoeia herb result,error,,,RuntimeError: HTTPError: HTTP Error 468: 
HERB002754,假马鞭,not_found,,,no exact pharmacopoeia herb result,error,,,RuntimeError: HTTPError: HTTP Error 468: 
HERB002745,假荆芥,not_found,,,no exact pharmacopoeia herb result,error,,,RuntimeError: HTTPError: HTTP Error 468: 
HERB002759,假木豆,not_found,,,no exact pharmacopoeia herb result,error,,,RuntimeError: HTTPError: HTTP Error 468: 
HERB002753,假连翘叶,not_found,,,no exact pharmacopoeia herb result,error,,,RuntimeError: HTTPError: HTTP Error 468: 
HERB002761,加拿大苍耳,not_found,,,no exact pharmacopoeia herb result,error,,,RuntimeError: HTTPError: HTTP Error 468: 
HERB002762,加拿大红豆杉,not_found,,,no exact pharmacopoeia herb result,error,,,RuntimeError: HTTPError: HTTP Error 468: 
HERB002760,加拿大包春香,not_found,,,no exact pharmacopoeia herb result,error,,,RuntimeError: HTTPError: HTTP Error 468: 
HERB002767,加纳利美登木,not_found,,,no exact pharmacopoeia herb result,error,,,RuntimeError: HTTPError: HTTP Error 468: 
HERB002763,加拿大黄芪,not_found,,,no exact pharmacopoeia herb result,error,,,RuntimeError: HTTPError: HTTP Error 468: 
HERB002765,加拿大细辛,not_found,,,no exact pharmacopoeia herb result,error,,,RuntimeError: HTTPError: HTTP Error 468: 
HERB002768,加拿利鼠尾草,not_found,,,no exact pharmacopoeia herb result,error,,,RuntimeError: HTTPError: HTTP Error 468: 
HERB002774,假细锥香茶菜,not_found,,,no exact pharmacopoeia herb result,error,,,RuntimeError: HTTPError: HTTP Error 468: 
HERB002772,假酸浆,not_found,,,no exact pharmacopoeia herb result,error,,,RuntimeError: HTTPError: HTTP Error 468: 
HERB002770,假山胡椒,not_found,,,no exact pharmacopoeia herb result,error,,,RuntimeError: HTTPError: HTTP Error 468: 
HERB002771,假水仙,not_found,,,no exact pharmacopoeia herb result,error,,,RuntimeError: HTTPError: HTTP Error 468: 
HERB002769,加蓬紫玉盘,not_found,,,no exact pharmacopoeia herb result,error,,,RuntimeError: HTTPError: HTTP Error 468: 
HERB002780,加州藜芦,not_found,,,no exact pharmacopoeia herb result,error,,,RuntimeError: HTTPError: HTTP Error 468: 
HERB002773,假乌头,not_found,,,no exact pharmacopoeia herb result,error,,,RuntimeError: HTTPError: HTTP Error 468: 
HERB002779,假泽兰,not_found,,,no exact pharmacopoeia herb result,error,,,RuntimeError: HTTPError: HTTP Error 468: 
HERB002777,假鹰爪,not_found,,,no exact pharmacopoeia herb result,error,,,RuntimeError: HTTPError: HTTP Error 468: 
HERB002776,假叶树,not_found,,,no exact pharmacopoeia herb result,error,,,RuntimeError: HTTPError: HTTP Error 468: 
HERB002785,夹竹桃,not_found,,,no exact pharmacopoeia herb result,error,,,RuntimeError: HTTPError: HTTP Error 468: 
HERB002781,加州七叶树,not_found,,,no exact pharmacopoeia herb result,error,,,RuntimeError: HTTPError: HTTP Error 468: 
HERB002786,夹竹桃麻,not_found,,,no exact pharmacopoeia herb result,error,,,RuntimeError: HTTPError: HTTP Error 468: 
HERB002783,加州夏腊梅,not_found,,,no exact pharmacopoeia herb result,error,,,RuntimeError: HTTPError: HTTP Error 468: 
HERB002787,加紫草,not_found,,,no exact pharmacopoeia herb result,error,,,RuntimeError: HTTPError: HTTP Error 468: 
HERB002788,假总状花序山小橘,not_found,,,no exact pharmacopoeia herb result,error,,,RuntimeError: HTTPError: HTTP Error 468: 
HERB002790,剪灯芯草,not_found,,,no exact pharmacopoeia herb result,error,,,RuntimeError: HTTPError: HTTP Error 468: 
HERB002791,假地枫皮,not_found,,,no exact pharmacopoeia herb result,error,,,RuntimeError: HTTPError: HTTP Error 468: 
HERB002792,箭杆杨,not_found,,,no exact pharmacopoeia herb result,error,,,RuntimeError: HTTPError: HTTP Error 468: 
HERB002800,剑麻,not_found,,,no search results,error,,,RuntimeError: HTTPError: HTTP Error 468: 
HERB002803,剪秋罗毛蕊花,not_found,,,no exact pharmacopoeia herb result,error,,,RuntimeError: HTTPError: HTTP Error 468: 
HERB002794,尖海龙,not_found,,,no exact pharmacopoeia herb result,error,,,RuntimeError: HTTPError: HTTP Error 468: 
HERB002793,箭根薯,not_found,,,no exact pharmacopoeia herb result,error,,,RuntimeError: HTTPError: HTTP Error 468: 
HERB002798,尖距紫堇,not_found,,,no exact pharmacopoeia herb result,error,,,RuntimeError: HTTPError: HTTP Error 468: 
HERB002810,嘉兴烟草,not_found,,,no exact pharmacopoeia herb result,error,,,RuntimeError: HTTPError: HTTP Error 468: 
HERB002796,渐尖木兰,not_found,,,no exact pharmacopoeia herb result,error,,,RuntimeError: HTTPError: HTTP Error 468: 
HERB002805,尖锐毛茶,not_found,,,no exact pharmacopoeia herb result,error,,,RuntimeError: HTTPError: HTTP Error 468: 
HERB002814,尖叶梣,not_found,,,no exact pharmacopoeia herb result,error,,,RuntimeError: HTTPError: HTTP Error 468: 
HERB002804,建曲,not_found,,,no exact pharmacopoeia herb result,error,,,RuntimeError: HTTPError: HTTP Error 468: 
HERB002808,尖尾芋,not_found,,,no exact pharmacopoeia herb result,error,,,RuntimeError: HTTPError: HTTP Error 468: 
HERB002811,见血封喉,not_found,,,no exact pharmacopoeia herb result,error,,,RuntimeError: HTTPError: HTTP Error 468: 
HERB002812,见血清,not_found,,,no exact pharmacopoeia herb result,error,,,RuntimeError: HTTPError: HTTP Error 468: 
HERB002817,剑叶龙血树,not_found,,,no search results,error,,,RuntimeError: HTTPError: HTTP Error 468: 
HERB002815,尖叶番泻叶,not_found,,,no exact pharmacopoeia herb result,error,,,RuntimeError: HTTPError: HTTP Error 468: 
HERB002816,尖叶花椒,not_found,,,no exact pharmacopoeia herb result,error,,,RuntimeError: HTTPError: HTTP Error 468: 
HERB002820,尖叶唐松草,not_found,,,no exact pharmacopoeia herb result,error,,,RuntimeError: HTTPError: HTTP Error 468: 
HERB002818,尖叶清风藤,not_found,,,no exact pharmacopoeia herb result,error,,,RuntimeError: HTTPError: HTTP Error 468: 
HERB002821,剑叶铁树叶,not_found,,,no exact pharmacopoeia herb result,error,,,RuntimeError: HTTPError: HTTP Error 468: 
HERB002819,尖叶十大功劳,not_found,,,no exact pharmacopoeia herb result,error,,,RuntimeError: HTTPError: HTTP Error 468: 
HERB002830,箭紫苏,not_found,,,no exact pharmacopoeia herb result,error,,,RuntimeError: HTTPError: HTTP Error 468: 
HERB002824,箭叶淫羊藿,not_found,,,no exact pharmacopoeia herb result,error,,,RuntimeError: HTTPError: HTTP Error 468: 
HERB002827,剑影柴胡,not_found,,,no exact pharmacopoeia herb result,error,,,RuntimeError: HTTPError: HTTP Error 468: 
HERB002823,尖叶叶下珠,not_found,,,no exact pharmacopoeia herb result,error,,,RuntimeError: HTTPError: HTTP Error 468: 
HERB002832,尖子玉盘,not_found,,,no search results,error,,,RuntimeError: HTTPError: HTTP Error 468: 
HERB002836,豇豆,not_found,,,no search results,error,,,RuntimeError: HTTPError: HTTP Error 468: 
HERB002838,浆果苋,not_found,,,no exact pharmacopoeia herb result,error,,,RuntimeError: HTTPError: HTTP Error 468: 
HERB002856,绞股蓝,not_found,,,no exact pharmacopoeia herb result,no_fields,https://www.dayi.org.cn/cmedical/1114422.html,,detail page parsed but no mapped fields found
HERB002834,僵蚕,ok,https://ydz.chp.org.cn/#/item?bookId=1&entryId=598,,matched page but chp target columns already had values,error,,,RuntimeError: HTTPError: HTTP Error 468: 
HERB002835,僵蚕,ok,https://ydz.chp.org.cn/#/item?bookId=1&entryId=598,Properties|Meridians|Function|Indication,,error,,,RuntimeError: HTTPError: HTTP Error 468: 
HERB002831,箭紫苏叶,not_found,,,no exact pharmacopoeia herb result,error,,,RuntimeError: HTTPError: HTTP Error 468: 
HERB002828,坚硬悬钩子,not_found,,,no exact pharmacopoeia herb result,error,,,RuntimeError: HTTPError: HTTP Error 468: 
HERB002825,尖叶芸香草,not_found,,,no exact pharmacopoeia herb result,error,,,RuntimeError: HTTPError: HTTP Error 468: 
HERB002839,浆果紫杉,not_found,,,no exact pharmacopoeia herb result,error,,,RuntimeError: HTTPError: HTTP Error 468: 
HERB002843,江南卷柏,not_found,,,no exact pharmacopoeia herb result,error,,,RuntimeError: HTTPError: HTTP Error 468: 
HERB002840,姜黄,skipped_no_chp_blank_fields,,,,error,,,RuntimeError: HTTPError: HTTP Error 468: 
HERB002845,江西青牛胆,not_found,,,no exact pharmacopoeia herb result,error,,,RuntimeError: HTTPError: HTTP Error 468: 
HERB002844,姜皮,not_found,,,no exact pharmacopoeia herb result,error,,,RuntimeError: HTTPError: HTTP Error 468: 
HERB002841,绛梨木根,not_found,,,no exact pharmacopoeia herb result,error,,,RuntimeError: HTTPError: HTTP Error 468: 
HERB002849,僵蛹,not_found,,,no exact pharmacopoeia herb result,error,,,RuntimeError: HTTPError: HTTP Error 468: 
HERB002847,降香油,skipped_no_chp_blank_fields,,,,error,,,RuntimeError: HTTPError: HTTP Error 468: 
HERB002846,降香,ok,https://ydz.chp.org.cn/#/item?bookId=1&entryId=356,,matched page but chp target columns already had values,error,,,RuntimeError: HTTPError: HTTP Error 468: 
HERB002851,江孜沙棘,not_found,,,no exact pharmacopoeia herb result,error,,,RuntimeError: HTTPError: HTTP Error 468: 
HERB002853,角叉菜,not_found,,,no search results,error,,,RuntimeError: HTTPError: HTTP Error 468: 
HERB002850,降真香,not_found,,,no exact pharmacopoeia herb result,error,,,RuntimeError: HTTPError: HTTP Error 468: 
HERB002848,姜叶,not_found,,,no exact pharmacopoeia herb result,error,,,RuntimeError: HTTPError: HTTP Error 468: 
HERB002857,角果木,not_found,,,no exact pharmacopoeia herb result,error,,,RuntimeError: HTTPError: HTTP Error 468: 
HERB002852,焦槟榔,ok,https://ydz.chp.org.cn/#/item?bookId=1&entryId=582,Properties|Meridians,,error,,,RuntimeError: HTTPError: HTTP Error 468: 
HERB002859,焦麦芽,not_found,,,no exact pharmacopoeia herb result,error,,,RuntimeError: HTTPError: HTTP Error 468: 
HERB002863,交让木,not_found,,,no exact pharmacopoeia herb result,error,,,RuntimeError: HTTPError: HTTP Error 468: 
HERB002862,胶粘香茶菜,not_found,,,no exact pharmacopoeia herb result,error,,,RuntimeError: HTTPError: HTTP Error 468: 
HERB002861,椒目,not_found,,,no exact pharmacopoeia herb result,error,,,RuntimeError: HTTPError: HTTP Error 468: 
HERB002864,焦三仙,not_found,,,no exact pharmacopoeia herb result,error,,,RuntimeError: HTTPError: HTTP Error 468: 
HERB002870,胶质鼠尾草,not_found,,,no exact pharmacopoeia herb result,error,,,RuntimeError: HTTPError: HTTP Error 468: 
HERB002865,焦山栀,not_found,,,no exact pharmacopoeia herb result,error,,,RuntimeError: HTTPError: HTTP Error 468: 
HERB002871,焦栀子,ok,https://ydz.chp.org.cn/#/item?bookId=1&entryId=389,Properties|Meridians|Function|Indication,,error,,,RuntimeError: HTTPError: HTTP Error 468: 
HERB002873,胶状车前,not_found,,,no exact pharmacopoeia herb result,error,,,RuntimeError: HTTPError: HTTP Error 468: 
HERB002874,芥菜,not_found,,,no search results,error,,,RuntimeError: HTTPError: HTTP Error 468: 
HERB002877,接骨木,skipped_no_chp_blank_fields,,,,error,,,RuntimeError: HTTPError: HTTP Error 468: 
HERB002875,缬草根,not_found,,,no exact pharmacopoeia herb result,error,,,RuntimeError: HTTPError: HTTP Error 468: 
HERB002872,角柱花,not_found,,,no exact pharmacopoeia herb result,error,,,RuntimeError: HTTPError: HTTP Error 468: 
HERB002876,桔梗,skipped_no_chp_blank_fields,,,,error,,,RuntimeError: HTTPError: HTTP Error 468: 
HERB002881,节毛飞廉,not_found,,,no exact pharmacopoeia herb result,error,,,RuntimeError: HTTPError: HTTP Error 468: 
HERB002884,芥穗,skipped_no_chp_blank_fields,,,,error,,,RuntimeError: HTTPError: HTTP Error 468: 
HERB002891,金钗凤尾蕨,not_found,,,no exact pharmacopoeia herb result,error,,,RuntimeError: HTTPError: HTTP Error 468: 
HERB002879,节茎石仙桃,not_found,,,no exact pharmacopoeia herb result,error,,,RuntimeError: HTTPError: HTTP Error 468: 
HERB002887,芥子,ok,https://ydz.chp.org.cn/#/item?bookId=1&entryId=249,Properties|Meridians,,error,,,RuntimeError: HTTPError: HTTP Error 468: 
HERB002889,金不换,not_found,,,no search results,error,,,RuntimeError: HTTPError: HTTP Error 468: 
HERB002888,金箔,not_found,,,no search results,error,,,RuntimeError: HTTPError: HTTP Error 468: 
HERB002883,睫毛叶鼠尾草,not_found,,,no exact pharmacopoeia herb result,error,,,RuntimeError: HTTPError: HTTP Error 468: 
HERB002897,金粉蕨,not_found,,,no exact pharmacopoeia herb result,error,,,RuntimeError: HTTPError: HTTP Error 468: 
HERB002895,金发藓,not_found,,,no search results,error,,,RuntimeError: HTTPError: HTTP Error 468: 
HERB002896,金沸草,skipped_no_chp_blank_fields,,,,error,,,RuntimeError: HTTPError: HTTP Error 468: 
HERB002890,荩草,not_found,,,no exact pharmacopoeia herb result,error,,,RuntimeError: HTTPError: HTTP Error 468: 
HERB002894,近东罂粟,not_found,,,no exact pharmacopoeia herb result,error,,,RuntimeError: HTTPError: HTTP Error 468: 
HERB002893,锦灯笼,ok,https://ydz.chp.org.cn/#/item?bookId=1&entryId=572,Herb_latin_name|Properties|Meridians|Function|Indication,,error,,,RuntimeError: HTTPError: HTTP Error 468: 
HERB002902,筋骨草,ok,https://ydz.chp.org.cn/#/item?bookId=1&entryId=550,Properties|Meridians,,error,,,RuntimeError: HTTPError: HTTP Error 468: 
HERB002901,金狗脊,skipped_no_chp_blank_fields,,,,error,,,RuntimeError: HTTPError: HTTP Error 468: 
HERB002900,金刚大,not_found,,,no exact pharmacopoeia herb result,error,,,RuntimeError: HTTPError: HTTP Error 468: 
HERB002899,金刚刺,not_found,,,no exact pharmacopoeia herb result,error,,,RuntimeError: HTTPError: HTTP Error 468: 
HERB002904,金果揽,not_found,,,no exact pharmacopoeia herb result,error,,,RuntimeError: HTTPError: HTTP Error 468: 
HERB002903,金光菊,not_found,,,no exact pharmacopoeia herb result,error,,,RuntimeError: HTTPError: HTTP Error 468: 
HERB002905,金华猕猴桃,not_found,,,no search results,error,,,RuntimeError: HTTPError: HTTP Error 468: 
HERB002906,金花小檗,not_found,,,no exact pharmacopoeia herb result,error,,,RuntimeError: HTTPError: HTTP Error 468: 
HERB002907,金黄草素?,not_found,,,no exact pharmacopoeia herb result,error,,,RuntimeError: HTTPError: HTTP Error 468: 
HERB002892,金丹,not_found,,,no exact pharmacopoeia herb result,error,,,RuntimeError: HTTPError: HTTP Error 468: 
HERB002910,金黄革菌,not_found,,,no exact pharmacopoeia herb result,error,,,RuntimeError: HTTPError: HTTP Error 468: 
HERB002909,金黄柴胡,not_found,,,no exact pharmacopoeia herb result,error,,,RuntimeError: HTTPError: HTTP Error 468: 
HERB002908,金黄侧金盏花,not_found,,,no exact pharmacopoeia herb result,error,,,RuntimeError: HTTPError: HTTP Error 468: 
HERB002913,锦鸡儿,not_found,,,no exact pharmacopoeia herb result,error,,,RuntimeError: HTTPError: HTTP Error 468: 
HERB002916,金鸡纳,not_found,,,no search results,error,,,RuntimeError: HTTPError: HTTP Error 468: 
HERB002912,金黄连,not_found,,,no exact pharmacopoeia herb result,error,,,RuntimeError: HTTPError: HTTP Error 468: 
HERB002918,金鸡尾巴草根,not_found,,,no exact pharmacopoeia herb result,error,,,RuntimeError: HTTPError: HTTP Error 468: 
HERB002914,锦鸡儿根,not_found,,,no exact pharmacopoeia herb result,error,,,RuntimeError: HTTPError: HTTP Error 468: 
HERB002924,金桔,not_found,,,no search results,error,,,RuntimeError: HTTPError: HTTP Error 468: 
HERB002921,金甲豆,not_found,,,no exact pharmacopoeia herb result,error,,,RuntimeError: HTTPError: HTTP Error 468: 
HERB002927,金莲花猪屎豆,not_found,,,no exact pharmacopoeia herb result,error,,,RuntimeError: HTTPError: HTTP Error 468: 
HERB002923,金锦香,not_found,,,no search results,error,,,RuntimeError: HTTPError: HTTP Error 468: 
HERB002917,金鸡尾,not_found,,,no exact pharmacopoeia herb result,error,,,RuntimeError: HTTPError: HTTP Error 468: 
HERB002926,金莲花,skipped_no_chp_blank_fields,,,,error,,,RuntimeError: HTTPError: HTTP Error 468: 
HERB002930,金毛耳草,not_found,,,no exact pharmacopoeia herb result,error,,,RuntimeError: HTTPError: HTTP Error 468: 
HERB002925,金橘叶,not_found,,,no exact pharmacopoeia herb result,error,,,RuntimeError: HTTPError: HTTP Error 468: 
HERB002932,金毛狗脊,skipped_no_chp_blank_fields,,,,error,,,RuntimeError: HTTPError: HTTP Error 468: 
HERB002928,金莲木,not_found,,,no exact pharmacopoeia herb result,error,,,RuntimeError: HTTPError: HTTP Error 468: 
HERB002931,金毛狗,not_found,,,no exact pharmacopoeia herb result,error,,,RuntimeError: HTTPError: HTTP Error 468: 
HERB002935,金平哥纳香,not_found,,,no exact pharmacopoeia herb result,error,,,RuntimeError: HTTPError: HTTP Error 468: 
HERB002933,金毛木通,not_found,,,no exact pharmacopoeia herb result,error,,,RuntimeError: HTTPError: HTTP Error 468: 
HERB002934,金礞石,ok,https://ydz.chp.org.cn/#/item?bookId=1&entryId=344,,matched page but chp target columns already had values,error,,,RuntimeError: HTTPError: HTTP Error 468: 
HERB002936,金钱白话蛇,not_found,,,no exact pharmacopoeia herb result,error,,,RuntimeError: HTTPError: HTTP Error 468: 
HERB002937,金钱草,ok,https://ydz.chp.org.cn/#/item?bookId=1&entryId=340,UsePart,,error,,,RuntimeError: HTTPError: HTTP Error 468: 
HERB002939,金钱蒲,not_found,,,no exact pharmacopoeia herb result,error,,,RuntimeError: HTTPError: HTTP Error 468: 
HERB002940,金钱蒲叶,not_found,,,no exact pharmacopoeia herb result,error,,,RuntimeError: HTTPError: HTTP Error 468: 
HERB002941,金荞麦,ok,https://ydz.chp.org.cn/#/item?bookId=1&entryId=338,UsePart|Properties|Meridians,,error,,,RuntimeError: HTTPError: HTTP Error 468: 
HERB002938,金钱苦叶草,not_found,,,no exact pharmacopoeia herb result,error,,,RuntimeError: HTTPError: HTTP Error 468: 
HERB002946,锦熟黄杨,not_found,,,no search results,error,,,RuntimeError: HTTPError: HTTP Error 468: 
HERB002945,金色木菌,not_found,,,no exact pharmacopoeia herb result,error,,,RuntimeError: HTTPError: HTTP Error 468: 
HERB002944,金雀根,not_found,,,no exact pharmacopoeia herb result,error,,,RuntimeError: HTTPError: HTTP Error 468: 
HERB002948,金丝带,not_found,,,no exact pharmacopoeia herb result,error,,,RuntimeError: HTTPError: HTTP Error 468: 
HERB002947,金刷把,not_found,,,no exact pharmacopoeia herb result,error,,,RuntimeError: HTTPError: HTTP Error 468: 
HERB002943,金雀儿,not_found,,,no exact pharmacopoeia herb result,error,,,RuntimeError: HTTPError: HTTP Error 468: 
HERB002950,金丝梅,not_found,,,no exact pharmacopoeia herb result,error,,,RuntimeError: HTTPError: HTTP Error 468: 
HERB002949,金丝马尾连,not_found,,,no exact pharmacopoeia herb result,error,,,RuntimeError: HTTPError: HTTP Error 468: 
HERB002951,金丝刷,not_found,,,no exact pharmacopoeia herb result,error,,,RuntimeError: HTTPError: HTTP Error 468: 
HERB002952,金丝桃果实,not_found,,,no exact pharmacopoeia herb result,error,,,RuntimeError: HTTPError: HTTP Error 468: 
HERB002954,金铁锁,ok,https://ydz.chp.org.cn/#/item?bookId=1&entryId=341,Properties|Meridians,,error,,,RuntimeError: HTTPError: HTTP Error 468: 
HERB002953,金粟兰,not_found,,,no exact pharmacopoeia herb result,error,,,RuntimeError: HTTPError: HTTP Error 468: 
HERB002960,金椰子,not_found,,,no exact pharmacopoeia herb result,error,,,RuntimeError: HTTPError: HTTP Error 468: 
HERB002962,金银花,skipped_no_chp_blank_fields,,,,error,,,RuntimeError: HTTPError: HTTP Error 468: 
HERB002961,金翼黄芪,not_found,,,no exact pharmacopoeia herb result,error,,,RuntimeError: HTTPError: HTTP Error 468: 
HERB002966,金樱子,skipped_no_chp_blank_fields,,,,error,,,RuntimeError: HTTPError: HTTP Error 468: 
HERB002963,金樱根,not_found,,,no exact pharmacopoeia herb result,error,,,RuntimeError: HTTPError: HTTP Error 468: 
HERB002965,金樱叶,not_found,,,no exact pharmacopoeia herb result,error,,,RuntimeError: HTTPError: HTTP Error 468: 
HERB002957,金线草,not_found,,,no exact pharmacopoeia herb result,error,,,RuntimeError: HTTPError: HTTP Error 468: 
HERB002967,金鱼,not_found,,,no search results,error,,,RuntimeError: HTTPError: HTTP Error 468: 
HERB002964,金樱花,not_found,,,no exact pharmacopoeia herb result,error,,,RuntimeError: HTTPError: HTTP Error 468: 
HERB002968,金鱼草,not_found,,,no search results,error,,,RuntimeError: HTTPError: HTTP Error 468: 
HERB002969,金盏菊,not_found,,,no exact pharmacopoeia herb result,error,,,RuntimeError: HTTPError: HTTP Error 468: 
HERB002971,金针菜,not_found,,,no search results,error,,,RuntimeError: HTTPError: HTTP Error 468: 
HERB002970,金盏菊花,not_found,,,no exact pharmacopoeia herb result,error,,,RuntimeError: HTTPError: HTTP Error 468: 
HERB002978,粳谷奴,not_found,,,no exact pharmacopoeia herb result,error,,,RuntimeError: HTTPError: HTTP Error 468: 
HERB002972,金钟花,not_found,,,no exact pharmacopoeia herb result,error,,,RuntimeError: HTTPError: HTTP Error 468: 
HERB002975,金字塔形千里光,not_found,,,no exact pharmacopoeia herb result,error,,,RuntimeError: HTTPError: HTTP Error 468: 
HERB002974,金字塔木兰,not_found,,,no exact pharmacopoeia herb result,error,,,RuntimeError: HTTPError: HTTP Error 468: 
HERB002980,净化花椰菜,not_found,,,no search results,error,,,RuntimeError: HTTPError: HTTP Error 468: 
HERB002976,京大戟,ok,https://ydz.chp.org.cn/#/item?bookId=1&entryId=349,UsePart|Properties|Meridians,,error,,,RuntimeError: HTTPError: HTTP Error 468: 
HERB002979,景洪暗罗,not_found,,,no exact pharmacopoeia herb result,error,,,RuntimeError: HTTPError: HTTP Error 468: 
HERB002983,荆芥,skipped_no_chp_blank_fields,,,,error,,,RuntimeError: HTTPError: HTTP Error 468: 
HERB002986,荆芥穗,ok,https://ydz.chp.org.cn/#/item?bookId=1&entryId=363,Herb_latin_name|UsePart|Properties|Meridians|Function|Indication,,error,,,RuntimeError: HTTPError: HTTP Error 468: 
HERB002987,荆芥叶狮耳草,not_found,,,no exact pharmacopoeia herb result,error,,,RuntimeError: HTTPError: HTTP Error 468: 
HERB002988,京梨猕猴桃,not_found,,,no exact pharmacopoeia herb result,error,,,RuntimeError: HTTPError: HTTP Error 468: 
HERB002984,荆芥根,not_found,,,no exact pharmacopoeia herb result,error,,,RuntimeError: HTTPError: HTTP Error 468: 
HERB002985,荆芥花,not_found,,,no exact pharmacopoeia herb result,error,,,RuntimeError: HTTPError: HTTP Error 468: 
HERB002989,粳米,skipped_no_chp_blank_fields,,,,error,,,RuntimeError: HTTPError: HTTP Error 468: 
HERB002991,金荞麦,ok,https://ydz.chp.org.cn/#/item?bookId=1&entryId=338,Herb_latin_name|UsePart|Properties|Meridians|Function|Indication,,error,,,RuntimeError: HTTPError: HTTP Error 468: 
HERB002993,景天三七,not_found,,,no search results,error,,,RuntimeError: HTTPError: HTTP Error 468: 
HERB003002,韭菜,not_found,,,no exact pharmacopoeia herb result,error,,,RuntimeError: HTTPError: HTTP Error 468: 
HERB003003,韭菜根,not_found,,,no exact pharmacopoeia herb result,error,,,RuntimeError: HTTPError: HTTP Error 468: 
HERB003000,救必应,ok,https://ydz.chp.org.cn/#/item?bookId=1&entryId=492,Properties|Meridians,,error,,,RuntimeError: HTTPError: HTTP Error 468: 
HERB002997,金腰草,not_found,,,no exact pharmacopoeia herb result,error,,,RuntimeError: HTTPError: HTTP Error 468: 
HERB002998,鸡屎藤果,not_found,,,no exact pharmacopoeia herb result,error,,,RuntimeError: HTTPError: HTTP Error 468: 
HERB003004,韭菜子,ok,https://ydz.chp.org.cn/#/item?bookId=1&entryId=400,Properties|Meridians,,error,,,RuntimeError: HTTPError: HTTP Error 468: 
HERB003005,九层风,not_found,,,no exact pharmacopoeia herb result,error,,,RuntimeError: HTTPError: HTTP Error 468: 
HERB003008,九华大萼香茶菜,not_found,,,no exact pharmacopoeia herb result,error,,,RuntimeError: HTTPError: HTTP Error 468: 
HERB003006,韭葱,not_found,,,no search results,error,,,RuntimeError: HTTPError: HTTP Error 468: 
HERB002999,酒,not_found,,,no exact pharmacopoeia herb result,error,,,RuntimeError: HTTPError: HTTP Error 468: 
HERB003007,酒大黄,not_found,,,no exact pharmacopoeia herb result,error,,,RuntimeError: HTTPError: HTTP Error 468: 
HERB003010,九里香,ok,https://ydz.chp.org.cn/#/item?bookId=1&entryId=9,Properties|Meridians,,error,,,RuntimeError: HTTPError: HTTP Error 468: 
HERB003013,九香虫,skipped_no_chp_blank_fields,,,,error,,,RuntimeError: HTTPError: HTTP Error 468: 
HERB003011,九里香根,not_found,,,no exact pharmacopoeia herb result,error,,,RuntimeError: HTTPError: HTTP Error 468: 
HERB003009,九节茶,not_found,,,no exact pharmacopoeia herb result,error,,,RuntimeError: HTTPError: HTTP Error 468: 
HERB003012,九里香根,not_found,,,no exact pharmacopoeia herb result,error,,,RuntimeError: HTTPError: HTTP Error 468: 
HERB003018,橘白,not_found,,,no exact pharmacopoeia herb result,error,,,RuntimeError: HTTPError: HTTP Error 468: 
HERB003015,韭子,skipped_no_chp_blank_fields,,,,error,,,RuntimeError: HTTPError: HTTP Error 468: 
HERB003014,九眼石,not_found,,,no exact pharmacopoeia herb result,error,,,RuntimeError: HTTPError: HTTP Error 468: 
HERB003020,锯齿石松,not_found,,,no exact pharmacopoeia herb result,error,,,RuntimeError: HTTPError: HTTP Error 468: 
HERB003024,橘根,not_found,,,no exact pharmacopoeia herb result,error,,,RuntimeError: HTTPError: HTTP Error 468: 
HERB003029,橘红皮,skipped_no_chp_blank_fields,,,,error,,,RuntimeError: HTTPError: HTTP Error 468: 
HERB003022,巨大蓝刺头,not_found,,,no exact pharmacopoeia herb result,error,,,RuntimeError: HTTPError: HTTP Error 468: 
HERB003027,橘核,skipped_no_chp_blank_fields,,,,error,,,RuntimeError: HTTPError: HTTP Error 468: 
HERB003028,橘红,ok,https://ydz.chp.org.cn/#/item?bookId=1&entryId=604,Herb_latin_name|Properties|Meridians|Function|Indication,,error,,,RuntimeError: HTTPError: HTTP Error 468: 
HERB003025,聚果榕,not_found,,,no exact pharmacopoeia herb result,error,,,RuntimeError: HTTPError: HTTP Error 468: 
HERB003031,菊花,skipped_no_chp_blank_fields,,,,error,,,RuntimeError: HTTPError: HTTP Error 468: 
HERB003030,橘红珠,not_found,,,no exact pharmacopoeia herb result,error,,,RuntimeError: HTTPError: HTTP Error 468: 
HERB003033,菊花黄连,not_found,,,no exact pharmacopoeia herb result,error,,,RuntimeError: HTTPError: HTTP Error 468: 
HERB003032,聚花过路黄,not_found,,,no exact pharmacopoeia herb result,error,,,RuntimeError: HTTPError: HTTP Error 468: 
HERB003037,橘黄罂粟,not_found,,,no exact pharmacopoeia herb result,error,,,RuntimeError: HTTPError: HTTP Error 468: 
HERB003036,巨花雪胆,not_found,,,no exact pharmacopoeia herb result,error,,,RuntimeError: HTTPError: HTTP Error 468: 
HERB003039,菊苣,ok,https://ydz.chp.org.cn/#/item?bookId=1&entryId=489,UsePart|Properties|Meridians,,error,,,RuntimeError: HTTPError: HTTP Error 468: 
HERB003034,菊花黄檀,not_found,,,no exact pharmacopoeia herb result,error,,,RuntimeError: HTTPError: HTTP Error 468: 
HERB003035,菊花石斛,not_found,,,no exact pharmacopoeia herb result,error,,,RuntimeError: HTTPError: HTTP Error 468: 
HERB003042,聚醚金合欢,not_found,,,no search results,error,,,RuntimeError: HTTPError: HTTP Error 468: 
HERB003038,蒟酱叶,not_found,,,no exact pharmacopoeia herb result,error,,,RuntimeError: HTTPError: HTTP Error 468: 
HERB003040,橘络,not_found,,,no search results,error,,,RuntimeError: HTTPError: HTTP Error 468: 
HERB003047,聚散花椰菜,not_found,,,no search results,error,,,RuntimeError: HTTPError: HTTP Error 468: 
HERB003043,菊米鼠尾草,not_found,,,no exact pharmacopoeia herb result,error,,,RuntimeError: HTTPError: HTTP Error 468: 
HERB003044,橘皮,skipped_no_chp_blank_fields,,,,error,,,RuntimeError: HTTPError: HTTP Error 468: 
HERB003052,苣苔香茶菜,not_found,,,no exact pharmacopoeia herb result,error,,,RuntimeError: HTTPError: HTTP Error 468: 
HERB003050,巨杉,not_found,,,no exact pharmacopoeia herb result,error,,,RuntimeError: HTTPError: HTTP Error 468: 
HERB003046,巨人柱,not_found,,,no exact pharmacopoeia herb result,error,,,RuntimeError: HTTPError: HTTP Error 468: 
HERB003049,橘色毛蕊花,not_found,,,no exact pharmacopoeia herb result,error,,,RuntimeError: HTTPError: HTTP Error 468: 
HERB003060,橘子香精,not_found,,,no exact pharmacopoeia herb result,error,,,RuntimeError: HTTPError: HTTP Error 468: 
HERB003048,橘色沟酸浆,not_found,,,no exact pharmacopoeia herb result,error,,,RuntimeError: HTTPError: HTTP Error 468: 
HERB003059,巨紫荆,not_found,,,no exact pharmacopoeia herb result,error,,,RuntimeError: HTTPError: HTTP Error 468: 
HERB003063,卷毛黄檀,not_found,,,no search results,error,,,RuntimeError: HTTPError: HTTP Error 468: 
HERB003053,橘叶,not_found,,,no exact pharmacopoeia herb result,error,,,RuntimeError: HTTPError: HTTP Error 468: 
HERB003057,巨圆叶黄耆,not_found,,,no exact pharmacopoeia herb result,error,,,RuntimeError: HTTPError: HTTP Error 468: 
HERB003064,卷毛阔苞菊,not_found,,,no exact pharmacopoeia herb result,error,,,RuntimeError: HTTPError: HTTP Error 468: 
HERB003062,卷丹,not_found,,,no exact pharmacopoeia herb result,error,,,RuntimeError: HTTPError: HTTP Error 468: 
HERB003061,卷柏,skipped_no_chp_blank_fields,,,,error,,,RuntimeError: HTTPError: HTTP Error 468: 
HERB003058,枸橼叶龙脑香,not_found,,,no exact pharmacopoeia herb result,error,,,RuntimeError: HTTPError: HTTP Error 468: 
HERB003070,决明子,skipped_no_chp_blank_fields,,,,error,,,RuntimeError: HTTPError: HTTP Error 468: 
HERB003066,卷鞘鸢尾,not_found,,,no exact pharmacopoeia herb result,error,,,RuntimeError: HTTPError: HTTP Error 468: 
HERB003065,绢毛蔷薇,not_found,,,no exact pharmacopoeia herb result,error,,,RuntimeError: HTTPError: HTTP Error 468: 
HERB003072,君子兰,not_found,,,no search results,error,,,RuntimeError: HTTPError: HTTP Error 468: 
HERB003068,爵床,not_found,,,no exact pharmacopoeia herb result,error,,,RuntimeError: HTTPError: HTTP Error 468: 
HERB003073,君子兰,not_found,,,no search results,error,,,RuntimeError: HTTPError: HTTP Error 468: 
HERB003071,君迁子,not_found,,,no exact pharmacopoeia herb result,error,,,RuntimeError: HTTPError: HTTP Error 468: 
HERB003069,蕨麻草,not_found,,,no exact pharmacopoeia herb result,error,,,RuntimeError: HTTPError: HTTP Error 468: 
HERB003078,卡洛金合欢,not_found,,,no exact pharmacopoeia herb result,error,,,RuntimeError: HTTPError: HTTP Error 468: 
HERB003084,卡美香茶菜,not_found,,,no exact pharmacopoeia herb result,error,,,RuntimeError: HTTPError: HTTP Error 468: 
HERB003080,卡罗来纳地胆草,not_found,,,no search results,error,,,RuntimeError: HTTPError: HTTP Error 468: 
HERB003081,卡罗来纳石松,not_found,,,no search results,error,,,RuntimeError: HTTPError: HTTP Error 468: 
HERB003086,卡氏前沟藻,not_found,,,no search results,error,,,RuntimeError: HTTPError: HTTP Error 468: 
HERB003088,卡瓦胡椒,not_found,,,no exact pharmacopoeia herb result,error,,,RuntimeError: HTTPError: HTTP Error 468: 
HERB003075,咖啡黄葵,not_found,,,no exact pharmacopoeia herb result,error,,,RuntimeError: HTTPError: HTTP Error 468: 
HERB003079,卡罗来纳翠雀,not_found,,,no search results,error,,,RuntimeError: HTTPError: HTTP Error 468: 
HERB003082,喀麦隆金莲木,not_found,,,no exact pharmacopoeia herb result,error,,,RuntimeError: HTTPError: HTTP Error 468: 
HERB003090,卡住巴豆,not_found,,,no exact pharmacopoeia herb result,error,,,RuntimeError: HTTPError: HTTP Error 468: 
HERB003089,卡西亚松,not_found,,,no exact pharmacopoeia herb result,error,,,RuntimeError: HTTPError: HTTP Error 468: 
HERB003091,开口箭,not_found,,,no exact pharmacopoeia herb result,error,,,RuntimeError: HTTPError: HTTP Error 468: 
HERB003092,开罗黄芪,not_found,,,no exact pharmacopoeia herb result,error,,,RuntimeError: HTTPError: HTTP Error 468: 
HERB003099,康定玉竹,not_found,,,no exact pharmacopoeia herb result,error,,,RuntimeError: HTTPError: HTTP Error 468: 
HERB003098,康定翠雀花,not_found,,,no search results,error,,,RuntimeError: HTTPError: HTTP Error 468: 
HERB003093,开始当归,not_found,,,no exact pharmacopoeia herb result,error,,,RuntimeError: HTTPError: HTTP Error 468: 
HERB003096,勘察加毛连菜,not_found,,,no exact pharmacopoeia herb result,error,,,RuntimeError: HTTPError: HTTP Error 468: 
HERB003094,凯特棱柱木,not_found,,,no exact pharmacopoeia herb result,error,,,RuntimeError: HTTPError: HTTP Error 468: 
HERB003101,糠皮毒毛旋花,not_found,,,no exact pharmacopoeia herb result,error,,,RuntimeError: HTTPError: HTTP Error 468: 
HERB003100,康利鸦胆子,not_found,,,no exact pharmacopoeia herb result,error,,,RuntimeError: HTTPError: HTTP Error 468: 
HERB003106,可可,not_found,,,no search results,error,,,RuntimeError: HTTPError: HTTP Error 468: 
HERB003119,科西嘉松,not_found,,,no exact pharmacopoeia herb result,error,,,RuntimeError: HTTPError: HTTP Error 468: 
HERB003117,磕藤子,not_found,,,no exact pharmacopoeia herb result,error,,,RuntimeError: HTTPError: HTTP Error 468: 
HERB003107,可乐藤黄,not_found,,,no search results,error,,,RuntimeError: HTTPError: HTTP Error 468: 
HERB003108,克雷尼决明,not_found,,,no exact pharmacopoeia herb result,error,,,RuntimeError: HTTPError: HTTP Error 468: 
HERB003118,榼藤子仁,not_found,,,no exact pharmacopoeia herb result,error,,,RuntimeError: HTTPError: HTTP Error 468: 
HERB003124,肯尼亚文殊兰,not_found,,,no search results,error,,,RuntimeError: HTTPError: HTTP Error 468: 
HERB003126,孔雀草,not_found,,,no exact pharmacopoeia herb result,error,,,RuntimeError: HTTPError: HTTP Error 468: 
HERB003127,孔石莼,not_found,,,no exact pharmacopoeia herb result,error,,,RuntimeError: HTTPError: HTTP Error 468: 
HERB003123,肯尼亚没药,not_found,,,no exact pharmacopoeia herb result,error,,,RuntimeError: HTTPError: HTTP Error 468: 
HERB003128,空心莲子草,not_found,,,no exact pharmacopoeia herb result,error,,,RuntimeError: HTTPError: HTTP Error 468: 
HERB003137,苦丁茶,not_found,,,no search results,error,,,RuntimeError: HTTPError: HTTP Error 468: 
HERB003153,苦楝皮,ok,https://ydz.chp.org.cn/#/item?bookId=1&entryId=314,Herb_latin_name|UsePart|Properties|Meridians|Function,,skipped_no_remaining_blank_fields,,,
HERB003140,苦豆草,not_found,,,no search results,error,,,RuntimeError: HTTPError: HTTP Error 468: 
HERB003133,苦草,not_found,,,no exact pharmacopoeia herb result,error,,,RuntimeError: HTTPError: HTTP Error 468: 
HERB003136,苦地丁,ok,https://ydz.chp.org.cn/#/item?bookId=1&entryId=311,Function,,error,,,RuntimeError: HTTPError: HTTP Error 468: 
HERB003138,苦丁茶冬青,not_found,,,no exact pharmacopoeia herb result,error,,,RuntimeError: HTTPError: HTTP Error 468: 
HERB003139,苦丁茶冬青,not_found,,,no exact pharmacopoeia herb result,error,,,RuntimeError: HTTPError: HTTP Error 468: 
HERB003135,苦地胆,not_found,,,no exact pharmacopoeia herb result,error,,,RuntimeError: HTTPError: HTTP Error 468: 
HERB003142,苦豆子,not_found,,,no exact pharmacopoeia herb result,error,,,RuntimeError: HTTPError: HTTP Error 468: 
HERB003141,苦豆根,not_found,,,no exact pharmacopoeia herb result,error,,,RuntimeError: HTTPError: HTTP Error 468: 
HERB003144,苦瓜,not_found,,,no exact pharmacopoeia herb result,error,,,RuntimeError: HTTPError: HTTP Error 468: 
HERB003149,苦桔梗,skipped_no_chp_blank_fields,,,,error,,,RuntimeError: HTTPError: HTTP Error 468: 
HERB003143,苦甘草,not_found,,,no exact pharmacopoeia herb result,error,,,RuntimeError: HTTPError: HTTP Error 468: 
HERB003145,苦蒿,not_found,,,no exact pharmacopoeia herb result,error,,,RuntimeError: HTTPError: HTTP Error 468: 
HERB003155,苦楝叶,not_found,,,no exact pharmacopoeia herb result,error,,,RuntimeError: HTTPError: HTTP Error 468: 
HERB003147,苦红菇,not_found,,,no exact pharmacopoeia herb result,error,,,RuntimeError: HTTPError: HTTP Error 468: 
HERB003156,苦楝子,not_found,,,no exact pharmacopoeia herb result,error,,,RuntimeError: HTTPError: HTTP Error 468: 
HERB003148,苦黄瓜,not_found,,,no exact pharmacopoeia herb result,error,,,RuntimeError: HTTPError: HTTP Error 468: 
HERB003152,苦枥木叶,not_found,,,no exact pharmacopoeia herb result,error,,,RuntimeError: HTTPError: HTTP Error 468: 
HERB003161,酷睿龙胆,not_found,,,no exact pharmacopoeia herb result,error,,,RuntimeError: HTTPError: HTTP Error 468: 
HERB003164,苦参,skipped_no_chp_blank_fields,,,,error,,,RuntimeError: HTTPError: HTTP Error 468: 
HERB003150,苦郎树,not_found,,,no exact pharmacopoeia herb result,error,,,RuntimeError: HTTPError: HTTP Error 468: 
HERB003159,苦木,ok,https://ydz.chp.org.cn/#/item?bookId=1&entryId=309,Properties|Meridians,,error,,,RuntimeError: HTTPError: HTTP Error 468: 
HERB003160,苦荞麦,not_found,,,no search results,error,,,RuntimeError: HTTPError: HTTP Error 468: 
HERB003158,库莽黄堇,not_found,,,no search results,error,,,RuntimeError: HTTPError: HTTP Error 468: 
HERB003165,苦参碱,not_found,,,no exact pharmacopoeia herb result,error,,,RuntimeError: HTTPError: HTTP Error 468: 
HERB003163,苦山奈,not_found,,,no exact pharmacopoeia herb result,error,,,RuntimeError: HTTPError: HTTP Error 468: 
HERB003157,苦马豆,not_found,,,no exact pharmacopoeia herb result,error,,,RuntimeError: HTTPError: HTTP Error 468: 
HERB003168,苦石莲,not_found,,,no search results,error,,,RuntimeError: HTTPError: HTTP Error 468: 
HERB003167,苦参,ok,https://ydz.chp.org.cn/#/item?bookId=1&entryId=313,Properties|Meridians,,error,,,RuntimeError: HTTPError: HTTP Error 468: 
HERB003171,苦味堆心菊,not_found,,,no exact pharmacopoeia herb result,error,,,RuntimeError: HTTPError: HTTP Error 468: 
HERB003170,苦檀子,not_found,,,no exact pharmacopoeia herb result,error,,,RuntimeError: HTTPError: HTTP Error 468: 
HERB003166,苦参实,not_found,,,no exact pharmacopoeia herb result,error,,,RuntimeError: HTTPError: HTTP Error 468: 
HERB003174,苦杏仁,ok,https://ydz.chp.org.cn/#/item?bookId=1&entryId=312,,matched page but chp target columns already had values,error,,,RuntimeError: HTTPError: HTTP Error 468: 
HERB003169,苦树皮,not_found,,,no exact pharmacopoeia herb result,error,,,RuntimeError: HTTPError: HTTP Error 468: 
HERB003172,枯萎远志,not_found,,,no exact pharmacopoeia herb result,error,,,RuntimeError: HTTPError: HTTP Error 468: 
HERB003173,苦橡树,not_found,,,no exact pharmacopoeia herb result,error,,,RuntimeError: HTTPError: HTTP Error 468: 
HERB003182,块根糙苏,not_found,,,no exact pharmacopoeia herb result,error,,,RuntimeError: HTTPError: HTTP Error 468: 
HERB003175,苦玄参,ok,https://ydz.chp.org.cn/#/item?bookId=1&entryId=310,Properties|Meridians,,error,,,RuntimeError: HTTPError: HTTP Error 468: 
HERB003178,库页岛泽兰,not_found,,,no exact pharmacopoeia herb result,error,,,RuntimeError: HTTPError: HTTP Error 468: 
HERB003181,苦蘵,not_found,,,no exact pharmacopoeia herb result,error,,,RuntimeError: HTTPError: HTTP Error 468: 
HERB003180,苦远志,not_found,,,no exact pharmacopoeia herb result,error,,,RuntimeError: HTTPError: HTTP Error 468: 
HERB003186,块茎马兜铃,not_found,,,no exact pharmacopoeia herb result,error,,,RuntimeError: HTTPError: HTTP Error 468: 
HERB003184,块茎糙苏,not_found,,,no exact pharmacopoeia herb result,error,,,RuntimeError: HTTPError: HTTP Error 468: 
HERB003183,快跟垂头菊,not_found,,,no exact pharmacopoeia herb result,error,,,RuntimeError: HTTPError: HTTP Error 468: 
HERB003179,枯叶乌头,not_found,,,no exact pharmacopoeia herb result,error,,,RuntimeError: HTTPError: HTTP Error 468: 
HERB003188,块茎水苏,not_found,,,no exact pharmacopoeia herb result,error,,,RuntimeError: HTTPError: HTTP Error 468: 
HERB003189,块茎西门菲草,not_found,,,no search results,error,,,RuntimeError: HTTPError: HTTP Error 468: 
HERB003187,块茎马利筋,not_found,,,no exact pharmacopoeia herb result,error,,,RuntimeError: HTTPError: HTTP Error 468: 
HERB003191,宽苞十大功劳,not_found,,,no exact pharmacopoeia herb result,error,,,RuntimeError: HTTPError: HTTP Error 468: 
HERB003192,款冬花,ok,https://ydz.chp.org.cn/#/item?bookId=1&entryId=526,UsePart,,error,,,RuntimeError: HTTPError: HTTP Error 468: 
HERB003194,宽舌橐吾,not_found,,,no exact pharmacopoeia herb result,error,,,RuntimeError: HTTPError: HTTP Error 468: 
HERB003193,宽萼岩风,not_found,,,no exact pharmacopoeia herb result,error,,,RuntimeError: HTTPError: HTTP Error 468: 
HERB003195,宽叶千里光,not_found,,,no exact pharmacopoeia herb result,error,,,RuntimeError: HTTPError: HTTP Error 468: 
HERB003199,宽叶买麻藤,not_found,,,no exact pharmacopoeia herb result,error,,,RuntimeError: HTTPError: HTTP Error 468: 
HERB003198,宽叶阔苞菊,not_found,,,no exact pharmacopoeia herb result,error,,,RuntimeError: HTTPError: HTTP Error 468: 
HERB003201,宽叶千里光,not_found,,,no exact pharmacopoeia herb result,error,,,RuntimeError: HTTPError: HTTP Error 468: 
HERB003207,盔瓣耳叶苔,not_found,,,no exact pharmacopoeia herb result,error,,,RuntimeError: HTTPError: HTTP Error 468: 
HERB003200,宽叶梅远志,not_found,,,no exact pharmacopoeia herb result,error,,,RuntimeError: HTTPError: HTTP Error 468: 
HERB003196,宽叶重楼,not_found,,,no exact pharmacopoeia herb result,error,,,RuntimeError: HTTPError: HTTP Error 468: 
HERB003202,宽叶羌活,not_found,,,no exact pharmacopoeia herb result,error,,,RuntimeError: HTTPError: HTTP Error 468: 
HERB003206,宽羽线蕨,not_found,,,no exact pharmacopoeia herb result,error,,,RuntimeError: HTTPError: HTTP Error 468: 
HERB003211,昆栏树,not_found,,,no exact pharmacopoeia herb result,error,,,RuntimeError: HTTPError: HTTP Error 468: 
HERB003205,宽叶香蒲,not_found,,,no exact pharmacopoeia herb result,error,,,RuntimeError: HTTPError: HTTP Error 468: 
HERB003209,魁蒿,not_found,,,no exact pharmacopoeia herb result,error,,,RuntimeError: HTTPError: HTTP Error 468: 
HERB003210,昆布,skipped_no_chp_blank_fields,,,,error,,,RuntimeError: HTTPError: HTTP Error 468: 
HERB003203,宽叶山月桂,not_found,,,no exact pharmacopoeia herb result,error,,,RuntimeError: HTTPError: HTTP Error 468: 
HERB003212,昆明柴胡,not_found,,,no exact pharmacopoeia herb result,error,,,RuntimeError: HTTPError: HTTP Error 468: 
HERB003213,昆明鸡血藤,not_found,,,no exact pharmacopoeia herb result,error,,,RuntimeError: HTTPError: HTTP Error 468: 
HERB003214,昆明山海棠,not_found,,,no exact pharmacopoeia herb result,error,,,RuntimeError: HTTPError: HTTP Error 468: 
HERB003215,昆明香茶菜,not_found,,,no exact pharmacopoeia herb result,error,,,RuntimeError: HTTPError: HTTP Error 468: 
HERB003218,阔荚合欢,not_found,,,no exact pharmacopoeia herb result,error,,,RuntimeError: HTTPError: HTTP Error 468: 
HERB003216,阔苞菊,not_found,,,no exact pharmacopoeia herb result,error,,,RuntimeError: HTTPError: HTTP Error 468: 
HERB003220,阔叶萝芙木,not_found,,,no exact pharmacopoeia herb result,error,,,RuntimeError: HTTPError: HTTP Error 468: 
HERB003219,阔叶骨碎补,not_found,,,no exact pharmacopoeia herb result,error,,,RuntimeError: HTTPError: HTTP Error 468: 
HERB003221,阔叶猕猴桃,not_found,,,no exact pharmacopoeia herb result,error,,,RuntimeError: HTTPError: HTTP Error 468: 
HERB003224,阔叶缬草,not_found,,,no exact pharmacopoeia herb result,error,,,RuntimeError: HTTPError: HTTP Error 468: 
HERB003228,喇叭状多果蔬,not_found,,,no exact pharmacopoeia herb result,error,,,RuntimeError: HTTPError: HTTP Error 468: 
HERB003230,辣根,not_found,,,no exact pharmacopoeia herb result,error,,,RuntimeError: HTTPError: HTTP Error 468: 
HERB003223,阔叶山麦冬,not_found,,,no exact pharmacopoeia herb result,error,,,RuntimeError: HTTPError: HTTP Error 468: 
HERB003226,喇叭茶,not_found,,,no exact pharmacopoeia herb result,error,,,RuntimeError: HTTPError: HTTP Error 468: 
HERB003229,辣薄荷,not_found,,,no exact pharmacopoeia herb result,error,,,RuntimeError: HTTPError: HTTP Error 468: 
HERB003225,扩张松叶菊,not_found,,,no exact pharmacopoeia herb result,error,,,RuntimeError: HTTPError: HTTP Error 468: 
HERB003236,辣蓼,not_found,,,no exact pharmacopoeia herb result,error,,,RuntimeError: HTTPError: HTTP Error 468: 
HERB003232,辣椒,ok,https://ydz.chp.org.cn/#/item?bookId=1&entryId=589,Function,,error,,,RuntimeError: HTTPError: HTTP Error 468: 
HERB003227,喇叭粉石蕊,not_found,,,no exact pharmacopoeia herb result,error,,,RuntimeError: HTTPError: HTTP Error 468: 
HERB003233,辣椒茎,not_found,,,no exact pharmacopoeia herb result,error,,,RuntimeError: HTTPError: HTTP Error 468: 
HERB003234,辣椒头,not_found,,,no exact pharmacopoeia herb result,error,,,RuntimeError: HTTPError: HTTP Error 468: 
HERB003237,腊梅花,not_found,,,no exact pharmacopoeia herb result,error,,,RuntimeError: HTTPError: HTTP Error 468: 
HERB003243,莱菔,not_found,,,no search results,error,,,RuntimeError: HTTPError: HTTP Error 468: 
HERB003242,蜡烛果,not_found,,,no exact pharmacopoeia herb result,error,,,RuntimeError: HTTPError: HTTP Error 468: 
HERB003239,辣乳菇,not_found,,,no exact pharmacopoeia herb result,error,,,RuntimeError: HTTPError: HTTP Error 468: 
HERB003245,莱菔子,skipped_no_chp_blank_fields,,,,error,,,RuntimeError: HTTPError: HTTP Error 468: 
HERB003244,莱菔叶,not_found,,,no exact pharmacopoeia herb result,error,,,RuntimeError: HTTPError: HTTP Error 468: 
HERB003249,十大功劳,not_found,,,no exact pharmacopoeia herb result,error,,,RuntimeError: HTTPError: HTTP Error 468: 
HERB003246,来江藤,not_found,,,no exact pharmacopoeia herb result,error,,,RuntimeError: HTTPError: HTTP Error 468: 
HERB003241,拉直木姜子,not_found,,,no exact pharmacopoeia herb result,error,,,RuntimeError: HTTPError: HTTP Error 468: 
HERB003252,蓝萼香茶菜,not_found,,,no exact pharmacopoeia herb result,error,,,RuntimeError: HTTPError: HTTP Error 468: 
HERB003254,蓝黄红谷,not_found,,,no exact pharmacopoeia herb result,error,,,RuntimeError: HTTPError: HTTP Error 468: 
HERB003255,蓝鲸,not_found,,,no search results,error,,,RuntimeError: HTTPError: HTTP Error 468: 
HERB003250,莱阳梨清膏,not_found,,,no exact pharmacopoeia herb result,error,,,RuntimeError: HTTPError: HTTP Error 468: 
HERB003263,狼把草,not_found,,,no search results,error,,,RuntimeError: HTTPError: HTTP Error 468: 
HERB003262,兰屿落叶榕,not_found,,,no exact pharmacopoeia herb result,error,,,RuntimeError: HTTPError: HTTP Error 468: 
HERB003256,兰基穿心莲,not_found,,,no exact pharmacopoeia herb result,error,,,RuntimeError: HTTPError: HTTP Error 468: 
HERB003260,蓝睡莲,not_found,,,no exact pharmacopoeia herb result,error,,,RuntimeError: HTTPError: HTTP Error 468: 
HERB003259,蓝实,not_found,,,no exact pharmacopoeia herb result,error,,,RuntimeError: HTTPError: HTTP Error 468: 
HERB003266,莨菪根,not_found,,,no exact pharmacopoeia herb result,error,,,RuntimeError: HTTPError: HTTP Error 468: 
HERB003267,莨菪叶,not_found,,,no exact pharmacopoeia herb result,error,,,RuntimeError: HTTPError: HTTP Error 468: 
HERB003291,雷丸,ok,https://ydz.chp.org.cn/#/item?bookId=1&entryId=565,UsePart,,skipped_no_remaining_blank_fields,,,
HERB003268,莨菪子,not_found,,,no search results,error,,,RuntimeError: HTTPError: HTTP Error 468: 
HERB003264,狼把草根,not_found,,,no exact pharmacopoeia herb result,error,,,RuntimeError: HTTPError: HTTP Error 468: 
HERB003270,狼毒大戟,not_found,,,no exact pharmacopoeia herb result,error,,,RuntimeError: HTTPError: HTTP Error 468: 
HERB003269,狼毒,ok,https://ydz.chp.org.cn/#/item?bookId=1&entryId=450,Properties|Meridians,,error,,,RuntimeError: HTTPError: HTTP Error 468: 
HERB003278,老鼠瓜,not_found,,,no search results,error,,,RuntimeError: HTTPError: HTTP Error 468: 
HERB003271,狼毒乌头,not_found,,,no exact pharmacopoeia herb result,error,,,RuntimeError: HTTPError: HTTP Error 468: 
HERB003273,榔榆皮,not_found,,,no search results,error,,,RuntimeError: HTTPError: HTTP Error 468: 
HERB003275,老牛筋,not_found,,,no exact pharmacopoeia herb result,error,,,RuntimeError: HTTPError: HTTP Error 468: 
HERB003279,老鼠簕,not_found,,,no search results,error,,,RuntimeError: HTTPError: HTTP Error 468: 
HERB003276,老婆子针线,not_found,,,no search results,error,,,RuntimeError: HTTPError: HTTP Error 468: 
HERB003272,狼杷草,not_found,,,no exact pharmacopoeia herb result,error,,,RuntimeError: HTTPError: HTTP Error 468: 
HERB003282,了哥王根,not_found,,,no exact pharmacopoeia herb result,error,,,RuntimeError: HTTPError: HTTP Error 468: 
HERB003289,肋果沙棘,not_found,,,no exact pharmacopoeia herb result,error,,,RuntimeError: HTTPError: HTTP Error 468: 
HERB003280,老鸦柿,not_found,,,no exact pharmacopoeia herb result,error,,,RuntimeError: HTTPError: HTTP Error 468: 
HERB003290,雷士千里光,not_found,,,no exact pharmacopoeia herb result,error,,,RuntimeError: HTTPError: HTTP Error 468: 
HERB003285,雷波乌头,not_found,,,no exact pharmacopoeia herb result,error,,,RuntimeError: HTTPError: HTTP Error 468: 
HERB003303,栗柄凤尾蕨,not_found,,,no exact pharmacopoeia herb result,error,,,RuntimeError: HTTPError: HTTP Error 468: 
HERB003295,棱砂贝母,not_found,,,no exact pharmacopoeia herb result,error,,,RuntimeError: HTTPError: HTTP Error 468: 
HERB003294,棱角千里光,not_found,,,no exact pharmacopoeia herb result,error,,,RuntimeError: HTTPError: HTTP Error 468: 
HERB003292,累叶升麻,not_found,,,no exact pharmacopoeia herb result,error,,,RuntimeError: HTTPError: HTTP Error 468: 
HERB003299,棱枝槲寄生,not_found,,,no exact pharmacopoeia herb result,error,,,RuntimeError: HTTPError: HTTP Error 468: 
HERB003304,栗柄金粉蕨,not_found,,,no exact pharmacopoeia herb result,error,,,RuntimeError: HTTPError: HTTP Error 468: 
HERB003297,冷水丹叶,not_found,,,no exact pharmacopoeia herb result,error,,,RuntimeError: HTTPError: HTTP Error 468: 
HERB003307,丽春花果实,not_found,,,no exact pharmacopoeia herb result,error,,,RuntimeError: HTTPError: HTTP Error 468: 
HERB003306,丽春花,not_found,,,no exact pharmacopoeia herb result,error,,,RuntimeError: HTTPError: HTTP Error 468: 
HERB003316,丽江黄芩,not_found,,,no exact pharmacopoeia herb result,error,,,RuntimeError: HTTPError: HTTP Error 468: 
HERB003318,丽江前胡,not_found,,,no exact pharmacopoeia herb result,error,,,RuntimeError: HTTPError: HTTP Error 468: 
HERB003311,梨果仙人掌,not_found,,,no search results,error,,,RuntimeError: HTTPError: HTTP Error 468: 
HERB003317,丽江麻黄,not_found,,,no exact pharmacopoeia herb result,error,,,RuntimeError: HTTPError: HTTP Error 468: 
HERB003313,梨花酒,not_found,,,no exact pharmacopoeia herb result,error,,,RuntimeError: HTTPError: HTTP Error 468: 
HERB003312,李核仁,not_found,,,no exact pharmacopoeia herb result,error,,,RuntimeError: HTTPError: HTTP Error 468: 
HERB003328,栎木,not_found,,,no search results,error,,,RuntimeError: HTTPError: HTTP Error 468: 
HERB003321,黎辣根,not_found,,,no exact pharmacopoeia herb result,error,,,RuntimeError: HTTPError: HTTP Error 468: 
HERB003327,米仔兰,not_found,,,no exact pharmacopoeia herb result,error,,,RuntimeError: HTTPError: HTTP Error 468: 
HERB003329,林静种子文殊兰,not_found,,,no exact pharmacopoeia herb result,error,,,RuntimeError: HTTPError: HTTP Error 468: 
HERB003319,丽江乌头,not_found,,,no exact pharmacopoeia herb result,error,,,RuntimeError: HTTPError: HTTP Error 468: 
HERB003335,栗色鼠尾草,not_found,,,no search results,error,,,RuntimeError: HTTPError: HTTP Error 468: 
HERB003337,梨蒴珠藓,not_found,,,no search results,error,,,RuntimeError: HTTPError: HTTP Error 468: 
HERB003336,栗树皮,not_found,,,no exact pharmacopoeia herb result,error,,,RuntimeError: HTTPError: HTTP Error 468: 
HERB003338,理县香茶菜,not_found,,,no exact pharmacopoeia herb result,error,,,RuntimeError: HTTPError: HTTP Error 468: 
HERB003334,梨清膏,not_found,,,no exact pharmacopoeia herb result,error,,,RuntimeError: HTTPError: HTTP Error 468: 
HERB003339,犁形马勃,not_found,,,no exact pharmacopoeia herb result,error,,,RuntimeError: HTTPError: HTTP Error 468: 
HERB003331,梨皮,not_found,,,no exact pharmacopoeia herb result,error,,,RuntimeError: HTTPError: HTTP Error 468: 
HERB003341,鲤鱼,skipped_no_chp_blank_fields,,,,error,,,RuntimeError: HTTPError: HTTP Error 468: 
HERB003344,荔枝,not_found,,,no exact pharmacopoeia herb result,error,,,RuntimeError: HTTPError: HTTP Error 468: 
HERB003343,鲤鱼皮,not_found,,,no search results,error,,,RuntimeError: HTTPError: HTTP Error 468: 
HERB003348,荔枝核,skipped_no_chp_blank_fields,,,,error,,,RuntimeError: HTTPError: HTTP Error 468: 
HERB003342,鲤鱼胆,not_found,,,no exact pharmacopoeia herb result,error,,,RuntimeError: HTTPError: HTTP Error 468: 
HERB003349,荔枝壳,not_found,,,no exact pharmacopoeia herb result,error,,,RuntimeError: HTTPError: HTTP Error 468: 
HERB003353,莲房,ok,https://ydz.chp.org.cn/#/item?bookId=1&entryId=431,UsePart|Properties|Meridians,,error,,,RuntimeError: HTTPError: HTTP Error 468: 
HERB003350,荔枝叶,not_found,,,no exact pharmacopoeia herb result,error,,,RuntimeError: HTTPError: HTTP Error 468: 
HERB003345,荔枝草,not_found,,,no exact pharmacopoeia herb result,error,,,RuntimeError: HTTPError: HTTP Error 468: 
HERB003351,李子,not_found,,,no search results,error,,,RuntimeError: HTTPError: HTTP Error 468: 
HERB003346,荔枝根,not_found,,,no exact pharmacopoeia herb result,error,,,RuntimeError: HTTPError: HTTP Error 468: 
HERB003354,莲花,not_found,,,no exact pharmacopoeia herb result,error,,,RuntimeError: HTTPError: HTTP Error 468: 
HERB003355,莲花金雀儿,not_found,,,no exact pharmacopoeia herb result,error,,,RuntimeError: HTTPError: HTTP Error 468: 
HERB003359,连钱草,ok,https://ydz.chp.org.cn/#/item?bookId=1&entryId=264,Herb_latin_name|UsePart|Properties|Meridians|Function,,error,,,RuntimeError: HTTPError: HTTP Error 468: 
HERB003357,连米,not_found,,,no exact pharmacopoeia herb result,error,,,RuntimeError: HTTPError: HTTP Error 468: 
HERB003360,连钱草,ok,https://ydz.chp.org.cn/#/item?bookId=1&entryId=264,Properties|Meridians,,error,,,RuntimeError: HTTPError: HTTP Error 468: 
HERB003361,连翘,skipped_no_chp_blank_fields,,,,error,,,RuntimeError: HTTPError: HTTP Error 468: 
HERB003384,两面针,ok,https://ydz.chp.org.cn/#/item?bookId=1&entryId=263,UsePart,,skipped_no_remaining_blank_fields,,,
HERB003363,连翘茎叶,not_found,,,no exact pharmacopoeia herb result,error,,,RuntimeError: HTTPError: HTTP Error 468: 
HERB003358,莲蓬草,not_found,,,no exact pharmacopoeia herb result,error,,,RuntimeError: HTTPError: HTTP Error 468: 
HERB003367,连心麦冬,skipped_no_chp_blank_fields,,,,error,,,RuntimeError: HTTPError: HTTP Error 468: 
HERB003362,连翘根,not_found,,,no exact pharmacopoeia herb result,error,,,RuntimeError: HTTPError: HTTP Error 468: 
HERB003364,莲生桂子花,not_found,,,no exact pharmacopoeia herb result,error,,,RuntimeError: HTTPError: HTTP Error 468: 
HERB003366,连香树果,not_found,,,no exact pharmacopoeia herb result,error,,,RuntimeError: HTTPError: HTTP Error 468: 
HERB003370,莲叶,not_found,,,no search results,error,,,RuntimeError: HTTPError: HTTP Error 468: 
HERB003372,莲叶橐吾,not_found,,,no search results,error,,,RuntimeError: HTTPError: HTTP Error 468: 
HERB003376,莲子,skipped_no_chp_blank_fields,,,,error,,,RuntimeError: HTTPError: HTTP Error 468: 
HERB003365,连香树,not_found,,,no exact pharmacopoeia herb result,error,,,RuntimeError: HTTPError: HTTP Error 468: 
HERB003374,莲衣,not_found,,,no exact pharmacopoeia herb result,error,,,RuntimeError: HTTPError: HTTP Error 468: 
HERB003369,莲须,ok,https://ydz.chp.org.cn/#/item?bookId=1&entryId=432,,matched page but chp target columns already had values,error,,,RuntimeError: HTTPError: HTTP Error 468: 
HERB003375,链珠藤,not_found,,,no exact pharmacopoeia herb result,error,,,RuntimeError: HTTPError: HTTP Error 468: 
HERB003373,楝叶吴茱萸,not_found,,,no exact pharmacopoeia herb result,error,,,RuntimeError: HTTPError: HTTP Error 468: 
HERB003377,莲子草,not_found,,,no exact pharmacopoeia herb result,error,,,RuntimeError: HTTPError: HTTP Error 468: 
HERB003378,莲子心,skipped_no_chp_blank_fields,,,,error,,,RuntimeError: HTTPError: HTTP Error 468: 
HERB003386,两栖蓼,not_found,,,no exact pharmacopoeia herb result,error,,,RuntimeError: HTTPError: HTTP Error 468: 
HERB003379,莲座革菌,not_found,,,no exact pharmacopoeia herb result,error,,,RuntimeError: HTTPError: HTTP Error 468: 
HERB003387,凉山杜鹃,not_found,,,no exact pharmacopoeia herb result,error,,,RuntimeError: HTTPError: HTTP Error 468: 
HERB003390,凉思飞燕草,not_found,,,no exact pharmacopoeia herb result,error,,,RuntimeError: HTTPError: HTTP Error 468: 
HERB003388,凉山香茶菜,not_found,,,no exact pharmacopoeia herb result,error,,,RuntimeError: HTTPError: HTTP Error 468: 
HERB003383,两面青,not_found,,,no exact pharmacopoeia herb result,error,,,RuntimeError: HTTPError: HTTP Error 468: 
HERB003391,两头尖,ok,https://ydz.chp.org.cn/#/item?bookId=1&entryId=262,UsePart|Properties|Meridians,,error,,,RuntimeError: HTTPError: HTTP Error 468: 
HERB003389,凉思飞燕草,not_found,,,no exact pharmacopoeia herb result,error,,,RuntimeError: HTTPError: HTTP Error 468: 
HERB003392,亮叶桦皮,not_found,,,no exact pharmacopoeia herb result,error,,,RuntimeError: HTTPError: HTTP Error 468: 
HERB003394,亮叶岩荳藤,not_found,,,no exact pharmacopoeia herb result,error,,,RuntimeError: HTTPError: HTTP Error 468: 
HERB003397,辽东楤木叶,not_found,,,no search results,error,,,RuntimeError: HTTPError: HTTP Error 468: 
HERB003398,辽东松木,not_found,,,no search results,error,,,RuntimeError: HTTPError: HTTP Error 468: 
HERB003395,蓼大青叶,ok,https://ydz.chp.org.cn/#/item?bookId=1&entryId=578,UsePart|Properties|Meridians,,error,,,RuntimeError: HTTPError: HTTP Error 468: 
HERB003401,蓼蓝,not_found,,,no exact pharmacopoeia herb result,error,,,RuntimeError: HTTPError: HTTP Error 468: 
HERB003396,辽东楤木,not_found,,,no exact pharmacopoeia herb result,error,,,RuntimeError: HTTPError: HTTP Error 468: 
HERB003399,辽藁本,not_found,,,no exact pharmacopoeia herb result,error,,,RuntimeError: HTTPError: HTTP Error 468: 
HERB003404,辽宁山楂,not_found,,,no exact pharmacopoeia herb result,error,,,RuntimeError: HTTPError: HTTP Error 468: 
HERB003403,蓼蓝叶,not_found,,,no exact pharmacopoeia herb result,error,,,RuntimeError: HTTPError: HTTP Error 468: 
HERB003405,疗伤绒毛花,not_found,,,no exact pharmacopoeia herb result,error,,,RuntimeError: HTTPError: HTTP Error 468: 
HERB003407,辽细辛,not_found,,,no exact pharmacopoeia herb result,error,,,RuntimeError: HTTPError: HTTP Error 468: 
HERB003409,列当,not_found,,,no exact pharmacopoeia herb result,error,,,RuntimeError: HTTPError: HTTP Error 468: 
HERB003410,裂萼苔,not_found,,,no exact pharmacopoeia herb result,error,,,RuntimeError: HTTPError: HTTP Error 468: 
HERB003411,裂果薯,not_found,,,no exact pharmacopoeia herb result,error,,,RuntimeError: HTTPError: HTTP Error 468: 
HERB003416,赤芍,ok,https://ydz.chp.org.cn/#/item?bookId=1&entryId=245,UsePart|Properties|Meridians|Function|Indication,,error,,,RuntimeError: HTTPError: HTTP Error 468: 
HERB003412,裂蹄木层孔菌,not_found,,,no exact pharmacopoeia herb result,error,,,RuntimeError: HTTPError: HTTP Error 468: 
HERB003414,裂叶牵牛,not_found,,,no exact pharmacopoeia herb result,error,,,RuntimeError: HTTPError: HTTP Error 468: 
HERB003415,裂叶野罂粟,not_found,,,no exact pharmacopoeia herb result,error,,,RuntimeError: HTTPError: HTTP Error 468: 
HERB003422,林地向日葵,not_found,,,no search results,error,,,RuntimeError: HTTPError: HTTP Error 468: 
HERB003424,林檎,not_found,,,no search results,error,,,RuntimeError: HTTPError: HTTP Error 468: 
HERB003430,铃兰,not_found,,,no search results,error,,,RuntimeError: HTTPError: HTTP Error 468: 
HERB003420,林地水苏,not_found,,,no exact pharmacopoeia herb result,error,,,RuntimeError: HTTPError: HTTP Error 468: 
HERB003432,灵猫香,skipped_no_chp_blank_fields,,,,error,,,RuntimeError: HTTPError: HTTP Error 468: 
HERB003425,林生山黧豆,not_found,,,no exact pharmacopoeia herb result,error,,,RuntimeError: HTTPError: HTTP Error 468: 
HERB003421,林地乌头,not_found,,,no exact pharmacopoeia herb result,error,,,RuntimeError: HTTPError: HTTP Error 468: 
HERB003431,零陵香,not_found,,,no exact pharmacopoeia herb result,error,,,RuntimeError: HTTPError: HTTP Error 468: 
HERB003434,岭南杜鹃,not_found,,,no exact pharmacopoeia herb result,error,,,RuntimeError: HTTPError: HTTP Error 468: 
HERB003437,灵仙,skipped_no_chp_blank_fields,,,,error,,,RuntimeError: HTTPError: HTTP Error 468: 
HERB003435,岭南槐树,not_found,,,no search results,error,,,RuntimeError: HTTPError: HTTP Error 468: 
HERB003439,凌霄花,ok,https://ydz.chp.org.cn/#/item?bookId=1&entryId=451,UsePart,,error,,,RuntimeError: HTTPError: HTTP Error 468: 
HERB003438,灵香草,not_found,,,no exact pharmacopoeia herb result,error,,,RuntimeError: HTTPError: HTTP Error 468: 
HERB003436,陵水暗罗,not_found,,,no exact pharmacopoeia herb result,error,,,RuntimeError: HTTPError: HTTP Error 468: 
HERB003441,羚羊角,skipped_no_chp_blank_fields,,,,error,,,RuntimeError: HTTPError: HTTP Error 468: 
HERB003442,菱叶紫菊,not_found,,,no exact pharmacopoeia herb result,error,,,RuntimeError: HTTPError: HTTP Error 468: 
HERB003440,菱形常春藤,not_found,,,no exact pharmacopoeia herb result,error,,,RuntimeError: HTTPError: HTTP Error 468: 
HERB003451,刘寄奴,skipped_no_chp_blank_fields,,,,error,,,RuntimeError: HTTPError: HTTP Error 468: 
HERB003444,灵芝,ok,https://ydz.chp.org.cn/#/item?bookId=1&entryId=290,Function,,error,,,RuntimeError: HTTPError: HTTP Error 468: 
HERB003445,灵芝草,not_found,,,no search results,error,,,RuntimeError: HTTPError: HTTP Error 468: 
HERB003447,柳穿鱼,not_found,,,no exact pharmacopoeia herb result,error,,,RuntimeError: HTTPError: HTTP Error 468: 
HERB003452,六角莲,not_found,,,no exact pharmacopoeia herb result,error,,,RuntimeError: HTTPError: HTTP Error 468: 
HERB003446,柳白皮,not_found,,,no exact pharmacopoeia herb result,error,,,RuntimeError: HTTPError: HTTP Error 468: 
HERB003450,硫磺铁线蕨,not_found,,,no search results,error,,,RuntimeError: HTTPError: HTTP Error 468: 
HERB003448,瘤果紫玉盘,not_found,,,no exact pharmacopoeia herb result,error,,,RuntimeError: HTTPError: HTTP Error 468: 
HERB003453,留兰香,not_found,,,no search results,error,,,RuntimeError: HTTPError: HTTP Error 468: 
HERB003449,硫磺,not_found,,,no search results,error,,,RuntimeError: HTTPError: HTTP Error 468: 
HERB003443,灵茵陈,not_found,,,no exact pharmacopoeia herb result,error,,,RuntimeError: HTTPError: HTTP Error 468: 
HERB003456,琉璃繁缕,not_found,,,no exact pharmacopoeia herb result,error,,,RuntimeError: HTTPError: HTTP Error 468: 
HERB003457,琉璃苣,not_found,,,no exact pharmacopoeia herb result,error,,,RuntimeError: HTTPError: HTTP Error 468: 
HERB003455,琉璃草,not_found,,,no exact pharmacopoeia herb result,error,,,RuntimeError: HTTPError: HTTP Error 468: 
HERB003458,琉球蛇根草,not_found,,,no search results,error,,,RuntimeError: HTTPError: HTTP Error 468: 
HERB003454,六棱菊,not_found,,,no exact pharmacopoeia herb result,error,,,RuntimeError: HTTPError: HTTP Error 468: 
HERB003460,柳珊瑚,not_found,,,no exact pharmacopoeia herb result,error,,,RuntimeError: HTTPError: HTTP Error 468: 
HERB003464,流苏石斛,not_found,,,no exact pharmacopoeia herb result,error,,,RuntimeError: HTTPError: HTTP Error 468: 
HERB003461,六神曲,not_found,,,no exact pharmacopoeia herb result,error,,,RuntimeError: HTTPError: HTTP Error 468: 
HERB003466,柳叶白前,not_found,,,no exact pharmacopoeia herb result,error,,,RuntimeError: HTTPError: HTTP Error 468: 
HERB003462,流苏金石斛,not_found,,,no exact pharmacopoeia herb result,error,,,RuntimeError: HTTPError: HTTP Error 468: 
HERB003469,柳叶木兰,not_found,,,no exact pharmacopoeia herb result,error,,,RuntimeError: HTTPError: HTTP Error 468: 
HERB003468,柳叶岑,not_found,,,no exact pharmacopoeia herb result,error,,,RuntimeError: HTTPError: HTTP Error 468: 
HERB003473,六子赛金莲木,not_found,,,no exact pharmacopoeia herb result,error,,,RuntimeError: HTTPError: HTTP Error 468: 
HERB003476,龙齿,not_found,,,no exact pharmacopoeia herb result,error,,,RuntimeError: HTTPError: HTTP Error 468: 
HERB003477,龙船花,not_found,,,no search results,error,,,RuntimeError: HTTPError: HTTP Error 468: 
HERB003465,瘤突胡椒,not_found,,,no exact pharmacopoeia herb result,error,,,RuntimeError: HTTPError: HTTP Error 468: 
HERB003467,柳叶菜黄芩,not_found,,,no exact pharmacopoeia herb result,error,,,RuntimeError: HTTPError: HTTP Error 468: 
HERB003470,六一散,not_found,,,no exact pharmacopoeia herb result,error,,,RuntimeError: HTTPError: HTTP Error 468: 
HERB003478,龙胆,ok,https://ydz.chp.org.cn/#/item?bookId=1&entryId=140,Herb_latin_name|Properties|Meridians|Function,,error,,,RuntimeError: HTTPError: HTTP Error 468: 
HERB003475,龙柏,not_found,,,no exact pharmacopoeia herb result,error,,,RuntimeError: HTTPError: HTTP Error 468: 
HERB003479,龙胆草,skipped_no_chp_blank_fields,,,,error,,,RuntimeError: HTTPError: HTTP Error 468: 
HERB003481,南蒿,not_found,,,no exact pharmacopoeia herb result,error,,,RuntimeError: HTTPError: HTTP Error 468: 
HERB003480,龙骨,not_found,,,no exact pharmacopoeia herb result,error,,,RuntimeError: HTTPError: HTTP Error 468: 
HERB003484,龙葵子,not_found,,,no exact pharmacopoeia herb result,error,,,RuntimeError: HTTPError: HTTP Error 468: 
HERB003482,龙葵,not_found,,,no exact pharmacopoeia herb result,error,,,RuntimeError: HTTPError: HTTP Error 468: 
HERB003483,龙葵根,not_found,,,no exact pharmacopoeia herb result,error,,,RuntimeError: HTTPError: HTTP Error 468: 
HERB003488,龙树杜鹃,not_found,,,no exact pharmacopoeia herb result,error,,,RuntimeError: HTTPError: HTTP Error 468: 
HERB003485,龙脷叶,ok,https://ydz.chp.org.cn/#/item?bookId=1&entryId=142,Herb_latin_name|UsePart|Properties|Meridians|Function|Indication,,error,,,RuntimeError: HTTPError: HTTP Error 468: 
HERB003490,龙涎香,not_found,,,no search results,error,,,RuntimeError: HTTPError: HTTP Error 468: 
HERB003486,龙脑膏香,not_found,,,no exact pharmacopoeia herb result,error,,,RuntimeError: HTTPError: HTTP Error 468: 
HERB003487,龙胜香茶菜,not_found,,,no exact pharmacopoeia herb result,error,,,RuntimeError: HTTPError: HTTP Error 468: 
HERB003491,龙须草,not_found,,,no search results,error,,,RuntimeError: HTTPError: HTTP Error 468: 
HERB003498,龙眼肉,skipped_no_chp_blank_fields,,,,error,,,RuntimeError: HTTPError: HTTP Error 468: 
HERB003489,龙吐珠,not_found,,,no exact pharmacopoeia herb result,error,,,RuntimeError: HTTPError: HTTP Error 468: 
HERB003494,龙血树,not_found,,,no search results,error,,,RuntimeError: HTTPError: HTTP Error 468: 
HERB003493,龙须藤,not_found,,,no exact pharmacopoeia herb result,error,,,RuntimeError: HTTPError: HTTP Error 468: 
HERB003495,龙牙草,not_found,,,no search results,error,,,RuntimeError: HTTPError: HTTP Error 468: 
HERB003496,龙眼独活,not_found,,,no exact pharmacopoeia herb result,error,,,RuntimeError: HTTPError: HTTP Error 468: 
HERB003497,龙眼睛,not_found,,,no exact pharmacopoeia herb result,error,,,RuntimeError: HTTPError: HTTP Error 468: 
HERB003499,龙眼叶,not_found,,,no exact pharmacopoeia herb result,error,,,RuntimeError: HTTPError: HTTP Error 468: 
HERB003502,蝼蛄,not_found,,,no search results,error,,,RuntimeError: HTTPError: HTTP Error 468: 
HERB003501,漏斗泡囊草,not_found,,,no exact pharmacopoeia herb result,error,,,RuntimeError: HTTPError: HTTP Error 468: 
HERB003500,娄地青霉,not_found,,,no exact pharmacopoeia herb result,error,,,RuntimeError: HTTPError: HTTP Error 468: 
HERB003503,漏篮子,not_found,,,no exact pharmacopoeia herb result,error,,,RuntimeError: HTTPError: HTTP Error 468: 
HERB003508,路边紫草,not_found,,,no exact pharmacopoeia herb result,error,,,RuntimeError: HTTPError: HTTP Error 468: 
HERB003504,漏芦,ok,https://ydz.chp.org.cn/#/item?bookId=1&entryId=590,Meridians,,error,,,RuntimeError: HTTPError: HTTP Error 468: 
HERB003506,鹿鞭,not_found,,,no exact pharmacopoeia herb result,error,,,RuntimeError: HTTPError: HTTP Error 468: 
HERB003507,路边青,not_found,,,no exact pharmacopoeia herb result,error,,,RuntimeError: HTTPError: HTTP Error 468: 
HERB003510,录播花菱草,not_found,,,no exact pharmacopoeia herb result,error,,,RuntimeError: HTTPError: HTTP Error 468: 
HERB003515,陆地棉,not_found,,,no search results,error,,,RuntimeError: HTTPError: HTTP Error 468: 
HERB003513,露翠雀,not_found,,,no exact pharmacopoeia herb result,error,,,RuntimeError: HTTPError: HTTP Error 468: 
HERB003511,葎草,not_found,,,no exact pharmacopoeia herb result,error,,,RuntimeError: HTTPError: HTTP Error 468: 
HERB003517,穭豆,not_found,,,no exact pharmacopoeia herb result,error,,,RuntimeError: HTTPError: HTTP Error 468: 
HERB003516,陆地棉,not_found,,,no search results,error,,,RuntimeError: HTTPError: HTTP Error 468: 
HERB003521,绿豆芽,not_found,,,no search results,error,,,RuntimeError: HTTPError: HTTP Error 468: 
HERB003519,露兜竻花,not_found,,,no exact pharmacopoeia herb result,error,,,RuntimeError: HTTPError: HTTP Error 468: 
HERB003518,绿豆花,not_found,,,no exact pharmacopoeia herb result,error,,,RuntimeError: HTTPError: HTTP Error 468: 
HERB003523,绿萼梅,skipped_no_chp_blank_fields,,,,error,,,RuntimeError: HTTPError: HTTP Error 468: 
HERB003520,绿豆皮,not_found,,,no exact pharmacopoeia herb result,error,,,RuntimeError: HTTPError: HTTP Error 468: 
HERB003525,炉甘石,ok,https://ydz.chp.org.cn/#/item?bookId=1&entryId=352,,matched page but chp target columns already had values,error,,,RuntimeError: HTTPError: HTTP Error 468: 
HERB003522,绿豆叶,not_found,,,no exact pharmacopoeia herb result,error,,,RuntimeError: HTTPError: HTTP Error 468: 
HERB003527,鹿含草,skipped_no_chp_blank_fields,,,,error,,,RuntimeError: HTTPError: HTTP Error 468: 
HERB003526,芦根,skipped_no_chp_blank_fields,,,,error,,,RuntimeError: HTTPError: HTTP Error 468: 
HERB003528,芦荟,skipped_no_chp_blank_fields,,,,error,,,RuntimeError: HTTPError: HTTP Error 468: 
HERB003530,鹿角菜,not_found,,,no search results,error,,,RuntimeError: HTTPError: HTTP Error 468: 
HERB003531,鹿角胶,ok,https://ydz.chp.org.cn/#/item?bookId=1&entryId=509,Indication,,error,,,RuntimeError: HTTPError: HTTP Error 468: 
HERB003529,鹿角,ok,https://ydz.chp.org.cn/#/item?bookId=1&entryId=508,Indication,,error,,,RuntimeError: HTTPError: HTTP Error 468: 
HERB003532,鹿角漆树,not_found,,,no exact pharmacopoeia herb result,error,,,RuntimeError: HTTPError: HTTP Error 468: 
HERB003535,路路通,skipped_no_chp_blank_fields,,,,error,,,RuntimeError: HTTPError: HTTP Error 468: 
HERB003536,鹿茸,skipped_no_chp_blank_fields,,,,error,,,RuntimeError: HTTPError: HTTP Error 468: 
HERB003533,鹿角霜,ok,https://ydz.chp.org.cn/#/item?bookId=1&entryId=510,,matched page but chp target columns already had values,error,,,RuntimeError: HTTPError: HTTP Error 468: 
HERB003540,庐山香茶菜,not_found,,,no exact pharmacopoeia herb result,error,,,RuntimeError: HTTPError: HTTP Error 468: 
HERB003537,鹿茸胶,not_found,,,no exact pharmacopoeia herb result,error,,,RuntimeError: HTTPError: HTTP Error 468: 
HERB003538,露蕊乌头,not_found,,,no exact pharmacopoeia herb result,error,,,RuntimeError: HTTPError: HTTP Error 468: 
HERB003539,庐山石韦,not_found,,,no exact pharmacopoeia herb result,error,,,RuntimeError: HTTPError: HTTP Error 468: 
HERB003542,卢氏冬凌草,not_found,,,no exact pharmacopoeia herb result,error,,,RuntimeError: HTTPError: HTTP Error 468: 
HERB003547,鹿胎,not_found,,,no search results,error,,,RuntimeError: HTTPError: HTTP Error 468: 
HERB003543,露水草,not_found,,,no exact pharmacopoeia herb result,error,,,RuntimeError: HTTPError: HTTP Error 468: 
HERB003548,路唐松草,not_found,,,no exact pharmacopoeia herb result,error,,,RuntimeError: HTTPError: HTTP Error 468: 
HERB003549,鹿衔草,skipped_no_chp_blank_fields,,,,error,,,RuntimeError: HTTPError: HTTP Error 468: 
HERB003551,陆英,not_found,,,no exact pharmacopoeia herb result,error,,,RuntimeError: HTTPError: HTTP Error 468: 
HERB003554,露珠香茶菜,not_found,,,no exact pharmacopoeia herb result,error,,,RuntimeError: HTTPError: HTTP Error 468: 
HERB003555,卵瓣蚤缀,not_found,,,no exact pharmacopoeia herb result,error,,,RuntimeError: HTTPError: HTTP Error 468: 
HERB003556,乱搭山獐牙菜,not_found,,,no exact pharmacopoeia herb result,error,,,RuntimeError: HTTPError: HTTP Error 468: 
HERB003578,萝芙木,not_found,,,no search results,no_fields,https://www.dayi.org.cn/cmedical/301987.html,,detail page parsed but no mapped fields found
HERB003553,芦竹根,not_found,,,no exact pharmacopoeia herb result,error,,,RuntimeError: HTTPError: HTTP Error 468: 
HERB003558,栾树,not_found,,,no exact pharmacopoeia herb result,error,,,RuntimeError: HTTPError: HTTP Error 468: 
HERB003557,栾花,not_found,,,no exact pharmacopoeia herb result,error,,,RuntimeError: HTTPError: HTTP Error 468: 
HERB003559,卵叶槲寄生,not_found,,,no exact pharmacopoeia herb result,error,,,RuntimeError: HTTPError: HTTP Error 468: 
HERB003562,乱也三褶脉紫菀,not_found,,,no exact pharmacopoeia herb result,error,,,RuntimeError: HTTPError: HTTP Error 468: 
HERB003561,卵叶美登木,not_found,,,no exact pharmacopoeia herb result,error,,,RuntimeError: HTTPError: HTTP Error 468: 
HERB003566,卵叶银莲花,not_found,,,no exact pharmacopoeia herb result,error,,,RuntimeError: HTTPError: HTTP Error 468: 
HERB003560,卵叶胡椒,not_found,,,no exact pharmacopoeia herb result,error,,,RuntimeError: HTTPError: HTTP Error 468: 
HERB003563,乱也藤黄,not_found,,,no exact pharmacopoeia herb result,error,,,RuntimeError: HTTPError: HTTP Error 468: 
HERB003569,轮环藤,not_found,,,no exact pharmacopoeia herb result,error,,,RuntimeError: HTTPError: HTTP Error 468: 
HERB003565,卵叶娃儿藤,not_found,,,no exact pharmacopoeia herb result,error,,,RuntimeError: HTTPError: HTTP Error 468: 
HERB003572,罗布麻,not_found,,,no exact pharmacopoeia herb result,error,,,RuntimeError: HTTPError: HTTP Error 468: 
HERB003574,落得打,skipped_no_chp_blank_fields,,,,error,,,RuntimeError: HTTPError: HTTP Error 468: 
HERB003571,萝卜花菱草,not_found,,,no exact pharmacopoeia herb result,error,,,RuntimeError: HTTPError: HTTP Error 468: 
HERB003573,罗布麻叶,ok,https://ydz.chp.org.cn/#/item?bookId=1&entryId=327,Herb_latin_name|UsePart|Properties|Meridians|Function|Indication,,error,,,RuntimeError: HTTPError: HTTP Error 468: 
HERB003567,卵圆长春花,not_found,,,no exact pharmacopoeia herb result,error,,,RuntimeError: HTTPError: HTTP Error 468: 
HERB003576,落地生根,not_found,,,no search results,error,,,RuntimeError: HTTPError: HTTP Error 468: 
HERB003577,落萼叶下珠,not_found,,,no exact pharmacopoeia herb result,error,,,RuntimeError: HTTPError: HTTP Error 468: 
HERB003575,落地丹草,not_found,,,no exact pharmacopoeia herb result,error,,,RuntimeError: HTTPError: HTTP Error 468: 
HERB003580,罗锅底,not_found,,,no exact pharmacopoeia herb result,error,,,RuntimeError: HTTPError: HTTP Error 468: 
HERB003585,落花南美肉豆蔻,not_found,,,no exact pharmacopoeia herb result,error,,,RuntimeError: HTTPError: HTTP Error 468: 
HERB003582,罗汉果,skipped_no_chp_blank_fields,,,,error,,,RuntimeError: HTTPError: HTTP Error 468: 
HERB003579,萝芙木茎叶,not_found,,,no exact pharmacopoeia herb result,error,,,RuntimeError: HTTPError: HTTP Error 468: 
HERB003583,罗汉松实,not_found,,,no exact pharmacopoeia herb result,error,,,RuntimeError: HTTPError: HTTP Error 468: 
HERB003584,罗汉松叶,not_found,,,no exact pharmacopoeia herb result,error,,,RuntimeError: HTTPError: HTTP Error 468: 
HERB003586,落花生,not_found,,,no search results,error,,,RuntimeError: HTTPError: HTTP Error 468: 
HERB003589,落花生枝叶,not_found,,,no exact pharmacopoeia herb result,error,,,RuntimeError: HTTPError: HTTP Error 468: 
HERB003588,落花生油,not_found,,,no search results,error,,,RuntimeError: HTTPError: HTTP Error 468: 
HERB003593,落葵花,not_found,,,no exact pharmacopoeia herb result,error,,,RuntimeError: HTTPError: HTTP Error 468: 
HERB003594,落葵薯,not_found,,,no exact pharmacopoeia herb result,error,,,RuntimeError: HTTPError: HTTP Error 468: 
HERB003595,罗勒,not_found,,,no exact pharmacopoeia herb result,error,,,RuntimeError: HTTPError: HTTP Error 468: 
HERB003587,落花生叶,not_found,,,no exact pharmacopoeia herb result,error,,,RuntimeError: HTTPError: HTTP Error 468: 
HERB003599,罗伞树,not_found,,,no exact pharmacopoeia herb result,error,,,RuntimeError: HTTPError: HTTP Error 468: 
HERB003596,罗勒籽,not_found,,,no exact pharmacopoeia herb result,error,,,RuntimeError: HTTPError: HTTP Error 468: 
HERB003598,萝藦子,not_found,,,no exact pharmacopoeia herb result,error,,,RuntimeError: HTTPError: HTTP Error 468: 
HERB003600,络石藤,skipped_no_chp_blank_fields,,,,error,,,RuntimeError: HTTPError: HTTP Error 468: 
HERB003597,萝藦,not_found,,,no exact pharmacopoeia herb result,error,,,RuntimeError: HTTPError: HTTP Error 468: 
HERB003604,骆驼蓬,not_found,,,no search results,error,,,RuntimeError: HTTPError: HTTP Error 468: 
HERB003603,骆驼蒿,not_found,,,no exact pharmacopoeia herb result,error,,,RuntimeError: HTTPError: HTTP Error 468: 
HERB003602,骆驼刺,not_found,,,no search results,error,,,RuntimeError: HTTPError: HTTP Error 468: 
HERB003606,罗西羊耳蒜,not_found,,,no exact pharmacopoeia herb result,error,,,RuntimeError: HTTPError: HTTP Error 468: 
HERB003609,螺旋金合欢,not_found,,,no exact pharmacopoeia herb result,error,,,RuntimeError: HTTPError: HTTP Error 468: 
HERB003608,落新妇,not_found,,,no exact pharmacopoeia herb result,error,,,RuntimeError: HTTPError: HTTP Error 468: 
HERB003605,骆驼蓬子,not_found,,,no exact pharmacopoeia herb result,error,,,RuntimeError: HTTPError: HTTP Error 468: 
HERB003610,螺旋藻,not_found,,,no search results,error,,,RuntimeError: HTTPError: HTTP Error 468: 
HERB003614,落羽杉,not_found,,,no search results,error,,,RuntimeError: HTTPError: HTTP Error 468: 
HERB003612,落叶松,not_found,,,no search results,error,,,RuntimeError: HTTPError: HTTP Error 468: 
HERB003613,落叶松也金丝桃,not_found,,,no exact pharmacopoeia herb result,error,,,RuntimeError: HTTPError: HTTP Error 468: 
HERB003616,葎草,not_found,,,no exact pharmacopoeia herb result,error,,,RuntimeError: HTTPError: HTTP Error 468: 
HERB003611,螺厣草,not_found,,,no exact pharmacopoeia herb result,error,,,RuntimeError: HTTPError: HTTP Error 468: 
HERB003617,绿茶,not_found,,,no exact pharmacopoeia herb result,error,,,RuntimeError: HTTPError: HTTP Error 468: 
HERB003618,绿豆,not_found,,,no exact pharmacopoeia herb result,error,,,RuntimeError: HTTPError: HTTP Error 468: 
HERB003620,绿海葵,not_found,,,no exact pharmacopoeia herb result,error,,,RuntimeError: HTTPError: HTTP Error 468: 
HERB003623,绿绒蒿,not_found,,,no exact pharmacopoeia herb result,error,,,RuntimeError: HTTPError: HTTP Error 468: 
HERB003622,驴皮,not_found,,,no exact pharmacopoeia herb result,error,,,RuntimeError: HTTPError: HTTP Error 468: 
HERB003625,吕宋荚蒾,not_found,,,no exact pharmacopoeia herb result,error,,,RuntimeError: HTTPError: HTTP Error 468: 
HERB003628,铝唐松草,not_found,,,no exact pharmacopoeia herb result,error,,,RuntimeError: HTTPError: HTTP Error 468: 
HERB003626,吕宋楸毛,not_found,,,no exact pharmacopoeia herb result,error,,,RuntimeError: HTTPError: HTTP Error 468: 
HERB003629,驴蹄草叶橐吾,not_found,,,no search results,error,,,RuntimeError: HTTPError: HTTP Error 468: 
HERB003624,吕宋果,not_found,,,no exact pharmacopoeia herb result,error,,,RuntimeError: HTTPError: HTTP Error 468: 
HERB003630,铝嚏根草,not_found,,,no exact pharmacopoeia herb result,error,,,RuntimeError: HTTPError: HTTP Error 468: 
HERB003627,绿笋片,not_found,,,no exact pharmacopoeia herb result,error,,,RuntimeError: HTTPError: HTTP Error 468: 
HERB003631,绿仙人掌,not_found,,,no exact pharmacopoeia herb result,error,,,RuntimeError: HTTPError: HTTP Error 468: 
HERB003633,驴子山小橘,not_found,,,no exact pharmacopoeia herb result,error,,,RuntimeError: HTTPError: HTTP Error 468: 
HERB003637,马槟榔,not_found,,,no exact pharmacopoeia herb result,error,,,RuntimeError: HTTPError: HTTP Error 468: 
HERB003636,马鞭草,ok,https://ydz.chp.org.cn/#/item?bookId=1&entryId=74,Properties|Meridians,,error,,,RuntimeError: HTTPError: HTTP Error 468: 
HERB003634,马宝,not_found,,,no search results,error,,,RuntimeError: HTTPError: HTTP Error 468: 
HERB003632,绿原酸,not_found,,,no exact pharmacopoeia herb result,error,,,RuntimeError: HTTPError: HTTP Error 468: 
HERB003638,马勃,skipped_no_chp_blank_fields,,,,error,,,RuntimeError: HTTPError: HTTP Error 468: 
HERB003635,马比木,not_found,,,no exact pharmacopoeia herb result,error,,,RuntimeError: HTTPError: HTTP Error 468: 
HERB003641,马齿苋,skipped_no_chp_blank_fields,,,,error,,,RuntimeError: HTTPError: HTTP Error 468: 
HERB003639,麻蚕豆,not_found,,,no exact pharmacopoeia herb result,error,,,RuntimeError: HTTPError: HTTP Error 468: 
HERB003648,马兜铃,skipped_no_chp_blank_fields,,,,error,,,RuntimeError: HTTPError: HTTP Error 468: 
HERB003647,马德里绵枣儿,not_found,,,no exact pharmacopoeia herb result,error,,,RuntimeError: HTTPError: HTTP Error 468: 
HERB003649,马督拉猪屎豆,not_found,,,no exact pharmacopoeia herb result,error,,,RuntimeError: HTTPError: HTTP Error 468: 
HERB003653,麻风树,not_found,,,no exact pharmacopoeia herb result,error,,,RuntimeError: HTTPError: HTTP Error 468: 
HERB003645,马岛黄连树,not_found,,,no exact pharmacopoeia herb result,error,,,RuntimeError: HTTPError: HTTP Error 468: 
HERB003652,麻风木,not_found,,,no exact pharmacopoeia herb result,error,,,RuntimeError: HTTPError: HTTP Error 468: 
HERB003654,麻根,not_found,,,no exact pharmacopoeia herb result,error,,,RuntimeError: HTTPError: HTTP Error 468: 
HERB003642,麻蛋果,not_found,,,no exact pharmacopoeia herb result,error,,,RuntimeError: HTTPError: HTTP Error 468: 
HERB003655,马桂花,not_found,,,no exact pharmacopoeia herb result,error,,,RuntimeError: HTTPError: HTTP Error 468: 
HERB003650,马耳山乌头,not_found,,,no exact pharmacopoeia herb result,error,,,RuntimeError: HTTPError: HTTP Error 468: 
HERB003658,麻黄,skipped_no_chp_blank_fields,,,,error,,,RuntimeError: HTTPError: HTTP Error 468: 
HERB003656,麻花,not_found,,,no exact pharmacopoeia herb result,error,,,RuntimeError: HTTPError: HTTP Error 468: 
HERB003665,马来西亚买麻藤,not_found,,,no exact pharmacopoeia herb result,error,,,RuntimeError: HTTPError: HTTP Error 468: 
HERB003664,马来西亚黄杨木,not_found,,,no search results,error,,,RuntimeError: HTTPError: HTTP Error 468: 
HERB003659,麻黄根,skipped_no_chp_blank_fields,,,,error,,,RuntimeError: HTTPError: HTTP Error 468: 
HERB003657,麻花艽,not_found,,,no exact pharmacopoeia herb result,error,,,RuntimeError: HTTPError: HTTP Error 468: 
HERB003666,马来西亚蕊木,not_found,,,no exact pharmacopoeia herb result,error,,,RuntimeError: HTTPError: HTTP Error 468: 
HERB003670,马蔺,not_found,,,no search results,error,,,RuntimeError: HTTPError: HTTP Error 468: 
HERB003672,马铃薯,not_found,,,no search results,error,,,RuntimeError: HTTPError: HTTP Error 468: 
HERB003669,马莲,not_found,,,no search results,error,,,RuntimeError: HTTPError: HTTP Error 468: 
HERB003668,马兰叶,not_found,,,no exact pharmacopoeia herb result,error,,,RuntimeError: HTTPError: HTTP Error 468: 
HERB003673,马六甲鱼藤,not_found,,,no search results,error,,,RuntimeError: HTTPError: HTTP Error 468: 
HERB003678,马皮,not_found,,,no search results,error,,,RuntimeError: HTTPError: HTTP Error 468: 
HERB003675,马尿泡,not_found,,,no exact pharmacopoeia herb result,error,,,RuntimeError: HTTPError: HTTP Error 468: 
HERB003674,麻柳叶,not_found,,,no exact pharmacopoeia herb result,error,,,RuntimeError: HTTPError: HTTP Error 468: 
HERB003671,马蔺子,not_found,,,no exact pharmacopoeia herb result,error,,,RuntimeError: HTTPError: HTTP Error 468: 
HERB003680,马钱子粉,ok,https://ydz.chp.org.cn/#/item?bookId=1&entryId=73,Properties|Meridians,,error,,,RuntimeError: HTTPError: HTTP Error 468: 
HERB003682,马桑根,not_found,,,no exact pharmacopoeia herb result,error,,,RuntimeError: HTTPError: HTTP Error 468: 
HERB003676,麻牛膝,not_found,,,no exact pharmacopoeia herb result,error,,,RuntimeError: HTTPError: HTTP Error 468: 
HERB003689,马氏芦荟,not_found,,,no exact pharmacopoeia herb result,error,,,RuntimeError: HTTPError: HTTP Error 468: 
HERB003681,马桑,not_found,,,no exact pharmacopoeia herb result,error,,,RuntimeError: HTTPError: HTTP Error 468: 
HERB003683,马桑树皮,not_found,,,no exact pharmacopoeia herb result,error,,,RuntimeError: HTTPError: HTTP Error 468: 
HERB003684,马桑叶,not_found,,,no exact pharmacopoeia herb result,error,,,RuntimeError: HTTPError: HTTP Error 468: 
HERB003694,马蹄纹天竺葵,not_found,,,no exact pharmacopoeia herb result,error,,,RuntimeError: HTTPError: HTTP Error 468: 
HERB003685,马桑与马桑寄生,not_found,,,no exact pharmacopoeia herb result,error,,,RuntimeError: HTTPError: HTTP Error 468: 
HERB003686,马山前胡,not_found,,,no exact pharmacopoeia herb result,error,,,RuntimeError: HTTPError: HTTP Error 468: 
HERB003698,马尾莲,not_found,,,no exact pharmacopoeia herb result,error,,,RuntimeError: HTTPError: HTTP Error 468: 
HERB003695,马蹄叶,not_found,,,no exact pharmacopoeia herb result,error,,,RuntimeError: HTTPError: HTTP Error 468: 
HERB003696,马通,not_found,,,no exact pharmacopoeia herb result,error,,,RuntimeError: HTTPError: HTTP Error 468: 
HERB003700,马尾松叶,not_found,,,no exact pharmacopoeia herb result,error,,,RuntimeError: HTTPError: HTTP Error 468: 
HERB003699,马尾杉,not_found,,,no exact pharmacopoeia herb result,error,,,RuntimeError: HTTPError: HTTP Error 468: 
HERB003701,麻叶,not_found,,,no exact pharmacopoeia herb result,error,,,RuntimeError: HTTPError: HTTP Error 468: 
HERB003702,麻叶千里光,not_found,,,no exact pharmacopoeia herb result,error,,,RuntimeError: HTTPError: HTTP Error 468: 
HERB003708,麦冬,skipped_no_chp_blank_fields,,,,error,,,RuntimeError: HTTPError: HTTP Error 468: 
HERB003706,马桩赛亚麻,not_found,,,no exact pharmacopoeia herb result,error,,,RuntimeError: HTTPError: HTTP Error 468: 
HERB003707,麻子仁,not_found,,,no exact pharmacopoeia herb result,error,,,RuntimeError: HTTPError: HTTP Error 468: 
HERB003704,麻油,skipped_no_chp_blank_fields,,,,error,,,RuntimeError: HTTPError: HTTP Error 468: 
HERB003703,马银花,not_found,,,no exact pharmacopoeia herb result,error,,,RuntimeError: HTTPError: HTTP Error 468: 
HERB003709,麦兜草,not_found,,,no exact pharmacopoeia herb result,error,,,RuntimeError: HTTPError: HTTP Error 468: 
HERB003714,麦仙翁,not_found,,,no exact pharmacopoeia herb result,error,,,RuntimeError: HTTPError: HTTP Error 468: 
HERB003711,麦角,not_found,,,no exact pharmacopoeia herb result,error,,,RuntimeError: HTTPError: HTTP Error 468: 
HERB003710,麦家公,not_found,,,no exact pharmacopoeia herb result,error,,,RuntimeError: HTTPError: HTTP Error 468: 
HERB003715,麦芽,skipped_no_chp_blank_fields,,,,error,,,RuntimeError: HTTPError: HTTP Error 468: 
HERB003713,买麻藤,not_found,,,no exact pharmacopoeia herb result,error,,,RuntimeError: HTTPError: HTTP Error 468: 
HERB003716,麦芽麯,not_found,,,no exact pharmacopoeia herb result,error,,,RuntimeError: HTTPError: HTTP Error 468: 
HERB003720,蔓长春花,not_found,,,no exact pharmacopoeia herb result,error,,,RuntimeError: HTTPError: HTTP Error 468: 
HERB003723,满江红,not_found,,,no search results,error,,,RuntimeError: HTTPError: HTTP Error 468: 
HERB003724,蔓荆叶,not_found,,,no exact pharmacopoeia herb result,error,,,RuntimeError: HTTPError: HTTP Error 468: 
HERB003725,蔓荆子,skipped_no_chp_blank_fields,,,,error,,,RuntimeError: HTTPError: HTTP Error 468: 
HERB003727,鳗鲡鱼,not_found,,,no exact pharmacopoeia herb result,error,,,RuntimeError: HTTPError: HTTP Error 468: 
HERB003726,蔓九节,not_found,,,no exact pharmacopoeia herb result,error,,,RuntimeError: HTTPError: HTTP Error 468: 
HERB003729,曼尼普尔十大功劳,not_found,,,no search results,error,,,RuntimeError: HTTPError: HTTP Error 468: 
HERB003730,满山红,ok,https://ydz.chp.org.cn/#/item?bookId=1&entryId=574,Function,,error,,,RuntimeError: HTTPError: HTTP Error 468: 
HERB003734,蔓藤黄,not_found,,,no exact pharmacopoeia herb result,error,,,RuntimeError: HTTPError: HTTP Error 468: 
HERB003732,蔓生卷柏,not_found,,,no exact pharmacopoeia herb result,error,,,RuntimeError: HTTPError: HTTP Error 468: 
HERB003731,满山红油,not_found,,,no exact pharmacopoeia herb result,error,,,RuntimeError: HTTPError: HTTP Error 468: 
HERB003736,曼陀罗叶,not_found,,,no exact pharmacopoeia herb result,error,,,RuntimeError: HTTPError: HTTP Error 468: 
HERB003738,蔓性千斤拔,not_found,,,no exact pharmacopoeia herb result,error,,,RuntimeError: HTTPError: HTTP Error 468: 
HERB003735,曼陀罗根,not_found,,,no exact pharmacopoeia herb result,error,,,RuntimeError: HTTPError: HTTP Error 468: 
HERB003741,杧果核,not_found,,,no exact pharmacopoeia herb result,error,,,RuntimeError: HTTPError: HTTP Error 468: 
HERB003737,曼陀罗子,not_found,,,no exact pharmacopoeia herb result,error,,,RuntimeError: HTTPError: HTTP Error 468: 
HERB003739,蔓枝龙胆,not_found,,,no exact pharmacopoeia herb result,error,,,RuntimeError: HTTPError: HTTP Error 468: 
HERB003747,蟒蛇,not_found,,,no search results,error,,,RuntimeError: HTTPError: HTTP Error 468: 
HERB003761,毛豆,not_found,,,no search results,not_found,,,no exact cmedical result in search page
HERB003740,杧果,not_found,,,no exact pharmacopoeia herb result,error,,,RuntimeError: HTTPError: HTTP Error 468: 
HERB003745,牻牛儿苗,not_found,,,no exact pharmacopoeia herb result,error,,,RuntimeError: HTTPError: HTTP Error 468: 
HERB003742,杧果树皮,not_found,,,no exact pharmacopoeia herb result,error,,,RuntimeError: HTTPError: HTTP Error 468: 
HERB003743,杧果叶,not_found,,,no exact pharmacopoeia herb result,error,,,RuntimeError: HTTPError: HTTP Error 468: 
HERB003748,芒硝,ok,https://ydz.chp.org.cn/#/item?bookId=1&entryId=194,,matched page but chp target columns already had values,error,,,RuntimeError: HTTPError: HTTP Error 468: 
HERB003750,毛白杨,not_found,,,no search results,error,,,RuntimeError: HTTPError: HTTP Error 468: 
HERB003746,芒萁骨,not_found,,,no exact pharmacopoeia herb result,error,,,RuntimeError: HTTPError: HTTP Error 468: 
HERB003749,毛八角枫,not_found,,,no exact pharmacopoeia herb result,error,,,RuntimeError: HTTPError: HTTP Error 468: 
HERB003752,茅草叶,not_found,,,no exact pharmacopoeia herb result,error,,,RuntimeError: HTTPError: HTTP Error 468: 
HERB003754,毛刺锦鸡儿,not_found,,,no exact pharmacopoeia herb result,error,,,RuntimeError: HTTPError: HTTP Error 468: 
HERB003753,毛唇贝母兰,not_found,,,no exact pharmacopoeia herb result,error,,,RuntimeError: HTTPError: HTTP Error 468: 
HERB003751,毛草龙,not_found,,,no exact pharmacopoeia herb result,error,,,RuntimeError: HTTPError: HTTP Error 468: 
HERB003758,毛地黄鼠尾草,not_found,,,no search results,error,,,RuntimeError: HTTPError: HTTP Error 468: 
HERB003755,毛大丁草,not_found,,,no exact pharmacopoeia herb result,error,,,RuntimeError: HTTPError: HTTP Error 468: 
HERB003757,毛地黄,not_found,,,no search results,error,,,RuntimeError: HTTPError: HTTP Error 468: 
HERB003767,毛梗红毛五加,not_found,,,no exact pharmacopoeia herb result,error,,,RuntimeError: HTTPError: HTTP Error 468: 
HERB003756,猫倒地铃,not_found,,,no exact pharmacopoeia herb result,error,,,RuntimeError: HTTPError: HTTP Error 468: 
HERB003760,毛冬青,not_found,,,no exact pharmacopoeia herb result,error,,,RuntimeError: HTTPError: HTTP Error 468: 
HERB003759,毛地钱,not_found,,,no exact pharmacopoeia herb result,error,,,RuntimeError: HTTPError: HTTP Error 468: 
HERB003766,茅根,skipped_no_chp_blank_fields,,,,error,,,RuntimeError: HTTPError: HTTP Error 468: 
HERB003764,毛萼香茶菜,not_found,,,no exact pharmacopoeia herb result,error,,,RuntimeError: HTTPError: HTTP Error 468: 
HERB003768,毛梗豨莶,not_found,,,no exact pharmacopoeia herb result,error,,,RuntimeError: HTTPError: HTTP Error 468: 
HERB003762,毛独行菜,not_found,,,no exact pharmacopoeia herb result,error,,,RuntimeError: HTTPError: HTTP Error 468: 
HERB003765,茅膏菜,not_found,,,no exact pharmacopoeia herb result,error,,,RuntimeError: HTTPError: HTTP Error 468: 
HERB003763,毛萼莓,not_found,,,no exact pharmacopoeia herb result,error,,,RuntimeError: HTTPError: HTTP Error 468: 
HERB003769,毛梗狭叶香茶菜,not_found,,,no exact pharmacopoeia herb result,error,,,RuntimeError: HTTPError: HTTP Error 468: 
HERB003770,毛钩藤,not_found,,,no exact pharmacopoeia herb result,error,,,RuntimeError: HTTPError: HTTP Error 468: 
HERB003774,毛果含笑,not_found,,,no search results,error,,,RuntimeError: HTTPError: HTTP Error 468: 
HERB003773,毛果杜鹃,not_found,,,no exact pharmacopoeia herb result,error,,,RuntimeError: HTTPError: HTTP Error 468: 
HERB003771,毛贯众,not_found,,,no exact pharmacopoeia herb result,error,,,RuntimeError: HTTPError: HTTP Error 468: 
HERB003772,毛果地锦,not_found,,,no exact pharmacopoeia herb result,error,,,RuntimeError: HTTPError: HTTP Error 468: 
HERB003776,毛果槭,not_found,,,no search results,error,,,RuntimeError: HTTPError: HTTP Error 468: 
HERB003775,毛果马利筋,not_found,,,no exact pharmacopoeia herb result,error,,,RuntimeError: HTTPError: HTTP Error 468: 
HERB003777,毛果芍药,not_found,,,no exact pharmacopoeia herb result,error,,,RuntimeError: HTTPError: HTTP Error 468: 
HERB003781,毛果杨,not_found,,,no exact pharmacopoeia herb result,error,,,RuntimeError: HTTPError: HTTP Error 468: 
HERB003782,毛果翼核果,not_found,,,no exact pharmacopoeia herb result,error,,,RuntimeError: HTTPError: HTTP Error 468: 
HERB003778,毛果算盘子,not_found,,,no search results,error,,,RuntimeError: HTTPError: HTTP Error 468: 
HERB003780,毛果香茶菜,not_found,,,no exact pharmacopoeia herb result,error,,,RuntimeError: HTTPError: HTTP Error 468: 
HERB003783,毛果一枝黄花,not_found,,,no exact pharmacopoeia herb result,error,,,RuntimeError: HTTPError: HTTP Error 468: 
HERB003784,毛果鱼藤,not_found,,,no search results,error,,,RuntimeError: HTTPError: HTTP Error 468: 
HERB003786,毛杭子梢,not_found,,,no exact pharmacopoeia herb result,error,,,RuntimeError: HTTPError: HTTP Error 468: 
HERB003787,毛诃子,ok,https://ydz.chp.org.cn/#/item?bookId=1&entryId=106,,matched page but chp target columns already had values,error,,,RuntimeError: HTTPError: HTTP Error 468: 
HERB003788,毛喉鞘蕊花,not_found,,,no exact pharmacopoeia herb result,error,,,RuntimeError: HTTPError: HTTP Error 468: 
HERB003789,毛花毛地黄,not_found,,,no exact pharmacopoeia herb result,error,,,RuntimeError: HTTPError: HTTP Error 468: 
HERB003793,毛剪秋罗,not_found,,,no exact pharmacopoeia herb result,error,,,RuntimeError: HTTPError: HTTP Error 468: 
HERB003790,毛花猕猴桃,not_found,,,no exact pharmacopoeia herb result,error,,,RuntimeError: HTTPError: HTTP Error 468: 
HERB003785,毛果芸香碱,not_found,,,no exact pharmacopoeia herb result,error,,,RuntimeError: HTTPError: HTTP Error 468: 
HERB003797,毛裂蜂斗菜,not_found,,,no exact pharmacopoeia herb result,error,,,RuntimeError: HTTPError: HTTP Error 468: 
HERB003794,毛节缬草,not_found,,,no exact pharmacopoeia herb result,error,,,RuntimeError: HTTPError: HTTP Error 468: 
HERB003796,毛莲蒿,not_found,,,no exact pharmacopoeia herb result,error,,,RuntimeError: HTTPError: HTTP Error 468: 
HERB003799,毛脉蓼,not_found,,,no exact pharmacopoeia herb result,error,,,RuntimeError: HTTPError: HTTP Error 468: 
HERB003798,毛马齿苋,not_found,,,no exact pharmacopoeia herb result,error,,,RuntimeError: HTTPError: HTTP Error 468: 
HERB003802,毛曼陀罗花,not_found,,,no exact pharmacopoeia herb result,error,,,RuntimeError: HTTPError: HTTP Error 468: 
HERB003806,毛泡桐,not_found,,,no exact pharmacopoeia herb result,error,,,RuntimeError: HTTPError: HTTP Error 468: 
HERB003800,毛脉吴茱萸,not_found,,,no exact pharmacopoeia herb result,error,,,RuntimeError: HTTPError: HTTP Error 468: 
HERB003801,毛曼陀罗根,not_found,,,no exact pharmacopoeia herb result,error,,,RuntimeError: HTTPError: HTTP Error 468: 
HERB003808,毛蕊花,not_found,,,no exact pharmacopoeia herb result,error,,,RuntimeError: HTTPError: HTTP Error 468: 
HERB003803,毛曼陀罗叶,not_found,,,no exact pharmacopoeia herb result,error,,,RuntimeError: HTTPError: HTTP Error 468: 
HERB003807,毛韧革菌,not_found,,,no exact pharmacopoeia herb result,error,,,RuntimeError: HTTPError: HTTP Error 468: 
HERB003804,毛曼陀罗子,not_found,,,no exact pharmacopoeia herb result,error,,,RuntimeError: HTTPError: HTTP Error 468: 
HERB003817,毛线柱苣苔,not_found,,,no exact pharmacopoeia herb result,error,,,RuntimeError: HTTPError: HTTP Error 468: 
HERB003810,毛山楂,not_found,,,no exact pharmacopoeia herb result,error,,,RuntimeError: HTTPError: HTTP Error 468: 
HERB003811,毛使君子,not_found,,,no exact pharmacopoeia herb result,error,,,RuntimeError: HTTPError: HTTP Error 468: 
HERB003821,猫眼草,not_found,,,no search results,error,,,RuntimeError: HTTPError: HTTP Error 468: 
HERB003815,毛头乳菇,not_found,,,no exact pharmacopoeia herb result,error,,,RuntimeError: HTTPError: HTTP Error 468: 
HERB003812,毛薯,not_found,,,no exact pharmacopoeia herb result,error,,,RuntimeError: HTTPError: HTTP Error 468: 
HERB003823,毛叶巴豆,not_found,,,no exact pharmacopoeia herb result,error,,,RuntimeError: HTTPError: HTTP Error 468: 
HERB003820,猫须草,not_found,,,no exact pharmacopoeia herb result,error,,,RuntimeError: HTTPError: HTTP Error 468: 
HERB003825,毛叶假鹰爪根,not_found,,,no exact pharmacopoeia herb result,error,,,RuntimeError: HTTPError: HTTP Error 468: 
HERB003822,毛杨梅,not_found,,,no exact pharmacopoeia herb result,error,,,RuntimeError: HTTPError: HTTP Error 468: 
HERB003824,毛叶番荔枝,not_found,,,no exact pharmacopoeia herb result,error,,,RuntimeError: HTTPError: HTTP Error 468: 
HERB003826,毛叶藜芦,not_found,,,no exact pharmacopoeia herb result,error,,,RuntimeError: HTTPError: HTTP Error 468: 
HERB003828,毛叶威灵仙,not_found,,,no exact pharmacopoeia herb result,error,,,RuntimeError: HTTPError: HTTP Error 468: 
HERB003830,毛叶香茶菜,not_found,,,no exact pharmacopoeia herb result,error,,,RuntimeError: HTTPError: HTTP Error 468: 
HERB003829,毛叶卫矛,not_found,,,no exact pharmacopoeia herb result,error,,,RuntimeError: HTTPError: HTTP Error 468: 
HERB003832,毛獐牙菜,not_found,,,no exact pharmacopoeia herb result,error,,,RuntimeError: HTTPError: HTTP Error 468: 
HERB003834,毛枝卷柏,not_found,,,no exact pharmacopoeia herb result,error,,,RuntimeError: HTTPError: HTTP Error 468: 
HERB003827,毛叶石楠,not_found,,,no exact pharmacopoeia herb result,error,,,RuntimeError: HTTPError: HTTP Error 468: 
HERB003831,毛鱼藤,not_found,,,no exact pharmacopoeia herb result,error,,,RuntimeError: HTTPError: HTTP Error 468: 
HERB003837,猫爪草,ok,https://ydz.chp.org.cn/#/item?bookId=1&entryId=505,UsePart,,error,,,RuntimeError: HTTPError: HTTP Error 468: 
HERB003839,玫瑰红景天,not_found,,,no exact pharmacopoeia herb result,error,,,RuntimeError: HTTPError: HTTP Error 468: 
HERB003835,毛柱马钱,not_found,,,no exact pharmacopoeia herb result,error,,,RuntimeError: HTTPError: HTTP Error 468: 
HERB003838,美观马先蒿,not_found,,,no exact pharmacopoeia herb result,error,,,RuntimeError: HTTPError: HTTP Error 468: 
HERB003840,玫瑰花,skipped_no_chp_blank_fields,,,,error,,,RuntimeError: HTTPError: HTTP Error 468: 
HERB003836,毛竹叶花椒,not_found,,,no exact pharmacopoeia herb result,error,,,RuntimeError: HTTPError: HTTP Error 468: 
HERB003847,美国山核桃,not_found,,,no search results,error,,,RuntimeError: HTTPError: HTTP Error 468: 
HERB003846,美国青藤,not_found,,,no exact pharmacopoeia herb result,error,,,RuntimeError: HTTPError: HTTP Error 468: 
HERB003842,美国薄荷,not_found,,,no exact pharmacopoeia herb result,error,,,RuntimeError: HTTPError: HTTP Error 468: 
HERB003851,梅花,ok,https://ydz.chp.org.cn/#/item?bookId=1&entryId=491,UsePart|Properties|Meridians,,error,,,RuntimeError: HTTPError: HTTP Error 468: 
HERB003852,美花风毛菊,not_found,,,no exact pharmacopoeia herb result,error,,,RuntimeError: HTTPError: HTTP Error 468: 
HERB003848,美国夏腊梅,not_found,,,no exact pharmacopoeia herb result,error,,,RuntimeError: HTTPError: HTTP Error 468: 
HERB003855,美丽番红花,not_found,,,no exact pharmacopoeia herb result,error,,,RuntimeError: HTTPError: HTTP Error 468: 
HERB003853,美花石斛,not_found,,,no exact pharmacopoeia herb result,error,,,RuntimeError: HTTPError: HTTP Error 468: 
HERB003856,美丽海罂粟,not_found,,,no exact pharmacopoeia herb result,error,,,RuntimeError: HTTPError: HTTP Error 468: 
HERB003857,美丽荷包牡丹,not_found,,,no exact pharmacopoeia herb result,error,,,RuntimeError: HTTPError: HTTP Error 468: 
HERB003858,美丽红豆杉,not_found,,,no exact pharmacopoeia herb result,error,,,RuntimeError: HTTPError: HTTP Error 468: 
HERB003869,美丽银背藤,not_found,,,no exact pharmacopoeia herb result,error,,,RuntimeError: HTTPError: HTTP Error 468: 
HERB003862,美丽马醉木,not_found,,,no exact pharmacopoeia herb result,error,,,RuntimeError: HTTPError: HTTP Error 468: 
HERB003867,美丽旋复花,not_found,,,no search results,error,,,RuntimeError: HTTPError: HTTP Error 468: 
HERB003861,美丽马利筋,not_found,,,no exact pharmacopoeia herb result,error,,,RuntimeError: HTTPError: HTTP Error 468: 
HERB003866,美丽新木姜子,not_found,,,no exact pharmacopoeia herb result,error,,,RuntimeError: HTTPError: HTTP Error 468: 
HERB003865,美丽藤黄,not_found,,,no search results,error,,,RuntimeError: HTTPError: HTTP Error 468: 
HERB003863,美丽帽柱木,not_found,,,no exact pharmacopoeia herb result,error,,,RuntimeError: HTTPError: HTTP Error 468: 
HERB003872,美商陆,not_found,,,no exact pharmacopoeia herb result,error,,,RuntimeError: HTTPError: HTTP Error 468: 
HERB003860,美丽金丝桃,not_found,,,no exact pharmacopoeia herb result,error,,,RuntimeError: HTTPError: HTTP Error 468: 
HERB003871,美丽猪屎豆,not_found,,,no exact pharmacopoeia herb result,error,,,RuntimeError: HTTPError: HTTP Error 468: 
HERB003873,美穗小檗,not_found,,,no exact pharmacopoeia herb result,error,,,RuntimeError: HTTPError: HTTP Error 468: 
HERB003875,美特你杜鹃花,not_found,,,no exact pharmacopoeia herb result,error,,,RuntimeError: HTTPError: HTTP Error 468: 
HERB003877,美味猕猴桃,not_found,,,no search results,error,,,RuntimeError: HTTPError: HTTP Error 468: 
HERB003876,美味红菇,not_found,,,no exact pharmacopoeia herb result,error,,,RuntimeError: HTTPError: HTTP Error 468: 
HERB003881,美洲刺参,not_found,,,no exact pharmacopoeia herb result,error,,,RuntimeError: HTTPError: HTTP Error 468: 
HERB003882,美洲刺桐,not_found,,,no exact pharmacopoeia herb result,error,,,RuntimeError: HTTPError: HTTP Error 468: 
HERB003880,美洲檫木,not_found,,,no exact pharmacopoeia herb result,error,,,RuntimeError: HTTPError: HTTP Error 468: 
HERB003888,美洲苦木,not_found,,,no exact pharmacopoeia herb result,error,,,RuntimeError: HTTPError: HTTP Error 468: 
HERB003884,梅州观音莲,not_found,,,no exact pharmacopoeia herb result,error,,,RuntimeError: HTTPError: HTTP Error 468: 
HERB003883,梅州甘草,not_found,,,no exact pharmacopoeia herb result,error,,,RuntimeError: HTTPError: HTTP Error 468: 
HERB003886,美洲金露梅,not_found,,,no exact pharmacopoeia herb result,error,,,RuntimeError: HTTPError: HTTP Error 468: 
HERB003885,梅州花椒?,not_found,,,no exact pharmacopoeia herb result,error,,,RuntimeError: HTTPError: HTTP Error 468: 
HERB003891,美洲南蛇藤,not_found,,,no exact pharmacopoeia herb result,error,,,RuntimeError: HTTPError: HTTP Error 468: 
HERB003887,美洲金缕梅,not_found,,,no exact pharmacopoeia herb result,error,,,RuntimeError: HTTPError: HTTP Error 468: 
HERB003900,蒙大拿山小橘,not_found,,,no exact pharmacopoeia herb result,error,,,RuntimeError: HTTPError: HTTP Error 468: 
HERB003894,美洲豚草,not_found,,,no exact pharmacopoeia herb result,error,,,RuntimeError: HTTPError: HTTP Error 468: 
HERB003898,蜢虫,not_found,,,no exact pharmacopoeia herb result,error,,,RuntimeError: HTTPError: HTTP Error 468: 
HERB003895,美洲血根草,not_found,,,no exact pharmacopoeia herb result,error,,,RuntimeError: HTTPError: HTTP Error 468: 
HERB003896,美洲野百合,not_found,,,no exact pharmacopoeia herb result,error,,,RuntimeError: HTTPError: HTTP Error 468: 
HERB003906,蒙古风毛菊,not_found,,,no exact pharmacopoeia herb result,error,,,RuntimeError: HTTPError: HTTP Error 468: 
HERB003899,蒙大拿春黄菊,not_found,,,no exact pharmacopoeia herb result,error,,,RuntimeError: HTTPError: HTTP Error 468: 
HERB003901,蒙大拿芸香,not_found,,,no exact pharmacopoeia herb result,error,,,RuntimeError: HTTPError: HTTP Error 468: 
HERB003903,蒙古糙苏,not_found,,,no exact pharmacopoeia herb result,error,,,RuntimeError: HTTPError: HTTP Error 468: 
HERB003905,蒙古侧金盏花,not_found,,,no exact pharmacopoeia herb result,error,,,RuntimeError: HTTPError: HTTP Error 468: 
HERB003909,蒙古栎,not_found,,,no exact pharmacopoeia herb result,error,,,RuntimeError: HTTPError: HTTP Error 468: 
HERB003907,蒙古蒿,not_found,,,no exact pharmacopoeia herb result,error,,,RuntimeError: HTTPError: HTTP Error 468: 
HERB003908,蒙古黄芪,not_found,,,no exact pharmacopoeia herb result,error,,,RuntimeError: HTTPError: HTTP Error 468: 
HERB003911,蒙古绣线菊,not_found,,,no exact pharmacopoeia herb result,error,,,RuntimeError: HTTPError: HTTP Error 468: 
HERB003910,蒙古山萝卜,not_found,,,no exact pharmacopoeia herb result,error,,,RuntimeError: HTTPError: HTTP Error 468: 
HERB003914,礞石,not_found,,,no exact pharmacopoeia herb result,error,,,RuntimeError: HTTPError: HTTP Error 468: 
HERB003916,孟宗竹,not_found,,,no exact pharmacopoeia herb result,error,,,RuntimeError: HTTPError: HTTP Error 468: 
HERB003917,迷迭香,not_found,,,no exact pharmacopoeia herb result,error,,,RuntimeError: HTTPError: HTTP Error 468: 
HERB003912,孟买肉豆蔻,not_found,,,no exact pharmacopoeia herb result,error,,,RuntimeError: HTTPError: HTTP Error 468: 
HERB003915,蒙自草胡椒,not_found,,,no exact pharmacopoeia herb result,error,,,RuntimeError: HTTPError: HTTP Error 468: 
HERB003921,猕猴梨,not_found,,,no exact pharmacopoeia herb result,error,,,RuntimeError: HTTPError: HTTP Error 468: 
HERB003919,美国黄瓜,not_found,,,no search results,error,,,RuntimeError: HTTPError: HTTP Error 468: 
HERB003920,米蒿,not_found,,,no exact pharmacopoeia herb result,error,,,RuntimeError: HTTPError: HTTP Error 468: 
HERB003918,迷迭香叶千里光,not_found,,,no exact pharmacopoeia herb result,error,,,RuntimeError: HTTPError: HTTP Error 468: 
HERB003923,猕猴桃,not_found,,,no search results,error,,,RuntimeError: HTTPError: HTTP Error 468: 
HERB003924,猕猴桃根,not_found,,,no exact pharmacopoeia herb result,error,,,RuntimeError: HTTPError: HTTP Error 468: 
HERB003922,猕猴梨根,not_found,,,no exact pharmacopoeia herb result,error,,,RuntimeError: HTTPError: HTTP Error 468: 
HERB003925,猕猴桃藤中汁,not_found,,,no exact pharmacopoeia herb result,error,,,RuntimeError: HTTPError: HTTP Error 468: 
HERB003927,密花豆,not_found,,,no exact pharmacopoeia herb result,error,,,RuntimeError: HTTPError: HTTP Error 468: 
HERB003926,猕猴桃枝叶,not_found,,,no exact pharmacopoeia herb result,error,,,RuntimeError: HTTPError: HTTP Error 468: 
HERB003930,密花石豆兰,not_found,,,no exact pharmacopoeia herb result,error,,,RuntimeError: HTTPError: HTTP Error 468: 
HERB003929,密花美登木,not_found,,,no exact pharmacopoeia herb result,error,,,RuntimeError: HTTPError: HTTP Error 468: 
HERB003938,米酒,not_found,,,no search results,error,,,RuntimeError: HTTPError: HTTP Error 468: 
HERB003941,密蒙花,skipped_no_chp_blank_fields,,,,error,,,RuntimeError: HTTPError: HTTP Error 468: 
HERB003931,密花石斛,not_found,,,no exact pharmacopoeia herb result,error,,,RuntimeError: HTTPError: HTTP Error 468: 
HERB003935,密花岩风,not_found,,,no exact pharmacopoeia herb result,error,,,RuntimeError: HTTPError: HTTP Error 468: 
HERB003933,密花娃儿藤,not_found,,,no exact pharmacopoeia herb result,error,,,RuntimeError: HTTPError: HTTP Error 468: 
HERB003942,米皮糠,not_found,,,no exact pharmacopoeia herb result,error,,,RuntimeError: HTTPError: HTTP Error 468: 
HERB003936,蜜环菌,not_found,,,no exact pharmacopoeia herb result,error,,,RuntimeError: HTTPError: HTTP Error 468: 
HERB003948,米碎花蛇鞭菊,not_found,,,no exact pharmacopoeia herb result,error,,,RuntimeError: HTTPError: HTTP Error 468: 
HERB003940,密脉鹅掌柴,not_found,,,no exact pharmacopoeia herb result,error,,,RuntimeError: HTTPError: HTTP Error 468: 
HERB003945,马钱子,ok,https://ydz.chp.org.cn/#/item?bookId=1&entryId=72,Properties|Meridians|Function|Indication,,error,,,RuntimeError: HTTPError: HTTP Error 468: 
HERB003932,米花豚草,not_found,,,no exact pharmacopoeia herb result,error,,,RuntimeError: HTTPError: HTTP Error 468: 
HERB003944,密伞千里光,not_found,,,no exact pharmacopoeia herb result,error,,,RuntimeError: HTTPError: HTTP Error 468: 
HERB003951,米籽兰,not_found,,,no exact pharmacopoeia herb result,error,,,RuntimeError: HTTPError: HTTP Error 468: 
HERB003953,绵萆薢,ok,https://ydz.chp.org.cn/#/item?bookId=1&entryId=524,Herb_latin_name|UsePart|Properties|Meridians|Function,,error,,,RuntimeError: HTTPError: HTTP Error 468: 
HERB003955,棉花,not_found,,,no exact pharmacopoeia herb result,error,,,RuntimeError: HTTPError: HTTP Error 468: 
HERB003956,棉花根,not_found,,,no search results,error,,,RuntimeError: HTTPError: HTTP Error 468: 
HERB003952,面包果,not_found,,,no exact pharmacopoeia herb result,error,,,RuntimeError: HTTPError: HTTP Error 468: 
HERB003954,面根藤,not_found,,,no exact pharmacopoeia herb result,error,,,RuntimeError: HTTPError: HTTP Error 468: 
HERB003958,棉花子,not_found,,,no search results,error,,,RuntimeError: HTTPError: HTTP Error 468: 
HERB003957,棉花壳,not_found,,,no exact pharmacopoeia herb result,error,,,RuntimeError: HTTPError: HTTP Error 468: 
HERB003963,迷案毛果香茶菜,not_found,,,no search results,error,,,RuntimeError: HTTPError: HTTP Error 468: 
HERB003961,绵马贯众,skipped_no_chp_blank_fields,,,,error,,,RuntimeError: HTTPError: HTTP Error 468: 
HERB003960,棉麻,not_found,,,no search results,error,,,RuntimeError: HTTPError: HTTP Error 468: 
HERB003966,绵毛娃儿藤,not_found,,,no exact pharmacopoeia herb result,error,,,RuntimeError: HTTPError: HTTP Error 468: 
HERB003964,绵毛黄芪,not_found,,,no exact pharmacopoeia herb result,error,,,RuntimeError: HTTPError: HTTP Error 468: 
HERB003974,棉枣,not_found,,,no exact pharmacopoeia herb result,error,,,RuntimeError: HTTPError: HTTP Error 468: 
HERB003965,绵毛马兜铃,not_found,,,no exact pharmacopoeia herb result,error,,,RuntimeError: HTTPError: HTTP Error 468: 
HERB003975,绵枣儿,not_found,,,no exact pharmacopoeia herb result,error,,,RuntimeError: HTTPError: HTTP Error 468: 
HERB003979,明党参,skipped_no_chp_blank_fields,,,,error,,,RuntimeError: HTTPError: HTTP Error 468: 
HERB003976,棉籽油,not_found,,,no search results,error,,,RuntimeError: HTTPError: HTTP Error 468: 
HERB003973,棉叶麻风树,not_found,,,no exact pharmacopoeia herb result,error,,,RuntimeError: HTTPError: HTTP Error 468: 
HERB003968,冕宁乌头,not_found,,,no exact pharmacopoeia herb result,error,,,RuntimeError: HTTPError: HTTP Error 468: 
HERB003970,绵头雪莲花,not_found,,,no exact pharmacopoeia herb result,error,,,RuntimeError: HTTPError: HTTP Error 468: 
HERB003972,檰芽,not_found,,,no exact pharmacopoeia herb result,error,,,RuntimeError: HTTPError: HTTP Error 468: 
HERB003980,明矾,not_found,,,no exact pharmacopoeia herb result,error,,,RuntimeError: HTTPError: HTTP Error 468: 
HERB003978,闽皖八角,not_found,,,no search results,error,,,RuntimeError: HTTPError: HTTP Error 468: 
HERB003981,松叶菊,not_found,,,no exact pharmacopoeia herb result,error,,,RuntimeError: HTTPError: HTTP Error 468: 
HERB003982,长柱琉璃草,not_found,,,no exact pharmacopoeia herb result,error,,,RuntimeError: HTTPError: HTTP Error 468: 
HERB003985,蘑菇,not_found,,,no search results,error,,,RuntimeError: HTTPError: HTTP Error 468: 
HERB003988,墨旱莲,skipped_no_chp_blank_fields,,,,error,,,RuntimeError: HTTPError: HTTP Error 468: 
HERB003990,莫雷南洋参,not_found,,,no exact pharmacopoeia herb result,error,,,RuntimeError: HTTPError: HTTP Error 468: 
HERB003991,茉莉花,not_found,,,no search results,error,,,RuntimeError: HTTPError: HTTP Error 468: 
HERB003986,膜果麻黄,not_found,,,no exact pharmacopoeia herb result,error,,,RuntimeError: HTTPError: HTTP Error 468: 
HERB003995,莫桑比克美登木,not_found,,,no exact pharmacopoeia herb result,error,,,RuntimeError: HTTPError: HTTP Error 468: 
HERB003993,莫罗氏忍冬,not_found,,,no exact pharmacopoeia herb result,error,,,RuntimeError: HTTPError: HTTP Error 468: 
HERB004003,抹香鲸,not_found,,,no search results,error,,,RuntimeError: HTTPError: HTTP Error 468: 
HERB003997,墨炭,not_found,,,no exact pharmacopoeia herb result,error,,,RuntimeError: HTTPError: HTTP Error 468: 
HERB004000,墨西哥落羽杉,not_found,,,no search results,error,,,RuntimeError: HTTPError: HTTP Error 468: 
HERB004009,木鳖子,ok,https://ydz.chp.org.cn/#/item?bookId=1&entryId=94,Herb_latin_name|Properties|Meridians|Function|Indication,,error,,,RuntimeError: HTTPError: HTTP Error 468: 
HERB004004,没药,skipped_no_chp_blank_fields,,,,error,,,RuntimeError: HTTPError: HTTP Error 468: 
HERB004001,墨西哥向日葵,not_found,,,no search results,error,,,RuntimeError: HTTPError: HTTP Error 468: 
HERB004011,木鳖子,ok,https://ydz.chp.org.cn/#/item?bookId=1&entryId=94,Herb_latin_name|Properties|Meridians|Function,,error,,,RuntimeError: HTTPError: HTTP Error 468: 
HERB003994,磨盘草,not_found,,,no exact pharmacopoeia herb result,error,,,RuntimeError: HTTPError: HTTP Error 468: 
HERB003996,没食子,not_found,,,no exact pharmacopoeia herb result,error,,,RuntimeError: HTTPError: HTTP Error 468: 
HERB004010,木鳖根,not_found,,,no exact pharmacopoeia herb result,error,,,RuntimeError: HTTPError: HTTP Error 468: 
HERB004008,木半夏根,not_found,,,no exact pharmacopoeia herb result,error,,,RuntimeError: HTTPError: HTTP Error 468: 
HERB004013,牡丹皮,skipped_no_chp_blank_fields,,,,error,,,RuntimeError: HTTPError: HTTP Error 468: 
HERB004014,牧地香豌豆,not_found,,,no search results,error,,,RuntimeError: HTTPError: HTTP Error 468: 
HERB004012,木柴胡,not_found,,,no exact pharmacopoeia herb result,error,,,RuntimeError: HTTPError: HTTP Error 468: 
HERB004015,母丁香,ok,https://ydz.chp.org.cn/#/item?bookId=1&entryId=183,Indication,,error,,,RuntimeError: HTTPError: HTTP Error 468: 
HERB004016,牧豆树,not_found,,,no exact pharmacopoeia herb result,error,,,RuntimeError: HTTPError: HTTP Error 468: 
HERB004018,木耳毒马草,not_found,,,no exact pharmacopoeia herb result,error,,,RuntimeError: HTTPError: HTTP Error 468: 
HERB004021,木瓜,skipped_no_chp_blank_fields,,,,error,,,RuntimeError: HTTPError: HTTP Error 468: 
HERB004017,木耳,not_found,,,no exact pharmacopoeia herb result,error,,,RuntimeError: HTTPError: HTTP Error 468: 
HERB004019,木防己,not_found,,,no exact pharmacopoeia herb result,error,,,RuntimeError: HTTPError: HTTP Error 468: 
HERB004022,木瓜根,not_found,,,no exact pharmacopoeia herb result,error,,,RuntimeError: HTTPError: HTTP Error 468: 
HERB004020,木芙蓉花,not_found,,,no exact pharmacopoeia herb result,error,,,RuntimeError: HTTPError: HTTP Error 468: 
HERB004030,木瑚蝶树皮,not_found,,,no exact pharmacopoeia herb result,error,,,RuntimeError: HTTPError: HTTP Error 468: 
HERB004024,木瓜枝,not_found,,,no exact pharmacopoeia herb result,error,,,RuntimeError: HTTPError: HTTP Error 468: 
HERB004026,牡蒿,not_found,,,no exact pharmacopoeia herb result,error,,,RuntimeError: HTTPError: HTTP Error 468: 
HERB004023,木瓜核,not_found,,,no exact pharmacopoeia herb result,error,,,RuntimeError: HTTPError: HTTP Error 468: 
HERB004031,母鸡,not_found,,,no search results,error,,,RuntimeError: HTTPError: HTTP Error 468: 
HERB004029,木蝴蝶,ok,https://ydz.chp.org.cn/#/item?bookId=1&entryId=93,Properties|Meridians,,error,,,RuntimeError: HTTPError: HTTP Error 468: 
HERB004027,牡蒿根,not_found,,,no exact pharmacopoeia herb result,error,,,RuntimeError: HTTPError: HTTP Error 468: 
HERB004028,木荷,not_found,,,no exact pharmacopoeia herb result,error,,,RuntimeError: HTTPError: HTTP Error 468: 
HERB004025,木桂,not_found,,,no exact pharmacopoeia herb result,error,,,RuntimeError: HTTPError: HTTP Error 468: 
HERB004033,木槿花,not_found,,,no search results,error,,,RuntimeError: HTTPError: HTTP Error 468: 
HERB004032,木槿根,not_found,,,no exact pharmacopoeia herb result,error,,,RuntimeError: HTTPError: HTTP Error 468: 
HERB004039,牡荆,not_found,,,no exact pharmacopoeia herb result,error,,,RuntimeError: HTTPError: HTTP Error 468: 
HERB004034,木槿皮,not_found,,,no exact pharmacopoeia herb result,error,,,RuntimeError: HTTPError: HTTP Error 468: 
HERB004036,牡荆子,not_found,,,no exact pharmacopoeia herb result,error,,,RuntimeError: HTTPError: HTTP Error 468: 
HERB004037,牡荆根,not_found,,,no exact pharmacopoeia herb result,error,,,RuntimeError: HTTPError: HTTP Error 468: 
HERB004035,木槿叶,not_found,,,no exact pharmacopoeia herb result,error,,,RuntimeError: HTTPError: HTTP Error 468: 
HERB004038,牡荆根,not_found,,,no exact pharmacopoeia herb result,error,,,RuntimeError: HTTPError: HTTP Error 468: 
HERB004040,牡荆叶,ok,https://ydz.chp.org.cn/#/item?bookId=1&entryId=268,UsePart|Properties|Meridians,,error,,,RuntimeError: HTTPError: HTTP Error 468: 
HERB004042,牡荆子,not_found,,,no exact pharmacopoeia herb result,error,,,RuntimeError: HTTPError: HTTP Error 468: 
HERB004043,木菊,not_found,,,no exact pharmacopoeia herb result,error,,,RuntimeError: HTTPError: HTTP Error 468: 
HERB004047,木兰,not_found,,,no exact pharmacopoeia herb result,error,,,RuntimeError: HTTPError: HTTP Error 468: 
HERB004049,木榄,not_found,,,no exact pharmacopoeia herb result,error,,,RuntimeError: HTTPError: HTTP Error 468: 
HERB004041,牡荆油,not_found,,,no exact pharmacopoeia herb result,error,,,RuntimeError: HTTPError: HTTP Error 468: 
HERB004050,牡蛎,skipped_no_chp_blank_fields,,,,error,,,RuntimeError: HTTPError: HTTP Error 468: 
HERB004046,穆库尔没药,not_found,,,no exact pharmacopoeia herb result,error,,,RuntimeError: HTTPError: HTTP Error 468: 
HERB004054,木麻黄,not_found,,,no search results,error,,,RuntimeError: HTTPError: HTTP Error 468: 
HERB004055,木棉花,ok,https://ydz.chp.org.cn/#/item?bookId=1&entryId=92,Function,,error,,,RuntimeError: HTTPError: HTTP Error 468: 
HERB004051,木藜芦,not_found,,,no exact pharmacopoeia herb result,error,,,RuntimeError: HTTPError: HTTP Error 468: 
HERB004052,牡蛎肉,not_found,,,no exact pharmacopoeia herb result,error,,,RuntimeError: HTTPError: HTTP Error 468: 
HERB004053,牧马豆,not_found,,,no exact pharmacopoeia herb result,error,,,RuntimeError: HTTPError: HTTP Error 468: 
HERB004056,木薯地上部分,not_found,,,no exact pharmacopoeia herb result,error,,,RuntimeError: HTTPError: HTTP Error 468: 
HERB004057,木藤蓼,not_found,,,no exact pharmacopoeia herb result,error,,,RuntimeError: HTTPError: HTTP Error 468: 
HERB004059,木天蓼,not_found,,,no exact pharmacopoeia herb result,error,,,RuntimeError: HTTPError: HTTP Error 468: 
HERB004058,木蹄层孔菌,not_found,,,no exact pharmacopoeia herb result,error,,,RuntimeError: HTTPError: HTTP Error 468: 
HERB004060,木通,skipped_no_chp_blank_fields,,,,error,,,RuntimeError: HTTPError: HTTP Error 468: 
HERB004061,木通根,not_found,,,no exact pharmacopoeia herb result,error,,,RuntimeError: HTTPError: HTTP Error 468: 
HERB004066,苜蓿根,not_found,,,no exact pharmacopoeia herb result,error,,,RuntimeError: HTTPError: HTTP Error 468: 
HERB004068,木贼,skipped_no_chp_blank_fields,,,,error,,,RuntimeError: HTTPError: HTTP Error 468: 
HERB004067,木叶龙胆,not_found,,,no exact pharmacopoeia herb result,error,,,RuntimeError: HTTPError: HTTP Error 468: 
HERB004074,拿腾,not_found,,,no exact pharmacopoeia herb result,error,,,RuntimeError: HTTPError: HTTP Error 468: 
HERB004065,苜蓿,not_found,,,no search results,error,,,RuntimeError: HTTPError: HTTP Error 468: 
HERB004062,木茼蒿,not_found,,,no exact pharmacopoeia herb result,error,,,RuntimeError: HTTPError: HTTP Error 468: 
HERB004064,木香,skipped_no_chp_blank_fields,,,,error,,,RuntimeError: HTTPError: HTTP Error 468: 
HERB004063,墓头回,not_found,,,no exact pharmacopoeia herb result,error,,,RuntimeError: HTTPError: HTTP Error 468: 
HERB004069,木贼麻黄,not_found,,,no exact pharmacopoeia herb result,error,,,RuntimeError: HTTPError: HTTP Error 468: 
HERB004076,奶桑,not_found,,,no exact pharmacopoeia herb result,error,,,RuntimeError: HTTPError: HTTP Error 468: 
HERB004075,拿腾果,not_found,,,no exact pharmacopoeia herb result,error,,,RuntimeError: HTTPError: HTTP Error 468: 
HERB004077,南川冠唇花,not_found,,,no exact pharmacopoeia herb result,error,,,RuntimeError: HTTPError: HTTP Error 468: 
HERB004079,南川升麻,not_found,,,no exact pharmacopoeia herb result,error,,,RuntimeError: HTTPError: HTTP Error 468: 
HERB004081,南丹参,not_found,,,no exact pharmacopoeia herb result,error,,,RuntimeError: HTTPError: HTTP Error 468: 
HERB004078,南川鹭鸶草,not_found,,,no exact pharmacopoeia herb result,error,,,RuntimeError: HTTPError: HTTP Error 468: 
HERB004083,南方琉璃草,not_found,,,no exact pharmacopoeia herb result,error,,,RuntimeError: HTTPError: HTTP Error 468: 
HERB004091,南瓜,not_found,,,no search results,error,,,RuntimeError: HTTPError: HTTP Error 468: 
HERB004093,南鹤虱,ok,https://ydz.chp.org.cn/#/item?bookId=1&entryId=384,Herb_latin_name|Properties|Meridians|Function,,error,,,RuntimeError: HTTPError: HTTP Error 468: 
HERB004088,南非钩麻,not_found,,,no exact pharmacopoeia herb result,error,,,RuntimeError: HTTPError: HTTP Error 468: 
HERB004102,南沙参,ok,https://ydz.chp.org.cn/#/item?bookId=1&entryId=382,UsePart|Properties|Meridians,,error,,,RuntimeError: HTTPError: HTTP Error 468: 
HERB004096,南美防己,not_found,,,no exact pharmacopoeia herb result,error,,,RuntimeError: HTTPError: HTTP Error 468: 
HERB004099,楠木,not_found,,,no search results,error,,,RuntimeError: HTTPError: HTTP Error 468: 
HERB004095,南轮环藤,not_found,,,no exact pharmacopoeia herb result,error,,,RuntimeError: HTTPError: HTTP Error 468: 
HERB004097,南美牛奶菜,not_found,,,no exact pharmacopoeia herb result,error,,,RuntimeError: HTTPError: HTTP Error 468: 
HERB004103,南山花,not_found,,,no exact pharmacopoeia herb result,error,,,RuntimeError: HTTPError: HTTP Error 468: 
HERB004085,南方欧石楠,not_found,,,no exact pharmacopoeia herb result,error,,,RuntimeError: HTTPError: HTTP Error 468: 
HERB004092,南瓜子,skipped_no_chp_blank_fields,,,,error,,,RuntimeError: HTTPError: HTTP Error 468: 
HERB004106,南蛇藤根,not_found,,,no exact pharmacopoeia herb result,error,,,RuntimeError: HTTPError: HTTP Error 468: 
HERB004086,南方菟丝子,not_found,,,no exact pharmacopoeia herb result,error,,,RuntimeError: HTTPError: HTTP Error 468: 
HERB004104,南山藤,not_found,,,no exact pharmacopoeia herb result,error,,,RuntimeError: HTTPError: HTTP Error 468: 
HERB004100,南欧丹参,not_found,,,no exact pharmacopoeia herb result,error,,,RuntimeError: HTTPError: HTTP Error 468: 
HERB004105,南蛇藤,not_found,,,no exact pharmacopoeia herb result,error,,,RuntimeError: HTTPError: HTTP Error 468: 
HERB004107,南蛇藤果,not_found,,,no search results,error,,,RuntimeError: HTTPError: HTTP Error 468: 
HERB004108,南蛇藤叶子,not_found,,,no exact pharmacopoeia herb result,error,,,RuntimeError: HTTPError: HTTP Error 468: 
HERB004111,南酸枣,not_found,,,no exact pharmacopoeia herb result,error,,,RuntimeError: HTTPError: HTTP Error 468: 
HERB004110,南苏格兰嘉善罗,not_found,,,no exact pharmacopoeia herb result,error,,,RuntimeError: HTTPError: HTTP Error 468: 
HERB004112,南天竹根,not_found,,,no exact pharmacopoeia herb result,error,,,RuntimeError: HTTPError: HTTP Error 468: 
HERB004114,南天竹叶,not_found,,,no exact pharmacopoeia herb result,error,,,RuntimeError: HTTPError: HTTP Error 468: 
HERB004117,南投秋海棠,not_found,,,no search results,error,,,RuntimeError: HTTPError: HTTP Error 468: 
HERB004122,南印度苏铁树果,not_found,,,no exact pharmacopoeia herb result,error,,,RuntimeError: HTTPError: HTTP Error 468: 
HERB004113,南天竹梗,not_found,,,no exact pharmacopoeia herb result,error,,,RuntimeError: HTTPError: HTTP Error 468: 
HERB004124,囊盖丝瓜,not_found,,,no exact pharmacopoeia herb result,error,,,RuntimeError: HTTPError: HTTP Error 468: 
HERB004120,南亚含笑,not_found,,,no search results,error,,,RuntimeError: HTTPError: HTTP Error 468: 
HERB004115,南天竹子,not_found,,,no exact pharmacopoeia herb result,error,,,RuntimeError: HTTPError: HTTP Error 468: 
HERB004118,南五味子,ok,https://ydz.chp.org.cn/#/item?bookId=1&entryId=381,Herb_latin_name|UsePart|Properties|Meridians|Function|Indication,,error,,,RuntimeError: HTTPError: HTTP Error 468: 
HERB004127,硇砂,not_found,,,no exact pharmacopoeia herb result,error,,,RuntimeError: HTTPError: HTTP Error 468: 
HERB004121,南印度穿心莲,not_found,,,no exact pharmacopoeia herb result,error,,,RuntimeError: HTTPError: HTTP Error 468: 
HERB004130,闹羊花子,not_found,,,no exact pharmacopoeia herb result,error,,,RuntimeError: HTTPError: HTTP Error 468: 
HERB004125,囊状毛蕊花,not_found,,,no exact pharmacopoeia herb result,error,,,RuntimeError: HTTPError: HTTP Error 468: 
HERB004128,脑石,not_found,,,no exact pharmacopoeia herb result,error,,,RuntimeError: HTTPError: HTTP Error 468: 
HERB004131,内风消,not_found,,,no exact pharmacopoeia herb result,error,,,RuntimeError: HTTPError: HTTP Error 468: 
HERB004129,闹羊花,ok,https://ydz.chp.org.cn/#/item?bookId=1&entryId=350,Properties|Meridians,,error,,,RuntimeError: HTTPError: HTTP Error 468: 
HERB004126,囊状紫檀,not_found,,,no exact pharmacopoeia herb result,error,,,RuntimeError: HTTPError: HTTP Error 468: 
HERB004132,美国白梣,not_found,,,no exact pharmacopoeia herb result,error,,,RuntimeError: HTTPError: HTTP Error 468: 
HERB004135,内折香茶菜,not_found,,,no exact pharmacopoeia herb result,error,,,RuntimeError: HTTPError: HTTP Error 468: 
HERB004136,嫩叶九里香,not_found,,,no exact pharmacopoeia herb result,error,,,RuntimeError: HTTPError: HTTP Error 468: 
HERB004134,内南五味子,not_found,,,no exact pharmacopoeia herb result,error,,,RuntimeError: HTTPError: HTTP Error 468: 
HERB004141,尼泊尔老鹳草,not_found,,,no exact pharmacopoeia herb result,error,,,RuntimeError: HTTPError: HTTP Error 468: 
HERB004140,尼泊尔独活,not_found,,,no exact pharmacopoeia herb result,error,,,RuntimeError: HTTPError: HTTP Error 468: 
HERB004147,尼泊金乙酯,not_found,,,no exact pharmacopoeia herb result,error,,,RuntimeError: HTTPError: HTTP Error 468: 
HERB004146,尼泊尔羊蹄,not_found,,,no search results,error,,,RuntimeError: HTTPError: HTTP Error 468: 
HERB004150,尼古拉矢车菊,not_found,,,no search results,error,,,RuntimeError: HTTPError: HTTP Error 468: 
HERB004145,尼泊尔五头蛇,not_found,,,no exact pharmacopoeia herb result,error,,,RuntimeError: HTTPError: HTTP Error 468: 
HERB004144,尼泊尔嵩草,not_found,,,no exact pharmacopoeia herb result,error,,,RuntimeError: HTTPError: HTTP Error 468: 
HERB004149,泥东风螺,not_found,,,no exact pharmacopoeia herb result,error,,,RuntimeError: HTTPError: HTTP Error 468: 
HERB004154,尼罗河柽柳,not_found,,,no exact pharmacopoeia herb result,error,,,RuntimeError: HTTPError: HTTP Error 468: 
HERB004152,泥胡菜,not_found,,,no exact pharmacopoeia herb result,error,,,RuntimeError: HTTPError: HTTP Error 468: 
HERB004157,泥炭藓,not_found,,,no search results,error,,,RuntimeError: HTTPError: HTTP Error 468: 
HERB004153,拟金盏菊,not_found,,,no exact pharmacopoeia herb result,error,,,RuntimeError: HTTPError: HTTP Error 468: 
HERB004160,年报春,not_found,,,no exact pharmacopoeia herb result,error,,,RuntimeError: HTTPError: HTTP Error 468: 
HERB004155,尼罗河金银莲,not_found,,,no exact pharmacopoeia herb result,error,,,RuntimeError: HTTPError: HTTP Error 468: 
HERB004163,粘委陵菜,not_found,,,no exact pharmacopoeia herb result,error,,,RuntimeError: HTTPError: HTTP Error 468: 
HERB004159,泥沼木姜子,not_found,,,no exact pharmacopoeia herb result,error,,,RuntimeError: HTTPError: HTTP Error 468: 
HERB004158,拟玉龙乌头,not_found,,,no exact pharmacopoeia herb result,error,,,RuntimeError: HTTPError: HTTP Error 468: 
HERB004162,粘毛鼠尾草,not_found,,,no exact pharmacopoeia herb result,error,,,RuntimeError: HTTPError: HTTP Error 468: 
HERB004169,鲶鱼,not_found,,,no search results,error,,,RuntimeError: HTTPError: HTTP Error 468: 
HERB004165,粘性土木香,not_found,,,no exact pharmacopoeia herb result,error,,,RuntimeError: HTTPError: HTTP Error 468: 
HERB004164,粘性果实酸姜,not_found,,,no exact pharmacopoeia herb result,error,,,RuntimeError: HTTPError: HTTP Error 468: 
HERB004173,宁扁萼苔烯,not_found,,,no search results,error,,,RuntimeError: HTTPError: HTTP Error 468: 
HERB004168,鲶鱼须,not_found,,,no exact pharmacopoeia herb result,error,,,RuntimeError: HTTPError: HTTP Error 468: 
HERB004172,尿泡草,not_found,,,no exact pharmacopoeia herb result,error,,,RuntimeError: HTTPError: HTTP Error 468: 
HERB004176,柠檬,not_found,,,no exact pharmacopoeia herb result,error,,,RuntimeError: HTTPError: HTTP Error 468: 
HERB004175,宁国贝母,not_found,,,no exact pharmacopoeia herb result,error,,,RuntimeError: HTTPError: HTTP Error 468: 
HERB004180,柠檬酸,not_found,,,no exact pharmacopoeia herb result,error,,,RuntimeError: HTTPError: HTTP Error 468: 
HERB004177,柠檬桉叶,not_found,,,no exact pharmacopoeia herb result,error,,,RuntimeError: HTTPError: HTTP Error 468: 
HERB004178,柠檬根,not_found,,,no exact pharmacopoeia herb result,error,,,RuntimeError: HTTPError: HTTP Error 468: 
HERB004181,柠檬叶,not_found,,,no exact pharmacopoeia herb result,error,,,RuntimeError: HTTPError: HTTP Error 468: 
HERB004179,柠檬皮,not_found,,,no search results,error,,,RuntimeError: HTTPError: HTTP Error 468: 
HERB004187,牛蒡根,not_found,,,no exact pharmacopoeia herb result,error,,,RuntimeError: HTTPError: HTTP Error 468: 
HERB004182,宁夏贝母,not_found,,,no exact pharmacopoeia herb result,error,,,RuntimeError: HTTPError: HTTP Error 468: 
HERB004189,牛蒡叶,not_found,,,no exact pharmacopoeia herb result,error,,,RuntimeError: HTTPError: HTTP Error 468: 
HERB004184,宁夏枸杞子,not_found,,,no exact pharmacopoeia herb result,error,,,RuntimeError: HTTPError: HTTP Error 468: 
HERB004188,牛蒡茎叶,not_found,,,no exact pharmacopoeia herb result,error,,,RuntimeError: HTTPError: HTTP Error 468: 
HERB004183,宁夏枸杞根皮,not_found,,,no exact pharmacopoeia herb result,error,,,RuntimeError: HTTPError: HTTP Error 468: 
HERB004191,牛蒡子,skipped_no_chp_blank_fields,,,,error,,,RuntimeError: HTTPError: HTTP Error 468: 
HERB004192,牛鞭,not_found,,,no search results,error,,,RuntimeError: HTTPError: HTTP Error 468: 
HERB004196,牛耳枫子,not_found,,,no exact pharmacopoeia herb result,error,,,RuntimeError: HTTPError: HTTP Error 468: 
HERB004193,牛大力,not_found,,,no exact pharmacopoeia herb result,error,,,RuntimeError: HTTPError: HTTP Error 468: 
HERB004203,牛津千里光,not_found,,,no exact pharmacopoeia herb result,error,,,RuntimeError: HTTPError: HTTP Error 468: 
HERB004197,牛防风,not_found,,,no exact pharmacopoeia herb result,error,,,RuntimeError: HTTPError: HTTP Error 468: 
HERB004201,牛黄,skipped_no_chp_blank_fields,,,,error,,,RuntimeError: HTTPError: HTTP Error 468: 
HERB004199,牛肝,not_found,,,no exact pharmacopoeia herb result,error,,,RuntimeError: HTTPError: HTTP Error 468: 
HERB004194,牛胆,not_found,,,no exact pharmacopoeia herb result,error,,,RuntimeError: HTTPError: HTTP Error 468: 
HERB004198,牛肺,not_found,,,no exact pharmacopoeia herb result,error,,,RuntimeError: HTTPError: HTTP Error 468: 
HERB004202,牛筋果,not_found,,,no exact pharmacopoeia herb result,error,,,RuntimeError: HTTPError: HTTP Error 468: 
HERB004195,牛耳大黄,not_found,,,no exact pharmacopoeia herb result,error,,,RuntimeError: HTTPError: HTTP Error 468: 
HERB004204,牛筋条,not_found,,,no exact pharmacopoeia herb result,error,,,RuntimeError: HTTPError: HTTP Error 468: 
HERB004206,牛皮茶,not_found,,,no exact pharmacopoeia herb result,error,,,RuntimeError: HTTPError: HTTP Error 468: 
HERB004205,牛脑,not_found,,,no exact pharmacopoeia herb result,error,,,RuntimeError: HTTPError: HTTP Error 468: 
HERB004209,牛乳,skipped_no_chp_blank_fields,,,,error,,,RuntimeError: HTTPError: HTTP Error 468: 
HERB004213,牛蹄豆,not_found,,,no exact pharmacopoeia herb result,error,,,RuntimeError: HTTPError: HTTP Error 468: 
HERB004208,扭曲一根草,not_found,,,no exact pharmacopoeia herb result,error,,,RuntimeError: HTTPError: HTTP Error 468: 
HERB004211,牛舌头,not_found,,,no exact pharmacopoeia herb result,error,,,RuntimeError: HTTPError: HTTP Error 468: 
HERB004207,扭曲松叶菊,not_found,,,no exact pharmacopoeia herb result,error,,,RuntimeError: HTTPError: HTTP Error 468: 
HERB004210,牛舌草,not_found,,,no exact pharmacopoeia herb result,error,,,RuntimeError: HTTPError: HTTP Error 468: 
HERB004212,牛肾,not_found,,,no exact pharmacopoeia herb result,error,,,RuntimeError: HTTPError: HTTP Error 468: 
HERB004214,牛尾菜,not_found,,,no exact pharmacopoeia herb result,error,,,RuntimeError: HTTPError: HTTP Error 468: 
HERB004215,牛尾草香茶菜,not_found,,,no exact pharmacopoeia herb result,error,,,RuntimeError: HTTPError: HTTP Error 468: 
HERB004217,牛尾蒿,not_found,,,no exact pharmacopoeia herb result,error,,,RuntimeError: HTTPError: HTTP Error 468: 
HERB004216,牛尾独活,not_found,,,no exact pharmacopoeia herb result,error,,,RuntimeError: HTTPError: HTTP Error 468: 
HERB004218,牛膝,skipped_no_chp_blank_fields,,,,error,,,RuntimeError: HTTPError: HTTP Error 468: 
HERB004219,牛膝茎叶,not_found,,,no exact pharmacopoeia herb result,error,,,RuntimeError: HTTPError: HTTP Error 468: 
HERB004224,牛心茄子,not_found,,,no exact pharmacopoeia herb result,error,,,RuntimeError: HTTPError: HTTP Error 468: 
HERB004221,牛心番荔枝,not_found,,,no exact pharmacopoeia herb result,error,,,RuntimeError: HTTPError: HTTP Error 468: 
HERB004222,牛心粉,not_found,,,no exact pharmacopoeia herb result,error,,,RuntimeError: HTTPError: HTTP Error 468: 
HERB004225,牛玄金合欢,not_found,,,no exact pharmacopoeia herb result,error,,,RuntimeError: HTTPError: HTTP Error 468: 
HERB004220,牛西西,not_found,,,no exact pharmacopoeia herb result,error,,,RuntimeError: HTTPError: HTTP Error 468: 
HERB004234,怒江山茶,not_found,,,no exact pharmacopoeia herb result,error,,,RuntimeError: HTTPError: HTTP Error 468: 
HERB004226,牛血,not_found,,,no exact pharmacopoeia herb result,error,,,RuntimeError: HTTPError: HTTP Error 468: 
HERB004232,农吉利,not_found,,,no search results,error,,,RuntimeError: HTTPError: HTTP Error 468: 
HERB004228,牛眼蟛蜞菊,not_found,,,no exact pharmacopoeia herb result,error,,,RuntimeError: HTTPError: HTTP Error 468: 
HERB004235,女贞根,not_found,,,no exact pharmacopoeia herb result,error,,,RuntimeError: HTTPError: HTTP Error 468: 
HERB004227,牛眼马钱,not_found,,,no exact pharmacopoeia herb result,error,,,RuntimeError: HTTPError: HTTP Error 468: 
HERB004238,糯稻,not_found,,,no search results,error,,,RuntimeError: HTTPError: HTTP Error 468: 
HERB004237,女贞子,skipped_no_chp_blank_fields,,,,error,,,RuntimeError: HTTPError: HTTP Error 468: 
HERB004236,女贞叶,not_found,,,no exact pharmacopoeia herb result,error,,,RuntimeError: HTTPError: HTTP Error 468: 
HERB004239,糯稻根,not_found,,,no search results,error,,,RuntimeError: HTTPError: HTTP Error 468: 
HERB004241,女贞小蜡树,not_found,,,no exact pharmacopoeia herb result,error,,,RuntimeError: HTTPError: HTTP Error 468: 
HERB004244,藕,not_found,,,no exact pharmacopoeia herb result,error,,,RuntimeError: HTTPError: HTTP Error 468: 
HERB004242,女贞子,ok,https://ydz.chp.org.cn/#/item?bookId=1&entryId=63,UsePart,,error,,,RuntimeError: HTTPError: HTTP Error 468: 
HERB004245,欧薄荷,not_found,,,no exact pharmacopoeia herb result,error,,,RuntimeError: HTTPError: HTTP Error 468: 
HERB004250,欧防风,not_found,,,no search results,error,,,RuntimeError: HTTPError: HTTP Error 468: 
HERB004246,欧藏珠,not_found,,,no exact pharmacopoeia herb result,error,,,RuntimeError: HTTPError: HTTP Error 468: 
HERB004247,欧当归,not_found,,,no exact pharmacopoeia herb result,error,,,RuntimeError: HTTPError: HTTP Error 468: 
HERB004252,欧锦葵,not_found,,,no exact pharmacopoeia herb result,error,,,RuntimeError: HTTPError: HTTP Error 468: 
HERB004248,欧地笋,not_found,,,no exact pharmacopoeia herb result,error,,,RuntimeError: HTTPError: HTTP Error 468: 
HERB004251,藕节,ok,https://ydz.chp.org.cn/#/item?bookId=1&entryId=610,UsePart,,error,,,RuntimeError: HTTPError: HTTP Error 468: 
HERB004249,欧丁香,not_found,,,no exact pharmacopoeia herb result,error,,,RuntimeError: HTTPError: HTTP Error 468: 
HERB004253,欧莨菪,not_found,,,no exact pharmacopoeia herb result,error,,,RuntimeError: HTTPError: HTTP Error 468: 
HERB004255,欧列当,not_found,,,no exact pharmacopoeia herb result,error,,,RuntimeError: HTTPError: HTTP Error 468: 
HERB004259,欧前胡,not_found,,,no exact pharmacopoeia herb result,error,,,RuntimeError: HTTPError: HTTP Error 468: 
HERB004258,欧绵马,not_found,,,no exact pharmacopoeia herb result,error,,,RuntimeError: HTTPError: HTTP Error 468: 
HERB004260,欧石楠,not_found,,,no exact pharmacopoeia herb result,error,,,RuntimeError: HTTPError: HTTP Error 468: 
HERB004256,偶曼陀罗根,not_found,,,no exact pharmacopoeia herb result,error,,,RuntimeError: HTTPError: HTTP Error 468: 
HERB004261,欧鼠李,not_found,,,no exact pharmacopoeia herb result,error,,,RuntimeError: HTTPError: HTTP Error 468: 
HERB004262,藕炭,not_found,,,no exact pharmacopoeia herb result,error,,,RuntimeError: HTTPError: HTTP Error 468: 
HERB004268,欧亚槭,not_found,,,no exact pharmacopoeia herb result,error,,,RuntimeError: HTTPError: HTTP Error 468: 
HERB004266,欧夏至草,not_found,,,no exact pharmacopoeia herb result,error,,,RuntimeError: HTTPError: HTTP Error 468: 
HERB004265,欧细辛,not_found,,,no exact pharmacopoeia herb result,error,,,RuntimeError: HTTPError: HTTP Error 468: 
HERB004267,欧亚甘草,not_found,,,no exact pharmacopoeia herb result,error,,,RuntimeError: HTTPError: HTTP Error 468: 
HERB004269,欧亚瑞香,not_found,,,no exact pharmacopoeia herb result,error,,,RuntimeError: HTTPError: HTTP Error 468: 
HERB004270,欧泽芹,not_found,,,no exact pharmacopoeia herb result,error,,,RuntimeError: HTTPError: HTTP Error 468: 
HERB004271,藕汁,skipped_no_chp_blank_fields,,,,error,,,RuntimeError: HTTPError: HTTP Error 468: 
HERB004275,欧洲刺柏,not_found,,,no search results,error,,,RuntimeError: HTTPError: HTTP Error 468: 
HERB004274,欧洲赤松,not_found,,,no search results,error,,,RuntimeError: HTTPError: HTTP Error 468: 
HERB004276,欧洲刺柏变种,not_found,,,no exact pharmacopoeia herb result,error,,,RuntimeError: HTTPError: HTTP Error 468: 
HERB004279,欧洲夹竹桃,not_found,,,no exact pharmacopoeia herb result,error,,,RuntimeError: HTTPError: HTTP Error 468: 
HERB004272,欧洲白蜡树,not_found,,,no exact pharmacopoeia herb result,error,,,RuntimeError: HTTPError: HTTP Error 468: 
HERB004277,欧洲独活,not_found,,,no exact pharmacopoeia herb result,error,,,RuntimeError: HTTPError: HTTP Error 468: 
HERB004280,欧洲蕨,not_found,,,no exact pharmacopoeia herb result,error,,,RuntimeError: HTTPError: HTTP Error 468: 
HERB004283,欧洲李,not_found,,,no search results,error,,,RuntimeError: HTTPError: HTTP Error 468: 
HERB004278,欧洲花楸,not_found,,,no exact pharmacopoeia herb result,error,,,RuntimeError: HTTPError: HTTP Error 468: 
HERB004273,欧洲白栎,not_found,,,no exact pharmacopoeia herb result,error,,,RuntimeError: HTTPError: HTTP Error 468: 
HERB004282,欧洲冷杉,not_found,,,no search results,error,,,RuntimeError: HTTPError: HTTP Error 468: 
HERB004284,欧洲耧斗菜,not_found,,,no search results,error,,,RuntimeError: HTTPError: HTTP Error 468: 
HERB004281,欧洲蓝茉莉?,not_found,,,no exact pharmacopoeia herb result,error,,,RuntimeError: HTTPError: HTTP Error 468: 
HERB004288,欧洲女贞,not_found,,,no exact pharmacopoeia herb result,error,,,RuntimeError: HTTPError: HTTP Error 468: 
HERB004286,欧洲蜜蜂花,not_found,,,no exact pharmacopoeia herb result,error,,,RuntimeError: HTTPError: HTTP Error 468: 
HERB004285,欧洲马兜铃,not_found,,,no exact pharmacopoeia herb result,error,,,RuntimeError: HTTPError: HTTP Error 468: 
HERB004287,欧洲没药,not_found,,,no exact pharmacopoeia herb result,error,,,RuntimeError: HTTPError: HTTP Error 468: 
HERB004289,欧洲萍逢草,not_found,,,no search results,error,,,RuntimeError: HTTPError: HTTP Error 468: 
HERB004292,欧洲七叶树,not_found,,,no exact pharmacopoeia herb result,error,,,RuntimeError: HTTPError: HTTP Error 468: 
HERB004290,欧洲萍逢草,not_found,,,no search results,error,,,RuntimeError: HTTPError: HTTP Error 468: 
HERB004291,欧洲桤木,not_found,,,no exact pharmacopoeia herb result,error,,,RuntimeError: HTTPError: HTTP Error 468: 
HERB004296,欧洲省沽油,not_found,,,no exact pharmacopoeia herb result,error,,,RuntimeError: HTTPError: HTTP Error 468: 
HERB004295,欧洲山杨,not_found,,,no search results,error,,,RuntimeError: HTTPError: HTTP Error 468: 
HERB004297,欧洲水青冈,not_found,,,no search results,error,,,RuntimeError: HTTPError: HTTP Error 468: 
HERB004293,欧洲千里光,not_found,,,no exact pharmacopoeia herb result,error,,,RuntimeError: HTTPError: HTTP Error 468: 
HERB004298,欧洲菘蓝,not_found,,,no exact pharmacopoeia herb result,error,,,RuntimeError: HTTPError: HTTP Error 468: 
HERB004294,欧洲山芥,not_found,,,no exact pharmacopoeia herb result,error,,,RuntimeError: HTTPError: HTTP Error 468: 
HERB004301,欧洲仙客来,not_found,,,no search results,error,,,RuntimeError: HTTPError: HTTP Error 468: 
HERB004300,欧洲卫矛,not_found,,,no search results,error,,,RuntimeError: HTTPError: HTTP Error 468: 
HERB004308,帕里北方十大功劳,not_found,,,no search results,error,,,RuntimeError: HTTPError: HTTP Error 468: 
HERB004302,欧洲小檗,not_found,,,no exact pharmacopoeia herb result,error,,,RuntimeError: HTTPError: HTTP Error 468: 
HERB004303,欧洲云杉,not_found,,,no search results,error,,,RuntimeError: HTTPError: HTTP Error 468: 
HERB004307,帕克夜香树,not_found,,,no exact pharmacopoeia herb result,error,,,RuntimeError: HTTPError: HTTP Error 468: 
HERB004310,排钱草,not_found,,,no exact pharmacopoeia herb result,error,,,RuntimeError: HTTPError: HTTP Error 468: 
HERB004312,攀援臭黄荆,not_found,,,no exact pharmacopoeia herb result,error,,,RuntimeError: HTTPError: HTTP Error 468: 
HERB004313,攀援鱼藤,not_found,,,no search results,error,,,RuntimeError: HTTPError: HTTP Error 468: 
HERB004315,潘庄叶下珠,not_found,,,no exact pharmacopoeia herb result,error,,,RuntimeError: HTTPError: HTTP Error 468: 
HERB004311,排钱草根,not_found,,,no exact pharmacopoeia herb result,error,,,RuntimeError: HTTPError: HTTP Error 468: 
HERB004314,攀枝钩藤,not_found,,,no exact pharmacopoeia herb result,error,,,RuntimeError: HTTPError: HTTP Error 468: 
HERB004316,胖大海,ok,https://ydz.chp.org.cn/#/item?bookId=1&entryId=413,,matched page but chp target columns already had values,error,,,RuntimeError: HTTPError: HTTP Error 468: 
HERB004317,胖大海,ok,https://ydz.chp.org.cn/#/item?bookId=1&entryId=413,Properties|Meridians,,error,,,RuntimeError: HTTPError: HTTP Error 468: 
HERB004318,螃蟹,not_found,,,no exact pharmacopoeia herb result,error,,,RuntimeError: HTTPError: HTTP Error 468: 
HERB004324,泡泡树,not_found,,,no exact pharmacopoeia herb result,error,,,RuntimeError: HTTPError: HTTP Error 468: 
HERB004321,炮诃子,skipped_no_chp_blank_fields,,,,error,,,RuntimeError: HTTPError: HTTP Error 468: 
HERB004319,炮弹果,not_found,,,no exact pharmacopoeia herb result,error,,,RuntimeError: HTTPError: HTTP Error 468: 
HERB004323,泡囊草,not_found,,,no exact pharmacopoeia herb result,error,,,RuntimeError: HTTPError: HTTP Error 468: 
HERB004322,炮姜,skipped_no_chp_blank_fields,,,,error,,,RuntimeError: HTTPError: HTTP Error 468: 
HERB004325,炮山甲,not_found,,,no exact pharmacopoeia herb result,error,,,RuntimeError: HTTPError: HTTP Error 468: 
HERB004327,泡桐果,not_found,,,no exact pharmacopoeia herb result,error,,,RuntimeError: HTTPError: HTTP Error 468: 
HERB004326,泡桐,not_found,,,no search results,error,,,RuntimeError: HTTPError: HTTP Error 468: 
HERB004329,泡状番荔枝,not_found,,,no exact pharmacopoeia herb result,error,,,RuntimeError: HTTPError: HTTP Error 468: 
HERB004330,佩兰,skipped_no_chp_blank_fields,,,,error,,,RuntimeError: HTTPError: HTTP Error 468: 
HERB004328,泡桐花,not_found,,,no exact pharmacopoeia herb result,error,,,RuntimeError: HTTPError: HTTP Error 468: 
HERB004339,硼砂,not_found,,,no exact pharmacopoeia herb result,error,,,RuntimeError: HTTPError: HTTP Error 468: 
HERB004334,盆架树,not_found,,,no exact pharmacopoeia herb result,error,,,RuntimeError: HTTPError: HTTP Error 468: 
HERB004333,喷瓜,not_found,,,no exact pharmacopoeia herb result,error,,,RuntimeError: HTTPError: HTTP Error 468: 
HERB004341,彭县雪胆,not_found,,,no search results,error,,,RuntimeError: HTTPError: HTTP Error 468: 
HERB004337,蓬莱草,not_found,,,no exact pharmacopoeia herb result,error,,,RuntimeError: HTTPError: HTTP Error 468: 
HERB004338,蟛蜞菊,not_found,,,no exact pharmacopoeia herb result,error,,,RuntimeError: HTTPError: HTTP Error 468: 
HERB004336,蓬莪术,not_found,,,no exact pharmacopoeia herb result,error,,,RuntimeError: HTTPError: HTTP Error 468: 
HERB004345,啤酒花,not_found,,,no search results,error,,,RuntimeError: HTTPError: HTTP Error 468: 
HERB004343,脾寒草,not_found,,,no exact pharmacopoeia herb result,error,,,RuntimeError: HTTPError: HTTP Error 468: 
HERB004342,蓬子菜,not_found,,,no exact pharmacopoeia herb result,error,,,RuntimeError: HTTPError: HTTP Error 468: 
HERB004344,脾寒草根?,not_found,,,no exact pharmacopoeia herb result,error,,,RuntimeError: HTTPError: HTTP Error 468: 
HERB004347,霹雳萝芙木,not_found,,,no search results,error,,,RuntimeError: HTTPError: HTTP Error 468: 
HERB004348,枇杷,not_found,,,no exact pharmacopoeia herb result,error,,,RuntimeError: HTTPError: HTTP Error 468: 
HERB004346,啤酒花菟丝子,not_found,,,no exact pharmacopoeia herb result,error,,,RuntimeError: HTTPError: HTTP Error 468: 
HERB004350,枇杷叶,skipped_no_chp_blank_fields,,,,error,,,RuntimeError: HTTPError: HTTP Error 468: 
HERB004349,枇杷核,not_found,,,no exact pharmacopoeia herb result,error,,,RuntimeError: HTTPError: HTTP Error 468: 
HERB004351,皮契茄,not_found,,,no exact pharmacopoeia herb result,error,,,RuntimeError: HTTPError: HTTP Error 468: 
HERB004354,铍针杜茎山,not_found,,,no exact pharmacopoeia herb result,error,,,RuntimeError: HTTPError: HTTP Error 468: 
HERB004352,皮哨子,not_found,,,no exact pharmacopoeia herb result,error,,,RuntimeError: HTTPError: HTTP Error 468: 
HERB004360,偏翅唐松草,not_found,,,no search results,error,,,RuntimeError: HTTPError: HTTP Error 468: 
HERB004357,披针叶钩藤,not_found,,,no exact pharmacopoeia herb result,error,,,RuntimeError: HTTPError: HTTP Error 468: 
HERB004358,披针叶黄肉楠,not_found,,,no search results,error,,,RuntimeError: HTTPError: HTTP Error 468: 
HERB004361,偏翅唐松草根,not_found,,,no search results,error,,,RuntimeError: HTTPError: HTTP Error 468: 
HERB004359,披针叶南五味子,not_found,,,no exact pharmacopoeia herb result,error,,,RuntimeError: HTTPError: HTTP Error 468: 
HERB004362,片姜黄,ok,https://ydz.chp.org.cn/#/item?bookId=1&entryId=108,Properties|Meridians,,error,,,RuntimeError: HTTPError: HTTP Error 468: 
HERB004364,苤蓝,not_found,,,no search results,error,,,RuntimeError: HTTPError: HTTP Error 468: 
HERB004371,萍逢草,not_found,,,no exact pharmacopoeia herb result,error,,,RuntimeError: HTTPError: HTTP Error 468: 
HERB004367,平车前,not_found,,,no exact pharmacopoeia herb result,error,,,RuntimeError: HTTPError: HTTP Error 468: 
HERB004366,平贝母,ok,https://ydz.chp.org.cn/#/item?bookId=1&entryId=143,Properties|Meridians,,error,,,RuntimeError: HTTPError: HTTP Error 468: 
HERB004370,瓶尔小草,not_found,,,no exact pharmacopoeia herb result,error,,,RuntimeError: HTTPError: HTTP Error 468: 
HERB004363,飘拂草,not_found,,,no exact pharmacopoeia herb result,error,,,RuntimeError: HTTPError: HTTP Error 468: 
HERB004372,苹果,skipped_no_chp_blank_fields,,,,error,,,RuntimeError: HTTPError: HTTP Error 468: 
HERB004373,苹果海棠,not_found,,,no exact pharmacopoeia herb result,error,,,RuntimeError: HTTPError: HTTP Error 468: 
HERB004375,平滑蜂斗菜,not_found,,,no exact pharmacopoeia herb result,error,,,RuntimeError: HTTPError: HTTP Error 468: 
HERB004382,平羽凤尾蕨,not_found,,,no search results,error,,,RuntimeError: HTTPError: HTTP Error 468: 
HERB004374,平滑发亮钩藤,not_found,,,no exact pharmacopoeia herb result,error,,,RuntimeError: HTTPError: HTTP Error 468: 
HERB004378,萍蓬草,not_found,,,no exact pharmacopoeia herb result,error,,,RuntimeError: HTTPError: HTTP Error 468: 
HERB004380,平千里光,not_found,,,no exact pharmacopoeia herb result,error,,,RuntimeError: HTTPError: HTTP Error 468: 
HERB004383,平原巴豆,not_found,,,no exact pharmacopoeia herb result,error,,,RuntimeError: HTTPError: HTTP Error 468: 
HERB004388,婆罗门皂荚,not_found,,,no exact pharmacopoeia herb result,error,,,RuntimeError: HTTPError: HTTP Error 468: 
HERB004384,平展角茴香,not_found,,,no exact pharmacopoeia herb result,error,,,RuntimeError: HTTPError: HTTP Error 468: 
HERB004387,破故纸,skipped_no_chp_blank_fields,,,,error,,,RuntimeError: HTTPError: HTTP Error 468: 
HERB004389,婆罗洲钩藤,not_found,,,no exact pharmacopoeia herb result,error,,,RuntimeError: HTTPError: HTTP Error 468: 
HERB004386,破布叶,not_found,,,no exact pharmacopoeia herb result,error,,,RuntimeError: HTTPError: HTTP Error 468: 
HERB004391,铺地蜈蚣,not_found,,,no exact pharmacopoeia herb result,error,,,RuntimeError: HTTPError: HTTP Error 468: 
HERB004381,平卧稻花,not_found,,,no exact pharmacopoeia herb result,error,,,RuntimeError: HTTPError: HTTP Error 468: 
HERB004393,普洱茶,not_found,,,no exact pharmacopoeia herb result,error,,,RuntimeError: HTTPError: HTTP Error 468: 
HERB004396,匍匐筋骨草,not_found,,,no exact pharmacopoeia herb result,error,,,RuntimeError: HTTPError: HTTP Error 468: 
HERB004394,普尔迪罗汉松,not_found,,,no exact pharmacopoeia herb result,error,,,RuntimeError: HTTPError: HTTP Error 468: 
HERB004399,匍匐十大功劳,not_found,,,no exact pharmacopoeia herb result,error,,,RuntimeError: HTTPError: HTTP Error 468: 
HERB004395,扑尔敏,not_found,,,no search results,error,,,RuntimeError: HTTPError: HTTP Error 468: 
HERB004398,匍匐枪刀药,not_found,,,no exact pharmacopoeia herb result,error,,,RuntimeError: HTTPError: HTTP Error 468: 
HERB004400,普格乌头,not_found,,,no exact pharmacopoeia herb result,error,,,RuntimeError: HTTPError: HTTP Error 468: 
HERB004397,匍匐茎兔耳草,not_found,,,no exact pharmacopoeia herb result,error,,,RuntimeError: HTTPError: HTTP Error 468: 
HERB004402,蒲黄,skipped_no_chp_blank_fields,,,,error,,,RuntimeError: HTTPError: HTTP Error 468: 
HERB004401,蒲公英,skipped_no_chp_blank_fields,,,,error,,,RuntimeError: HTTPError: HTTP Error 468: 
HERB004403,蒲黄炭,skipped_no_chp_blank_fields,,,,error,,,RuntimeError: HTTPError: HTTP Error 468: 
HERB004407,葡萄,not_found,,,no exact pharmacopoeia herb result,error,,,RuntimeError: HTTPError: HTTP Error 468: 
HERB004409,葡萄糖,not_found,,,no exact pharmacopoeia herb result,error,,,RuntimeError: HTTPError: HTTP Error 468: 
HERB004406,葡萄,not_found,,,no exact pharmacopoeia herb result,error,,,RuntimeError: HTTPError: HTTP Error 468: 
HERB004416,普通苍耳?,not_found,,,no exact pharmacopoeia herb result,error,,,RuntimeError: HTTPError: HTTP Error 468: 
HERB004410,葡萄藤叶,not_found,,,no exact pharmacopoeia herb result,error,,,RuntimeError: HTTPError: HTTP Error 468: 
HERB004417,普通鹿蹄草,not_found,,,no exact pharmacopoeia herb result,error,,,RuntimeError: HTTPError: HTTP Error 468: 
HERB004412,葡萄柚,not_found,,,no search results,error,,,RuntimeError: HTTPError: HTTP Error 468: 
HERB004413,葡萄柚大红菊杂交种,not_found,,,no search results,error,,,RuntimeError: HTTPError: HTTP Error 468: 
HERB004419,普通悬钩子,not_found,,,no exact pharmacopoeia herb result,error,,,RuntimeError: HTTPError: HTTP Error 468: 
HERB004421,普通獐牙菜,not_found,,,no exact pharmacopoeia herb result,error,,,RuntimeError: HTTPError: HTTP Error 468: 
HERB004418,普通豚草,not_found,,,no exact pharmacopoeia herb result,error,,,RuntimeError: HTTPError: HTTP Error 468: 
HERB004411,葡萄叶木槿,not_found,,,no exact pharmacopoeia herb result,error,,,RuntimeError: HTTPError: HTTP Error 468: 
HERB004420,普通远志,not_found,,,no exact pharmacopoeia herb result,error,,,RuntimeError: HTTPError: HTTP Error 468: 
HERB004414,菩提树花,not_found,,,no exact pharmacopoeia herb result,error,,,RuntimeError: HTTPError: HTTP Error 468: 
HERB004422,浦叶山悠子,not_found,,,no exact pharmacopoeia herb result,error,,,RuntimeError: HTTPError: HTTP Error 468: 
HERB004424,蒲桃,not_found,,,no exact pharmacopoeia herb result,error,,,RuntimeError: HTTPError: HTTP Error 468: 
HERB004423,欧洲葡萄,not_found,,,no exact pharmacopoeia herb result,error,,,RuntimeError: HTTPError: HTTP Error 468: 
HERB004426,蛴螬,not_found,,,no exact pharmacopoeia herb result,error,,,RuntimeError: HTTPError: HTTP Error 468: 
HERB004425,祁白芷,not_found,,,no exact pharmacopoeia herb result,error,,,RuntimeError: HTTPError: HTTP Error 468: 
HERB004427,齐墩果,not_found,,,no exact pharmacopoeia herb result,error,,,RuntimeError: HTTPError: HTTP Error 468: 
HERB004430,七国九里香?,not_found,,,no exact pharmacopoeia herb result,error,,,RuntimeError: HTTPError: HTTP Error 468: 
HERB004433,麒麟菜,not_found,,,no exact pharmacopoeia herb result,error,,,RuntimeError: HTTPError: HTTP Error 468: 
HERB004434,麒麟竭,not_found,,,no exact pharmacopoeia herb result,error,,,RuntimeError: HTTPError: HTTP Error 468: 
HERB004431,七国千里香,not_found,,,no exact pharmacopoeia herb result,error,,,RuntimeError: HTTPError: HTTP Error 468: 
HERB004438,七叶黄皮,not_found,,,no exact pharmacopoeia herb result,error,,,RuntimeError: HTTPError: HTTP Error 468: 
HERB004428,齐墩果酸,not_found,,,no exact pharmacopoeia herb result,error,,,RuntimeError: HTTPError: HTTP Error 468: 
HERB004435,畦畔莎草,not_found,,,no exact pharmacopoeia herb result,error,,,RuntimeError: HTTPError: HTTP Error 468: 
HERB004429,漆姑草,not_found,,,no exact pharmacopoeia herb result,error,,,RuntimeError: HTTPError: HTTP Error 468: 
HERB004440,槭叶盘果菊,not_found,,,no exact pharmacopoeia herb result,error,,,RuntimeError: HTTPError: HTTP Error 468: 
HERB004439,七叶莲,not_found,,,no exact pharmacopoeia herb result,error,,,RuntimeError: HTTPError: HTTP Error 468: 
HERB004441,七叶树,not_found,,,no exact pharmacopoeia herb result,error,,,RuntimeError: HTTPError: HTTP Error 468: 
HERB004445,杞子,skipped_no_chp_blank_fields,,,,error,,,RuntimeError: HTTPError: HTTP Error 468: 
HERB004462,千里光,ok,https://ydz.chp.org.cn/#/item?bookId=1&entryId=47,Meridians,,skipped_no_remaining_blank_fields,,,
HERB004444,祁州一枝蒿,not_found,,,no exact pharmacopoeia herb result,error,,,RuntimeError: HTTPError: HTTP Error 468: 
HERB004446,茜草,ok,https://ydz.chp.org.cn/#/item?bookId=1&entryId=365,UsePart,,error,,,RuntimeError: HTTPError: HTTP Error 468: 
HERB004449,千层塔,not_found,,,no search results,error,,,RuntimeError: HTTPError: HTTP Error 468: 
HERB004447,茜草根,not_found,,,no exact pharmacopoeia herb result,error,,,RuntimeError: HTTPError: HTTP Error 468: 
HERB004448,茜草藤,not_found,,,no exact pharmacopoeia herb result,error,,,RuntimeError: HTTPError: HTTP Error 468: 
HERB004451,铅粉,not_found,,,no search results,error,,,RuntimeError: HTTPError: HTTP Error 468: 
HERB004443,奇异葡萄风信子,not_found,,,no exact pharmacopoeia herb result,error,,,RuntimeError: HTTPError: HTTP Error 468: 
HERB004450,铅丹,not_found,,,no search results,error,,,RuntimeError: HTTPError: HTTP Error 468: 
HERB004452,头花千金藤,not_found,,,no exact pharmacopoeia herb result,error,,,RuntimeError: HTTPError: HTTP Error 468: 
HERB004457,千斤拔,not_found,,,no exact pharmacopoeia herb result,error,,,RuntimeError: HTTPError: HTTP Error 468: 
HERB004459,千金藤,not_found,,,no exact pharmacopoeia herb result,error,,,RuntimeError: HTTPError: HTTP Error 468: 
HERB004453,前胡,skipped_no_chp_blank_fields,,,,error,,,RuntimeError: HTTPError: HTTP Error 468: 
HERB004458,千金花,not_found,,,no exact pharmacopoeia herb result,error,,,RuntimeError: HTTPError: HTTP Error 468: 
HERB004455,浅灰毛冠菊,not_found,,,no exact pharmacopoeia herb result,error,,,RuntimeError: HTTPError: HTTP Error 468: 
HERB004461,千金子霜,ok,https://ydz.chp.org.cn/#/item?bookId=1&entryId=49,Properties|Meridians,,error,,,RuntimeError: HTTPError: HTTP Error 468: 
HERB004456,千解草,not_found,,,no exact pharmacopoeia herb result,error,,,RuntimeError: HTTPError: HTTP Error 468: 
HERB004454,浅灰钩藤,not_found,,,no exact pharmacopoeia herb result,error,,,RuntimeError: HTTPError: HTTP Error 468: 
HERB004460,千金子,ok,https://ydz.chp.org.cn/#/item?bookId=1&entryId=48,Properties|Meridians,,error,,,RuntimeError: HTTPError: HTTP Error 468: 
HERB004463,浅裂鳞毛蕨,not_found,,,no exact pharmacopoeia herb result,error,,,RuntimeError: HTTPError: HTTP Error 468: 
HERB004465,荨麻,not_found,,,no search results,error,,,RuntimeError: HTTPError: HTTP Error 468: 
HERB004467,千年不烂心,not_found,,,no exact pharmacopoeia herb result,error,,,RuntimeError: HTTPError: HTTP Error 468: 
HERB004468,千年健,ok,https://ydz.chp.org.cn/#/item?bookId=1&entryId=46,UsePart,,error,,,RuntimeError: HTTPError: HTTP Error 468: 
HERB004464,黔岭淫羊藿,not_found,,,no exact pharmacopoeia herb result,error,,,RuntimeError: HTTPError: HTTP Error 468: 
HERB004470,千屈菜,not_found,,,no exact pharmacopoeia herb result,error,,,RuntimeError: HTTPError: HTTP Error 468: 
HERB004471,千日红,not_found,,,no search results,error,,,RuntimeError: HTTPError: HTTP Error 468: 
HERB004472,芡实,ok,https://ydz.chp.org.cn/#/item?bookId=1&entryId=252,,matched page but chp target columns already had values,error,,,RuntimeError: HTTPError: HTTP Error 468: 
HERB004474,芡实茎,not_found,,,no exact pharmacopoeia herb result,error,,,RuntimeError: HTTPError: HTTP Error 468: 
HERB004473,芡实根,not_found,,,no exact pharmacopoeia herb result,error,,,RuntimeError: HTTPError: HTTP Error 468: 
HERB004475,芡实叶,not_found,,,no exact pharmacopoeia herb result,error,,,RuntimeError: HTTPError: HTTP Error 468: 
HERB004480,蜣螂,not_found,,,no exact pharmacopoeia herb result,error,,,RuntimeError: HTTPError: HTTP Error 468: 
HERB004479,羌活,skipped_no_chp_blank_fields,,,,error,,,RuntimeError: HTTPError: HTTP Error 468: 
HERB004484,巧茶,not_found,,,no exact pharmacopoeia herb result,error,,,RuntimeError: HTTPError: HTTP Error 468: 
HERB004490,乔木刺桐,not_found,,,no exact pharmacopoeia herb result,error,,,RuntimeError: HTTPError: HTTP Error 468: 
HERB004489,荞麦秸,not_found,,,no search results,error,,,RuntimeError: HTTPError: HTTP Error 468: 
HERB004483,鞘柄菝葜,not_found,,,no exact pharmacopoeia herb result,error,,,RuntimeError: HTTPError: HTTP Error 468: 
HERB004488,荞麦,not_found,,,no exact pharmacopoeia herb result,error,,,RuntimeError: HTTPError: HTTP Error 468: 
HERB004496,乔木紫珠,not_found,,,no exact pharmacopoeia herb result,error,,,RuntimeError: HTTPError: HTTP Error 468: 
HERB004492,乔木芍药,not_found,,,no exact pharmacopoeia herb result,error,,,RuntimeError: HTTPError: HTTP Error 468: 
HERB004491,乔木胡椒,not_found,,,no exact pharmacopoeia herb result,error,,,RuntimeError: HTTPError: HTTP Error 468: 
HERB004481,蔷薇根,not_found,,,no exact pharmacopoeia herb result,error,,,RuntimeError: HTTPError: HTTP Error 468: 
HERB004497,鞘石豆兰,not_found,,,no exact pharmacopoeia herb result,error,,,RuntimeError: HTTPError: HTTP Error 468: 
HERB004498,荞头,not_found,,,no exact pharmacopoeia herb result,error,,,RuntimeError: HTTPError: HTTP Error 468: 
HERB004499,茄蒂,not_found,,,no exact pharmacopoeia herb result,error,,,RuntimeError: HTTPError: HTTP Error 468: 
HERB004493,乔木状黄牛木,not_found,,,no exact pharmacopoeia herb result,error,,,RuntimeError: HTTPError: HTTP Error 468: 
HERB004500,茄根,not_found,,,no exact pharmacopoeia herb result,error,,,RuntimeError: HTTPError: HTTP Error 468: 
HERB004504,芹菜,not_found,,,no exact pharmacopoeia herb result,error,,,RuntimeError: HTTPError: HTTP Error 468: 
HERB004501,茄花,not_found,,,no exact pharmacopoeia herb result,error,,,RuntimeError: HTTPError: HTTP Error 468: 
HERB004502,茄叶,not_found,,,no exact pharmacopoeia herb result,error,,,RuntimeError: HTTPError: HTTP Error 468: 
HERB004503,茄子,not_found,,,no search results,error,,,RuntimeError: HTTPError: HTTP Error 468: 
HERB004505,秦蒿,not_found,,,no exact pharmacopoeia herb result,error,,,RuntimeError: HTTPError: HTTP Error 468: 
HERB004507,秦艽,skipped_no_chp_blank_fields,,,,error,,,RuntimeError: HTTPError: HTTP Error 468: 
HERB004510,秦岭翠雀花,not_found,,,no search results,error,,,RuntimeError: HTTPError: HTTP Error 468: 
HERB004509,秦岭白蜡树,not_found,,,no exact pharmacopoeia herb result,error,,,RuntimeError: HTTPError: HTTP Error 468: 
HERB004512,秦岭珠子参,not_found,,,no exact pharmacopoeia herb result,error,,,RuntimeError: HTTPError: HTTP Error 468: 
HERB004508,秦艽花,not_found,,,no exact pharmacopoeia herb result,error,,,RuntimeError: HTTPError: HTTP Error 468: 
HERB004517,轻粉,ok,https://ydz.chp.org.cn/#/item?bookId=1&entryId=398,,matched page but chp target columns already had values,error,,,RuntimeError: HTTPError: HTTP Error 468: 
HERB004518,青风藤,ok,https://ydz.chp.org.cn/#/item?bookId=1&entryId=300,Herb_latin_name|UsePart|Properties|Meridians|Function,,error,,,RuntimeError: HTTPError: HTTP Error 468: 
HERB004516,青黛,ok,https://ydz.chp.org.cn/#/item?bookId=1&entryId=307,,matched page but chp target columns already had values,error,,,RuntimeError: HTTPError: HTTP Error 468: 
HERB004513,秦皮,ok,https://ydz.chp.org.cn/#/item?bookId=1&entryId=426,,matched page but chp target columns already had values,error,,,RuntimeError: HTTPError: HTTP Error 468: 
HERB004522,青蒿子,skipped_no_chp_blank_fields,,,,error,,,RuntimeError: HTTPError: HTTP Error 468: 
HERB004519,青果,ok,https://ydz.chp.org.cn/#/item?bookId=1&entryId=303,Herb_latin_name|UsePart|Properties|Meridians|Function,,error,,,RuntimeError: HTTPError: HTTP Error 468: 
HERB004520,青蒿,skipped_no_chp_blank_fields,,,,error,,,RuntimeError: HTTPError: HTTP Error 468: 
HERB004523,青椒,not_found,,,no exact pharmacopoeia herb result,error,,,RuntimeError: HTTPError: HTTP Error 468: 
HERB004524,青金石,not_found,,,no exact pharmacopoeia herb result,error,,,RuntimeError: HTTPError: HTTP Error 468: 
HERB004521,青蒿根,not_found,,,no exact pharmacopoeia herb result,error,,,RuntimeError: HTTPError: HTTP Error 468: 
HERB004527,苘麻子,ok,https://ydz.chp.org.cn/#/item?bookId=1&entryId=315,Properties|Meridians,,error,,,RuntimeError: HTTPError: HTTP Error 468: 
HERB004525,清凉百合,not_found,,,no exact pharmacopoeia herb result,error,,,RuntimeError: HTTPError: HTTP Error 468: 
HERB004526,青龙齿,not_found,,,no exact pharmacopoeia herb result,error,,,RuntimeError: HTTPError: HTTP Error 468: 
HERB004528,青梅,not_found,,,no search results,error,,,RuntimeError: HTTPError: HTTP Error 468: 
HERB004531,青木香,skipped_no_chp_blank_fields,,,,error,,,RuntimeError: HTTPError: HTTP Error 468: 
HERB004530,清明花,not_found,,,no exact pharmacopoeia herb result,error,,,RuntimeError: HTTPError: HTTP Error 468: 
HERB004534,青皮,ok,https://ydz.chp.org.cn/#/item?bookId=1&entryId=302,UsePart,,error,,,RuntimeError: HTTPError: HTTP Error 468: 
HERB004535,青钱柳,not_found,,,no exact pharmacopoeia herb result,error,,,RuntimeError: HTTPError: HTTP Error 468: 
HERB004529,青礞石,ok,https://ydz.chp.org.cn/#/item?bookId=1&entryId=306,,matched page but chp target columns already had values,error,,,RuntimeError: HTTPError: HTTP Error 468: 
HERB004537,青蒜,not_found,,,no search results,error,,,RuntimeError: HTTPError: HTTP Error 468: 
HERB004533,青牛胆,not_found,,,no exact pharmacopoeia herb result,error,,,RuntimeError: HTTPError: HTTP Error 468: 
HERB004536,青蛇藤,not_found,,,no exact pharmacopoeia herb result,error,,,RuntimeError: HTTPError: HTTP Error 468: 
HERB004532,青娘子,not_found,,,no exact pharmacopoeia herb result,error,,,RuntimeError: HTTPError: HTTP Error 468: 
HERB004538,青藤香,not_found,,,no exact pharmacopoeia herb result,error,,,RuntimeError: HTTPError: HTTP Error 468: 
HERB004539,青天葵,not_found,,,no exact pharmacopoeia herb result,error,,,RuntimeError: HTTPError: HTTP Error 468: 
HERB004540,青蛙,not_found,,,no search results,error,,,RuntimeError: HTTPError: HTTP Error 468: 
HERB004541,青蛙蛋,not_found,,,no exact pharmacopoeia herb result,error,,,RuntimeError: HTTPError: HTTP Error 468: 
HERB004543,青葙子,ok,https://ydz.chp.org.cn/#/item?bookId=1&entryId=304,Herb_latin_name|Properties|Meridians|Function,,error,,,RuntimeError: HTTPError: HTTP Error 468: 
HERB004542,清香木姜子,not_found,,,no exact pharmacopoeia herb result,error,,,RuntimeError: HTTPError: HTTP Error 468: 
HERB004546,青叶胆,skipped_no_chp_blank_fields,,,,error,,,RuntimeError: HTTPError: HTTP Error 468: 
HERB004547,青子牵牛,not_found,,,no exact pharmacopoeia herb result,error,,,RuntimeError: HTTPError: HTTP Error 468: 
HERB004548,青紫苏,not_found,,,no exact pharmacopoeia herb result,error,,,RuntimeError: HTTPError: HTTP Error 468: 
HERB004545,清洋参,not_found,,,no exact pharmacopoeia herb result,error,,,RuntimeError: HTTPError: HTTP Error 468: 
HERB004549,秋枫木,not_found,,,no exact pharmacopoeia herb result,error,,,RuntimeError: HTTPError: HTTP Error 468: 
HERB004552,球花牛奶菜,not_found,,,no exact pharmacopoeia herb result,error,,,RuntimeError: HTTPError: HTTP Error 468: 
HERB004572,当归,ok,https://ydz.chp.org.cn/#/item?bookId=1&entryId=204,UsePart|Properties|Meridians|Function|Indication,,ok,https://www.dayi.org.cn/cmedical/300362.html,Toxicity|Therapeutic_cn_class,
HERB004553,球花醉鱼草,not_found,,,no exact pharmacopoeia herb result,error,,,RuntimeError: HTTPError: HTTP Error 468: 
HERB004551,球花党参,not_found,,,no exact pharmacopoeia herb result,error,,,RuntimeError: HTTPError: HTTP Error 468: 
HERB004550,秋福寿草,not_found,,,no exact pharmacopoeia herb result,error,,,RuntimeError: HTTPError: HTTP Error 468: 
HERB004561,球穗千斤拔,not_found,,,no exact pharmacopoeia herb result,error,,,RuntimeError: HTTPError: HTTP Error 468: 
HERB004560,秋水仙常春藤,not_found,,,no exact pharmacopoeia herb result,error,,,RuntimeError: HTTPError: HTTP Error 468: 
HERB004558,美登木,not_found,,,no exact pharmacopoeia herb result,error,,,RuntimeError: HTTPError: HTTP Error 468: 
HERB004556,球蕊五味子,not_found,,,no exact pharmacopoeia herb result,error,,,RuntimeError: HTTPError: HTTP Error 468: 
HERB004567,驱虫草,not_found,,,no exact pharmacopoeia herb result,error,,,RuntimeError: HTTPError: HTTP Error 468: 
HERB004555,秋茄树,not_found,,,no exact pharmacopoeia herb result,error,,,RuntimeError: HTTPError: HTTP Error 468: 
HERB004559,秋水仙,not_found,,,no exact pharmacopoeia herb result,error,,,RuntimeError: HTTPError: HTTP Error 468: 
HERB004563,蚯蚓,not_found,,,no search results,error,,,RuntimeError: HTTPError: HTTP Error 468: 
HERB004554,秋木瓜,not_found,,,no exact pharmacopoeia herb result,error,,,RuntimeError: HTTPError: HTTP Error 468: 
HERB004562,球药隔重楼,not_found,,,no exact pharmacopoeia herb result,error,,,RuntimeError: HTTPError: HTTP Error 468: 
HERB004566,驱虫斑鸠菊,not_found,,,no exact pharmacopoeia herb result,error,,,RuntimeError: HTTPError: HTTP Error 468: 
HERB004568,驱虫合欢,not_found,,,no exact pharmacopoeia herb result,error,,,RuntimeError: HTTPError: HTTP Error 468: 
HERB004569,瞿麦,skipped_no_chp_blank_fields,,,,error,,,RuntimeError: HTTPError: HTTP Error 468: 
HERB004565,球状破布木,not_found,,,no exact pharmacopoeia herb result,error,,,RuntimeError: HTTPError: HTTP Error 468: 
HERB004570,苣荬菜,not_found,,,no search results,error,,,RuntimeError: HTTPError: HTTP Error 468: 
HERB004573,区域草地老鹳草,not_found,,,no exact pharmacopoeia herb result,error,,,RuntimeError: HTTPError: HTTP Error 468: 
HERB004575,犬齿蔷薇,not_found,,,no search results,error,,,RuntimeError: HTTPError: HTTP Error 468: 
HERB004576,拳距瓜叶乌头,not_found,,,no exact pharmacopoeia herb result,error,,,RuntimeError: HTTPError: HTTP Error 468: 
HERB004571,屈曲花,not_found,,,no exact pharmacopoeia herb result,error,,,RuntimeError: HTTPError: HTTP Error 468: 
HERB004574,曲轴海金沙,not_found,,,no exact pharmacopoeia herb result,error,,,RuntimeError: HTTPError: HTTP Error 468: 
HERB004581,全叶延胡索,not_found,,,no exact pharmacopoeia herb result,error,,,RuntimeError: HTTPError: HTTP Error 468: 
HERB004585,全缘叶澳托斯特草,not_found,,,no exact pharmacopoeia herb result,error,,,RuntimeError: HTTPError: HTTP Error 468: 
HERB004580,拳叶苏铁,not_found,,,no exact pharmacopoeia herb result,error,,,RuntimeError: HTTPError: HTTP Error 468: 
HERB004583,拳愿桧木,not_found,,,no exact pharmacopoeia herb result,error,,,RuntimeError: HTTPError: HTTP Error 468: 
HERB004578,拳参,skipped_no_chp_blank_fields,,,,error,,,RuntimeError: HTTPError: HTTP Error 468: 
HERB004584,全员千里光,not_found,,,no exact pharmacopoeia herb result,error,,,RuntimeError: HTTPError: HTTP Error 468: 
HERB004586,全缘叶波罗密,not_found,,,no exact pharmacopoeia herb result,error,,,RuntimeError: HTTPError: HTTP Error 468: 
HERB004577,全能花,not_found,,,no exact pharmacopoeia herb result,error,,,RuntimeError: HTTPError: HTTP Error 468: 
HERB004588,全缘叶美洲茶,not_found,,,no exact pharmacopoeia herb result,error,,,RuntimeError: HTTPError: HTTP Error 468: 
HERB004587,全缘叶花椒,not_found,,,no exact pharmacopoeia herb result,error,,,RuntimeError: HTTPError: HTTP Error 468: 
HERB004591,雀稗麦角菌,not_found,,,no exact pharmacopoeia herb result,error,,,RuntimeError: HTTPError: HTTP Error 468: 
HERB004590,全缘叶小波,not_found,,,no exact pharmacopoeia herb result,error,,,RuntimeError: HTTPError: HTTP Error 468: 
HERB004592,雀梅藤,not_found,,,no exact pharmacopoeia herb result,error,,,RuntimeError: HTTPError: HTTP Error 468: 
HERB004594,裙带菜,not_found,,,no search results,error,,,RuntimeError: HTTPError: HTTP Error 468: 
HERB004593,雀舌黄杨,not_found,,,no exact pharmacopoeia herb result,error,,,RuntimeError: HTTPError: HTTP Error 468: 
HERB004595,群心菜,not_found,,,no exact pharmacopoeia herb result,error,,,RuntimeError: HTTPError: HTTP Error 468: 
HERB004596,川芎,ok,https://ydz.chp.org.cn/#/item?bookId=1&entryId=56,Herb_latin_name|UsePart|Properties|Meridians|Function|Indication,,error,,,RuntimeError: HTTPError: HTTP Error 468: 
HERB004605,忍冬藤,skipped_no_chp_blank_fields,,,,error,,,RuntimeError: HTTPError: HTTP Error 468: 
HERB004599,髯毛鞘蕊花,not_found,,,no exact pharmacopoeia herb result,error,,,RuntimeError: HTTPError: HTTP Error 468: 
HERB004597,染料木,not_found,,,no exact pharmacopoeia herb result,error,,,RuntimeError: HTTPError: HTTP Error 468: 
HERB004602,染色桑,not_found,,,no exact pharmacopoeia herb result,error,,,RuntimeError: HTTPError: HTTP Error 468: 
HERB004609,人参,skipped_no_chp_blank_fields,,,,error,,,RuntimeError: HTTPError: HTTP Error 468: 
HERB004606,人工牛黄,ok,https://ydz.chp.org.cn/#/item?bookId=1&entryId=5,Indication,,error,,,RuntimeError: HTTPError: HTTP Error 468: 
HERB004608,人尿,not_found,,,no exact pharmacopoeia herb result,error,,,RuntimeError: HTTPError: HTTP Error 468: 
HERB004611,人参花蕾,not_found,,,no exact pharmacopoeia herb result,error,,,RuntimeError: HTTPError: HTTP Error 468: 
HERB004612,人参芦,not_found,,,no search results,error,,,RuntimeError: HTTPError: HTTP Error 468: 
HERB004610,人参花,not_found,,,no exact pharmacopoeia herb result,error,,,RuntimeError: HTTPError: HTTP Error 468: 
HERB004607,人工蛹虫草,not_found,,,no exact pharmacopoeia herb result,error,,,RuntimeError: HTTPError: HTTP Error 468: 
HERB004615,人参须,not_found,,,no exact pharmacopoeia herb result,error,,,RuntimeError: HTTPError: HTTP Error 468: 
HERB004614,人参西洋参杂交种,not_found,,,no exact pharmacopoeia herb result,error,,,RuntimeError: HTTPError: HTTP Error 468: 
HERB004613,人参三七,not_found,,,no exact pharmacopoeia herb result,error,,,RuntimeError: HTTPError: HTTP Error 468: 
HERB004618,人中白,skipped_no_chp_blank_fields,,,,error,,,RuntimeError: HTTPError: HTTP Error 468: 
HERB004616,人参叶,ok,https://ydz.chp.org.cn/#/item?bookId=1&entryId=7,Properties|Meridians,,error,,,RuntimeError: HTTPError: HTTP Error 468: 
HERB004617,人参子,not_found,,,no exact pharmacopoeia herb result,error,,,RuntimeError: HTTPError: HTTP Error 468: 
HERB004619,日本安息香精辟,not_found,,,no exact pharmacopoeia herb result,error,,,RuntimeError: HTTPError: HTTP Error 468: 
HERB004620,日本白蜡树,not_found,,,no exact pharmacopoeia herb result,error,,,RuntimeError: HTTPError: HTTP Error 468: 
HERB004628,日本臭节草,not_found,,,no exact pharmacopoeia herb result,error,,,RuntimeError: HTTPError: HTTP Error 468: 
HERB004623,日本扁柏,not_found,,,no exact pharmacopoeia herb result,error,,,RuntimeError: HTTPError: HTTP Error 468: 
HERB004626,日本菖蒲,not_found,,,no exact pharmacopoeia herb result,error,,,RuntimeError: HTTPError: HTTP Error 468: 
HERB004621,白丝草,not_found,,,no exact pharmacopoeia herb result,error,,,RuntimeError: HTTPError: HTTP Error 468: 
HERB004627,日本赤松,not_found,,,no exact pharmacopoeia herb result,error,,,RuntimeError: HTTPError: HTTP Error 468: 
HERB004632,日本杜鹃花,not_found,,,no exact pharmacopoeia herb result,error,,,RuntimeError: HTTPError: HTTP Error 468: 
HERB004635,日本鬼灯檠,not_found,,,no search results,error,,,RuntimeError: HTTPError: HTTP Error 468: 
HERB004634,日本飞鼠,not_found,,,no exact pharmacopoeia herb result,error,,,RuntimeError: HTTPError: HTTP Error 468: 
HERB004629,日本粗榧,not_found,,,no exact pharmacopoeia herb result,error,,,RuntimeError: HTTPError: HTTP Error 468: 
HERB004631,日本东风螺,not_found,,,no exact pharmacopoeia herb result,error,,,RuntimeError: HTTPError: HTTP Error 468: 
HERB004630,日本当归,not_found,,,no exact pharmacopoeia herb result,error,,,RuntimeError: HTTPError: HTTP Error 468: 
HERB004636,日本厚皮香,not_found,,,no exact pharmacopoeia herb result,error,,,RuntimeError: HTTPError: HTTP Error 468: 
HERB004637,日本厚朴,not_found,,,no exact pharmacopoeia herb result,error,,,RuntimeError: HTTPError: HTTP Error 468: 
HERB004645,日本鳞毛蕨,not_found,,,no exact pharmacopoeia herb result,error,,,RuntimeError: HTTPError: HTTP Error 468: 
HERB004640,日本黄连,not_found,,,no exact pharmacopoeia herb result,error,,,RuntimeError: HTTPError: HTTP Error 468: 
HERB004644,日本连香树,not_found,,,no exact pharmacopoeia herb result,error,,,RuntimeError: HTTPError: HTTP Error 468: 
HERB004639,日本黄柏,not_found,,,no exact pharmacopoeia herb result,error,,,RuntimeError: HTTPError: HTTP Error 468: 
HERB004646,日本柳杉,not_found,,,no exact pharmacopoeia herb result,error,,,RuntimeError: HTTPError: HTTP Error 468: 
HERB004638,日本花柏,not_found,,,no exact pharmacopoeia herb result,error,,,RuntimeError: HTTPError: HTTP Error 468: 
HERB004647,日本龙胆,not_found,,,no exact pharmacopoeia herb result,error,,,RuntimeError: HTTPError: HTTP Error 468: 
HERB004648,日本龙芽草,not_found,,,no exact pharmacopoeia herb result,error,,,RuntimeError: HTTPError: HTTP Error 468: 
HERB004653,日本马醉木,not_found,,,no exact pharmacopoeia herb result,error,,,RuntimeError: HTTPError: HTTP Error 468: 
HERB004650,日本络石,not_found,,,no exact pharmacopoeia herb result,error,,,RuntimeError: HTTPError: HTTP Error 468: 
HERB004654,日本莽草,not_found,,,no exact pharmacopoeia herb result,error,,,RuntimeError: HTTPError: HTTP Error 468: 
HERB004651,日本马桑,not_found,,,no exact pharmacopoeia herb result,error,,,RuntimeError: HTTPError: HTTP Error 468: 
HERB004659,日本女贞,not_found,,,no exact pharmacopoeia herb result,error,,,RuntimeError: HTTPError: HTTP Error 468: 
HERB004661,日本萍蓬草,not_found,,,no exact pharmacopoeia herb result,error,,,RuntimeError: HTTPError: HTTP Error 468: 
HERB004656,日本南五味子,not_found,,,no exact pharmacopoeia herb result,error,,,RuntimeError: HTTPError: HTTP Error 468: 
HERB004657,日本牛皮消,not_found,,,no exact pharmacopoeia herb result,error,,,RuntimeError: HTTPError: HTTP Error 468: 
HERB004652,日本马桑叶,not_found,,,no exact pharmacopoeia herb result,error,,,RuntimeError: HTTPError: HTTP Error 468: 
HERB004660,日本萍逢草?,not_found,,,no search results,error,,,RuntimeError: HTTPError: HTTP Error 468: 
HERB004667,日本薯蓣,not_found,,,no exact pharmacopoeia herb result,error,,,RuntimeError: HTTPError: HTTP Error 468: 
HERB004662,日本七叶树,not_found,,,no exact pharmacopoeia herb result,error,,,RuntimeError: HTTPError: HTTP Error 468: 
HERB004663,日本千屈菜,not_found,,,no exact pharmacopoeia herb result,error,,,RuntimeError: HTTPError: HTTP Error 468: 
HERB004669,日本塑木,not_found,,,no exact pharmacopoeia herb result,error,,,RuntimeError: HTTPError: HTTP Error 468: 
HERB004665,日本蛇根草,not_found,,,no exact pharmacopoeia herb result,error,,,RuntimeError: HTTPError: HTTP Error 468: 
HERB004668,日本双蝴蝶茶花,not_found,,,no search results,error,,,RuntimeError: HTTPError: HTTP Error 468: 
HERB004670,日本文殊兰,not_found,,,no exact pharmacopoeia herb result,error,,,RuntimeError: HTTPError: HTTP Error 468: 
HERB004673,日本夏枯草,not_found,,,no exact pharmacopoeia herb result,error,,,RuntimeError: HTTPError: HTTP Error 468: 
HERB004678,日本辛夷,not_found,,,no exact pharmacopoeia herb result,error,,,RuntimeError: HTTPError: HTTP Error 468: 
HERB004679,日本樱花,not_found,,,no exact pharmacopoeia herb result,error,,,RuntimeError: HTTPError: HTTP Error 468: 
HERB004672,日本乌头,not_found,,,no exact pharmacopoeia herb result,error,,,RuntimeError: HTTPError: HTTP Error 468: 
HERB004682,日本獐牙菜,not_found,,,no exact pharmacopoeia herb result,error,,,RuntimeError: HTTPError: HTTP Error 468: 
HERB004681,日本鸢尾,not_found,,,no exact pharmacopoeia herb result,error,,,RuntimeError: HTTPError: HTTP Error 468: 
HERB004676,日本小檗,not_found,,,no exact pharmacopoeia herb result,error,,,RuntimeError: HTTPError: HTTP Error 468: 
HERB004684,绒白乳菇,not_found,,,no exact pharmacopoeia herb result,error,,,RuntimeError: HTTPError: HTTP Error 468: 
HERB004680,日本鱼鳞松,not_found,,,no exact pharmacopoeia herb result,error,,,RuntimeError: HTTPError: HTTP Error 468: 
HERB004691,榕树,not_found,,,no search results,error,,,RuntimeError: HTTPError: HTTP Error 468: 
HERB004685,绒毛戴星草,not_found,,,no exact pharmacopoeia herb result,error,,,RuntimeError: HTTPError: HTTP Error 468: 
HERB004689,绒毛山乡,not_found,,,no exact pharmacopoeia herb result,error,,,RuntimeError: HTTPError: HTTP Error 468: 
HERB004683,日本紫珠,not_found,,,no exact pharmacopoeia herb result,error,,,RuntimeError: HTTPError: HTTP Error 468: 
HERB004692,肉苁蓉,skipped_no_chp_blank_fields,,,,error,,,RuntimeError: HTTPError: HTTP Error 468: 
HERB004693,肉豆蔻,skipped_no_chp_blank_fields,,,,error,,,RuntimeError: HTTPError: HTTP Error 468: 
HERB004694,肉桂,skipped_no_chp_blank_fields,,,,error,,,RuntimeError: HTTPError: HTTP Error 468: 
HERB004695,肉桂叶,not_found,,,no exact pharmacopoeia herb result,error,,,RuntimeError: HTTPError: HTTP Error 468: 
HERB004696,肉红马利筋,not_found,,,no exact pharmacopoeia herb result,error,,,RuntimeError: HTTPError: HTTP Error 468: 
HERB004698,肉金合欢,not_found,,,no exact pharmacopoeia herb result,error,,,RuntimeError: HTTPError: HTTP Error 468: 
HERB004697,肉花雪胆,not_found,,,no exact pharmacopoeia herb result,error,,,RuntimeError: HTTPError: HTTP Error 468: 
HERB004699,柔茎香茶菜,not_found,,,no exact pharmacopoeia herb result,error,,,RuntimeError: HTTPError: HTTP Error 468: 
HERB004700,肉类牛奶菜,not_found,,,no exact pharmacopoeia herb result,error,,,RuntimeError: HTTPError: HTTP Error 468: 
HERB004701,柔毛地胆草,not_found,,,no exact pharmacopoeia herb result,error,,,RuntimeError: HTTPError: HTTP Error 468: 
HERB004705,肉毛山黧豆,not_found,,,no exact pharmacopoeia herb result,error,,,RuntimeError: HTTPError: HTTP Error 468: 
HERB004703,柔毛黄芪,not_found,,,no exact pharmacopoeia herb result,error,,,RuntimeError: HTTPError: HTTP Error 468: 
HERB004712,糯稻根,not_found,,,no search results,error,,,RuntimeError: HTTPError: HTTP Error 468: 
HERB004707,柔毛肖乳香,not_found,,,no exact pharmacopoeia herb result,error,,,RuntimeError: HTTPError: HTTP Error 468: 
HERB004711,乳白龙胆,not_found,,,no exact pharmacopoeia herb result,error,,,RuntimeError: HTTPError: HTTP Error 468: 
HERB004702,柔毛番荔枝,not_found,,,no exact pharmacopoeia herb result,error,,,RuntimeError: HTTPError: HTTP Error 468: 
HERB004706,肉毛向日葵,not_found,,,no exact pharmacopoeia herb result,error,,,RuntimeError: HTTPError: HTTP Error 468: 
HERB004708,柔毛淫羊藿,not_found,,,no exact pharmacopoeia herb result,error,,,RuntimeError: HTTPError: HTTP Error 468: 
HERB004710,柔枝槐,not_found,,,no exact pharmacopoeia herb result,error,,,RuntimeError: HTTPError: HTTP Error 468: 
HERB004713,入地金牛,not_found,,,no exact pharmacopoeia herb result,error,,,RuntimeError: HTTPError: HTTP Error 468: 
HERB004714,入地蜈蚣,not_found,,,no exact pharmacopoeia herb result,error,,,RuntimeError: HTTPError: HTTP Error 468: 
HERB004719,乳香,skipped_no_chp_blank_fields,,,,error,,,RuntimeError: HTTPError: HTTP Error 468: 
HERB004716,乳苣,not_found,,,no exact pharmacopoeia herb result,error,,,RuntimeError: HTTPError: HTTP Error 468: 
HERB004721,乳源杜鹃,not_found,,,no exact pharmacopoeia herb result,error,,,RuntimeError: HTTPError: HTTP Error 468: 
HERB004723,软骨藻,not_found,,,no exact pharmacopoeia herb result,error,,,RuntimeError: HTTPError: HTTP Error 468: 
HERB004724,软骨藻,not_found,,,no exact pharmacopoeia herb result,error,,,RuntimeError: HTTPError: HTTP Error 468: 
HERB004726,软弱杜茎山,not_found,,,no exact pharmacopoeia herb result,error,,,RuntimeError: HTTPError: HTTP Error 468: 
HERB004728,软条七蔷薇,not_found,,,no exact pharmacopoeia herb result,error,,,RuntimeError: HTTPError: HTTP Error 468: 
HERB004725,软毛独活,not_found,,,no exact pharmacopoeia herb result,error,,,RuntimeError: HTTPError: HTTP Error 468: 
HERB004729,阮银背藤,not_found,,,no exact pharmacopoeia herb result,error,,,RuntimeError: HTTPError: HTTP Error 468: 
HERB004730,软枝黄蝉,not_found,,,no exact pharmacopoeia herb result,error,,,RuntimeError: HTTPError: HTTP Error 468: 
HERB004732,瑞典甘蓝,not_found,,,no search results,error,,,RuntimeError: HTTPError: HTTP Error 468: 
HERB004734,蕤仁,ok,https://ydz.chp.org.cn/#/item?bookId=1&entryId=592,Properties|Meridians,,error,,,RuntimeError: HTTPError: HTTP Error 468: 
HERB004742,萨哈林云杉,not_found,,,no search results,error,,,RuntimeError: HTTPError: HTTP Error 468: 
HERB004731,瑞德千里光,not_found,,,no exact pharmacopoeia herb result,error,,,RuntimeError: HTTPError: HTTP Error 468: 
HERB004736,瑞士石松,not_found,,,no exact pharmacopoeia herb result,error,,,RuntimeError: HTTPError: HTTP Error 468: 
HERB004738,瑞香花,not_found,,,no exact pharmacopoeia herb result,error,,,RuntimeError: HTTPError: HTTP Error 468: 
HERB004735,瑞士千牛,not_found,,,no exact pharmacopoeia herb result,error,,,RuntimeError: HTTPError: HTTP Error 468: 
HERB004740,山番荔枝,not_found,,,no exact pharmacopoeia herb result,error,,,RuntimeError: HTTPError: HTTP Error 468: 
HERB004745,撒是毛地黄,not_found,,,no exact pharmacopoeia herb result,error,,,RuntimeError: HTTPError: HTTP Error 468: 
HERB004747,塞拉利昂水仙,not_found,,,no search results,error,,,RuntimeError: HTTPError: HTTP Error 468: 
HERB004748,赛莨菪,not_found,,,no exact pharmacopoeia herb result,error,,,RuntimeError: HTTPError: HTTP Error 468: 
HERB004737,瑞香根,not_found,,,no exact pharmacopoeia herb result,error,,,RuntimeError: HTTPError: HTTP Error 468: 
HERB004749,塞了罗勒?,not_found,,,no exact pharmacopoeia herb result,error,,,RuntimeError: HTTPError: HTTP Error 468: 
HERB004750,塞内加尔刺桐,not_found,,,no exact pharmacopoeia herb result,error,,,RuntimeError: HTTPError: HTTP Error 468: 
HERB004753,三百银,not_found,,,no exact pharmacopoeia herb result,error,,,RuntimeError: HTTPError: HTTP Error 468: 
HERB004752,三白草,ok,https://ydz.chp.org.cn/#/item?bookId=1&entryId=13,Properties|Meridians,,error,,,RuntimeError: HTTPError: HTTP Error 468: 
HERB004755,三叉苦,not_found,,,no exact pharmacopoeia herb result,error,,,RuntimeError: HTTPError: HTTP Error 468: 
HERB004754,三叉凤尾蕨,not_found,,,no exact pharmacopoeia herb result,error,,,RuntimeError: HTTPError: HTTP Error 468: 
HERB004758,三楚山香圆,not_found,,,no exact pharmacopoeia herb result,error,,,RuntimeError: HTTPError: HTTP Error 468: 
HERB004759,三刺皂荚,not_found,,,no exact pharmacopoeia herb result,error,,,RuntimeError: HTTPError: HTTP Error 468: 
HERB004756,三齿蒿,not_found,,,no exact pharmacopoeia herb result,error,,,RuntimeError: HTTPError: HTTP Error 468: 
HERB004772,翠雀,not_found,,,no exact pharmacopoeia herb result,error,,,RuntimeError: HTTPError: HTTP Error 468: 
HERB004764,三花龙胆,not_found,,,no exact pharmacopoeia herb result,error,,,RuntimeError: HTTPError: HTTP Error 468: 
HERB004773,三颗针,ok,https://ydz.chp.org.cn/#/item?bookId=1&entryId=15,Meridians|Indication,,error,,,RuntimeError: HTTPError: HTTP Error 468: 
HERB004765,三华密花树,not_found,,,no exact pharmacopoeia herb result,error,,,RuntimeError: HTTPError: HTTP Error 468: 
HERB004762,三分三,not_found,,,no exact pharmacopoeia herb result,error,,,RuntimeError: HTTPError: HTTP Error 468: 
HERB004766,三尖杉,not_found,,,no exact pharmacopoeia herb result,error,,,RuntimeError: HTTPError: HTTP Error 468: 
HERB004769,三角马兜铃,not_found,,,no exact pharmacopoeia herb result,error,,,RuntimeError: HTTPError: HTTP Error 468: 
HERB004768,三角粉叶蕨,not_found,,,no exact pharmacopoeia herb result,error,,,RuntimeError: HTTPError: HTTP Error 468: 
HERB004767,三尖杉根,not_found,,,no exact pharmacopoeia herb result,error,,,RuntimeError: HTTPError: HTTP Error 468: 
HERB004770,三角叶黄连,not_found,,,no exact pharmacopoeia herb result,error,,,RuntimeError: HTTPError: HTTP Error 468: 
HERB004774,三棱,skipped_no_chp_blank_fields,,,,error,,,RuntimeError: HTTPError: HTTP Error 468: 
HERB004771,三角叶薯蓣,not_found,,,no exact pharmacopoeia herb result,error,,,RuntimeError: HTTPError: HTTP Error 468: 
HERB004775,三棱叶金丝桃,not_found,,,no exact pharmacopoeia herb result,error,,,RuntimeError: HTTPError: HTTP Error 468: 
HERB004781,三面刀,not_found,,,no exact pharmacopoeia herb result,error,,,RuntimeError: HTTPError: HTTP Error 468: 
HERB004779,三裂叶葛,not_found,,,no exact pharmacopoeia herb result,error,,,RuntimeError: HTTPError: HTTP Error 468: 
HERB004780,三裂叶泽兰,not_found,,,no exact pharmacopoeia herb result,error,,,RuntimeError: HTTPError: HTTP Error 468: 
HERB004783,三七,skipped_no_chp_blank_fields,,,,error,,,RuntimeError: HTTPError: HTTP Error 468: 
HERB004787,三七叶,not_found,,,no exact pharmacopoeia herb result,error,,,RuntimeError: HTTPError: HTTP Error 468: 
HERB004792,三色牵牛,not_found,,,no exact pharmacopoeia herb result,error,,,RuntimeError: HTTPError: HTTP Error 468: 
HERB004791,三色堇,not_found,,,no search results,error,,,RuntimeError: HTTPError: HTTP Error 468: 
HERB004784,三七草,not_found,,,no exact pharmacopoeia herb result,error,,,RuntimeError: HTTPError: HTTP Error 468: 
HERB004785,三七花,not_found,,,no exact pharmacopoeia herb result,error,,,RuntimeError: HTTPError: HTTP Error 468: 
HERB004798,三消草,not_found,,,no exact pharmacopoeia herb result,error,,,RuntimeError: HTTPError: HTTP Error 468: 
HERB004803,三星欧石楠,not_found,,,no exact pharmacopoeia herb result,error,,,RuntimeError: HTTPError: HTTP Error 468: 
HERB004799,三小叶翠雀花,not_found,,,no exact pharmacopoeia herb result,error,,,RuntimeError: HTTPError: HTTP Error 468: 
HERB004805,伞形绣球,not_found,,,no exact pharmacopoeia herb result,error,,,RuntimeError: HTTPError: HTTP Error 468: 
HERB004786,三七花蕾,not_found,,,no exact pharmacopoeia herb result,error,,,RuntimeError: HTTPError: HTTP Error 468: 
HERB004795,三台花,not_found,,,no exact pharmacopoeia herb result,error,,,RuntimeError: HTTPError: HTTP Error 468: 
HERB004794,三台红花,not_found,,,no exact pharmacopoeia herb result,error,,,RuntimeError: HTTPError: HTTP Error 468: 
HERB004802,伞形花序印加,not_found,,,no exact pharmacopoeia herb result,error,,,RuntimeError: HTTPError: HTTP Error 468: 
HERB004808,三叶防风,not_found,,,no exact pharmacopoeia herb result,error,,,RuntimeError: HTTPError: HTTP Error 468: 
HERB004810,三叶马鞭草,not_found,,,no exact pharmacopoeia herb result,error,,,RuntimeError: HTTPError: HTTP Error 468: 
HERB004804,伞形屈曲花,not_found,,,no exact pharmacopoeia herb result,error,,,RuntimeError: HTTPError: HTTP Error 468: 
HERB004800,三小叶山豆根,not_found,,,no exact pharmacopoeia herb result,error,,,RuntimeError: HTTPError: HTTP Error 468: 
HERB004807,三叶防风,not_found,,,no exact pharmacopoeia herb result,error,,,RuntimeError: HTTPError: HTTP Error 468: 
HERB004812,三叶蜜茱萸,not_found,,,no exact pharmacopoeia herb result,error,,,RuntimeError: HTTPError: HTTP Error 468: 
HERB004809,三叶黄连,not_found,,,no exact pharmacopoeia herb result,error,,,RuntimeError: HTTPError: HTTP Error 468: 
HERB004813,三叶木,not_found,,,no exact pharmacopoeia herb result,error,,,RuntimeError: HTTPError: HTTP Error 468: 
HERB004817,三叶鼠尾草,not_found,,,no exact pharmacopoeia herb result,error,,,RuntimeError: HTTPError: HTTP Error 468: 
HERB004814,三叶木通,not_found,,,no exact pharmacopoeia herb result,error,,,RuntimeError: HTTPError: HTTP Error 468: 
HERB004816,三叶青,not_found,,,no exact pharmacopoeia herb result,error,,,RuntimeError: HTTPError: HTTP Error 468: 
HERB004815,三叶木通根,not_found,,,no exact pharmacopoeia herb result,error,,,RuntimeError: HTTPError: HTTP Error 468: 
HERB004822,桑白皮,ok,https://ydz.chp.org.cn/#/item?bookId=1&entryId=472,Herb_latin_name|UsePart|Properties|Meridians|Function,,error,,,RuntimeError: HTTPError: HTTP Error 468: 
HERB004818,三叶藤橘,not_found,,,no exact pharmacopoeia herb result,error,,,RuntimeError: HTTPError: HTTP Error 468: 
HERB004824,桑澄,not_found,,,no exact pharmacopoeia herb result,error,,,RuntimeError: HTTPError: HTTP Error 468: 
HERB004821,三钻风,not_found,,,no exact pharmacopoeia herb result,error,,,RuntimeError: HTTPError: HTTP Error 468: 
HERB004819,三硬件瓜蒌,not_found,,,no exact pharmacopoeia herb result,error,,,RuntimeError: HTTPError: HTTP Error 468: 
HERB004829,桑寄生,skipped_no_chp_blank_fields,,,,error,,,RuntimeError: HTTPError: HTTP Error 468: 
HERB004831,桑螵蛸,skipped_no_chp_blank_fields,,,,error,,,RuntimeError: HTTPError: HTTP Error 468: 
HERB004826,桑耳,not_found,,,no exact pharmacopoeia herb result,error,,,RuntimeError: HTTPError: HTTP Error 468: 
HERB004820,三种菊杂交种,not_found,,,no exact pharmacopoeia herb result,error,,,RuntimeError: HTTPError: HTTP Error 468: 
HERB004823,桑柴灰,not_found,,,no exact pharmacopoeia herb result,error,,,RuntimeError: HTTPError: HTTP Error 468: 
HERB004832,桑椹,ok,https://ydz.chp.org.cn/#/item?bookId=1&entryId=475,,matched page but chp target columns already had values,error,,,RuntimeError: HTTPError: HTTP Error 468: 
HERB004830,桑沥,not_found,,,no exact pharmacopoeia herb result,error,,,RuntimeError: HTTPError: HTTP Error 468: 
HERB004828,桑黄,not_found,,,no exact pharmacopoeia herb result,error,,,RuntimeError: HTTPError: HTTP Error 468: 
HERB004827,桑根,not_found,,,no exact pharmacopoeia herb result,error,,,RuntimeError: HTTPError: HTTP Error 468: 
HERB004834,桑叶,skipped_no_chp_blank_fields,,,,error,,,RuntimeError: HTTPError: HTTP Error 468: 
HERB004836,桑瘿,not_found,,,no exact pharmacopoeia herb result,error,,,RuntimeError: HTTPError: HTTP Error 468: 
HERB004835,桑叶汁,not_found,,,no exact pharmacopoeia herb result,error,,,RuntimeError: HTTPError: HTTP Error 468: 
HERB004837,桑枝,skipped_no_chp_blank_fields,,,,error,,,RuntimeError: HTTPError: HTTP Error 468: 
HERB004847,沙冬青,not_found,,,no exact pharmacopoeia herb result,error,,,RuntimeError: HTTPError: HTTP Error 468: 
HERB004841,色轮羊角拗,not_found,,,no exact pharmacopoeia herb result,error,,,RuntimeError: HTTPError: HTTP Error 468: 
HERB004848,沙盒树,not_found,,,no exact pharmacopoeia herb result,error,,,RuntimeError: HTTPError: HTTP Error 468: 
HERB004843,马钱子,ok,https://ydz.chp.org.cn/#/item?bookId=1&entryId=72,Properties|Meridians|Function|Indication,,error,,,RuntimeError: HTTPError: HTTP Error 468: 
HERB004845,森林薄荷,not_found,,,no exact pharmacopoeia herb result,error,,,RuntimeError: HTTPError: HTTP Error 468: 
HERB004844,止泻木子,not_found,,,no exact pharmacopoeia herb result,error,,,RuntimeError: HTTPError: HTTP Error 468: 
HERB004855,沙参,skipped_no_chp_blank_fields,,,,error,,,RuntimeError: HTTPError: HTTP Error 468: 
HERB004856,沙参槐,not_found,,,no exact pharmacopoeia herb result,error,,,RuntimeError: HTTPError: HTTP Error 468: 
HERB004851,沙漠蔷薇,not_found,,,no search results,error,,,RuntimeError: HTTPError: HTTP Error 468: 
HERB004853,砂仁,skipped_no_chp_blank_fields,,,,error,,,RuntimeError: HTTPError: HTTP Error 468: 
HERB004849,沙棘,ok,https://ydz.chp.org.cn/#/item?bookId=1&entryId=285,UsePart|Function|Indication,,error,,,RuntimeError: HTTPError: HTTP Error 468: 
HERB004850,沙利叶,not_found,,,no exact pharmacopoeia herb result,error,,,RuntimeError: HTTPError: HTTP Error 468: 
HERB004858,沙生蜡菊,not_found,,,no exact pharmacopoeia herb result,error,,,RuntimeError: HTTPError: HTTP Error 468: 
HERB004861,砂糖,not_found,,,no exact pharmacopoeia herb result,error,,,RuntimeError: HTTPError: HTTP Error 468: 
HERB004852,沙前胡,not_found,,,no exact pharmacopoeia herb result,error,,,RuntimeError: HTTPError: HTTP Error 468: 
HERB004857,砂生槐,not_found,,,no exact pharmacopoeia herb result,error,,,RuntimeError: HTTPError: HTTP Error 468: 
HERB004862,沙糖木,not_found,,,no exact pharmacopoeia herb result,error,,,RuntimeError: HTTPError: HTTP Error 468: 
HERB004863,沙苑蒺藜,skipped_no_chp_blank_fields,,,,error,,,RuntimeError: HTTPError: HTTP Error 468: 
HERB004864,沙苑子,ok,https://ydz.chp.org.cn/#/item?bookId=1&entryId=284,,matched page but chp target columns already had values,error,,,RuntimeError: HTTPError: HTTP Error 468: 
HERB004865,沙枣,not_found,,,no search results,error,,,RuntimeError: HTTPError: HTTP Error 468: 
HERB004866,沙枣树皮,not_found,,,no exact pharmacopoeia herb result,error,,,RuntimeError: HTTPError: HTTP Error 468: 
HERB004867,砂钻苔草,not_found,,,no exact pharmacopoeia herb result,error,,,RuntimeError: HTTPError: HTTP Error 468: 
HERB004870,山扁豆,not_found,,,no exact pharmacopoeia herb result,error,,,RuntimeError: HTTPError: HTTP Error 468: 
HERB004868,山白芷,not_found,,,no exact pharmacopoeia herb result,error,,,RuntimeError: HTTPError: HTTP Error 468: 
HERB004869,山萆薢,not_found,,,no exact pharmacopoeia herb result,error,,,RuntimeError: HTTPError: HTTP Error 468: 
HERB004871,山扁豆子,not_found,,,no exact pharmacopoeia herb result,error,,,RuntimeError: HTTPError: HTTP Error 468: 
HERB004874,山慈菇,ok,https://ydz.chp.org.cn/#/item?bookId=1&entryId=45,Properties|Meridians,,error,,,RuntimeError: HTTPError: HTTP Error 468: 
HERB004876,山地堆心菊,not_found,,,no exact pharmacopoeia herb result,error,,,RuntimeError: HTTPError: HTTP Error 468: 
HERB004873,山刺柏,not_found,,,no exact pharmacopoeia herb result,error,,,RuntimeError: HTTPError: HTTP Error 468: 
HERB004880,山地香豌豆,not_found,,,no search results,error,,,RuntimeError: HTTPError: HTTP Error 468: 
HERB004878,山地乌头,not_found,,,no exact pharmacopoeia herb result,error,,,RuntimeError: HTTPError: HTTP Error 468: 
HERB004872,山茶,not_found,,,no exact pharmacopoeia herb result,error,,,RuntimeError: HTTPError: HTTP Error 468: 
HERB004883,山豆根,skipped_no_chp_blank_fields,,,,error,,,RuntimeError: HTTPError: HTTP Error 468: 
HERB004877,山地罗汉松,not_found,,,no search results,error,,,RuntimeError: HTTPError: HTTP Error 468: 
HERB004882,山东肿足蕨,not_found,,,no exact pharmacopoeia herb result,error,,,RuntimeError: HTTPError: HTTP Error 468: 
HERB004879,山地香茶菜,not_found,,,no exact pharmacopoeia herb result,error,,,RuntimeError: HTTPError: HTTP Error 468: 
HERB004884,山矾根,not_found,,,no exact pharmacopoeia herb result,error,,,RuntimeError: HTTPError: HTTP Error 468: 
HERB004885,山矾叶,not_found,,,no exact pharmacopoeia herb result,error,,,RuntimeError: HTTPError: HTTP Error 468: 
HERB004886,过山风,not_found,,,no exact pharmacopoeia herb result,error,,,RuntimeError: HTTPError: HTTP Error 468: 
HERB004889,山冈橐吾,not_found,,,no search results,error,,,RuntimeError: HTTPError: HTTP Error 468: 
HERB004887,山甘草,not_found,,,no exact pharmacopoeia herb result,error,,,RuntimeError: HTTPError: HTTP Error 468: 
HERB004892,珊瑚,not_found,,,no exact pharmacopoeia herb result,error,,,RuntimeError: HTTPError: HTTP Error 468: 
HERB004890,山梗菜,not_found,,,no exact pharmacopoeia herb result,error,,,RuntimeError: HTTPError: HTTP Error 468: 
HERB004891,山荷叶,not_found,,,no exact pharmacopoeia herb result,error,,,RuntimeError: HTTPError: HTTP Error 468: 
HERB004898,山甲珠,not_found,,,no exact pharmacopoeia herb result,error,,,RuntimeError: HTTPError: HTTP Error 468: 
HERB004902,山苦瓜,not_found,,,no exact pharmacopoeia herb result,error,,,RuntimeError: HTTPError: HTTP Error 468: 
HERB004903,山苦荬,skipped_no_chp_blank_fields,,,,error,,,RuntimeError: HTTPError: HTTP Error 468: 
HERB004901,山菊,not_found,,,no exact pharmacopoeia herb result,error,,,RuntimeError: HTTPError: HTTP Error 468: 
HERB004899,山金车,not_found,,,no exact pharmacopoeia herb result,error,,,RuntimeError: HTTPError: HTTP Error 468: 
HERB004905,山里红,not_found,,,no exact pharmacopoeia herb result,error,,,RuntimeError: HTTPError: HTTP Error 468: 
HERB004900,山鸠,not_found,,,no exact pharmacopoeia herb result,error,,,RuntimeError: HTTPError: HTTP Error 468: 
HERB004895,山胡椒叶,not_found,,,no exact pharmacopoeia herb result,error,,,RuntimeError: HTTPError: HTTP Error 468: 
HERB004894,山胡椒,not_found,,,no exact pharmacopoeia herb result,error,,,RuntimeError: HTTPError: HTTP Error 468: 
HERB004896,珊瑚蓝,not_found,,,no exact pharmacopoeia herb result,error,,,RuntimeError: HTTPError: HTTP Error 468: 
HERB004904,山黧豆,not_found,,,no exact pharmacopoeia herb result,error,,,RuntimeError: HTTPError: HTTP Error 468: 
HERB004897,山黄皮,not_found,,,no exact pharmacopoeia herb result,error,,,RuntimeError: HTTPError: HTTP Error 468: 
HERB004906,山蓼,not_found,,,no exact pharmacopoeia herb result,error,,,RuntimeError: HTTPError: HTTP Error 468: 
HERB004909,山麦冬,ok,https://ydz.chp.org.cn/#/item?bookId=1&entryId=36,Properties|Meridians,,error,,,RuntimeError: HTTPError: HTTP Error 468: 
HERB004907,山岭麻黄,not_found,,,no exact pharmacopoeia herb result,error,,,RuntimeError: HTTPError: HTTP Error 468: 
HERB004910,山麦冬,ok,https://ydz.chp.org.cn/#/item?bookId=1&entryId=36,Properties|Meridians,,error,,,RuntimeError: HTTPError: HTTP Error 468: 
HERB004908,山蚂蝗,not_found,,,no exact pharmacopoeia herb result,error,,,RuntimeError: HTTPError: HTTP Error 468: 
HERB004911,山猫儿,not_found,,,no exact pharmacopoeia herb result,error,,,RuntimeError: HTTPError: HTTP Error 468: 
HERB004912,山莓,not_found,,,no exact pharmacopoeia herb result,error,,,RuntimeError: HTTPError: HTTP Error 468: 
HERB004914,山柰,skipped_no_chp_blank_fields,,,,error,,,RuntimeError: HTTPError: HTTP Error 468: 
HERB004921,山桃茎白皮,not_found,,,no exact pharmacopoeia herb result,error,,,RuntimeError: HTTPError: HTTP Error 468: 
HERB004913,山茉莉芸香,not_found,,,no exact pharmacopoeia herb result,error,,,RuntimeError: HTTPError: HTTP Error 468: 
HERB004915,山葡萄,not_found,,,no exact pharmacopoeia herb result,error,,,RuntimeError: HTTPError: HTTP Error 468: 
HERB004918,山棯叶,not_found,,,no exact pharmacopoeia herb result,error,,,RuntimeError: HTTPError: HTTP Error 468: 
HERB004924,山桐子,not_found,,,no search results,error,,,RuntimeError: HTTPError: HTTP Error 468: 
HERB004916,山前胡,not_found,,,no exact pharmacopoeia herb result,error,,,RuntimeError: HTTPError: HTTP Error 468: 
HERB004919,山山姜,not_found,,,no exact pharmacopoeia herb result,error,,,RuntimeError: HTTPError: HTTP Error 468: 
HERB004922,山桃枝,not_found,,,no exact pharmacopoeia herb result,error,,,RuntimeError: HTTPError: HTTP Error 468: 
HERB004920,山石榴,not_found,,,no exact pharmacopoeia herb result,error,,,RuntimeError: HTTPError: HTTP Error 468: 
HERB004927,山乡可可,not_found,,,no search results,error,,,RuntimeError: HTTPError: HTTP Error 468: 
HERB004923,山藤,not_found,,,no exact pharmacopoeia herb result,error,,,RuntimeError: HTTPError: HTTP Error 468: 
HERB004925,山莴苣,not_found,,,no exact pharmacopoeia herb result,error,,,RuntimeError: HTTPError: HTTP Error 468: 
HERB004929,扇形阔苞菊,not_found,,,no exact pharmacopoeia herb result,error,,,RuntimeError: HTTPError: HTTP Error 468: 
HERB004928,山小橘,not_found,,,no exact pharmacopoeia herb result,error,,,RuntimeError: HTTPError: HTTP Error 468: 
HERB004930,山杏仁,not_found,,,no exact pharmacopoeia herb result,error,,,RuntimeError: HTTPError: HTTP Error 468: 
HERB004931,山延胡索,not_found,,,no exact pharmacopoeia herb result,error,,,RuntimeError: HTTPError: HTTP Error 468: 
HERB004932,山羊,not_found,,,no search results,error,,,RuntimeError: HTTPError: HTTP Error 468: 
HERB004933,山羊豆,not_found,,,no exact pharmacopoeia herb result,error,,,RuntimeError: HTTPError: HTTP Error 468: 
HERB004938,山药,skipped_no_chp_blank_fields,,,,error,,,RuntimeError: HTTPError: HTTP Error 468: 
HERB004935,山羊黄漆,not_found,,,no exact pharmacopoeia herb result,error,,,RuntimeError: HTTPError: HTTP Error 468: 
HERB004939,山野豌豆,not_found,,,no search results,error,,,RuntimeError: HTTPError: HTTP Error 468: 
HERB004944,鳝鱼,not_found,,,no search results,error,,,RuntimeError: HTTPError: HTTP Error 468: 
HERB004940,山银柴胡,not_found,,,no exact pharmacopoeia herb result,error,,,RuntimeError: HTTPError: HTTP Error 468: 
HERB004942,山樱桃,not_found,,,no search results,error,,,RuntimeError: HTTPError: HTTP Error 468: 
HERB004936,山羊坞头,not_found,,,no exact pharmacopoeia herb result,error,,,RuntimeError: HTTPError: HTTP Error 468: 
HERB004945,山楂,skipped_no_chp_blank_fields,,,,error,,,RuntimeError: HTTPError: HTTP Error 468: 
HERB004943,山油麻,not_found,,,no exact pharmacopoeia herb result,error,,,RuntimeError: HTTPError: HTTP Error 468: 
HERB004949,山芝麻,not_found,,,no search results,error,,,RuntimeError: HTTPError: HTTP Error 468: 
HERB004946,山楂核,not_found,,,no exact pharmacopoeia herb result,error,,,RuntimeError: HTTPError: HTTP Error 468: 
HERB004937,山羊血,not_found,,,no exact pharmacopoeia herb result,error,,,RuntimeError: HTTPError: HTTP Error 468: 
HERB004941,山罂粟,not_found,,,no exact pharmacopoeia herb result,error,,,RuntimeError: HTTPError: HTTP Error 468: 
HERB004950,山茱萸,skipped_no_chp_blank_fields,,,,error,,,RuntimeError: HTTPError: HTTP Error 468: 
HERB004947,山楂花,not_found,,,no exact pharmacopoeia herb result,error,,,RuntimeError: HTTPError: HTTP Error 468: 
HERB004948,山楂叶,ok,https://ydz.chp.org.cn/#/item?bookId=1&entryId=44,Herb_latin_name|Properties|Meridians|Function,,error,,,RuntimeError: HTTPError: HTTP Error 468: 
HERB004954,桑白皮,ok,https://ydz.chp.org.cn/#/item?bookId=1&entryId=472,Herb_latin_name|UsePart|Properties|Meridians|Function|Indication,,error,,,RuntimeError: HTTPError: HTTP Error 468: 
HERB004956,上举天门冬,not_found,,,no exact pharmacopoeia herb result,error,,,RuntimeError: HTTPError: HTTP Error 468: 
HERB004951,山竹子,not_found,,,no search results,error,,,RuntimeError: HTTPError: HTTP Error 468: 
HERB004955,伤寒草,not_found,,,no exact pharmacopoeia herb result,error,,,RuntimeError: HTTPError: HTTP Error 468: 
HERB004963,少刺大叶蔷薇,not_found,,,no exact pharmacopoeia herb result,error,,,RuntimeError: HTTPError: HTTP Error 468: 
HERB004962,少齿小檗,not_found,,,no exact pharmacopoeia herb result,error,,,RuntimeError: HTTPError: HTTP Error 468: 
HERB004968,杓兰,not_found,,,no exact pharmacopoeia herb result,error,,,RuntimeError: HTTPError: HTTP Error 468: 
HERB004971,蛇床子,skipped_no_chp_blank_fields,,,,error,,,RuntimeError: HTTPError: HTTP Error 468: 
HERB004965,少果吴茱萸,not_found,,,no exact pharmacopoeia herb result,error,,,RuntimeError: HTTPError: HTTP Error 468: 
HERB004973,射干,skipped_no_chp_blank_fields,,,,error,,,RuntimeError: HTTPError: HTTP Error 468: 
HERB004966,少花瑞木,not_found,,,no exact pharmacopoeia herb result,error,,,RuntimeError: HTTPError: HTTP Error 468: 
HERB004972,蛇胆汁,not_found,,,no exact pharmacopoeia herb result,error,,,RuntimeError: HTTPError: HTTP Error 468: 
HERB004974,蛇根草,not_found,,,no search results,error,,,RuntimeError: HTTPError: HTTP Error 468: 
HERB004977,蛇莓,not_found,,,no exact pharmacopoeia herb result,error,,,RuntimeError: HTTPError: HTTP Error 468: 
HERB004970,蛇鞭菊,not_found,,,no exact pharmacopoeia herb result,error,,,RuntimeError: HTTPError: HTTP Error 468: 
HERB004969,蛇百子,not_found,,,no exact pharmacopoeia herb result,error,,,RuntimeError: HTTPError: HTTP Error 468: 
HERB004979,蛇葡萄,not_found,,,no exact pharmacopoeia herb result,error,,,RuntimeError: HTTPError: HTTP Error 468: 
HERB004976,蛇含委陵菜,not_found,,,no exact pharmacopoeia herb result,error,,,RuntimeError: HTTPError: HTTP Error 468: 
HERB004975,蛇果黄堇,not_found,,,no exact pharmacopoeia herb result,error,,,RuntimeError: HTTPError: HTTP Error 468: 
HERB004984,麝香,skipped_no_chp_blank_fields,,,,error,,,RuntimeError: HTTPError: HTTP Error 468: 
HERB004980,蛇肉,not_found,,,no exact pharmacopoeia herb result,error,,,RuntimeError: HTTPError: HTTP Error 468: 
HERB004978,蛇泡筋,not_found,,,no exact pharmacopoeia herb result,error,,,RuntimeError: HTTPError: HTTP Error 468: 
HERB004985,麝香百合,not_found,,,no exact pharmacopoeia herb result,error,,,RuntimeError: HTTPError: HTTP Error 468: 
HERB004986,麝香草,not_found,,,no exact pharmacopoeia herb result,error,,,RuntimeError: HTTPError: HTTP Error 468: 
HERB004982,蛇藤,not_found,,,no exact pharmacopoeia herb result,error,,,RuntimeError: HTTPError: HTTP Error 468: 
HERB004990,麝香石竹,not_found,,,no search results,error,,,RuntimeError: HTTPError: HTTP Error 468: 
HERB004987,麝香草酸,not_found,,,no exact pharmacopoeia herb result,error,,,RuntimeError: HTTPError: HTTP Error 468: 
HERB004993,穿心莲,ok,https://ydz.chp.org.cn/#/item?bookId=1&entryId=423,UsePart|Properties|Meridians|Function|Indication,,error,,,RuntimeError: HTTPError: HTTP Error 468: 
HERB004995,深红红景天,not_found,,,no exact pharmacopoeia herb result,error,,,RuntimeError: HTTPError: HTTP Error 468: 
HERB004992,蛇形林生脚骨脆,not_found,,,no exact pharmacopoeia herb result,error,,,RuntimeError: HTTPError: HTTP Error 468: 
HERB005001,甚烈翠雀花,not_found,,,no search results,error,,,RuntimeError: HTTPError: HTTP Error 468: 
HERB004998,伸筋草,ok,https://ydz.chp.org.cn/#/item?bookId=1&entryId=273,UsePart,,error,,,RuntimeError: HTTPError: HTTP Error 468: 
HERB005003,深裂鱼黄草,not_found,,,no exact pharmacopoeia herb result,error,,,RuntimeError: HTTPError: HTTP Error 468: 
HERB005000,肾精子,not_found,,,no exact pharmacopoeia herb result,error,,,RuntimeError: HTTPError: HTTP Error 468: 
HERB004999,伸筋草,skipped_no_chp_blank_fields,,,,error,,,RuntimeError: HTTPError: HTTP Error 468: 
HERB004996,神黄豆,not_found,,,no exact pharmacopoeia herb result,error,,,RuntimeError: HTTPError: HTTP Error 468: 
HERB005004,神鹿山龙眼,not_found,,,no exact pharmacopoeia herb result,error,,,RuntimeError: HTTPError: HTTP Error 468: 
HERB005010,深夜天竺葵,not_found,,,no search results,error,,,RuntimeError: HTTPError: HTTP Error 468: 
HERB005006,申生悬钩子,not_found,,,no exact pharmacopoeia herb result,error,,,RuntimeError: HTTPError: HTTP Error 468: 
HERB005007,神香草,not_found,,,no exact pharmacopoeia herb result,error,,,RuntimeError: HTTPError: HTTP Error 468: 
HERB005005,神曲,skipped_no_chp_blank_fields,,,,error,,,RuntimeError: HTTPError: HTTP Error 468: 
HERB005009,香茶菜,not_found,,,no exact pharmacopoeia herb result,error,,,RuntimeError: HTTPError: HTTP Error 468: 
HERB005008,神香草叶泽兰,not_found,,,no exact pharmacopoeia herb result,error,,,RuntimeError: HTTPError: HTTP Error 468: 
HERB005011,圣地红景天,not_found,,,no exact pharmacopoeia herb result,error,,,RuntimeError: HTTPError: HTTP Error 468: 
HERB005012,生地黄,skipped_no_chp_blank_fields,,,,error,,,RuntimeError: HTTPError: HTTP Error 468: 
HERB005013,省沽油,not_found,,,no exact pharmacopoeia herb result,error,,,RuntimeError: HTTPError: HTTP Error 468: 
HERB005017,生姜,skipped_no_chp_blank_fields,,,,error,,,RuntimeError: HTTPError: HTTP Error 468: 
HERB005014,生瓜,not_found,,,no exact pharmacopoeia herb result,error,,,RuntimeError: HTTPError: HTTP Error 468: 
HERB005020,生军,skipped_no_chp_blank_fields,,,,error,,,RuntimeError: HTTPError: HTTP Error 468: 
HERB005022,升麻,skipped_no_chp_blank_fields,,,,error,,,RuntimeError: HTTPError: HTTP Error 468: 
HERB005016,生槐角,not_found,,,no exact pharmacopoeia herb result,error,,,RuntimeError: HTTPError: HTTP Error 468: 
HERB005019,生锦纹,skipped_no_chp_blank_fields,,,,error,,,RuntimeError: HTTPError: HTTP Error 468: 
HERB005015,胜红蓟,not_found,,,no exact pharmacopoeia herb result,error,,,RuntimeError: HTTPError: HTTP Error 468: 
HERB005025,生山栀,skipped_no_chp_blank_fields,,,,error,,,RuntimeError: HTTPError: HTTP Error 468: 
HERB005027,生铁落,not_found,,,no exact pharmacopoeia herb result,error,,,RuntimeError: HTTPError: HTTP Error 468: 
HERB005030,石菖蒲,skipped_no_chp_blank_fields,,,,error,,,RuntimeError: HTTPError: HTTP Error 468: 
HERB005018,生姜汁,not_found,,,no exact pharmacopoeia herb result,error,,,RuntimeError: HTTPError: HTTP Error 468: 
HERB005029,石蚕香科科,not_found,,,no exact pharmacopoeia herb result,error,,,RuntimeError: HTTPError: HTTP Error 468: 
HERB005021,生龙牡,not_found,,,no exact pharmacopoeia herb result,error,,,RuntimeError: HTTPError: HTTP Error 468: 
HERB005026,生藤,not_found,,,no exact pharmacopoeia herb result,error,,,RuntimeError: HTTPError: HTTP Error 468: 
HERB005031,石菖蒲叶,not_found,,,no exact pharmacopoeia herb result,error,,,RuntimeError: HTTPError: HTTP Error 468: 
HERB005028,生枣,not_found,,,no exact pharmacopoeia herb result,error,,,RuntimeError: HTTPError: HTTP Error 468: 
HERB005032,矢车菊,not_found,,,no search results,error,,,RuntimeError: HTTPError: HTTP Error 468: 
HERB005033,石莼,not_found,,,no exact pharmacopoeia herb result,error,,,RuntimeError: HTTPError: HTTP Error 468: 
HERB005035,十大功劳木,not_found,,,no exact pharmacopoeia herb result,error,,,RuntimeError: HTTPError: HTTP Error 468: 
HERB005034,十大功劳根,not_found,,,no exact pharmacopoeia herb result,error,,,RuntimeError: HTTPError: HTTP Error 468: 
HERB005036,十大功劳叶,not_found,,,no search results,error,,,RuntimeError: HTTPError: HTTP Error 468: 
HERB005037,十大功劳子,not_found,,,no exact pharmacopoeia herb result,error,,,RuntimeError: HTTPError: HTTP Error 468: 
HERB005041,石刁柏,not_found,,,no search results,error,,,RuntimeError: HTTPError: HTTP Error 468: 
HERB005039,柿蒂,skipped_no_chp_blank_fields,,,,error,,,RuntimeError: HTTPError: HTTP Error 468: 
HERB005042,石吊兰,ok,https://ydz.chp.org.cn/#/item?bookId=1&entryId=132,Properties|Meridians,,error,,,RuntimeError: HTTPError: HTTP Error 468: 
HERB005038,石胆草,not_found,,,no exact pharmacopoeia herb result,error,,,RuntimeError: HTTPError: HTTP Error 468: 
HERB005047,石柑子,not_found,,,no exact pharmacopoeia herb result,error,,,RuntimeError: HTTPError: HTTP Error 468: 
HERB005048,石膏,ok,https://ydz.chp.org.cn/#/item?bookId=1&entryId=137,,matched page but chp target columns already had values,error,,,RuntimeError: HTTPError: HTTP Error 468: 
HERB005046,石防风,not_found,,,no exact pharmacopoeia herb result,error,,,RuntimeError: HTTPError: HTTP Error 468: 
HERB005052,石蝴蝶,not_found,,,no exact pharmacopoeia herb result,error,,,RuntimeError: HTTPError: HTTP Error 468: 
HERB005055,石斛,ok,https://ydz.chp.org.cn/#/item?bookId=1&entryId=135,Properties|Meridians,,error,,,RuntimeError: HTTPError: HTTP Error 468: 
HERB005040,十帝钱,not_found,,,no exact pharmacopoeia herb result,error,,,RuntimeError: HTTPError: HTTP Error 468: 
HERB005057,石灰华,not_found,,,no exact pharmacopoeia herb result,error,,,RuntimeError: HTTPError: HTTP Error 468: 
HERB005049,柿根,not_found,,,no exact pharmacopoeia herb result,error,,,RuntimeError: HTTPError: HTTP Error 468: 
HERB005053,石斛小菇,not_found,,,no exact pharmacopoeia herb result,error,,,RuntimeError: HTTPError: HTTP Error 468: 
HERB005054,石斛,ok,https://ydz.chp.org.cn/#/item?bookId=1&entryId=135,Properties|Meridians,,error,,,RuntimeError: HTTPError: HTTP Error 468: 
HERB005051,石斛,skipped_no_chp_blank_fields,,,,error,,,RuntimeError: HTTPError: HTTP Error 468: 
HERB005060,石椒草,not_found,,,no search results,error,,,RuntimeError: HTTPError: HTTP Error 468: 
HERB005056,石花,not_found,,,no exact pharmacopoeia herb result,error,,,RuntimeError: HTTPError: HTTP Error 468: 
HERB005059,石见穿,not_found,,,no search results,error,,,RuntimeError: HTTPError: HTTP Error 468: 
HERB005058,石荠宁,not_found,,,no exact pharmacopoeia herb result,error,,,RuntimeError: HTTPError: HTTP Error 468: 
HERB005061,石决明,skipped_no_chp_blank_fields,,,,error,,,RuntimeError: HTTPError: HTTP Error 468: 
HERB005062,使君子,skipped_no_chp_blank_fields,,,,error,,,RuntimeError: HTTPError: HTTP Error 468: 
HERB005065,苦苣,not_found,,,no exact pharmacopoeia herb result,error,,,RuntimeError: HTTPError: HTTP Error 468: 
HERB005063,使君子根,not_found,,,no exact pharmacopoeia herb result,error,,,RuntimeError: HTTPError: HTTP Error 468: 
HERB005064,使君子叶,not_found,,,no exact pharmacopoeia herb result,error,,,RuntimeError: HTTPError: HTTP Error 468: 
HERB005069,石榴,not_found,,,no exact pharmacopoeia herb result,error,,,RuntimeError: HTTPError: HTTP Error 468: 
HERB005088,当归,ok,https://ydz.chp.org.cn/#/item?bookId=1&entryId=204,UsePart|Properties|Meridians|Function|Indication,,ok,https://www.dayi.org.cn/cmedical/300362.html,Toxicity|Therapeutic_cn_class,
HERB005068,石莲子,skipped_no_chp_blank_fields,,,,error,,,RuntimeError: HTTPError: HTTP Error 468: 
HERB005066,石蜡红,not_found,,,no exact pharmacopoeia herb result,error,,,RuntimeError: HTTPError: HTTP Error 468: 
HERB005075,石龙芮,not_found,,,no exact pharmacopoeia herb result,error,,,RuntimeError: HTTPError: HTTP Error 468: 
HERB005071,石榴皮,skipped_no_chp_blank_fields,,,,error,,,RuntimeError: HTTPError: HTTP Error 468: 
HERB005074,石榴种子,not_found,,,no exact pharmacopoeia herb result,error,,,RuntimeError: HTTPError: HTTP Error 468: 
HERB005067,石栗子,not_found,,,no exact pharmacopoeia herb result,error,,,RuntimeError: HTTPError: HTTP Error 468: 
HERB005077,柿木皮,not_found,,,no exact pharmacopoeia herb result,error,,,RuntimeError: HTTPError: HTTP Error 468: 
HERB005073,石榴叶,not_found,,,no exact pharmacopoeia herb result,error,,,RuntimeError: HTTPError: HTTP Error 468: 
HERB005076,石落子,not_found,,,no exact pharmacopoeia herb result,error,,,RuntimeError: HTTPError: HTTP Error 468: 
HERB005070,石榴根,not_found,,,no exact pharmacopoeia herb result,error,,,RuntimeError: HTTPError: HTTP Error 468: 
HERB005078,石南,not_found,,,no search results,error,,,RuntimeError: HTTPError: HTTP Error 468: 
HERB005080,石楠藤,not_found,,,no search results,error,,,RuntimeError: HTTPError: HTTP Error 468: 
HERB005079,石南藤,not_found,,,no exact pharmacopoeia herb result,error,,,RuntimeError: HTTPError: HTTP Error 468: 
HERB005083,石蕊,not_found,,,no search results,error,,,RuntimeError: HTTPError: HTTP Error 468: 
HERB005081,柿皮,not_found,,,no exact pharmacopoeia herb result,error,,,RuntimeError: HTTPError: HTTP Error 468: 
HERB005091,石蒜,not_found,,,no exact pharmacopoeia herb result,error,,,RuntimeError: HTTPError: HTTP Error 468: 
HERB005084,十蕊商陆,not_found,,,no exact pharmacopoeia herb result,error,,,RuntimeError: HTTPError: HTTP Error 468: 
HERB005087,金丝桃,not_found,,,no exact pharmacopoeia herb result,error,,,RuntimeError: HTTPError: HTTP Error 468: 
HERB005086,湿生扁蕾,not_found,,,no exact pharmacopoeia herb result,error,,,RuntimeError: HTTPError: HTTP Error 468: 
HERB005085,石上柏,not_found,,,no exact pharmacopoeia herb result,error,,,RuntimeError: HTTPError: HTTP Error 468: 
HERB005092,石韦,ok,https://ydz.chp.org.cn/#/item?bookId=1&entryId=131,Herb_latin_name|UsePart|Properties|Meridians|Function,,error,,,RuntimeError: HTTPError: HTTP Error 468: 
HERB005089,石刷把,not_found,,,no exact pharmacopoeia herb result,error,,,RuntimeError: HTTPError: HTTP Error 468: 
HERB005090,石霜,not_found,,,no exact pharmacopoeia herb result,error,,,RuntimeError: HTTPError: HTTP Error 468: 
HERB005096,食盐,not_found,,,no exact pharmacopoeia herb result,error,,,RuntimeError: HTTPError: HTTP Error 468: 
HERB005097,石燕,not_found,,,no exact pharmacopoeia herb result,error,,,RuntimeError: HTTPError: HTTP Error 468: 
HERB005094,石香薷,not_found,,,no exact pharmacopoeia herb result,error,,,RuntimeError: HTTPError: HTTP Error 468: 
HERB005103,食用葛,not_found,,,no exact pharmacopoeia herb result,error,,,RuntimeError: HTTPError: HTTP Error 468: 
HERB005110,十字星枫寄生,not_found,,,no exact pharmacopoeia herb result,not_found,,,no exact cmedical result in search page
HERB005100,食叶草,not_found,,,no exact pharmacopoeia herb result,not_found,,,no exact cmedical result in search page
HERB005115,手掌参,not_found,,,no exact pharmacopoeia herb result,ok,https://www.dayi.org.cn/cmedical/303585.html,Properties|Meridians,
HERB005114,首乌藤,skipped_no_chp_blank_fields,,,,ok,https://www.dayi.org.cn/cmedical/1155638.html,,matched page but remaining dayi target columns already had values
HERB005098,石岩枫,not_found,,,no exact pharmacopoeia herb result,not_found,,,no exact cmedical result in search page
HERB005120,疏花毛萼香茶菜,not_found,,,no exact pharmacopoeia herb result,not_found,,,no exact cmedical result in search page
HERB005122,属鸡骨常山,not_found,,,no exact pharmacopoeia herb result,not_found,,,no exact cmedical result in search page
HERB005121,束花石斛,not_found,,,no exact pharmacopoeia herb result,ok,https://www.dayi.org.cn/cmedical/1115171.html,Properties,
HERB005124,蜀葵花,not_found,,,no exact pharmacopoeia herb result,ok,https://www.dayi.org.cn/cmedical/303596.html,Toxicity|Properties|Meridians,
HERB005101,匙叶甘松,not_found,,,no exact pharmacopoeia herb result,not_found,,,no exact cmedical result in search page
HERB005118,熟地黄,skipped_no_chp_blank_fields,,,,ok,https://www.dayi.org.cn/cmedical/1115491.html,Toxicity,
HERB005106,石竹,not_found,,,no exact pharmacopoeia herb result,not_found,,,no exact cmedical result in search page
HERB005125,蜀葵叶薯蓣,not_found,,,no exact pharmacopoeia herb result,no_fields,https://www.dayi.org.cn/cmedical/303598.html,,detail page parsed but no mapped fields found
HERB005116,蜀侧金盏花,not_found,,,no exact pharmacopoeia herb result,not_found,,,no exact cmedical result in search page
HERB005099,柿叶,not_found,,,no exact pharmacopoeia herb result,ok,https://www.dayi.org.cn/cmedical/303577.html,Toxicity|Properties|Meridians,
HERB005123,蜀椒,skipped_no_chp_blank_fields,,,,not_found,,,no exact cmedical result in search page
HERB005137,树形杜鹃,not_found,,,no exact pharmacopoeia herb result,not_found,,,no exact cmedical result in search page
HERB005133,鼠麴风毛菊,not_found,,,no exact pharmacopoeia herb result,not_found,,,no exact cmedical result in search page
HERB005139,鼠掌老鹳草,not_found,,,no exact pharmacopoeia herb result,not_found,,,no exact cmedical result in search page
HERB005104,食用黄芪,not_found,,,no exact pharmacopoeia herb result,not_found,,,no exact cmedical result in search page
HERB005108,石竹,not_found,,,no exact pharmacopoeia herb result,not_found,,,no exact cmedical result in search page
HERB005126,鼠李,not_found,,,no exact pharmacopoeia herb result,ok,https://www.dayi.org.cn/cmedical/303607.html,Toxicity|Properties|Meridians,
HERB005148,双边栝楼,not_found,,,no exact pharmacopoeia herb result,not_found,,,no exact cmedical result in search page
HERB005135,鼠尾草,not_found,,,no search results,ok,https://www.dayi.org.cn/cmedical/303614.html,Toxicity|UsePart|Function|Indication|Properties,
HERB005141,树脂大戟,not_found,,,no exact pharmacopoeia herb result,not_found,,,no exact cmedical result in search page
HERB005128,鼠李皮,not_found,,,no exact pharmacopoeia herb result,no_fields,https://www.dayi.org.cn/cmedical/303608.html,,detail page parsed but no mapped fields found
HERB005132,鼠曲草,not_found,,,no search results,ok,https://www.dayi.org.cn/cmedical/303610.html,UsePart|Function|Properties|Meridians,
HERB005150,双花,skipped_no_chp_blank_fields,,,,not_found,,,no exact cmedical result in search page
HERB005105,食用日中花,not_found,,,no exact pharmacopoeia herb result,not_found,,,no exact cmedical result in search page
HERB005145,栓翅卫矛,not_found,,,no exact pharmacopoeia herb result,not_found,,,no exact cmedical result in search page
HERB005143,树状麻黄,not_found,,,no exact pharmacopoeia herb result,not_found,,,no exact cmedical result in search page
HERB005154,双色金光菊,not_found,,,no exact pharmacopoeia herb result,not_found,,,no exact cmedical result in search page
HERB005127,鼠李根,not_found,,,no exact pharmacopoeia herb result,no_fields,https://www.dayi.org.cn/cmedical/1115205.html,,detail page parsed but no mapped fields found
HERB005109,柿子,not_found,,,no search results,ok,https://www.dayi.org.cn/cmedical/303578.html,Properties|Meridians,
HERB005144,栓翅芹,not_found,,,no exact pharmacopoeia herb result,not_found,,,no exact cmedical result in search page
HERB005147,双孢蘑菇,not_found,,,no exact pharmacopoeia herb result,not_found,,,no exact cmedical result in search page
HERB005138,束序苎麻,not_found,,,no exact pharmacopoeia herb result,not_found,,,no exact cmedical result in search page
HERB005134,树舌,not_found,,,no exact pharmacopoeia herb result,ok,https://www.dayi.org.cn/cmedical/303632.html,Properties|Meridians,
HERB005152,双花金丝桃,not_found,,,no exact pharmacopoeia herb result,not_found,,,no exact cmedical result in search page
HERB005153,双色鸡蛋花,not_found,,,no exact pharmacopoeia herb result,not_found,,,no exact cmedical result in search page
HERB005151,双花番红花,not_found,,,no exact pharmacopoeia herb result,not_found,,,no exact cmedical result in search page
HERB005175,睡莲叶童,not_found,,,no exact pharmacopoeia herb result,not_found,,,no exact cmedical result in search page
HERB005162,水飞蓟,ok,https://ydz.chp.org.cn/#/item?bookId=1&entryId=119,Herb_latin_name|Properties|Meridians|Function,,ok,https://www.dayi.org.cn/cmedical/303664.html,Toxicity,
HERB005157,双叶细辛,not_found,,,no exact pharmacopoeia herb result,not_found,,,no exact cmedical result in search page
HERB005165,水红花子,ok,https://ydz.chp.org.cn/#/item?bookId=1&entryId=121,UsePart|Properties|Meridians,,ok,https://www.dayi.org.cn/cmedical/303674.html,,matched page but remaining dayi target columns already had values
HERB005166,水葫芦,not_found,,,no search results,ok,https://www.dayi.org.cn/cmedical/1115175.html,Properties|Meridians,
HERB005177,水流豆,not_found,,,no exact pharmacopoeia herb result,ok,https://www.dayi.org.cn/cmedical/303705.html,Toxicity|Properties|Meridians,
HERB005163,水甘草,not_found,,,no exact pharmacopoeia herb result,ok,https://www.dayi.org.cn/cmedical/303667.html,Properties,
HERB005182,水母雪莲花,not_found,,,no search results,not_found,,,no exact cmedical result in search page
HERB005173,水晶兰,not_found,,,no exact pharmacopoeia herb result,ok,https://www.dayi.org.cn/cmedical/303695.html,Properties|Meridians,
HERB005161,水朝阳,not_found,,,no exact pharmacopoeia herb result,ok,https://www.dayi.org.cn/cmedical/1115198.html,Properties,
HERB005180,水麻芀,not_found,,,no exact pharmacopoeia herb result,not_found,,,no exact cmedical result in search page
HERB005171,水接骨丹,not_found,,,no exact pharmacopoeia herb result,no_fields,https://www.dayi.org.cn/cmedical/1115178.html,,detail page parsed but no mapped fields found
HERB005156,双穗麻黄,not_found,,,no exact pharmacopoeia herb result,not_found,,,no exact cmedical result in search page
HERB005189,水杉,not_found,,,no search results,not_found,,,no exact cmedical result in search page
HERB005164,水鬼蕉叶,not_found,,,no exact pharmacopoeia herb result,no_fields,https://www.dayi.org.cn/cmedical/1115174.html,,detail page parsed but no mapped fields found
HERB005185,水芹,not_found,,,no search results,ok,https://www.dayi.org.cn/cmedical/303733.html,Properties|Meridians,
HERB005168,水黄杨木,not_found,,,no exact pharmacopoeia herb result,no_fields,https://www.dayi.org.cn/cmedical/303684.html,,detail page parsed but no mapped fields found
HERB005169,水茴香,not_found,,,no exact pharmacopoeia herb result,ok,https://www.dayi.org.cn/cmedical/303685.html,Properties|Meridians,
HERB005183,水牛角,ok,https://ydz.chp.org.cn/#/item?bookId=1&entryId=120,Properties|Meridians,,ok,https://www.dayi.org.cn/cmedical/303724.html,,matched page but remaining dayi target columns already had values
HERB005172,水金凤,not_found,,,no exact pharmacopoeia herb result,ok,https://www.dayi.org.cn/cmedical/303692.html,Indication|Properties|Meridians,
HERB005174,水苦荬,not_found,,,no exact pharmacopoeia herb result,ok,https://www.dayi.org.cn/cmedical/303698.html,Function|Indication|Properties|Meridians,
HERB005188,水榕,not_found,,,no exact pharmacopoeia herb result,not_found,,,no exact cmedical result in search page
HERB005178,水龙骨,not_found,,,no exact pharmacopoeia herb result,no_fields,https://www.dayi.org.cn/cmedical/303709.html,,detail page parsed but no mapped fields found
HERB005187,水曲柳,not_found,,,no search results,ok,https://www.dayi.org.cn/cmedical/303735.html,Properties|Meridians,
HERB005181,水木草,not_found,,,no exact pharmacopoeia herb result,ok,https://www.dayi.org.cn/cmedical/303723.html,Properties,
HERB005190,水松,not_found,,,no search results,ok,https://www.dayi.org.cn/cmedical/303743.html,Toxicity|Properties|Meridians,
HERB005186,水青树,not_found,,,no exact pharmacopoeia herb result,not_found,,,no exact cmedical result in search page
HERB005193,水蜈蚣,not_found,,,no search results,ok,https://www.dayi.org.cn/cmedical/303759.html,Properties|Meridians,
HERB005201,水杨梅,not_found,,,no search results,ok,https://www.dayi.org.cn/cmedical/303769.html,UsePart|Function|Indication|Properties,
HERB005194,水仙花,not_found,,,no search results,ok,https://www.dayi.org.cn/cmedical/1115195.html,Herb_latin_name|Toxicity|UsePart|Function|Indication|Properties|Meridians,
HERB005184,水茄,not_found,,,no exact pharmacopoeia herb result,ok,https://www.dayi.org.cn/cmedical/303728.html,Toxicity|Properties|Meridians,
HERB005202,水杨梅,not_found,,,no search results,ok,https://www.dayi.org.cn/cmedical/303769.html,UsePart|Function|Indication|Properties,
HERB005197,水仙花,not_found,,,no search results,ok,https://www.dayi.org.cn/cmedical/1115195.html,Toxicity|Properties|Meridians,
HERB005192,水团花,not_found,,,no exact pharmacopoeia herb result,ok,https://www.dayi.org.cn/cmedical/303753.html,Properties,
HERB005198,水杨梅,not_found,,,no search results,ok,https://www.dayi.org.cn/cmedical/303769.html,Properties,
HERB005195,水仙草,not_found,,,no exact pharmacopoeia herb result,not_found,,,no exact cmedical result in search page
HERB005205,水杨枝叶,not_found,,,no exact pharmacopoeia herb result,no_fields,https://www.dayi.org.cn/cmedical/303772.html,,detail page parsed but no mapped fields found
HERB005216,四川轮环藤,not_found,,,no exact pharmacopoeia herb result,not_found,,,no exact cmedical result in search page
HERB005191,水桐木,not_found,,,no exact pharmacopoeia herb result,no_fields,https://www.dayi.org.cn/cmedical/1117303.html,,detail page parsed but no mapped fields found
HERB005213,四齿四棱草,not_found,,,no exact pharmacopoeia herb result,not_found,,,no exact cmedical result in search page
HERB005217,四川清风藤,not_found,,,no exact pharmacopoeia herb result,not_found,,,no exact cmedical result in search page
HERB005199,水杨梅根,not_found,,,no exact pharmacopoeia herb result,no_fields,https://www.dayi.org.cn/cmedical/303770.html,,detail page parsed but no mapped fields found
HERB005200,水杨梅根,not_found,,,no exact pharmacopoeia herb result,no_fields,https://www.dayi.org.cn/cmedical/303770.html,,detail page parsed but no mapped fields found
HERB005219,四川霪羊藿,not_found,,,no exact pharmacopoeia herb result,not_found,,,no exact cmedical result in search page
HERB005218,四川香茶菜,not_found,,,no exact pharmacopoeia herb result,not_found,,,no exact cmedical result in search page
HERB005221,丝瓜,not_found,,,no exact pharmacopoeia herb result,not_found,,,no exact cmedical result in search page
HERB005212,四翅黄芪,not_found,,,no exact pharmacopoeia herb result,not_found,,,no exact cmedical result in search page
HERB005204,水杨酸甲酯,not_found,,,no exact pharmacopoeia herb result,not_found,,,no exact cmedical result in search page
HERB005209,水栀叶,not_found,,,no exact pharmacopoeia herb result,ok,https://www.dayi.org.cn/cmedical/303781.html,Properties|Meridians,
HERB005227,四季葱头,not_found,,,no search results,not_found,,,no exact cmedical result in search page
HERB005203,水杨木白皮,not_found,,,no exact pharmacopoeia herb result,no_fields,https://www.dayi.org.cn/cmedical/303771.html,,detail page parsed but no mapped fields found
HERB005236,斯里兰卡土蜜树,not_found,,,no exact pharmacopoeia herb result,not_found,,,no exact cmedical result in search page
HERB005211,四翅槐,not_found,,,no exact pharmacopoeia herb result,not_found,,,no exact cmedical result in search page
HERB005207,水栀,not_found,,,no exact pharmacopoeia herb result,ok,https://www.dayi.org.cn/cmedical/303779.html,Function|Indication|Properties|Meridians,
HERB005196,水仙根,not_found,,,no exact pharmacopoeia herb result,ok,https://www.dayi.org.cn/cmedical/303765.html,Toxicity|Properties|Meridians,
HERB005208,水栀根,not_found,,,no exact pharmacopoeia herb result,no_fields,https://www.dayi.org.cn/cmedical/303780.html,,detail page parsed but no mapped fields found
HERB005222,丝瓜络,ok,https://ydz.chp.org.cn/#/item?bookId=1&entryId=184,Properties|Meridians,,ok,https://www.dayi.org.cn/cmedical/303795.html,,matched page but remaining dayi target columns already had values
HERB005230,四季树,not_found,,,no exact pharmacopoeia herb result,not_found,,,no exact cmedical result in search page
HERB005214,四翅月见草,not_found,,,no exact pharmacopoeia herb result,not_found,,,no exact cmedical result in search page
HERB005225,四国香茶菜,not_found,,,no exact pharmacopoeia herb result,not_found,,,no exact cmedical result in search page
HERB005248,斯塔为翠雀花,not_found,,,no search results,not_found,,,no exact cmedical result in search page
HERB005247,私塾鸡骨常山,not_found,,,no exact pharmacopoeia herb result,not_found,,,no exact cmedical result in search page
HERB005240,思茅藤,not_found,,,no exact pharmacopoeia herb result,not_found,,,no exact cmedical result in search page
HERB005228,四季青,skipped_no_chp_blank_fields,,,,no_fields,https://www.dayi.org.cn/cmedical/303814.html,,detail page parsed but no mapped fields found
HERB005246,天洁菜,not_found,,,no exact pharmacopoeia herb result,not_found,,,no exact cmedical result in search page
HERB005251,丝菟子,skipped_no_chp_blank_fields,,,,not_found,,,no exact cmedical result in search page
HERB005252,斯托侯冰花,not_found,,,no exact pharmacopoeia herb result,not_found,,,no exact cmedical result in search page
HERB005224,四国黄芪,not_found,,,no exact pharmacopoeia herb result,not_found,,,no exact cmedical result in search page
HERB005223,丝瓜籽,not_found,,,no exact pharmacopoeia herb result,no_fields,https://www.dayi.org.cn/cmedical/1155837.html,,detail page parsed but no mapped fields found
HERB005263,松木,not_found,,,no search results,not_found,,,no exact cmedical result in search page
HERB005238,四裂红景天,not_found,,,no exact pharmacopoeia herb result,not_found,,,no exact cmedical result in search page
HERB005245,四是毛地黄,not_found,,,no exact pharmacopoeia herb result,not_found,,,no exact cmedical result in search page
HERB005229,四季香肉果,not_found,,,no exact pharmacopoeia herb result,not_found,,,no exact cmedical result in search page
HERB005262,松萝,not_found,,,no search results,ok,https://www.dayi.org.cn/cmedical/306233.html,Toxicity|Properties|Meridians,
HERB005256,四子汤,not_found,,,no exact pharmacopoeia herb result,not_found,,,no exact cmedical result in search page
HERB005259,松节,not_found,,,no search results,ok,https://www.dayi.org.cn/cmedical/303837.html,Toxicity|UsePart,
HERB005258,松花粉,ok,https://ydz.chp.org.cn/#/item?bookId=1&entryId=318,Herb_latin_name|UsePart|Properties|Meridians|Function,,ok,https://www.dayi.org.cn/cmedical/303835.html,,matched page but remaining dayi target columns already had values
HERB005270,松叶千里光,not_found,,,no exact pharmacopoeia herb result,not_found,,,no exact cmedical result in search page
HERB005260,松节油,not_found,,,no exact pharmacopoeia herb result,ok,https://www.dayi.org.cn/cmedical/1116652.html,UsePart|Properties|Meridians,
HERB005257,松蒿,not_found,,,no exact pharmacopoeia herb result,ok,https://www.dayi.org.cn/cmedical/303833.html,Properties,
HERB005250,斯图鸡血藤,not_found,,,no exact pharmacopoeia herb result,not_found,,,no exact cmedical result in search page
HERB005266,松香,not_found,,,no exact pharmacopoeia herb result,ok,https://www.dayi.org.cn/cmedical/303843.html,Properties|Meridians,
HERB005265,松石,not_found,,,no exact pharmacopoeia herb result,not_found,,,no exact cmedical result in search page
HERB005261,松馏油,not_found,,,no exact pharmacopoeia herb result,not_found,,,no exact cmedical result in search page
HERB005264,松潘乌头,not_found,,,no exact pharmacopoeia herb result,not_found,,,no exact cmedical result in search page
HERB005269,松叶防风,not_found,,,no exact pharmacopoeia herb result,not_found,,,no exact cmedical result in search page
HERB005268,松叶,not_found,,,no exact pharmacopoeia herb result,ok,https://www.dayi.org.cn/cmedical/303845.html,UsePart|Function|Indication|Properties|Meridians,
HERB005285,宿根獐牙菜,not_found,,,no exact pharmacopoeia herb result,not_found,,,no exact cmedical result in search page
HERB005271,松油,not_found,,,no exact pharmacopoeia herb result,ok,https://www.dayi.org.cn/cmedical/1115214.html,UsePart|Function|Indication|Properties,
HERB005272,松针,not_found,,,no search results,ok,https://www.dayi.org.cn/cmedical/1117616.html,Properties|Meridians,
HERB005243,丝棉木,not_found,,,no exact pharmacopoeia herb result,ok,https://www.dayi.org.cn/cmedical/303798.html,Toxicity|Properties|Meridians,
HERB005267,松蕈,not_found,,,no search results,no_fields,https://www.dayi.org.cn/cmedical/303844.html,,detail page parsed but no mapped fields found
HERB005284,宿根香豌豆,not_found,,,no search results,not_found,,,no exact cmedical result in search page
HERB005279,苏丹可乐果,not_found,,,no exact pharmacopoeia herb result,not_found,,,no exact cmedical result in search page
HERB005292,苏门白酒草,not_found,,,no exact pharmacopoeia herb result,not_found,,,no exact cmedical result in search page
HERB005294,苏门答腊文殊兰,not_found,,,no search results,not_found,,,no exact cmedical result in search page
HERB005275,密叶泥炭藓,not_found,,,no exact pharmacopoeia herb result,not_found,,,no exact cmedical result in search page
HERB005273,松子仁,not_found,,,no exact pharmacopoeia herb result,ok,https://www.dayi.org.cn/cmedical/1117235.html,Toxicity|UsePart|Function|Indication|Properties|Meridians,
HERB005298,粟壳,skipped_no_chp_blank_fields,,,,not_found,,,no exact cmedical result in search page
HERB005293,苏门答腊红豆杉,not_found,,,no exact pharmacopoeia herb result,not_found,,,no exact cmedical result in search page
HERB005280,素方花,not_found,,,no exact pharmacopoeia herb result,not_found,,,no exact cmedical result in search page
HERB005276,并齿藓,not_found,,,no exact pharmacopoeia herb result,not_found,,,no exact cmedical result in search page
HERB005278,苏打其柑橘,not_found,,,no exact pharmacopoeia herb result,not_found,,,no exact cmedical result in search page
HERB005286,苏梗,not_found,,,no exact pharmacopoeia herb result,not_found,,,no exact cmedical result in search page
HERB005287,苏合香,skipped_no_chp_blank_fields,,,,ok,https://www.dayi.org.cn/cmedical/1115574.html,,matched page but remaining dayi target columns already had values
HERB005288,苏合香油,not_found,,,no exact pharmacopoeia herb result,not_found,,,no exact cmedical result in search page
HERB005274,搜山虎,not_found,,,no exact pharmacopoeia herb result,no_fields,https://www.dayi.org.cn/cmedical/1123670.html,,detail page parsed but no mapped fields found
HERB005297,苏木,skipped_no_chp_blank_fields,,,,ok,https://www.dayi.org.cn/cmedical/303852.html,,matched page but remaining dayi target columns already had values
HERB005299,苏铁树果,not_found,,,no exact pharmacopoeia herb result,not_found,,,no exact cmedical result in search page
HERB005289,素花党参,not_found,,,no exact pharmacopoeia herb result,not_found,,,no exact cmedical result in search page
HERB005307,蒜臭母鸡草,not_found,,,no exact pharmacopoeia herb result,not_found,,,no exact cmedical result in search page
HERB005295,粟米,not_found,,,no search results,ok,https://www.dayi.org.cn/cmedical/303862.html,Toxicity|Properties|Meridians,
HERB005291,苏里南肉豆蔻木,not_found,,,no exact pharmacopoeia herb result,not_found,,,no exact cmedical result in search page
HERB005302,素馨花,not_found,,,no search results,ok,https://www.dayi.org.cn/cmedical/303860.html,Toxicity|Properties|Meridians,
HERB005306,苏子,skipped_no_chp_blank_fields,,,,no_fields,https://www.dayi.org.cn/cmedical/1155979.html,,detail page parsed but no mapped fields found
HERB005283,苏根,not_found,,,no exact pharmacopoeia herb result,not_found,,,no exact cmedical result in search page
HERB005304,苏叶,not_found,,,no exact pharmacopoeia herb result,not_found,,,no exact cmedical result in search page
HERB005301,苏土虫,not_found,,,no exact pharmacopoeia herb result,not_found,,,no exact cmedical result in search page
HERB005303,素馨叶白英,not_found,,,no exact pharmacopoeia herb result,not_found,,,no exact cmedical result in search page
HERB005309,酸勾藤,not_found,,,no exact pharmacopoeia herb result,not_found,,,no exact cmedical result in search page
HERB005316,蒜味香科科,not_found,,,no exact pharmacopoeia herb result,not_found,,,no exact cmedical result in search page
HERB005310,酸浆,not_found,,,no exact pharmacopoeia herb result,no_fields,https://www.dayi.org.cn/cmedical/303870.html,,detail page parsed but no mapped fields found
HERB005318,酸枣,not_found,,,no exact pharmacopoeia herb result,no_fields,https://www.dayi.org.cn/cmedical/1155768.html,,detail page parsed but no mapped fields found
HERB005296,粟米草,not_found,,,no exact pharmacopoeia herb result,ok,https://www.dayi.org.cn/cmedical/303863.html,Properties|Meridians,
HERB005311,酸角,not_found,,,no exact pharmacopoeia herb result,ok,https://www.dayi.org.cn/cmedical/303873.html,Toxicity|Properties|Meridians,
HERB005323,穗花马先蒿,not_found,,,no exact pharmacopoeia herb result,not_found,,,no exact cmedical result in search page
HERB005313,酸模叶,not_found,,,no exact pharmacopoeia herb result,ok,https://www.dayi.org.cn/cmedical/303876.html,Properties|Meridians,
HERB005325,隧毛荷包牡丹,not_found,,,no search results,not_found,,,no exact cmedical result in search page
HERB005326,碎米莎草,not_found,,,no exact pharmacopoeia herb result,not_found,,,no exact cmedical result in search page
HERB005324,穗花牡荊,not_found,,,no exact pharmacopoeia herb result,not_found,,,no exact cmedical result in search page
HERB005300,苏铁叶,not_found,,,no exact pharmacopoeia herb result,no_fields,https://www.dayi.org.cn/cmedical/303858.html,,detail page parsed but no mapped fields found
HERB005327,穗状百金花,not_found,,,no exact pharmacopoeia herb result,not_found,,,no exact cmedical result in search page
HERB005312,酸模,not_found,,,no exact pharmacopoeia herb result,ok,https://www.dayi.org.cn/cmedical/303875.html,Toxicity|Properties|Meridians,
HERB005330,穗状芸香,not_found,,,no exact pharmacopoeia herb result,not_found,,,no exact cmedical result in search page
HERB005317,蒜叶婆罗门参,not_found,,,no exact pharmacopoeia herb result,not_found,,,no exact cmedical result in search page
HERB005328,穗状闭鞘姜,not_found,,,no exact pharmacopoeia herb result,not_found,,,no exact cmedical result in search page
HERB005319,酸枣仁,skipped_no_chp_blank_fields,,,,ok,https://www.dayi.org.cn/cmedical/1115571.html,Toxicity,
HERB005314,酸石榴,not_found,,,no exact pharmacopoeia herb result,ok,https://www.dayi.org.cn/cmedical/303877.html,Toxicity|Properties|Meridians,
HERB005320,穗菝葜,not_found,,,no exact pharmacopoeia herb result,not_found,,,no exact cmedical result in search page
HERB005308,蒜梗,not_found,,,no exact pharmacopoeia herb result,no_fields,https://www.dayi.org.cn/cmedical/1115218.html,,detail page parsed but no mapped fields found
HERB005322,穗花罗汉松,not_found,,,no exact pharmacopoeia herb result,not_found,,,no exact cmedical result in search page
HERB005331,索多密切,not_found,,,no exact pharmacopoeia herb result,not_found,,,no exact cmedical result in search page
HERB005349,泰国扭序花,not_found,,,no search results,not_found,,,no exact cmedical result in search page
HERB005338,锁阳,skipped_no_chp_blank_fields,,,,ok,https://www.dayi.org.cn/cmedical/1155641.html,Toxicity,
HERB005337,缩砂仁,skipped_no_chp_blank_fields,,,,not_found,,,no exact cmedical result in search page
HERB005340,塔拉乌头胺,not_found,,,no search results,not_found,,,no exact cmedical result in search page
HERB005332,梭果黄芪,not_found,,,no exact pharmacopoeia herb result,not_found,,,no exact cmedical result in search page
HERB005339,桃花百里香,not_found,,,no exact pharmacopoeia herb result,not_found,,,no exact cmedical result in search page
HERB005329,穗状乌头,not_found,,,no exact pharmacopoeia herb result,not_found,,,no exact cmedical result in search page
HERB005336,缩沙密,not_found,,,no exact pharmacopoeia herb result,not_found,,,no exact cmedical result in search page
HERB005355,太平洋鳞毛蕨,not_found,,,no exact pharmacopoeia herb result,not_found,,,no exact cmedical result in search page
HERB005360,台湾翠柏,not_found,,,no search results,not_found,,,no exact cmedical result in search page
HERB005357,台湾安息香,not_found,,,no exact pharmacopoeia herb result,not_found,,,no exact cmedical result in search page
HERB005335,娑罗子,ok,https://ydz.chp.org.cn/#/item?bookId=1&entryId=460,Properties|Meridians,,ok,https://www.dayi.org.cn/cmedical/303893.html,,matched page but remaining dayi target columns already had values
HERB005315,酸水草,not_found,,,no exact pharmacopoeia herb result,no_fields,https://www.dayi.org.cn/cmedical/306133.html,,detail page parsed but no mapped fields found
HERB005334,桫椤,not_found,,,no search results,no_fields,https://www.dayi.org.cn/cmedical/1156179.html,,detail page parsed but no mapped fields found
HERB005352,苔景天,not_found,,,no exact pharmacopoeia herb result,not_found,,,no exact cmedical result in search page
HERB005343,太白楤木,not_found,,,no exact pharmacopoeia herb result,not_found,,,no exact cmedical result in search page
HERB005365,台湾胡椒,not_found,,,no exact pharmacopoeia herb result,not_found,,,no exact cmedical result in search page
HERB005364,台湾果松,not_found,,,no search results,not_found,,,no exact cmedical result in search page
HERB005359,台湾粗榧,not_found,,,no exact pharmacopoeia herb result,not_found,,,no exact cmedical result in search page
HERB005369,台湾筋骨草,not_found,,,no exact pharmacopoeia herb result,not_found,,,no exact cmedical result in search page
HERB005350,泰国山牵牛,not_found,,,no exact pharmacopoeia herb result,not_found,,,no exact cmedical result in search page
HERB005353,胎盘粉,not_found,,,no exact pharmacopoeia herb result,not_found,,,no exact cmedical result in search page
HERB005370,台湾九里香,not_found,,,no exact pharmacopoeia herb result,not_found,,,no exact cmedical result in search page
HERB005345,太白檧木,not_found,,,no exact pharmacopoeia herb result,not_found,,,no exact cmedical result in search page
HERB005363,台湾哥纳香,not_found,,,no exact pharmacopoeia herb result,not_found,,,no exact cmedical result in search page
HERB005362,台湾芙蓉,not_found,,,no search results,not_found,,,no exact cmedical result in search page
HERB005354,太平洋假泽兰,not_found,,,no exact pharmacopoeia herb result,not_found,,,no exact cmedical result in search page
HERB005356,泰山盐附子,not_found,,,no exact pharmacopoeia herb result,not_found,,,no exact cmedical result in search page
HERB005374,台湾枇杷,not_found,,,no exact pharmacopoeia herb result,not_found,,,no exact cmedical result in search page
HERB005361,台湾蜂斗菜,not_found,,,no exact pharmacopoeia herb result,not_found,,,no exact cmedical result in search page
HERB005381,台湾杉木,not_found,,,no search results,not_found,,,no exact cmedical result in search page
HERB005351,泰国栀子,not_found,,,no exact pharmacopoeia herb result,not_found,,,no exact cmedical result in search page
HERB005379,台湾杉,not_found,,,no exact pharmacopoeia herb result,not_found,,,no exact cmedical result in search page
HERB005372,台湾绿岛藤黄,not_found,,,no search results,not_found,,,no exact cmedical result in search page
HERB005384,台湾唐松草,not_found,,,no exact pharmacopoeia herb result,not_found,,,no exact cmedical result in search page
HERB005380,台湾山豆根,not_found,,,no exact pharmacopoeia herb result,not_found,,,no exact cmedical result in search page
HERB005358,台湾檫木,not_found,,,no exact pharmacopoeia herb result,not_found,,,no exact cmedical result in search page
HERB005387,台湾云杉,not_found,,,no search results,not_found,,,no exact cmedical result in search page
HERB005388,台湾泽兰,not_found,,,no exact pharmacopoeia herb result,not_found,,,no exact cmedical result in search page
HERB005373,台湾牛奶菜,not_found,,,no exact pharmacopoeia herb result,no_fields,https://www.dayi.org.cn/cmedical/303913.html,,detail page parsed but no mapped fields found
HERB005371,台湾罗汉松,not_found,,,no search results,not_found,,,no exact cmedical result in search page
HERB005386,台湾绣线菊,not_found,,,no search results,not_found,,,no exact cmedical result in search page
HERB005395,唐古特大黄,not_found,,,no exact pharmacopoeia herb result,not_found,,,no exact cmedical result in search page
HERB005376,台湾前胡,not_found,,,no exact pharmacopoeia herb result,not_found,,,no exact cmedical result in search page
HERB005375,台湾蒲公英,not_found,,,no exact pharmacopoeia herb result,not_found,,,no exact cmedical result in search page
HERB005403,仐贝母,not_found,,,no exact pharmacopoeia herb result,error,,,RuntimeError: HTTPError: HTTP Error 468: 
HERB005397,棠梨,not_found,,,no search results,error,,,RuntimeError: HTTPError: HTTP Error 468: 
HERB005391,芒果,not_found,,,no exact pharmacopoeia herb result,error,,,RuntimeError: HTTPError: HTTP Error 468: 
HERB005402,桃,not_found,,,no exact pharmacopoeia herb result,error,,,RuntimeError: HTTPError: HTTP Error 468: 
HERB005400,唐松草撞扁果草,not_found,,,no exact pharmacopoeia herb result,error,,,RuntimeError: HTTPError: HTTP Error 468: 
HERB005392,檀香,skipped_no_chp_blank_fields,,,,error,,,RuntimeError: HTTPError: HTTP Error 468: 
HERB005408,桃胶,not_found,,,no exact pharmacopoeia herb result,error,,,RuntimeError: HTTPError: HTTP Error 468: 
HERB005407,桃花心木,not_found,,,no search results,error,,,RuntimeError: HTTPError: HTTP Error 468: 
HERB005394,檀香油,not_found,,,no exact pharmacopoeia herb result,error,,,RuntimeError: HTTPError: HTTP Error 468: 
HERB005406,桃花,not_found,,,no exact pharmacopoeia herb result,error,,,RuntimeError: HTTPError: HTTP Error 468: 
HERB005385,台湾小菠萝,not_found,,,no exact pharmacopoeia herb result,error,,,RuntimeError: HTTPError: HTTP Error 468: 
HERB005390,太子参,ok,https://ydz.chp.org.cn/#/item?bookId=1&entryId=98,UsePart,,error,,,RuntimeError: HTTPError: HTTP Error 468: 
HERB005405,桃根,not_found,,,no exact pharmacopoeia herb result,error,,,RuntimeError: HTTPError: HTTP Error 468: 
HERB005398,汤姆逊独活,not_found,,,no exact pharmacopoeia herb result,error,,,RuntimeError: HTTPError: HTTP Error 468: 
HERB005383,台湾双蝴蝶,not_found,,,no exact pharmacopoeia herb result,error,,,RuntimeError: HTTPError: HTTP Error 468: 
HERB005404,桃儿七,not_found,,,no exact pharmacopoeia herb result,error,,,RuntimeError: HTTPError: HTTP Error 468: 
HERB005377,台湾千金藤,not_found,,,no exact pharmacopoeia herb result,error,,,RuntimeError: HTTPError: HTTP Error 468: 
HERB005393,檀香泥,not_found,,,no exact pharmacopoeia herb result,error,,,RuntimeError: HTTPError: HTTP Error 468: 
HERB005409,桃金娘,not_found,,,no exact pharmacopoeia herb result,error,,,RuntimeError: HTTPError: HTTP Error 468: 
HERB005410,桃茎白皮,not_found,,,no exact pharmacopoeia herb result,error,,,RuntimeError: HTTPError: HTTP Error 468: 
HERB005413,桃叶,not_found,,,no exact pharmacopoeia herb result,error,,,RuntimeError: HTTPError: HTTP Error 468: 
HERB005411,桃南瓜,not_found,,,no exact pharmacopoeia herb result,error,,,RuntimeError: HTTPError: HTTP Error 468: 
HERB005433,甜地丁,not_found,,,no exact pharmacopoeia herb result,error,,,RuntimeError: HTTPError: HTTP Error 468: 
HERB005416,桃子,not_found,,,no search results,error,,,RuntimeError: HTTPError: HTTP Error 468: 
HERB005421,藤黄,not_found,,,no search results,error,,,RuntimeError: HTTPError: HTTP Error 468: 
HERB005429,甜菜,not_found,,,no search results,error,,,RuntimeError: HTTPError: HTTP Error 468: 
HERB005422,腾黄山竹子,not_found,,,no exact pharmacopoeia herb result,error,,,RuntimeError: HTTPError: HTTP Error 468: 
HERB005424,藤石松,not_found,,,no exact pharmacopoeia herb result,error,,,RuntimeError: HTTPError: HTTP Error 468: 
HERB005415,桃枝,ok,https://ydz.chp.org.cn/#/item?bookId=1&entryId=438,Properties|Meridians,,error,,,RuntimeError: HTTPError: HTTP Error 468: 
HERB005427,梯牧草,not_found,,,no exact pharmacopoeia herb result,error,,,RuntimeError: HTTPError: HTTP Error 468: 
HERB005414,桃叶蓼,not_found,,,no exact pharmacopoeia herb result,error,,,RuntimeError: HTTPError: HTTP Error 468: 
HERB005418,特洛伊黄芪,not_found,,,no exact pharmacopoeia herb result,error,,,RuntimeError: HTTPError: HTTP Error 468: 
HERB005423,藤黄属,not_found,,,no exact pharmacopoeia herb result,error,,,RuntimeError: HTTPError: HTTP Error 468: 
HERB005425,蹄盖蕨,not_found,,,no exact pharmacopoeia herb result,error,,,RuntimeError: HTTPError: HTTP Error 468: 
HERB005434,天冬,ok,https://ydz.chp.org.cn/#/item?bookId=1&entryId=78,UsePart,,error,,,RuntimeError: HTTPError: HTTP Error 468: 
HERB005436,甜瓜蒂,not_found,,,no exact pharmacopoeia herb result,error,,,RuntimeError: HTTPError: HTTP Error 468: 
HERB005430,甜茶,not_found,,,no exact pharmacopoeia herb result,error,,,RuntimeError: HTTPError: HTTP Error 468: 
HERB005437,甜瓜根,not_found,,,no exact pharmacopoeia herb result,error,,,RuntimeError: HTTPError: HTTP Error 468: 
HERB005426,嚏根草,not_found,,,no exact pharmacopoeia herb result,error,,,RuntimeError: HTTPError: HTTP Error 468: 
HERB005438,甜瓜花,not_found,,,no exact pharmacopoeia herb result,error,,,RuntimeError: HTTPError: HTTP Error 468: 
HERB005440,甜瓜皮,not_found,,,no exact pharmacopoeia herb result,error,,,RuntimeError: HTTPError: HTTP Error 468: 
HERB005442,甜瓜子,ok,https://ydz.chp.org.cn/#/item?bookId=1&entryId=501,Function|Indication,,error,,,RuntimeError: HTTPError: HTTP Error 468: 
HERB005451,天麻,skipped_no_chp_blank_fields,,,,error,,,RuntimeError: HTTPError: HTTP Error 468: 
HERB005441,甜瓜叶,not_found,,,no exact pharmacopoeia herb result,error,,,RuntimeError: HTTPError: HTTP Error 468: 
HERB005447,天葵子,ok,https://ydz.chp.org.cn/#/item?bookId=1&entryId=84,UsePart,,error,,,RuntimeError: HTTPError: HTTP Error 468: 
HERB005439,甜瓜茎,not_found,,,no exact pharmacopoeia herb result,error,,,RuntimeError: HTTPError: HTTP Error 468: 
HERB005444,天花粉,skipped_no_chp_blank_fields,,,,error,,,RuntimeError: HTTPError: HTTP Error 468: 
HERB005457,天女木兰,not_found,,,no exact pharmacopoeia herb result,error,,,RuntimeError: HTTPError: HTTP Error 468: 
HERB005452,天门冬,skipped_no_chp_blank_fields,,,,error,,,RuntimeError: HTTPError: HTTP Error 468: 
HERB005445,田基黄,not_found,,,no exact pharmacopoeia herb result,error,,,RuntimeError: HTTPError: HTTP Error 468: 
HERB005443,天胡荽,not_found,,,no exact pharmacopoeia herb result,error,,,RuntimeError: HTTPError: HTTP Error 468: 
HERB005453,天名精,not_found,,,no exact pharmacopoeia herb result,error,,,RuntimeError: HTTPError: HTTP Error 468: 
HERB005450,天罗水,not_found,,,no exact pharmacopoeia herb result,error,,,RuntimeError: HTTPError: HTTP Error 468: 
HERB005461,天荞麦根,not_found,,,no exact pharmacopoeia herb result,error,,,RuntimeError: HTTPError: HTTP Error 468: 
HERB005454,天名精果,not_found,,,no exact pharmacopoeia herb result,error,,,RuntimeError: HTTPError: HTTP Error 468: 
HERB005459,天蓬子,not_found,,,no exact pharmacopoeia herb result,error,,,RuntimeError: HTTPError: HTTP Error 468: 
HERB005456,甜牛至,not_found,,,no exact pharmacopoeia herb result,error,,,RuntimeError: HTTPError: HTTP Error 468: 
HERB005449,天蓼木,not_found,,,no exact pharmacopoeia herb result,error,,,RuntimeError: HTTPError: HTTP Error 468: 
HERB005458,天泡子,not_found,,,no exact pharmacopoeia herb result,error,,,RuntimeError: HTTPError: HTTP Error 468: 
HERB005460,天平山淫羊藿,not_found,,,no exact pharmacopoeia herb result,error,,,RuntimeError: HTTPError: HTTP Error 468: 
HERB005468,天山棱子芹?,not_found,,,no exact pharmacopoeia herb result,error,,,RuntimeError: HTTPError: HTTP Error 468: 
HERB005464,天然橡胶,not_found,,,no search results,error,,,RuntimeError: HTTPError: HTTP Error 468: 
HERB005463,天然碱,not_found,,,no search results,error,,,RuntimeError: HTTPError: HTTP Error 468: 
HERB005467,天山花楸,not_found,,,no exact pharmacopoeia herb result,error,,,RuntimeError: HTTPError: HTTP Error 468: 
HERB005469,天山秦艽,not_found,,,no exact pharmacopoeia herb result,error,,,RuntimeError: HTTPError: HTTP Error 468: 
HERB005462,天茄子,not_found,,,no exact pharmacopoeia herb result,error,,,RuntimeError: HTTPError: HTTP Error 468: 
HERB005465,天人菊,not_found,,,no exact pharmacopoeia herb result,error,,,RuntimeError: HTTPError: HTTP Error 468: 
HERB005475,天仙果,not_found,,,no exact pharmacopoeia herb result,error,,,RuntimeError: HTTPError: HTTP Error 468: 
HERB005466,天山大黄,not_found,,,no exact pharmacopoeia herb result,error,,,RuntimeError: HTTPError: HTTP Error 468: 
HERB005471,天山雪莲,ok,https://ydz.chp.org.cn/#/item?bookId=1&entryId=76,Herb_latin_name|UsePart|Function|Indication,,error,,,RuntimeError: HTTPError: HTTP Error 468: 
HERB005472,天山竹子,not_found,,,no exact pharmacopoeia herb result,error,,,RuntimeError: HTTPError: HTTP Error 468: 
HERB005477,天仙子,ok,https://ydz.chp.org.cn/#/item?bookId=1&entryId=77,,matched page but chp target columns already had values,error,,,RuntimeError: HTTPError: HTTP Error 468: 
HERB005474,天文草,not_found,,,no exact pharmacopoeia herb result,error,,,RuntimeError: HTTPError: HTTP Error 468: 
HERB005476,天仙藤,not_found,,,no exact pharmacopoeia herb result,error,,,RuntimeError: HTTPError: HTTP Error 468: 
HERB005473,甜舌草,not_found,,,no exact pharmacopoeia herb result,error,,,RuntimeError: HTTPError: HTTP Error 468: 
HERB005478,天雄,not_found,,,no search results,error,,,RuntimeError: HTTPError: HTTP Error 468: 
HERB005487,条浒苔,not_found,,,no exact pharmacopoeia herb result,error,,,RuntimeError: HTTPError: HTTP Error 468: 
HERB005479,田旋花,not_found,,,no exact pharmacopoeia herb result,error,,,RuntimeError: HTTPError: HTTP Error 468: 
HERB005485,天竺黄,ok,https://ydz.chp.org.cn/#/item?bookId=1&entryId=80,Indication,,error,,,RuntimeError: HTTPError: HTTP Error 468: 
HERB005483,甜叶菊,not_found,,,no exact pharmacopoeia herb result,error,,,RuntimeError: HTTPError: HTTP Error 468: 
HERB005488,调经草,not_found,,,no exact pharmacopoeia herb result,error,,,RuntimeError: HTTPError: HTTP Error 468: 
HERB005489,条裂黄堇,not_found,,,no exact pharmacopoeia herb result,error,,,RuntimeError: HTTPError: HTTP Error 468: 
HERB005494,铁棒锤,not_found,,,no exact pharmacopoeia herb result,error,,,RuntimeError: HTTPError: HTTP Error 468: 
HERB005491,条纹龙舌兰,not_found,,,no exact pharmacopoeia herb result,error,,,RuntimeError: HTTPError: HTTP Error 468: 
HERB005490,条纹穿心莲,not_found,,,no exact pharmacopoeia herb result,error,,,RuntimeError: HTTPError: HTTP Error 468: 
HERB005501,铁力木,not_found,,,no search results,error,,,RuntimeError: HTTPError: HTTP Error 468: 
HERB005496,铁刀木,not_found,,,no exact pharmacopoeia herb result,error,,,RuntimeError: HTTPError: HTTP Error 468: 
HERB005492,条纹鼠尾草,not_found,,,no exact pharmacopoeia herb result,error,,,RuntimeError: HTTPError: HTTP Error 468: 
HERB005493,条叶蓟,not_found,,,no exact pharmacopoeia herb result,error,,,RuntimeError: HTTPError: HTTP Error 468: 
HERB005500,铁筷子,not_found,,,no exact pharmacopoeia herb result,error,,,RuntimeError: HTTPError: HTTP Error 468: 
HERB005495,铁棒锤叶,not_found,,,no exact pharmacopoeia herb result,error,,,RuntimeError: HTTPError: HTTP Error 468: 
HERB005499,铁筷子,not_found,,,no exact pharmacopoeia herb result,error,,,RuntimeError: HTTPError: HTTP Error 468: 
HERB005502,铁皮石斛,ok,https://ydz.chp.org.cn/#/item?bookId=1&entryId=445,Properties|Meridians,,error,,,RuntimeError: HTTPError: HTTP Error 468: 
HERB005504,铁破锣,not_found,,,no exact pharmacopoeia herb result,error,,,RuntimeError: HTTPError: HTTP Error 468: 
HERB005497,铁海棠,not_found,,,no exact pharmacopoeia herb result,error,,,RuntimeError: HTTPError: HTTP Error 468: 
HERB005503,铁片,not_found,,,no exact pharmacopoeia herb result,error,,,RuntimeError: HTTPError: HTTP Error 468: 
HERB005505,铁色箭,not_found,,,no exact pharmacopoeia herb result,error,,,RuntimeError: HTTPError: HTTP Error 468: 
HERB005508,铁丝威灵仙,not_found,,,no exact pharmacopoeia herb result,error,,,RuntimeError: HTTPError: HTTP Error 468: 
HERB005506,铁生千里光,not_found,,,no exact pharmacopoeia herb result,error,,,RuntimeError: HTTPError: HTTP Error 468: 
HERB005507,铁丝七,not_found,,,no exact pharmacopoeia herb result,error,,,RuntimeError: HTTPError: HTTP Error 468: 
HERB005511,铁线透骨草,not_found,,,no exact pharmacopoeia herb result,error,,,RuntimeError: HTTPError: HTTP Error 468: 
HERB005509,铁苋菜,not_found,,,no exact pharmacopoeia herb result,error,,,RuntimeError: HTTPError: HTTP Error 468: 
HERB005518,挺茎遍地金,not_found,,,no exact pharmacopoeia herb result,error,,,RuntimeError: HTTPError: HTTP Error 468: 
HERB005517,廷胡索,skipped_no_chp_blank_fields,,,,error,,,RuntimeError: HTTPError: HTTP Error 468: 
HERB005512,铁屑,not_found,,,no exact pharmacopoeia herb result,error,,,RuntimeError: HTTPError: HTTP Error 468: 
HERB005513,铁锈色黄檀,not_found,,,no exact pharmacopoeia herb result,error,,,RuntimeError: HTTPError: HTTP Error 468: 
HERB005514,铁轴草,not_found,,,no exact pharmacopoeia herb result,error,,,RuntimeError: HTTPError: HTTP Error 468: 
HERB005516,廷胡,not_found,,,no exact pharmacopoeia herb result,error,,,RuntimeError: HTTPError: HTTP Error 468: 
HERB005515,铁子,not_found,,,no exact pharmacopoeia herb result,error,,,RuntimeError: HTTPError: HTTP Error 468: 
HERB005524,铜锤玉带草,not_found,,,no exact pharmacopoeia herb result,error,,,RuntimeError: HTTPError: HTTP Error 468: 
HERB005522,童便,not_found,,,no search results,error,,,RuntimeError: HTTPError: HTTP Error 468: 
HERB005519,葶苈子,skipped_no_chp_blank_fields,,,,error,,,RuntimeError: HTTPError: HTTP Error 468: 
HERB005523,通草,ok,https://ydz.chp.org.cn/#/item?bookId=1&entryId=469,UsePart,,error,,,RuntimeError: HTTPError: HTTP Error 468: 
HERB005526,通关藤,ok,https://ydz.chp.org.cn/#/item?bookId=1&entryId=468,Properties|Meridians,,error,,,RuntimeError: HTTPError: HTTP Error 468: 
HERB005527,茼蒿,not_found,,,no search results,error,,,RuntimeError: HTTPError: HTTP Error 468: 
HERB005528,通花根,not_found,,,no exact pharmacopoeia herb result,error,,,RuntimeError: HTTPError: HTTP Error 468: 
HERB005530,潼蒺藜,skipped_no_chp_blank_fields,,,,error,,,RuntimeError: HTTPError: HTTP Error 468: 
HERB005531,银耳蕨,not_found,,,no exact pharmacopoeia herb result,error,,,RuntimeError: HTTPError: HTTP Error 468: 
HERB005529,通花花,not_found,,,no exact pharmacopoeia herb result,error,,,RuntimeError: HTTPError: HTTP Error 468: 
HERB005533,铜绿,not_found,,,no exact pharmacopoeia herb result,error,,,RuntimeError: HTTPError: HTTP Error 468: 
HERB005532,山楂,ok,https://ydz.chp.org.cn/#/item?bookId=1&entryId=43,Properties|Meridians,,error,,,RuntimeError: HTTPError: HTTP Error 468: 
HERB005534,筒鞘蛇菰,not_found,,,no exact pharmacopoeia herb result,error,,,RuntimeError: HTTPError: HTTP Error 468: 
HERB005536,通脱木,not_found,,,no exact pharmacopoeia herb result,error,,,RuntimeError: HTTPError: HTTP Error 468: 
HERB005540,桐油,not_found,,,no exact pharmacopoeia herb result,error,,,RuntimeError: HTTPError: HTTP Error 468: 
HERB005535,铜金鸡纳,not_found,,,no exact pharmacopoeia herb result,error,,,RuntimeError: HTTPError: HTTP Error 468: 
HERB005539,守宫木,not_found,,,no exact pharmacopoeia herb result,error,,,RuntimeError: HTTPError: HTTP Error 468: 
HERB005541,透骨草,skipped_no_chp_blank_fields,,,,error,,,RuntimeError: HTTPError: HTTP Error 468: 
HERB005544,透明唐松草,not_found,,,no exact pharmacopoeia herb result,error,,,RuntimeError: HTTPError: HTTP Error 468: 
HERB005542,头花杜鹃,not_found,,,no exact pharmacopoeia herb result,error,,,RuntimeError: HTTPError: HTTP Error 468: 
HERB005543,头花龙胆,not_found,,,no exact pharmacopoeia herb result,error,,,RuntimeError: HTTPError: HTTP Error 468: 
HERB005549,土鳖虫,not_found,,,no exact pharmacopoeia herb result,error,,,RuntimeError: HTTPError: HTTP Error 468: 
HERB005545,头序楤木,not_found,,,no exact pharmacopoeia herb result,error,,,RuntimeError: HTTPError: HTTP Error 468: 
HERB005548,土贝母,ok,https://ydz.chp.org.cn/#/item?bookId=1&entryId=20,UsePart,,error,,,RuntimeError: HTTPError: HTTP Error 468: 
HERB005537,通脱木花上粉,not_found,,,no exact pharmacopoeia herb result,error,,,RuntimeError: HTTPError: HTTP Error 468: 
HERB005547,土百部,not_found,,,no exact pharmacopoeia herb result,error,,,RuntimeError: HTTPError: HTTP Error 468: 
HERB005556,兔儿风花蟹甲草,not_found,,,no exact pharmacopoeia herb result,error,,,RuntimeError: HTTPError: HTTP Error 468: 
HERB005557,土耳其翠雀花,not_found,,,no search results,error,,,RuntimeError: HTTPError: HTTP Error 468: 
HERB005558,土耳其鼠尾草,not_found,,,no search results,error,,,RuntimeError: HTTPError: HTTP Error 468: 
HERB005554,土丁桂,not_found,,,no exact pharmacopoeia herb result,error,,,RuntimeError: HTTPError: HTTP Error 468: 
HERB005550,秃疮花,not_found,,,no exact pharmacopoeia herb result,error,,,RuntimeError: HTTPError: HTTP Error 468: 
HERB005551,土当归,not_found,,,no exact pharmacopoeia herb result,error,,,RuntimeError: HTTPError: HTTP Error 468: 
HERB005562,土耳其郁金香,not_found,,,no search results,error,,,RuntimeError: HTTPError: HTTP Error 468: 
HERB005559,土耳其斯坦白腊树,not_found,,,no search results,error,,,RuntimeError: HTTPError: HTTP Error 468: 
HERB005561,土耳其雪花莲,not_found,,,no exact pharmacopoeia herb result,error,,,RuntimeError: HTTPError: HTTP Error 468: 
HERB005563,兔儿伞,not_found,,,no exact pharmacopoeia herb result,error,,,RuntimeError: HTTPError: HTTP Error 468: 
HERB005565,吐根,not_found,,,no search results,error,,,RuntimeError: HTTPError: HTTP Error 468: 
HERB005564,土茯苓,skipped_no_chp_blank_fields,,,,error,,,RuntimeError: HTTPError: HTTP Error 468: 
HERB005566,土瓜狼毒,not_found,,,no exact pharmacopoeia herb result,error,,,RuntimeError: HTTPError: HTTP Error 468: 
HERB005560,土耳其斯坦龙胆,not_found,,,no exact pharmacopoeia herb result,error,,,RuntimeError: HTTPError: HTTP Error 468: 
HERB005569,土荆皮,ok,https://ydz.chp.org.cn/#/item?bookId=1&entryId=21,Herb_latin_name|UsePart|Properties|Meridians|Function,,error,,,RuntimeError: HTTPError: HTTP Error 468: 
HERB005568,土荆芥,not_found,,,no exact pharmacopoeia herb result,error,,,RuntimeError: HTTPError: HTTP Error 468: 
HERB005567,土黄莲,not_found,,,no exact pharmacopoeia herb result,error,,,RuntimeError: HTTPError: HTTP Error 468: 
HERB005570,土苦参,not_found,,,no exact pharmacopoeia herb result,error,,,RuntimeError: HTTPError: HTTP Error 468: 
HERB005572,土良姜,not_found,,,no exact pharmacopoeia herb result,error,,,RuntimeError: HTTPError: HTTP Error 468: 
HERB005571,土连翘,not_found,,,no exact pharmacopoeia herb result,error,,,RuntimeError: HTTPError: HTTP Error 468: 
HERB005573,秃毛冬青,not_found,,,no exact pharmacopoeia herb result,error,,,RuntimeError: HTTPError: HTTP Error 468: 
HERB005574,土木香,skipped_no_chp_blank_fields,,,,error,,,RuntimeError: HTTPError: HTTP Error 468: 
HERB005578,土三七,not_found,,,no exact pharmacopoeia herb result,error,,,RuntimeError: HTTPError: HTTP Error 468: 
HERB005576,土羌活,not_found,,,no exact pharmacopoeia herb result,error,,,RuntimeError: HTTPError: HTTP Error 468: 
HERB005580,菟丝子,ok,https://ydz.chp.org.cn/#/item?bookId=1&entryId=488,,matched page but chp target columns already had values,error,,,RuntimeError: HTTPError: HTTP Error 468: 
HERB005581,吐温80,not_found,,,no exact pharmacopoeia herb result,error,,,RuntimeError: HTTPError: HTTP Error 468: 
HERB005575,土牛膝,not_found,,,no exact pharmacopoeia herb result,error,,,RuntimeError: HTTPError: HTTP Error 468: 
HERB005584,土叶黄皮树,not_found,,,no exact pharmacopoeia herb result,error,,,RuntimeError: HTTPError: HTTP Error 468: 
HERB005582,土香薷,not_found,,,no exact pharmacopoeia herb result,error,,,RuntimeError: HTTPError: HTTP Error 468: 
HERB005579,土砂仁,not_found,,,no exact pharmacopoeia herb result,error,,,RuntimeError: HTTPError: HTTP Error 468: 
HERB005586,团级艾纳香,not_found,,,no exact pharmacopoeia herb result,error,,,RuntimeError: HTTPError: HTTP Error 468: 
HERB005589,豚草,not_found,,,no search results,error,,,RuntimeError: HTTPError: HTTP Error 468: 
HERB005585,团花山矾,not_found,,,no exact pharmacopoeia herb result,error,,,RuntimeError: HTTPError: HTTP Error 468: 
HERB005583,土延胡,not_found,,,no exact pharmacopoeia herb result,error,,,RuntimeError: HTTPError: HTTP Error 468: 
HERB005590,豚草千里光,not_found,,,no exact pharmacopoeia herb result,error,,,RuntimeError: HTTPError: HTTP Error 468: 
HERB005588,退热止泻木,not_found,,,no exact pharmacopoeia herb result,error,,,RuntimeError: HTTPError: HTTP Error 468: 
HERB005591,豚草紫菀,not_found,,,no exact pharmacopoeia herb result,error,,,RuntimeError: HTTPError: HTTP Error 468: 
HERB005595,椭圆钩藤,not_found,,,no exact pharmacopoeia herb result,error,,,RuntimeError: HTTPError: HTTP Error 468: 
HERB005596,椭圆三七草,not_found,,,no exact pharmacopoeia herb result,error,,,RuntimeError: HTTPError: HTTP Error 468: 
HERB005598,椭圆叶乳香树,not_found,,,no exact pharmacopoeia herb result,error,,,RuntimeError: HTTPError: HTTP Error 468: 
HERB005597,椭圆叶花椒,not_found,,,no exact pharmacopoeia herb result,error,,,RuntimeError: HTTPError: HTTP Error 468: 
HERB005599,椭圆舟形藻,not_found,,,no exact pharmacopoeia herb result,error,,,RuntimeError: HTTPError: HTTP Error 468: 
HERB005601,娃儿藤,not_found,,,no exact pharmacopoeia herb result,error,,,RuntimeError: HTTPError: HTTP Error 468: 
HERB005610,瓦苇,not_found,,,no exact pharmacopoeia herb result,error,,,RuntimeError: HTTPError: HTTP Error 468: 
HERB005609,瓦松,ok,https://ydz.chp.org.cn/#/item?bookId=1&entryId=101,Herb_latin_name|UsePart|Properties|Meridians|Function|Indication,,error,,,RuntimeError: HTTPError: HTTP Error 468: 
HERB005602,瓦楞子,ok,https://ydz.chp.org.cn/#/item?bookId=1&entryId=102,,matched page but chp target columns already had values,error,,,RuntimeError: HTTPError: HTTP Error 468: 
HERB005604,蛙式独活,not_found,,,no exact pharmacopoeia herb result,error,,,RuntimeError: HTTPError: HTTP Error 468: 
HERB005600,瓦布贝母,not_found,,,no exact pharmacopoeia herb result,error,,,RuntimeError: HTTPError: HTTP Error 468: 
HERB005614,豌豆,not_found,,,no search results,error,,,RuntimeError: HTTPError: HTTP Error 468: 
HERB005605,瓦氏马尾藻,not_found,,,no exact pharmacopoeia herb result,error,,,RuntimeError: HTTPError: HTTP Error 468: 
HERB005615,贯叶金丝桃,ok,https://ydz.chp.org.cn/#/item?bookId=1&entryId=358,UsePart|Properties|Meridians|Function|Indication,,error,,,RuntimeError: HTTPError: HTTP Error 468: 
HERB005607,瓦氏棕榈,not_found,,,no exact pharmacopoeia herb result,error,,,RuntimeError: HTTPError: HTTP Error 468: 
HERB005616,万华泽兰,not_found,,,no exact pharmacopoeia herb result,error,,,RuntimeError: HTTPError: HTTP Error 468: 
HERB005613,晚蚕砂,not_found,,,no exact pharmacopoeia herb result,error,,,RuntimeError: HTTPError: HTTP Error 468: 
HERB005618,万年蒿,not_found,,,no exact pharmacopoeia herb result,error,,,RuntimeError: HTTPError: HTTP Error 468: 
HERB005619,万年青根,not_found,,,no exact pharmacopoeia herb result,error,,,RuntimeError: HTTPError: HTTP Error 468: 
HERB005620,弯曲千里光,not_found,,,no exact pharmacopoeia herb result,error,,,RuntimeError: HTTPError: HTTP Error 468: 
HERB005628,万寿菊,not_found,,,no search results,error,,,RuntimeError: HTTPError: HTTP Error 468: 
HERB005621,弯曲天门冬,not_found,,,no exact pharmacopoeia herb result,error,,,RuntimeError: HTTPError: HTTP Error 468: 
HERB005631,晚香玉,not_found,,,no search results,error,,,RuntimeError: HTTPError: HTTP Error 468: 
HERB005622,弯曲天南星,not_found,,,no exact pharmacopoeia herb result,error,,,RuntimeError: HTTPError: HTTP Error 468: 
HERB005638,玉兰,not_found,,,no exact pharmacopoeia herb result,error,,,RuntimeError: HTTPError: HTTP Error 468: 
HERB005637,王不留行,skipped_no_chp_blank_fields,,,,error,,,RuntimeError: HTTPError: HTTP Error 468: 
HERB005625,万山淫羊藿,not_found,,,no exact pharmacopoeia herb result,error,,,RuntimeError: HTTPError: HTTP Error 468: 
HERB005640,王瓜,not_found,,,no exact pharmacopoeia herb result,error,,,RuntimeError: HTTPError: HTTP Error 468: 
HERB005633,弯叶黄芪,not_found,,,no exact pharmacopoeia herb result,error,,,RuntimeError: HTTPError: HTTP Error 468: 
HERB005629,万寿菊叶,not_found,,,no exact pharmacopoeia herb result,error,,,RuntimeError: HTTPError: HTTP Error 468: 
HERB005636,乌头,not_found,,,no exact pharmacopoeia herb result,error,,,RuntimeError: HTTPError: HTTP Error 468: 
HERB005639,网地藻,not_found,,,no exact pharmacopoeia herb result,error,,,RuntimeError: HTTPError: HTTP Error 468: 
HERB005643,王浆,not_found,,,no search results,error,,,RuntimeError: HTTPError: HTTP Error 468: 
HERB005641,王瓜子,not_found,,,no exact pharmacopoeia herb result,error,,,RuntimeError: HTTPError: HTTP Error 468: 
HERB005645,望江南子,not_found,,,no exact pharmacopoeia herb result,error,,,RuntimeError: HTTPError: HTTP Error 468: 
HERB005653,薇甘菊泽兰?,not_found,,,no exact pharmacopoeia herb result,error,,,RuntimeError: HTTPError: HTTP Error 468: 
HERB005644,望江南,not_found,,,no search results,error,,,RuntimeError: HTTPError: HTTP Error 468: 
HERB005656,围栏球果紫堇,not_found,,,no exact pharmacopoeia herb result,error,,,RuntimeError: HTTPError: HTTP Error 468: 
HERB005659,威灵仙,skipped_no_chp_blank_fields,,,,error,,,RuntimeError: HTTPError: HTTP Error 468: 
HERB005672,尾叶香茶菜,not_found,,,no exact pharmacopoeia herb result,error,,,RuntimeError: HTTPError: HTTP Error 468: 
HERB005660,卫矛堆心菊,not_found,,,no exact pharmacopoeia herb result,error,,,RuntimeError: HTTPError: HTTP Error 468: 
HERB005658,委陵菜,ok,https://ydz.chp.org.cn/#/item?bookId=1&entryId=331,Properties|Meridians,,error,,,RuntimeError: HTTPError: HTTP Error 468: 
HERB005673,益母草,ok,https://ydz.chp.org.cn/#/item?bookId=1&entryId=457,UsePart|Properties|Meridians|Function|Indication,,error,,,RuntimeError: HTTPError: HTTP Error 468: 
HERB005668,微笑万寿菊,not_found,,,no search results,error,,,RuntimeError: HTTPError: HTTP Error 468: 
HERB005684,蕹菜,not_found,,,no search results,error,,,RuntimeError: HTTPError: HTTP Error 468: 
HERB005687,莴苣,not_found,,,no search results,error,,,RuntimeError: HTTPError: HTTP Error 468: 
HERB005692,五倍子,ok,https://ydz.chp.org.cn/#/item?bookId=1&entryId=97,,matched page but chp target columns already had values,error,,,RuntimeError: HTTPError: HTTP Error 468: 
HERB005685,窝儿七,not_found,,,no exact pharmacopoeia herb result,error,,,RuntimeError: HTTPError: HTTP Error 468: 
HERB005689,蜗牛,not_found,,,no search results,error,,,RuntimeError: HTTPError: HTTP Error 468: 
HERB005702,武当木兰,not_found,,,no exact pharmacopoeia herb result,error,,,RuntimeError: HTTPError: HTTP Error 468: 
HERB005710,无花果,not_found,,,no search results,error,,,RuntimeError: HTTPError: HTTP Error 468: 
HERB005708,蜈蚣,ok,https://ydz.chp.org.cn/#/item?bookId=1&entryId=567,Properties|Meridians,,error,,,RuntimeError: HTTPError: HTTP Error 468: 
HERB005705,无梗五加皮,not_found,,,no exact pharmacopoeia herb result,error,,,RuntimeError: HTTPError: HTTP Error 468: 
HERB005686,卧茎夜来香,not_found,,,no exact pharmacopoeia herb result,error,,,RuntimeError: HTTPError: HTTP Error 468: 
HERB005707,蜈蚣草,not_found,,,no search results,error,,,RuntimeError: HTTPError: HTTP Error 468: 
HERB005697,无莿根,not_found,,,no exact pharmacopoeia herb result,error,,,RuntimeError: HTTPError: HTTP Error 468: 
HERB005712,无患子,not_found,,,no exact pharmacopoeia herb result,error,,,RuntimeError: HTTPError: HTTP Error 468: 
HERB005716,乌鸡,not_found,,,no exact pharmacopoeia herb result,error,,,RuntimeError: HTTPError: HTTP Error 468: 
HERB005711,无花果叶,not_found,,,no exact pharmacopoeia herb result,error,,,RuntimeError: HTTPError: HTTP Error 468: 
HERB005714,无患子树蔃,not_found,,,no exact pharmacopoeia herb result,error,,,RuntimeError: HTTPError: HTTP Error 468: 
HERB005715,无患子叶,not_found,,,no exact pharmacopoeia herb result,error,,,RuntimeError: HTTPError: HTTP Error 468: 
HERB005713,无患子皮,not_found,,,no exact pharmacopoeia herb result,error,,,RuntimeError: HTTPError: HTTP Error 468: 
HERB005717,五加皮,skipped_no_chp_blank_fields,,,,error,,,RuntimeError: HTTPError: HTTP Error 468: 
HERB005720,芜菁甘蓝,not_found,,,no search results,error,,,RuntimeError: HTTPError: HTTP Error 468: 
HERB005724,无距耧斗菜,not_found,,,no exact pharmacopoeia herb result,error,,,RuntimeError: HTTPError: HTTP Error 468: 
HERB005727,乌克兰下页水仙,not_found,,,no search results,error,,,RuntimeError: HTTPError: HTTP Error 468: 
HERB005722,乌桕木根皮,not_found,,,no exact pharmacopoeia herb result,error,,,RuntimeError: HTTPError: HTTP Error 468: 
HERB005718,五加前胡,not_found,,,no exact pharmacopoeia herb result,error,,,RuntimeError: HTTPError: HTTP Error 468: 
HERB005732,五灵脂,skipped_no_chp_blank_fields,,,,error,,,RuntimeError: HTTPError: HTTP Error 468: 
HERB005719,五加叶,not_found,,,no exact pharmacopoeia herb result,error,,,RuntimeError: HTTPError: HTTP Error 468: 
HERB005733,乌龙茶,not_found,,,no search results,error,,,RuntimeError: HTTPError: HTTP Error 468: 
HERB005729,五角番泻树,not_found,,,no exact pharmacopoeia herb result,error,,,RuntimeError: HTTPError: HTTP Error 468: 
HERB005725,舞剧淫羊藿,not_found,,,no exact pharmacopoeia herb result,error,,,RuntimeError: HTTPError: HTTP Error 468: 
HERB005731,乌敛莓,not_found,,,no exact pharmacopoeia herb result,error,,,RuntimeError: HTTPError: HTTP Error 468: 
HERB005734,五楼子,not_found,,,no exact pharmacopoeia herb result,error,,,RuntimeError: HTTPError: HTTP Error 468: 
HERB005738,无毛蒿,not_found,,,no exact pharmacopoeia herb result,error,,,RuntimeError: HTTPError: HTTP Error 468: 
HERB005735,五脉百里香,not_found,,,no exact pharmacopoeia herb result,error,,,RuntimeError: HTTPError: HTTP Error 468: 
HERB005740,无毛山楂,not_found,,,no exact pharmacopoeia herb result,error,,,RuntimeError: HTTPError: HTTP Error 468: 
HERB005741,无毛无根藤,not_found,,,no exact pharmacopoeia herb result,error,,,RuntimeError: HTTPError: HTTP Error 468: 
HERB005739,五毛菊,not_found,,,no exact pharmacopoeia herb result,error,,,RuntimeError: HTTPError: HTTP Error 468: 
HERB005749,巫山淫羊藿,ok,https://ydz.chp.org.cn/#/item?bookId=1&entryId=260,Properties|Meridians,,error,,,RuntimeError: HTTPError: HTTP Error 468: 
HERB005742,乌梅,skipped_no_chp_blank_fields,,,,error,,,RuntimeError: HTTPError: HTTP Error 468: 
HERB005750,乌梢蛇,skipped_no_chp_blank_fields,,,,error,,,RuntimeError: HTTPError: HTTP Error 468: 
HERB005754,梧桐白皮,not_found,,,no exact pharmacopoeia herb result,error,,,RuntimeError: HTTPError: HTTP Error 468: 
HERB005758,梧桐子,not_found,,,no search results,error,,,RuntimeError: HTTPError: HTTP Error 468: 
HERB005759,乌头,not_found,,,no exact pharmacopoeia herb result,error,,,RuntimeError: HTTPError: HTTP Error 468: 
HERB005744,乌泡子,not_found,,,no exact pharmacopoeia herb result,error,,,RuntimeError: HTTPError: HTTP Error 468: 
HERB005779,飞燕草,not_found,,,no search results,ok,https://www.dayi.org.cn/cmedical/300850.html,Toxicity|Function|Indication|Properties|Meridians,
HERB005746,乌骚风,not_found,,,no exact pharmacopoeia herb result,error,,,RuntimeError: HTTPError: HTTP Error 468: 
HERB005757,梧桐叶,not_found,,,no exact pharmacopoeia herb result,error,,,RuntimeError: HTTPError: HTTP Error 468: 
HERB005755,梧桐根,not_found,,,no exact pharmacopoeia herb result,error,,,RuntimeError: HTTPError: HTTP Error 468: 
HERB005762,五味子,skipped_no_chp_blank_fields,,,,error,,,RuntimeError: HTTPError: HTTP Error 468: 
HERB005756,梧桐花,not_found,,,no exact pharmacopoeia herb result,error,,,RuntimeError: HTTPError: HTTP Error 468: 
HERB005760,乌头附子尖,not_found,,,no exact pharmacopoeia herb result,error,,,RuntimeError: HTTPError: HTTP Error 468: 
HERB005761,五味草,not_found,,,no exact pharmacopoeia herb result,error,,,RuntimeError: HTTPError: HTTP Error 468: 
HERB005767,乌药,skipped_no_chp_blank_fields,,,,error,,,RuntimeError: HTTPError: HTTP Error 468: 
HERB005768,无叶白前,not_found,,,no exact pharmacopoeia herb result,error,,,RuntimeError: HTTPError: HTTP Error 468: 
HERB005769,无叶瓜藤,not_found,,,no exact pharmacopoeia herb result,error,,,RuntimeError: HTTPError: HTTP Error 468: 
HERB005772,无叶鱼黄草,not_found,,,no exact pharmacopoeia herb result,error,,,RuntimeError: HTTPError: HTTP Error 468: 
HERB005774,芜荑,not_found,,,no search results,error,,,RuntimeError: HTTPError: HTTP Error 468: 
HERB005770,无叶加木贼,not_found,,,no exact pharmacopoeia herb result,error,,,RuntimeError: HTTPError: HTTP Error 468: 
HERB005771,无叶藤,not_found,,,no exact pharmacopoeia herb result,error,,,RuntimeError: HTTPError: HTTP Error 468: 
HERB005777,乌贼骨,not_found,,,no search results,error,,,RuntimeError: HTTPError: HTTP Error 468: 
HERB005773,午夜猪屎豆,not_found,,,no exact pharmacopoeia herb result,error,,,RuntimeError: HTTPError: HTTP Error 468: 
HERB005775,吴芋,skipped_no_chp_blank_fields,,,,error,,,RuntimeError: HTTPError: HTTP Error 468: 
HERB005778,五爪龙,skipped_no_chp_blank_fields,,,,error,,,RuntimeError: HTTPError: HTTP Error 468: 
HERB005776,五月茶,not_found,,,no exact pharmacopoeia herb result,error,,,RuntimeError: HTTPError: HTTP Error 468: 
HERB005783,吴茱萸叶,not_found,,,no exact pharmacopoeia herb result,error,,,RuntimeError: HTTPError: HTTP Error 468: 
HERB005786,狭序唐松草,not_found,,,no search results,error,,,RuntimeError: HTTPError: HTTP Error 468: 
HERB005785,西阿拉黄檀,not_found,,,no exact pharmacopoeia herb result,error,,,RuntimeError: HTTPError: HTTP Error 468: 
HERB005781,吴茱萸根,not_found,,,no exact pharmacopoeia herb result,error,,,RuntimeError: HTTPError: HTTP Error 468: 
HERB005791,西班牙云香草,not_found,,,no exact pharmacopoeia herb result,error,,,RuntimeError: HTTPError: HTTP Error 468: 
HERB005789,膝瓣乌头,not_found,,,no exact pharmacopoeia herb result,error,,,RuntimeError: HTTPError: HTTP Error 468: 
HERB005790,西班牙黄杨,not_found,,,no exact pharmacopoeia herb result,error,,,RuntimeError: HTTPError: HTTP Error 468: 
HERB005793,木酱紫,not_found,,,no exact pharmacopoeia herb result,error,,,RuntimeError: HTTPError: HTTP Error 468: 
HERB005792,西北木,not_found,,,no exact pharmacopoeia herb result,error,,,RuntimeError: HTTPError: HTTP Error 468: 
HERB005797,锡箔金合欢,not_found,,,no search results,error,,,RuntimeError: HTTPError: HTTP Error 468: 
HERB005794,细柄十大功劳,not_found,,,no exact pharmacopoeia herb result,error,,,RuntimeError: HTTPError: HTTP Error 468: 
HERB005798,锡箔决明,not_found,,,no exact pharmacopoeia herb result,error,,,RuntimeError: HTTPError: HTTP Error 468: 
HERB005800,西伯利亚冷杉,not_found,,,no exact pharmacopoeia herb result,error,,,RuntimeError: HTTPError: HTTP Error 468: 
HERB005795,细柄薯蓣,not_found,,,no exact pharmacopoeia herb result,error,,,RuntimeError: HTTPError: HTTP Error 468: 
HERB005799,西伯利亚红松,not_found,,,no exact pharmacopoeia herb result,error,,,RuntimeError: HTTPError: HTTP Error 468: 
HERB005802,西伯利亚橐吾,not_found,,,no exact pharmacopoeia herb result,error,,,RuntimeError: HTTPError: HTTP Error 468: 
HERB005804,西伯利亚云杉,not_found,,,no exact pharmacopoeia herb result,error,,,RuntimeError: HTTPError: HTTP Error 468: 
HERB005803,西伯利亚远志,not_found,,,no exact pharmacopoeia herb result,error,,,RuntimeError: HTTPError: HTTP Error 468: 
HERB005805,西博氏卫矛,not_found,,,no exact pharmacopoeia herb result,error,,,RuntimeError: HTTPError: HTTP Error 468: 
HERB005809,西党,not_found,,,no exact pharmacopoeia herb result,error,,,RuntimeError: HTTPError: HTTP Error 468: 
HERB005806,西草,not_found,,,no exact pharmacopoeia herb result,error,,,RuntimeError: HTTPError: HTTP Error 468: 
HERB005811,西番莲,not_found,,,no search results,error,,,RuntimeError: HTTPError: HTTP Error 468: 
HERB005812,西方苍耳,not_found,,,no exact pharmacopoeia herb result,error,,,RuntimeError: HTTPError: HTTP Error 468: 
HERB005810,新店獐牙菜,not_found,,,no exact pharmacopoeia herb result,error,,,RuntimeError: HTTPError: HTTP Error 468: 
HERB005808,西川芎,skipped_no_chp_blank_fields,,,,error,,,RuntimeError: HTTPError: HTTP Error 468: 
HERB005814,西方翠雀,not_found,,,no exact pharmacopoeia herb result,error,,,RuntimeError: HTTPError: HTTP Error 468: 
HERB005813,西方刺柏,not_found,,,no search results,error,,,RuntimeError: HTTPError: HTTP Error 468: 
HERB005815,西非红豆树,not_found,,,no exact pharmacopoeia herb result,error,,,RuntimeError: HTTPError: HTTP Error 468: 
HERB005816,西非荔枝果,not_found,,,no search results,error,,,RuntimeError: HTTPError: HTTP Error 468: 
HERB005820,西瓜,not_found,,,no exact pharmacopoeia herb result,error,,,RuntimeError: HTTPError: HTTP Error 468: 
HERB005817,西非羊角拗,not_found,,,no exact pharmacopoeia herb result,error,,,RuntimeError: HTTPError: HTTP Error 468: 
HERB005821,西瓜皮,skipped_no_chp_blank_fields,,,,error,,,RuntimeError: HTTPError: HTTP Error 468: 
HERB005828,西琥珀,skipped_no_chp_blank_fields,,,,error,,,RuntimeError: HTTPError: HTTP Error 468: 
HERB005822,西瓜子仁,not_found,,,no exact pharmacopoeia herb result,error,,,RuntimeError: HTTPError: HTTP Error 468: 
HERB005819,细梗香草,not_found,,,no exact pharmacopoeia herb result,error,,,RuntimeError: HTTPError: HTTP Error 468: 
HERB005827,西葫芦,not_found,,,no search results,error,,,RuntimeError: HTTPError: HTTP Error 468: 
HERB005826,西红花,ok,https://ydz.chp.org.cn/#/item?bookId=1&entryId=198,,matched page but chp target columns already had values,error,,,RuntimeError: HTTPError: HTTP Error 468: 
HERB005825,西河柳,ok,https://ydz.chp.org.cn/#/item?bookId=1&entryId=200,,matched page but chp target columns already had values,error,,,RuntimeError: HTTPError: HTTP Error 468: 
HERB005829,细花滇紫草,not_found,,,no exact pharmacopoeia herb result,error,,,RuntimeError: HTTPError: HTTP Error 468: 
HERB005831,细花线纹香茶菜,not_found,,,no exact pharmacopoeia herb result,error,,,RuntimeError: HTTPError: HTTP Error 468: 
HERB005835,犀角,skipped_no_chp_blank_fields,,,,error,,,RuntimeError: HTTPError: HTTP Error 468: 
HERB005838,席卷鸦葱,not_found,,,no exact pharmacopoeia herb result,error,,,RuntimeError: HTTPError: HTTP Error 468: 
HERB005834,西黄胶粉,not_found,,,no exact pharmacopoeia herb result,error,,,RuntimeError: HTTPError: HTTP Error 468: 
HERB005833,西黄草,not_found,,,no exact pharmacopoeia herb result,error,,,RuntimeError: HTTPError: HTTP Error 468: 
HERB005830,细花含羞草,not_found,,,no exact pharmacopoeia herb result,error,,,RuntimeError: HTTPError: HTTP Error 468: 
HERB005837,细茎石斛,not_found,,,no exact pharmacopoeia herb result,error,,,RuntimeError: HTTPError: HTTP Error 468: 
HERB005840,希腊食草,not_found,,,no exact pharmacopoeia herb result,error,,,RuntimeError: HTTPError: HTTP Error 468: 
HERB005836,锡金十大功劳,not_found,,,no exact pharmacopoeia herb result,error,,,RuntimeError: HTTPError: HTTP Error 468: 
HERB005841,希腊丝毛石,not_found,,,no exact pharmacopoeia herb result,error,,,RuntimeError: HTTPError: HTTP Error 468: 
HERB005842,锡兰古柯,not_found,,,no search results,error,,,RuntimeError: HTTPError: HTTP Error 468: 
HERB005845,溪流猪殃殃,not_found,,,no search results,error,,,RuntimeError: HTTPError: HTTP Error 468: 
HERB005848,喜马独尾草,not_found,,,no exact pharmacopoeia herb result,error,,,RuntimeError: HTTPError: HTTP Error 468: 
HERB005850,喜马拉雅红豆杉,not_found,,,no exact pharmacopoeia herb result,error,,,RuntimeError: HTTPError: HTTP Error 468: 
HERB005851,喜马拉雅鸢尾,not_found,,,no exact pharmacopoeia herb result,error,,,RuntimeError: HTTPError: HTTP Error 468: 
HERB005853,喜马旋覆花,not_found,,,no exact pharmacopoeia herb result,error,,,RuntimeError: HTTPError: HTTP Error 468: 
HERB005847,西玛白蜡树,not_found,,,no exact pharmacopoeia herb result,error,,,RuntimeError: HTTPError: HTTP Error 468: 
HERB005843,锡兰肉桂,not_found,,,no exact pharmacopoeia herb result,error,,,RuntimeError: HTTPError: HTTP Error 468: 
HERB005846,习罗汉松,not_found,,,no exact pharmacopoeia herb result,error,,,RuntimeError: HTTPError: HTTP Error 468: 
HERB005852,喜马拉雅远志,not_found,,,no exact pharmacopoeia herb result,error,,,RuntimeError: HTTPError: HTTP Error 468: 
HERB005849,喜马红景天,not_found,,,no exact pharmacopoeia herb result,error,,,RuntimeError: HTTPError: HTTP Error 468: 
HERB005861,西南猫尾树,not_found,,,no search results,error,,,RuntimeError: HTTPError: HTTP Error 468: 
HERB005856,西蒙斯十大功劳,not_found,,,no exact pharmacopoeia herb result,error,,,RuntimeError: HTTPError: HTTP Error 468: 
HERB005865,西南獐芽菜,not_found,,,no exact pharmacopoeia herb result,error,,,RuntimeError: HTTPError: HTTP Error 468: 
HERB005855,西门飞草,not_found,,,no exact pharmacopoeia herb result,error,,,RuntimeError: HTTPError: HTTP Error 468: 
HERB005862,西南忍冬,not_found,,,no exact pharmacopoeia herb result,error,,,RuntimeError: HTTPError: HTTP Error 468: 
HERB005859,西南菝葜,not_found,,,no exact pharmacopoeia herb result,error,,,RuntimeError: HTTPError: HTTP Error 468: 
HERB005863,西南石苇,not_found,,,no search results,error,,,RuntimeError: HTTPError: HTTP Error 468: 
HERB005854,喜马浮萍,not_found,,,no exact pharmacopoeia herb result,error,,,RuntimeError: HTTPError: HTTP Error 468: 
HERB005866,锡囊马尾藻,not_found,,,no exact pharmacopoeia herb result,error,,,RuntimeError: HTTPError: HTTP Error 468: 
HERB005867,西欧鸢尾,not_found,,,no exact pharmacopoeia herb result,error,,,RuntimeError: HTTPError: HTTP Error 468: 
HERB005873,溪山翠雀,not_found,,,no search results,error,,,RuntimeError: HTTPError: HTTP Error 468: 
HERB005877,喜树,not_found,,,no search results,error,,,RuntimeError: HTTPError: HTTP Error 468: 
HERB005882,蟋蟀,skipped_no_chp_blank_fields,,,,error,,,RuntimeError: HTTPError: HTTP Error 468: 
HERB005881,喜树叶,not_found,,,no exact pharmacopoeia herb result,error,,,RuntimeError: HTTPError: HTTP Error 468: 
HERB005879,喜树皮,not_found,,,no exact pharmacopoeia herb result,error,,,RuntimeError: HTTPError: HTTP Error 468: 
HERB005875,锡生藤,not_found,,,no exact pharmacopoeia herb result,error,,,RuntimeError: HTTPError: HTTP Error 468: 
HERB005870,西秦艽,not_found,,,no exact pharmacopoeia herb result,error,,,RuntimeError: HTTPError: HTTP Error 468: 
HERB005872,硒砂,not_found,,,no exact pharmacopoeia herb result,error,,,RuntimeError: HTTPError: HTTP Error 468: 
HERB005883,香茶菜,not_found,,,no exact pharmacopoeia herb result,error,,,RuntimeError: HTTPError: HTTP Error 468: 
HERB005884,西台,not_found,,,no exact pharmacopoeia herb result,error,,,RuntimeError: HTTPError: HTTP Error 468: 
HERB005886,西西里草木犀,not_found,,,no search results,error,,,RuntimeError: HTTPError: HTTP Error 468: 
HERB005885,西特卡云杉,not_found,,,no search results,error,,,RuntimeError: HTTPError: HTTP Error 468: 
HERB005890,西香葱,not_found,,,no exact pharmacopoeia herb result,error,,,RuntimeError: HTTPError: HTTP Error 468: 
HERB005888,希莶,skipped_no_chp_blank_fields,,,,error,,,RuntimeError: HTTPError: HTTP Error 468: 
HERB005887,西西里漆树,not_found,,,no exact pharmacopoeia herb result,error,,,RuntimeError: HTTPError: HTTP Error 468: 
HERB005889,豨莶草,ok,https://ydz.chp.org.cn/#/item?bookId=1&entryId=585,Herb_latin_name|UsePart|Properties|Meridians|Function|Indication,,error,,,RuntimeError: HTTPError: HTTP Error 468: 
HERB005895,细心野牵牛,not_found,,,no exact pharmacopoeia herb result,error,,,RuntimeError: HTTPError: HTTP Error 468: 
HERB005894,细辛,skipped_no_chp_blank_fields,,,,error,,,RuntimeError: HTTPError: HTTP Error 468: 
HERB005897,夕阳红,not_found,,,no search results,error,,,RuntimeError: HTTPError: HTTP Error 468: 
HERB005898,夕阳接骨木,not_found,,,no exact pharmacopoeia herb result,error,,,RuntimeError: HTTPError: HTTP Error 468: 
HERB005899,西洋梨,not_found,,,no search results,error,,,RuntimeError: HTTPError: HTTP Error 468: 
HERB005896,喜盐鸢尾,not_found,,,no exact pharmacopoeia herb result,error,,,RuntimeError: HTTPError: HTTP Error 468: 
HERB005900,西洋参,skipped_no_chp_blank_fields,,,,error,,,RuntimeError: HTTPError: HTTP Error 468: 
HERB005901,西洋参茎叶,not_found,,,no exact pharmacopoeia herb result,error,,,RuntimeError: HTTPError: HTTP Error 468: 
HERB005902,细叶桉叶,not_found,,,no exact pharmacopoeia herb result,error,,,RuntimeError: HTTPError: HTTP Error 468: 
HERB005905,细叶堆心菊,not_found,,,no exact pharmacopoeia herb result,error,,,RuntimeError: HTTPError: HTTP Error 468: 
HERB005904,细叶大戟,not_found,,,no exact pharmacopoeia herb result,error,,,RuntimeError: HTTPError: HTTP Error 468: 
HERB005903,细叶百合,not_found,,,no exact pharmacopoeia herb result,error,,,RuntimeError: HTTPError: HTTP Error 468: 
HERB005907,细叶功劳叶,not_found,,,no exact pharmacopoeia herb result,error,,,RuntimeError: HTTPError: HTTP Error 468: 
HERB005908,细叶黄杨,not_found,,,no exact pharmacopoeia herb result,error,,,RuntimeError: HTTPError: HTTP Error 468: 
HERB005906,细叶功劳木,not_found,,,no exact pharmacopoeia herb result,error,,,RuntimeError: HTTPError: HTTP Error 468: 
HERB005912,细叶藤,not_found,,,no exact pharmacopoeia herb result,error,,,RuntimeError: HTTPError: HTTP Error 468: 
HERB005909,洗液蛇鞭菊,not_found,,,no exact pharmacopoeia herb result,error,,,RuntimeError: HTTPError: HTTP Error 468: 
HERB005915,细叶益母草,not_found,,,no exact pharmacopoeia herb result,error,,,RuntimeError: HTTPError: HTTP Error 468: 
HERB005916,细叶猪屎豆,not_found,,,no exact pharmacopoeia herb result,error,,,RuntimeError: HTTPError: HTTP Error 468: 
HERB005913,细叶铁线蕨,not_found,,,no exact pharmacopoeia herb result,error,,,RuntimeError: HTTPError: HTTP Error 468: 
HERB005918,西藏胡黄连,not_found,,,no exact pharmacopoeia herb result,error,,,RuntimeError: HTTPError: HTTP Error 468: 
HERB005911,细叶水团花,not_found,,,no exact pharmacopoeia herb result,error,,,RuntimeError: HTTPError: HTTP Error 468: 
HERB005917,细圆藤,not_found,,,no exact pharmacopoeia herb result,error,,,RuntimeError: HTTPError: HTTP Error 468: 
HERB005920,西藏秦艽,not_found,,,no exact pharmacopoeia herb result,error,,,RuntimeError: HTTPError: HTTP Error 468: 
HERB005914,细叶小檗,not_found,,,no exact pharmacopoeia herb result,error,,,RuntimeError: HTTPError: HTTP Error 468: 
HERB005919,西藏鹿蹄草,not_found,,,no exact pharmacopoeia herb result,error,,,RuntimeError: HTTPError: HTTP Error 468: 
HERB005922,西藏沙棘,not_found,,,no exact pharmacopoeia herb result,error,,,RuntimeError: HTTPError: HTTP Error 468: 
HERB005924,西藏铁线莲,not_found,,,no exact pharmacopoeia herb result,error,,,RuntimeError: HTTPError: HTTP Error 468: 
HERB005923,西藏酸模,not_found,,,no exact pharmacopoeia herb result,error,,,RuntimeError: HTTPError: HTTP Error 468: 
HERB005928,细锥香茶菜,not_found,,,no exact pharmacopoeia herb result,error,,,RuntimeError: HTTPError: HTTP Error 468: 
HERB005925,西藏中麻黄,not_found,,,no exact pharmacopoeia herb result,error,,,RuntimeError: HTTPError: HTTP Error 468: 
HERB005927,细毡毛忍冬,not_found,,,no exact pharmacopoeia herb result,error,,,RuntimeError: HTTPError: HTTP Error 468: 
HERB005930,细子麻黄,not_found,,,no exact pharmacopoeia herb result,error,,,RuntimeError: HTTPError: HTTP Error 468: 
HERB005926,西泽兰,not_found,,,no exact pharmacopoeia herb result,error,,,RuntimeError: HTTPError: HTTP Error 468: 
HERB005933,下垂澳杨,not_found,,,no exact pharmacopoeia herb result,error,,,RuntimeError: HTTPError: HTTP Error 468: 
HERB005934,西陲苔草,not_found,,,no exact pharmacopoeia herb result,error,,,RuntimeError: HTTPError: HTTP Error 468: 
HERB005937,前胡,ok,https://ydz.chp.org.cn/#/item?bookId=1&entryId=418,UsePart|Properties|Meridians|Function|Indication,,error,,,RuntimeError: HTTPError: HTTP Error 468: 
HERB005932,夏草,not_found,,,no exact pharmacopoeia herb result,error,,,RuntimeError: HTTPError: HTTP Error 468: 
HERB005935,夏风信子,not_found,,,no exact pharmacopoeia herb result,error,,,RuntimeError: HTTPError: HTTP Error 468: 
HERB005939,狭基线纹香茶菜,not_found,,,no search results,error,,,RuntimeError: HTTPError: HTTP Error 468: 
HERB005940,夏枯草,skipped_no_chp_blank_fields,,,,error,,,RuntimeError: HTTPError: HTTP Error 468: 
HERB005936,夏钩藤,not_found,,,no exact pharmacopoeia herb result,error,,,RuntimeError: HTTPError: HTTP Error 468: 
HERB005938,下过山小橘跟,not_found,,,no exact pharmacopoeia herb result,error,,,RuntimeError: HTTPError: HTTP Error 468: 
HERB005941,虾蟆胆,not_found,,,no exact pharmacopoeia herb result,error,,,RuntimeError: HTTPError: HTTP Error 468: 
HERB005945,夏天无,ok,https://ydz.chp.org.cn/#/item?bookId=1&entryId=440,Properties|Meridians,,error,,,RuntimeError: HTTPError: HTTP Error 468: 
HERB005943,霞天膏,not_found,,,no exact pharmacopoeia herb result,error,,,RuntimeError: HTTPError: HTTP Error 468: 
HERB005944,下田菊,not_found,,,no exact pharmacopoeia herb result,error,,,RuntimeError: HTTPError: HTTP Error 468: 
HERB005948,夏雪片莲,not_found,,,no exact pharmacopoeia herb result,error,,,RuntimeError: HTTPError: HTTP Error 468: 
HERB005947,下泻南五味子,not_found,,,no exact pharmacopoeia herb result,error,,,RuntimeError: HTTPError: HTTP Error 468: 
HERB005950,狭叶白鲜,not_found,,,no exact pharmacopoeia herb result,error,,,RuntimeError: HTTPError: HTTP Error 468: 
HERB005949,下延古当归,not_found,,,no exact pharmacopoeia herb result,error,,,RuntimeError: HTTPError: HTTP Error 468: 
HERB005955,狭叶胡椒,not_found,,,no exact pharmacopoeia herb result,error,,,RuntimeError: HTTPError: HTTP Error 468: 
HERB005953,狭叶当归,not_found,,,no exact pharmacopoeia herb result,error,,,RuntimeError: HTTPError: HTTP Error 468: 
HERB005951,狭叶重楼,not_found,,,no exact pharmacopoeia herb result,error,,,RuntimeError: HTTPError: HTTP Error 468: 
HERB005956,下野鸡骨常山,not_found,,,no exact pharmacopoeia herb result,error,,,RuntimeError: HTTPError: HTTP Error 468: 
HERB005954,狭叶红景天,not_found,,,no exact pharmacopoeia herb result,error,,,RuntimeError: HTTPError: HTTP Error 468: 
HERB005958,狭叶锦鸡儿,not_found,,,no exact pharmacopoeia herb result,error,,,RuntimeError: HTTPError: HTTP Error 468: 
HERB005961,狭叶龙舌兰,not_found,,,no exact pharmacopoeia herb result,error,,,RuntimeError: HTTPError: HTTP Error 468: 
HERB005962,狭叶青蒿,not_found,,,no search results,error,,,RuntimeError: HTTPError: HTTP Error 468: 
HERB005957,狭叶假人参,not_found,,,no exact pharmacopoeia herb result,error,,,RuntimeError: HTTPError: HTTP Error 468: 
HERB005960,狭叶龙舌兰,not_found,,,no exact pharmacopoeia herb result,error,,,RuntimeError: HTTPError: HTTP Error 468: 
HERB005965,小叶唐松草,not_found,,,no exact pharmacopoeia herb result,error,,,RuntimeError: HTTPError: HTTP Error 468: 
HERB005963,狭叶山胡椒,not_found,,,no exact pharmacopoeia herb result,error,,,RuntimeError: HTTPError: HTTP Error 468: 
HERB005959,狭叶决明,not_found,,,no exact pharmacopoeia herb result,error,,,RuntimeError: HTTPError: HTTP Error 468: 
HERB005964,狭叶蛇根草,not_found,,,no exact pharmacopoeia herb result,error,,,RuntimeError: HTTPError: HTTP Error 468: 
HERB005967,狭叶香茶菜,not_found,,,no exact pharmacopoeia herb result,error,,,RuntimeError: HTTPError: HTTP Error 468: 
HERB005966,狭叶五味子,not_found,,,no exact pharmacopoeia herb result,error,,,RuntimeError: HTTPError: HTTP Error 468: 
HERB005968,狭叶香蒲,not_found,,,no exact pharmacopoeia herb result,error,,,RuntimeError: HTTPError: HTTP Error 468: 
HERB005969,狭叶獐牙菜,not_found,,,no exact pharmacopoeia herb result,error,,,RuntimeError: HTTPError: HTTP Error 468: 
HERB005970,夏至草,not_found,,,no search results,error,,,RuntimeError: HTTPError: HTTP Error 468: 
HERB005973,腺齿紫金牛,not_found,,,no exact pharmacopoeia herb result,error,,,RuntimeError: HTTPError: HTTP Error 468: 
HERB005972,显齿蛇葡萄,not_found,,,no exact pharmacopoeia herb result,error,,,RuntimeError: HTTPError: HTTP Error 468: 
HERB005975,线萼黄连,not_found,,,no exact pharmacopoeia herb result,error,,,RuntimeError: HTTPError: HTTP Error 468: 
HERB005977,仙鹤草,skipped_no_chp_blank_fields,,,,error,,,RuntimeError: HTTPError: HTTP Error 468: 
HERB005979,仙鹤草根芽,not_found,,,no exact pharmacopoeia herb result,error,,,RuntimeError: HTTPError: HTTP Error 468: 
HERB005976,腺梗豨莶,not_found,,,no exact pharmacopoeia herb result,error,,,RuntimeError: HTTPError: HTTP Error 468: 
HERB005974,鲜地黄,not_found,,,no exact pharmacopoeia herb result,error,,,RuntimeError: HTTPError: HTTP Error 468: 
HERB005983,仙灵脾,skipped_no_chp_blank_fields,,,,error,,,RuntimeError: HTTPError: HTTP Error 468: 
HERB005971,虾子花,not_found,,,no exact pharmacopoeia herb result,error,,,RuntimeError: HTTPError: HTTP Error 468: 
HERB005978,仙鹤草根,not_found,,,no exact pharmacopoeia herb result,error,,,RuntimeError: HTTPError: HTTP Error 468: 
HERB005980,腺花香茶菜,not_found,,,no exact pharmacopoeia herb result,error,,,RuntimeError: HTTPError: HTTP Error 468: 
HERB005987,显脉獐牙菜,not_found,,,no exact pharmacopoeia herb result,error,,,RuntimeError: HTTPError: HTTP Error 468: 
HERB005982,仙客来,not_found,,,no search results,error,,,RuntimeError: HTTPError: HTTP Error 468: 
HERB005981,鲜黄小檗,not_found,,,no exact pharmacopoeia herb result,error,,,RuntimeError: HTTPError: HTTP Error 468: 
HERB005986,显脉旋覆花,not_found,,,no exact pharmacopoeia herb result,error,,,RuntimeError: HTTPError: HTTP Error 468: 
HERB005985,显脉香茶菜,not_found,,,no exact pharmacopoeia herb result,error,,,RuntimeError: HTTPError: HTTP Error 468: 
HERB005990,仙人掌,not_found,,,no search results,error,,,RuntimeError: HTTPError: HTTP Error 468: 
HERB005993,藓生马先蒿,not_found,,,no exact pharmacopoeia herb result,error,,,RuntimeError: HTTPError: HTTP Error 468: 
HERB005989,腺毛黑种草,not_found,,,no exact pharmacopoeia herb result,error,,,RuntimeError: HTTPError: HTTP Error 468: 
HERB005994,咸酸蔃,not_found,,,no exact pharmacopoeia herb result,error,,,RuntimeError: HTTPError: HTTP Error 468: 
HERB005991,蚬肉,not_found,,,no exact pharmacopoeia herb result,error,,,RuntimeError: HTTPError: HTTP Error 468: 
HERB005998,纤细薯蓣,not_found,,,no exact pharmacopoeia herb result,error,,,RuntimeError: HTTPError: HTTP Error 468: 
HERB005996,线纹香茶菜,not_found,,,no exact pharmacopoeia herb result,error,,,RuntimeError: HTTPError: HTTP Error 468: 
HERB005995,仙桃草,not_found,,,no search results,error,,,RuntimeError: HTTPError: HTTP Error 468: 
HERB006004,线叶旋覆花,not_found,,,no exact pharmacopoeia herb result,error,,,RuntimeError: HTTPError: HTTP Error 468: 
HERB005997,纤细老鹳草,not_found,,,no exact pharmacopoeia herb result,error,,,RuntimeError: HTTPError: HTTP Error 468: 
HERB005999,线叶巴豆,not_found,,,no exact pharmacopoeia herb result,error,,,RuntimeError: HTTPError: HTTP Error 468: 
HERB006002,小叶芹,not_found,,,no exact pharmacopoeia herb result,error,,,RuntimeError: HTTPError: HTTP Error 468: 
HERB006001,线叶金鸡菊,not_found,,,no exact pharmacopoeia herb result,error,,,RuntimeError: HTTPError: HTTP Error 468: 
HERB006003,小叶忍冬,not_found,,,no exact pharmacopoeia herb result,error,,,RuntimeError: HTTPError: HTTP Error 468: 
HERB006005,线羽凤尾蕨,not_found,,,no search results,error,,,RuntimeError: HTTPError: HTTP Error 468: 
HERB006000,线叶柴胡,not_found,,,no exact pharmacopoeia herb result,error,,,RuntimeError: HTTPError: HTTP Error 468: 
HERB006026,香加皮,ok,https://ydz.chp.org.cn/#/item?bookId=1&entryId=405,Herb_latin_name|UsePart|Properties|Meridians|Function,,skipped_no_remaining_blank_fields,,,
HERB006006,线泽兰,not_found,,,no exact pharmacopoeia herb result,error,,,RuntimeError: HTTPError: HTTP Error 468: 
HERB006007,线轴买麻藤,not_found,,,no exact pharmacopoeia herb result,error,,,RuntimeError: HTTPError: HTTP Error 468: 
HERB006008,网地藻,not_found,,,no exact pharmacopoeia herb result,error,,,RuntimeError: HTTPError: HTTP Error 468: 
HERB006010,香草水杨梅,not_found,,,no exact pharmacopoeia herb result,error,,,RuntimeError: HTTPError: HTTP Error 468: 
HERB006009,香巴豆,not_found,,,no exact pharmacopoeia herb result,error,,,RuntimeError: HTTPError: HTTP Error 468: 
HERB006011,香草香精,not_found,,,no exact pharmacopoeia herb result,error,,,RuntimeError: HTTPError: HTTP Error 468: 
HERB006012,香茶菜,not_found,,,no exact pharmacopoeia herb result,error,,,RuntimeError: HTTPError: HTTP Error 468: 
HERB006014,香椽皮,not_found,,,no exact pharmacopoeia herb result,error,,,RuntimeError: HTTPError: HTTP Error 468: 
HERB006019,香附,skipped_no_chp_blank_fields,,,,error,,,RuntimeError: HTTPError: HTTP Error 468: 
HERB006027,香蕉,not_found,,,no exact pharmacopoeia herb result,error,,,RuntimeError: HTTPError: HTTP Error 468: 
HERB006022,香菇,not_found,,,no search results,error,,,RuntimeError: HTTPError: HTTP Error 468: 
HERB006016,香丹,not_found,,,no exact pharmacopoeia herb result,error,,,RuntimeError: HTTPError: HTTP Error 468: 
HERB006025,想黄连木,not_found,,,no search results,error,,,RuntimeError: HTTPError: HTTP Error 468: 
HERB006018,香蜂花,not_found,,,no exact pharmacopoeia herb result,error,,,RuntimeError: HTTPError: HTTP Error 468: 
HERB006021,香根芹,not_found,,,no exact pharmacopoeia herb result,error,,,RuntimeError: HTTPError: HTTP Error 468: 
HERB006020,香港樫木,not_found,,,no exact pharmacopoeia herb result,error,,,RuntimeError: HTTPError: HTTP Error 468: 
HERB006023,香果脂,not_found,,,no exact pharmacopoeia herb result,error,,,RuntimeError: HTTPError: HTTP Error 468: 
HERB006013,香车叶草,not_found,,,no exact pharmacopoeia herb result,error,,,RuntimeError: HTTPError: HTTP Error 468: 
HERB006024,香合欢,not_found,,,no exact pharmacopoeia herb result,error,,,RuntimeError: HTTPError: HTTP Error 468: 
HERB006028,橡胶树,not_found,,,no search results,error,,,RuntimeError: HTTPError: HTTP Error 468: 
HERB006033,香茅,not_found,,,no search results,error,,,RuntimeError: HTTPError: HTTP Error 468: 
HERB006029,香精,not_found,,,no exact pharmacopoeia herb result,error,,,RuntimeError: HTTPError: HTTP Error 468: 
HERB006031,响铃草,not_found,,,no exact pharmacopoeia herb result,error,,,RuntimeError: HTTPError: HTTP Error 468: 
HERB006032,香曼陀罗,not_found,,,no exact pharmacopoeia herb result,error,,,RuntimeError: HTTPError: HTTP Error 468: 
HERB006035,香柠檬,not_found,,,no exact pharmacopoeia herb result,error,,,RuntimeError: HTTPError: HTTP Error 468: 
HERB006036,橡皮木,not_found,,,no exact pharmacopoeia herb result,error,,,RuntimeError: HTTPError: HTTP Error 468: 
HERB006043,香肉,not_found,,,no search results,error,,,RuntimeError: HTTPError: HTTP Error 468: 
HERB006039,向日葵花,not_found,,,no exact pharmacopoeia herb result,error,,,RuntimeError: HTTPError: HTTP Error 468: 
HERB006042,向日葵籽,not_found,,,no exact pharmacopoeia herb result,error,,,RuntimeError: HTTPError: HTTP Error 468: 
HERB006041,向日葵叶,not_found,,,no exact pharmacopoeia herb result,error,,,RuntimeError: HTTPError: HTTP Error 468: 
HERB006038,香青兰,not_found,,,no exact pharmacopoeia herb result,error,,,RuntimeError: HTTPError: HTTP Error 468: 
HERB006048,相思子,not_found,,,no exact pharmacopoeia herb result,error,,,RuntimeError: HTTPError: HTTP Error 468: 
HERB006040,向日葵茎髓,not_found,,,no exact pharmacopoeia herb result,error,,,RuntimeError: HTTPError: HTTP Error 468: 
HERB006046,香丝草,not_found,,,no exact pharmacopoeia herb result,error,,,RuntimeError: HTTPError: HTTP Error 468: 
HERB006047,相思藤,not_found,,,no exact pharmacopoeia herb result,error,,,RuntimeError: HTTPError: HTTP Error 468: 
HERB006052,香豌豆,not_found,,,no search results,error,,,RuntimeError: HTTPError: HTTP Error 468: 
HERB006044,香肉果,not_found,,,no exact pharmacopoeia herb result,error,,,RuntimeError: HTTPError: HTTP Error 468: 
HERB006050,香唐松草,not_found,,,no exact pharmacopoeia herb result,error,,,RuntimeError: HTTPError: HTTP Error 468: 
HERB006049,相思子根,not_found,,,no exact pharmacopoeia herb result,error,,,RuntimeError: HTTPError: HTTP Error 468: 
HERB006045,香薷,ok,https://ydz.chp.org.cn/#/item?bookId=1&entryId=408,Meridians,,error,,,RuntimeError: HTTPError: HTTP Error 468: 
HERB006053,香蕈,not_found,,,no search results,error,,,RuntimeError: HTTPError: HTTP Error 468: 
HERB006051,铁筷子,not_found,,,no exact pharmacopoeia herb result,error,,,RuntimeError: HTTPError: HTTP Error 468: 
HERB006054,象牙海岸格木,not_found,,,no search results,error,,,RuntimeError: HTTPError: HTTP Error 468: 
HERB006055,香橼,ok,https://ydz.chp.org.cn/#/item?bookId=1&entryId=407,UsePart|Properties|Meridians|Function|Indication,,error,,,RuntimeError: HTTPError: HTTP Error 468: 
HERB006056,杨梅,not_found,,,no exact pharmacopoeia herb result,error,,,RuntimeError: HTTPError: HTTP Error 468: 
HERB006057,香叶,not_found,,,no exact pharmacopoeia herb result,error,,,RuntimeError: HTTPError: HTTP Error 468: 
HERB006062,香橼汁,not_found,,,no exact pharmacopoeia herb result,error,,,RuntimeError: HTTPError: HTTP Error 468: 
HERB006061,香橼,ok,https://ydz.chp.org.cn/#/item?bookId=1&entryId=407,Herb_latin_name|UsePart|Properties|Meridians|Function,,error,,,RuntimeError: HTTPError: HTTP Error 468: 
HERB006063,香樟,not_found,,,no exact pharmacopoeia herb result,error,,,RuntimeError: HTTPError: HTTP Error 468: 
HERB006066,香脂冷杉,not_found,,,no exact pharmacopoeia herb result,error,,,RuntimeError: HTTPError: HTTP Error 468: 
HERB006064,香樟根,not_found,,,no exact pharmacopoeia herb result,error,,,RuntimeError: HTTPError: HTTP Error 468: 
HERB006058,响叶杨,not_found,,,no exact pharmacopoeia herb result,error,,,RuntimeError: HTTPError: HTTP Error 468: 
HERB006068,香附,ok,https://ydz.chp.org.cn/#/item?bookId=1&entryId=406,Herb_latin_name|UsePart|Properties|Meridians|Function|Indication,,error,,,RuntimeError: HTTPError: HTTP Error 468: 
HERB006080,小改鼠尾草,not_found,,,no search results,error,,,RuntimeError: HTTPError: HTTP Error 468: 
HERB006065,香樟木,not_found,,,no exact pharmacopoeia herb result,error,,,RuntimeError: HTTPError: HTTP Error 468: 
HERB006069,小八角莲,not_found,,,no exact pharmacopoeia herb result,error,,,RuntimeError: HTTPError: HTTP Error 468: 
HERB006067,香子兰,not_found,,,no exact pharmacopoeia herb result,error,,,RuntimeError: HTTPError: HTTP Error 468: 
HERB006075,小巢菜,not_found,,,no exact pharmacopoeia herb result,error,,,RuntimeError: HTTPError: HTTP Error 468: 
HERB006070,小百部,not_found,,,no exact pharmacopoeia herb result,error,,,RuntimeError: HTTPError: HTTP Error 468: 
HERB006074,小草乌,not_found,,,no exact pharmacopoeia herb result,error,,,RuntimeError: HTTPError: HTTP Error 468: 
HERB006082,小甘草,skipped_no_chp_blank_fields,,,,error,,,RuntimeError: HTTPError: HTTP Error 468: 
HERB006076,小车前,not_found,,,no exact pharmacopoeia herb result,error,,,RuntimeError: HTTPError: HTTP Error 468: 
HERB006072,小檗,not_found,,,no exact pharmacopoeia herb result,error,,,RuntimeError: HTTPError: HTTP Error 468: 
HERB006083,小根葱,not_found,,,no exact pharmacopoeia herb result,error,,,RuntimeError: HTTPError: HTTP Error 468: 
HERB006084,小构树,not_found,,,no exact pharmacopoeia herb result,error,,,RuntimeError: HTTPError: HTTP Error 468: 
HERB006085,小果咖啡,not_found,,,no exact pharmacopoeia herb result,error,,,RuntimeError: HTTPError: HTTP Error 468: 
HERB006089,小果唐松草,not_found,,,no exact pharmacopoeia herb result,error,,,RuntimeError: HTTPError: HTTP Error 468: 
HERB006086,小果楠竹,not_found,,,no exact pharmacopoeia herb result,error,,,RuntimeError: HTTPError: HTTP Error 468: 
HERB006088,小果十大功劳,not_found,,,no exact pharmacopoeia herb result,error,,,RuntimeError: HTTPError: HTTP Error 468: 
HERB006087,小果蔷薇根,not_found,,,no exact pharmacopoeia herb result,error,,,RuntimeError: HTTPError: HTTP Error 468: 
HERB006096,小黑羊,not_found,,,no exact pharmacopoeia herb result,error,,,RuntimeError: HTTPError: HTTP Error 468: 
HERB006091,小果野蕉,not_found,,,no exact pharmacopoeia herb result,error,,,RuntimeError: HTTPError: HTTP Error 468: 
HERB006090,小果香草,not_found,,,no exact pharmacopoeia herb result,error,,,RuntimeError: HTTPError: HTTP Error 468: 
HERB006099,小花八角,not_found,,,no exact pharmacopoeia herb result,error,,,RuntimeError: HTTPError: HTTP Error 468: 
HERB006098,小红蒜,not_found,,,no exact pharmacopoeia herb result,error,,,RuntimeError: HTTPError: HTTP Error 468: 
HERB006100,小花八角枫,not_found,,,no exact pharmacopoeia herb result,error,,,RuntimeError: HTTPError: HTTP Error 468: 
HERB006093,小果芸香,not_found,,,no exact pharmacopoeia herb result,error,,,RuntimeError: HTTPError: HTTP Error 468: 
HERB006103,小花鬼针草,not_found,,,no exact pharmacopoeia herb result,error,,,RuntimeError: HTTPError: HTTP Error 468: 
HERB006101,小花盾叶薯蓣,not_found,,,no exact pharmacopoeia herb result,error,,,RuntimeError: HTTPError: HTTP Error 468: 
HERB006105,小花老鼠簕,not_found,,,no exact pharmacopoeia herb result,error,,,RuntimeError: HTTPError: HTTP Error 468: 
HERB006104,小花黄堇,not_found,,,no exact pharmacopoeia herb result,error,,,RuntimeError: HTTPError: HTTP Error 468: 
HERB006112,小花酸藤子,not_found,,,no exact pharmacopoeia herb result,error,,,RuntimeError: HTTPError: HTTP Error 468: 
HERB006102,小花风毛菊,not_found,,,no exact pharmacopoeia herb result,error,,,RuntimeError: HTTPError: HTTP Error 468: 
HERB006113,小花五味子,not_found,,,no exact pharmacopoeia herb result,error,,,RuntimeError: HTTPError: HTTP Error 468: 
HERB006114,小花五桠果,not_found,,,no exact pharmacopoeia herb result,error,,,RuntimeError: HTTPError: HTTP Error 468: 
HERB006115,小花夏枯草,not_found,,,no exact pharmacopoeia herb result,error,,,RuntimeError: HTTPError: HTTP Error 468: 
HERB006118,小黄牡蒿,not_found,,,no exact pharmacopoeia herb result,error,,,RuntimeError: HTTPError: HTTP Error 468: 
HERB006116,小花远志,not_found,,,no exact pharmacopoeia herb result,error,,,RuntimeError: HTTPError: HTTP Error 468: 
HERB006119,小黄花菜,not_found,,,no exact pharmacopoeia herb result,error,,,RuntimeError: HTTPError: HTTP Error 468: 
HERB006121,小茴香,ok,https://ydz.chp.org.cn/#/item?bookId=1&entryId=66,UsePart,,error,,,RuntimeError: HTTPError: HTTP Error 468: 
HERB006117,小花紫堇,not_found,,,no exact pharmacopoeia herb result,error,,,RuntimeError: HTTPError: HTTP Error 468: 
HERB006120,小黄紫堇,not_found,,,no exact pharmacopoeia herb result,error,,,RuntimeError: HTTPError: HTTP Error 468: 
HERB006123,小箭草,not_found,,,no exact pharmacopoeia herb result,error,,,RuntimeError: HTTPError: HTTP Error 468: 
HERB006124,小脚海罂粟,not_found,,,no exact pharmacopoeia herb result,error,,,RuntimeError: HTTPError: HTTP Error 468: 
HERB006126,小接筋草,not_found,,,no exact pharmacopoeia herb result,error,,,RuntimeError: HTTPError: HTTP Error 468: 
HERB006127,小金盏花,not_found,,,no exact pharmacopoeia herb result,error,,,RuntimeError: HTTPError: HTTP Error 468: 
HERB006122,小蓟,skipped_no_chp_blank_fields,,,,error,,,RuntimeError: HTTPError: HTTP Error 468: 
HERB006129,小喇叭,not_found,,,no search results,error,,,RuntimeError: HTTPError: HTTP Error 468: 
HERB006133,小麦,skipped_no_chp_blank_fields,,,,error,,,RuntimeError: HTTPError: HTTP Error 468: 
HERB006131,小龙也阔苞菊,not_found,,,no search results,error,,,RuntimeError: HTTPError: HTTP Error 468: 
HERB006125,小角柱花,not_found,,,no exact pharmacopoeia herb result,error,,,RuntimeError: HTTPError: HTTP Error 468: 
HERB006128,小精豆,not_found,,,no exact pharmacopoeia herb result,error,,,RuntimeError: HTTPError: HTTP Error 468: 
HERB006130,小连翘,not_found,,,no exact pharmacopoeia herb result,error,,,RuntimeError: HTTPError: HTTP Error 468: 
HERB006134,小茅香,not_found,,,no exact pharmacopoeia herb result,error,,,RuntimeError: HTTPError: HTTP Error 468: 
HERB006136,小米草,not_found,,,no exact pharmacopoeia herb result,error,,,RuntimeError: HTTPError: HTTP Error 468: 
HERB006141,小青皮,skipped_no_chp_blank_fields,,,,error,,,RuntimeError: HTTPError: HTTP Error 468: 
HERB006137,小木麻黄,not_found,,,no exact pharmacopoeia herb result,error,,,RuntimeError: HTTPError: HTTP Error 468: 
HERB006138,香排草,not_found,,,no exact pharmacopoeia herb result,error,,,RuntimeError: HTTPError: HTTP Error 468: 
HERB006144,肖乳香,not_found,,,no exact pharmacopoeia herb result,error,,,RuntimeError: HTTPError: HTTP Error 468: 
HERB006148,小舌紫菀,not_found,,,no exact pharmacopoeia herb result,error,,,RuntimeError: HTTPError: HTTP Error 468: 
HERB006139,小婆婆纳,not_found,,,no exact pharmacopoeia herb result,error,,,RuntimeError: HTTPError: HTTP Error 468: 
HERB006145,小三颗针,not_found,,,no exact pharmacopoeia herb result,error,,,RuntimeError: HTTPError: HTTP Error 468: 
HERB006140,小乔木紫金牛,not_found,,,no exact pharmacopoeia herb result,error,,,RuntimeError: HTTPError: HTTP Error 468: 
HERB006153,小头凉喉茶,not_found,,,no exact pharmacopoeia herb result,error,,,RuntimeError: HTTPError: HTTP Error 468: 
HERB006146,小沙冬青,not_found,,,no exact pharmacopoeia herb result,error,,,RuntimeError: HTTPError: HTTP Error 468: 
HERB006152,小偷堆心菊,not_found,,,no exact pharmacopoeia herb result,error,,,RuntimeError: HTTPError: HTTP Error 468: 
HERB006151,小通草,ok,https://ydz.chp.org.cn/#/item?bookId=1&entryId=67,UsePart|Properties|Meridians,,error,,,RuntimeError: HTTPError: HTTP Error 468: 
HERB006149,硝石,not_found,,,no exact pharmacopoeia herb result,error,,,RuntimeError: HTTPError: HTTP Error 468: 
HERB006156,苍耳,not_found,,,no exact pharmacopoeia herb result,error,,,RuntimeError: HTTPError: HTTP Error 468: 
HERB006150,小唐松草,not_found,,,no exact pharmacopoeia herb result,error,,,RuntimeError: HTTPError: HTTP Error 468: 
HERB006159,小型化岩蔷薇,not_found,,,no search results,error,,,RuntimeError: HTTPError: HTTP Error 468: 
HERB006158,小心叶薯,not_found,,,no exact pharmacopoeia herb result,error,,,RuntimeError: HTTPError: HTTP Error 468: 
HERB006163,小叶地不容,not_found,,,no exact pharmacopoeia herb result,error,,,RuntimeError: HTTPError: HTTP Error 468: 
HERB006166,小叶贯众,not_found,,,no exact pharmacopoeia herb result,error,,,RuntimeError: HTTPError: HTTP Error 468: 
HERB006162,小叶梣,not_found,,,no exact pharmacopoeia herb result,error,,,RuntimeError: HTTPError: HTTP Error 468: 
HERB006171,小叶黄杨,not_found,,,no exact pharmacopoeia herb result,error,,,RuntimeError: HTTPError: HTTP Error 468: 
HERB006160,小萱草根,not_found,,,no exact pharmacopoeia herb result,error,,,RuntimeError: HTTPError: HTTP Error 468: 
HERB006165,小叶杜英,not_found,,,no exact pharmacopoeia herb result,error,,,RuntimeError: HTTPError: HTTP Error 468: 
HERB006170,小叶华北绣线菊,not_found,,,no exact pharmacopoeia herb result,error,,,RuntimeError: HTTPError: HTTP Error 468: 
HERB006155,小乌毛蕨,not_found,,,no exact pharmacopoeia herb result,error,,,RuntimeError: HTTPError: HTTP Error 468: 
HERB006168,小叶红光树,not_found,,,no exact pharmacopoeia herb result,error,,,RuntimeError: HTTPError: HTTP Error 468: 
HERB006169,小野花,not_found,,,no exact pharmacopoeia herb result,error,,,RuntimeError: HTTPError: HTTP Error 468: 
HERB006167,小叶黑柴胡,not_found,,,no exact pharmacopoeia herb result,error,,,RuntimeError: HTTPError: HTTP Error 468: 
HERB006174,小野菊,not_found,,,no exact pharmacopoeia herb result,error,,,RuntimeError: HTTPError: HTTP Error 468: 
HERB006172,小野鸡尾,not_found,,,no search results,error,,,RuntimeError: HTTPError: HTTP Error 468: 
HERB006177,小叶买麻藤,not_found,,,no exact pharmacopoeia herb result,error,,,RuntimeError: HTTPError: HTTP Error 468: 
HERB006175,小叶莲,ok,https://ydz.chp.org.cn/#/item?bookId=1&entryId=64,,matched page but chp target columns already had values,error,,,RuntimeError: HTTPError: HTTP Error 468: 
HERB006173,小叶九里香,not_found,,,no exact pharmacopoeia herb result,error,,,RuntimeError: HTTPError: HTTP Error 468: 
HERB006178,小叶荬麻藤,not_found,,,no exact pharmacopoeia herb result,error,,,RuntimeError: HTTPError: HTTP Error 468: 
HERB006179,小叶枇杷,not_found,,,no exact pharmacopoeia herb result,error,,,RuntimeError: HTTPError: HTTP Error 468: 
HERB006180,小野球果紫堇,not_found,,,no exact pharmacopoeia herb result,error,,,RuntimeError: HTTPError: HTTP Error 468: 
HERB006181,小叶石楠,not_found,,,no exact pharmacopoeia herb result,error,,,RuntimeError: HTTPError: HTTP Error 468: 
HERB006182,小叶唐松草,not_found,,,no exact pharmacopoeia herb result,error,,,RuntimeError: HTTPError: HTTP Error 468: 
HERB006187,小叶硬毛漆木,not_found,,,no exact pharmacopoeia herb result,error,,,RuntimeError: HTTPError: HTTP Error 468: 
HERB006183,小叶香茶菜,not_found,,,no exact pharmacopoeia herb result,error,,,RuntimeError: HTTPError: HTTP Error 468: 
HERB006185,小叶杨,not_found,,,no search results,error,,,RuntimeError: HTTPError: HTTP Error 468: 
HERB006190,小猪屎豆,not_found,,,no exact pharmacopoeia herb result,error,,,RuntimeError: HTTPError: HTTP Error 468: 
HERB006191,薤白,skipped_no_chp_blank_fields,,,,error,,,RuntimeError: HTTPError: HTTP Error 468: 
HERB006186,小叶野决明,not_found,,,no exact pharmacopoeia herb result,error,,,RuntimeError: HTTPError: HTTP Error 468: 
HERB006192,缬草,not_found,,,no exact pharmacopoeia herb result,error,,,RuntimeError: HTTPError: HTTP Error 468: 
HERB006188,小野芝麻,not_found,,,no exact pharmacopoeia herb result,error,,,RuntimeError: HTTPError: HTTP Error 468: 
HERB006195,斜茎獐牙菜,not_found,,,no exact pharmacopoeia herb result,error,,,RuntimeError: HTTPError: HTTP Error 468: 
HERB006194,斜基粗叶木,not_found,,,no exact pharmacopoeia herb result,error,,,RuntimeError: HTTPError: HTTP Error 468: 
HERB006184,小叶悬钩子,not_found,,,no exact pharmacopoeia herb result,error,,,RuntimeError: HTTPError: HTTP Error 468: 
HERB006203,蟹爪兰,not_found,,,no exact pharmacopoeia herb result,error,,,RuntimeError: HTTPError: HTTP Error 468: 
HERB006189,小芸木,not_found,,,no exact pharmacopoeia herb result,error,,,RuntimeError: HTTPError: HTTP Error 468: 
HERB006202,斜羽凤尾蕨,not_found,,,no search results,error,,,RuntimeError: HTTPError: HTTP Error 468: 
HERB006201,楔叶泽兰,not_found,,,no exact pharmacopoeia herb result,error,,,RuntimeError: HTTPError: HTTP Error 468: 
HERB006204,新豉,skipped_no_chp_blank_fields,,,,error,,,RuntimeError: HTTPError: HTTP Error 468: 
HERB006207,新疆贝母,not_found,,,no exact pharmacopoeia herb result,error,,,RuntimeError: HTTPError: HTTP Error 468: 
HERB006205,心肺草,not_found,,,no exact pharmacopoeia herb result,error,,,RuntimeError: HTTPError: HTTP Error 468: 
HERB006211,新疆杨,not_found,,,no exact pharmacopoeia herb result,error,,,RuntimeError: HTTPError: HTTP Error 468: 
HERB006209,新疆藁本,not_found,,,no exact pharmacopoeia herb result,error,,,RuntimeError: HTTPError: HTTP Error 468: 
HERB006212,新疆一支蒿,not_found,,,no exact pharmacopoeia herb result,error,,,RuntimeError: HTTPError: HTTP Error 468: 
HERB006208,新疆党参,not_found,,,no exact pharmacopoeia herb result,error,,,RuntimeError: HTTPError: HTTP Error 468: 
HERB006210,新疆蓝刺头,not_found,,,no exact pharmacopoeia herb result,error,,,RuntimeError: HTTPError: HTTP Error 468: 
HERB006213,新美风毛菊,not_found,,,no exact pharmacopoeia herb result,error,,,RuntimeError: HTTPError: HTTP Error 468: 
HERB006219,新西兰麻,not_found,,,no exact pharmacopoeia herb result,error,,,RuntimeError: HTTPError: HTTP Error 468: 
HERB006216,毒石,not_found,,,no exact pharmacopoeia herb result,error,,,RuntimeError: HTTPError: HTTP Error 468: 
HERB006220,新西兰牡荆苷,not_found,,,no exact pharmacopoeia herb result,error,,,RuntimeError: HTTPError: HTTP Error 468: 
HERB006228,辛夷,ok,https://ydz.chp.org.cn/#/item?bookId=1&entryId=282,Herb_latin_name|UsePart|Properties|Meridians|Function,,error,,,RuntimeError: HTTPError: HTTP Error 468: 
HERB006226,心形叶青牛胆,not_found,,,no exact pharmacopoeia herb result,error,,,RuntimeError: HTTPError: HTTP Error 468: 
HERB006223,新型钩藤,not_found,,,no exact pharmacopoeia herb result,error,,,RuntimeError: HTTPError: HTTP Error 468: 
HERB006218,新西兰罗汉松,not_found,,,no search results,error,,,RuntimeError: HTTPError: HTTP Error 468: 
HERB006224,新型葡萄,not_found,,,no exact pharmacopoeia herb result,error,,,RuntimeError: HTTPError: HTTP Error 468: 
HERB006231,兴安白头翁,not_found,,,no exact pharmacopoeia herb result,error,,,RuntimeError: HTTPError: HTTP Error 468: 
HERB006230,新藏假紫草,not_found,,,no exact pharmacopoeia herb result,error,,,RuntimeError: HTTPError: HTTP Error 468: 
HERB006229,新月形野草苏,not_found,,,no exact pharmacopoeia herb result,error,,,RuntimeError: HTTPError: HTTP Error 468: 
HERB006233,兴安升麻,not_found,,,no exact pharmacopoeia herb result,error,,,RuntimeError: HTTPError: HTTP Error 468: 
HERB006232,兴安柴胡,not_found,,,no exact pharmacopoeia herb result,error,,,RuntimeError: HTTPError: HTTP Error 468: 
HERB006237,杏树根,not_found,,,no exact pharmacopoeia herb result,error,,,RuntimeError: HTTPError: HTTP Error 468: 
HERB006234,荇菜,not_found,,,no exact pharmacopoeia herb result,error,,,RuntimeError: HTTPError: HTTP Error 468: 
HERB006239,杏子,not_found,,,no search results,error,,,RuntimeError: HTTPError: HTTP Error 468: 
HERB006240,熊胆,skipped_no_chp_blank_fields,,,,error,,,RuntimeError: HTTPError: HTTP Error 468: 
HERB006238,杏苏草,not_found,,,no exact pharmacopoeia herb result,error,,,RuntimeError: HTTPError: HTTP Error 468: 
HERB006247,熊掌,not_found,,,no search results,error,,,RuntimeError: HTTPError: HTTP Error 468: 
HERB006241,熊耳草,not_found,,,no exact pharmacopoeia herb result,error,,,RuntimeError: HTTPError: HTTP Error 468: 
HERB006243,雄黄,ok,https://ydz.chp.org.cn/#/item?bookId=1&entryId=533,,matched page but chp target columns already had values,error,,,RuntimeError: HTTPError: HTTP Error 468: 
HERB006242,熊果苷,not_found,,,no exact pharmacopoeia herb result,error,,,RuntimeError: HTTPError: HTTP Error 468: 
HERB006244,雄黄兰,not_found,,,no exact pharmacopoeia herb result,error,,,RuntimeError: HTTPError: HTTP Error 468: 
HERB006252,锈毛野桐,not_found,,,no exact pharmacopoeia herb result,error,,,RuntimeError: HTTPError: HTTP Error 468: 
HERB006250,修毛地黄,not_found,,,no exact pharmacopoeia herb result,error,,,RuntimeError: HTTPError: HTTP Error 468: 
HERB006248,锈红蔷薇,not_found,,,no exact pharmacopoeia herb result,error,,,RuntimeError: HTTPError: HTTP Error 468: 
HERB006253,绣球茜草,not_found,,,no exact pharmacopoeia herb result,error,,,RuntimeError: HTTPError: HTTP Error 468: 
HERB006255,秀色安息香,not_found,,,no exact pharmacopoeia herb result,error,,,RuntimeError: HTTPError: HTTP Error 468: 
HERB006246,雄蕊装鼠尾草,not_found,,,no exact pharmacopoeia herb result,error,,,RuntimeError: HTTPError: HTTP Error 468: 
HERB006254,绣球鼠尾草,not_found,,,no exact pharmacopoeia herb result,error,,,RuntimeError: HTTPError: HTTP Error 468: 
HERB006251,绣毛寄生,not_found,,,no exact pharmacopoeia herb result,error,,,RuntimeError: HTTPError: HTTP Error 468: 
HERB006256,绣线菊,not_found,,,no search results,error,,,RuntimeError: HTTPError: HTTP Error 468: 
HERB006245,雄蕊装鼠尾草,not_found,,,no exact pharmacopoeia herb result,error,,,RuntimeError: HTTPError: HTTP Error 468: 
HERB006258,徐长卿,skipped_no_chp_blank_fields,,,,error,,,RuntimeError: HTTPError: HTTP Error 468: 
HERB006260,续断菊,not_found,,,no exact pharmacopoeia herb result,error,,,RuntimeError: HTTPError: HTTP Error 468: 
HERB006259,续断,skipped_no_chp_blank_fields,,,,error,,,RuntimeError: HTTPError: HTTP Error 468: 
HERB006262,叙利亚马利筋,not_found,,,no exact pharmacopoeia herb result,error,,,RuntimeError: HTTPError: HTTP Error 468: 
HERB006263,叙利亚牛至,not_found,,,no exact pharmacopoeia herb result,error,,,RuntimeError: HTTPError: HTTP Error 468: 
HERB006257,绣线菊叶,not_found,,,no exact pharmacopoeia herb result,error,,,RuntimeError: HTTPError: HTTP Error 468: 
HERB006266,萱草嫩苗,not_found,,,no search results,error,,,RuntimeError: HTTPError: HTTP Error 468: 
HERB006269,旋覆花,ok,https://ydz.chp.org.cn/#/item?bookId=1&entryId=514,,matched page but chp target columns already had values,error,,,RuntimeError: HTTPError: HTTP Error 468: 
HERB006265,萱草根,not_found,,,no search results,error,,,RuntimeError: HTTPError: HTTP Error 468: 
HERB006270,旋覆花根,not_found,,,no exact pharmacopoeia herb result,error,,,RuntimeError: HTTPError: HTTP Error 468: 
HERB006273,旋果蚊子草,not_found,,,no exact pharmacopoeia herb result,error,,,RuntimeError: HTTPError: HTTP Error 468: 
HERB006272,悬钩子,not_found,,,no exact pharmacopoeia herb result,error,,,RuntimeError: HTTPError: HTTP Error 468: 
HERB006264,续随子茎中白汁,not_found,,,no exact pharmacopoeia herb result,error,,,RuntimeError: HTTPError: HTTP Error 468: 
HERB006271,悬钩茎,not_found,,,no exact pharmacopoeia herb result,error,,,RuntimeError: HTTPError: HTTP Error 468: 
HERB006274,玄胡,not_found,,,no exact pharmacopoeia herb result,error,,,RuntimeError: HTTPError: HTTP Error 468: 
HERB006278,玄明粉,ok,https://ydz.chp.org.cn/#/item?bookId=1&entryId=175,Properties|Meridians,,error,,,RuntimeError: HTTPError: HTTP Error 468: 
HERB006276,旋花羊角拗,not_found,,,no exact pharmacopoeia herb result,error,,,RuntimeError: HTTPError: HTTP Error 468: 
HERB006280,玄参,skipped_no_chp_blank_fields,,,,error,,,RuntimeError: HTTPError: HTTP Error 468: 
HERB006277,玄明,not_found,,,no exact pharmacopoeia herb result,error,,,RuntimeError: HTTPError: HTTP Error 468: 
HERB006275,玄胡素,not_found,,,no exact pharmacopoeia herb result,error,,,RuntimeError: HTTPError: HTTP Error 468: 
HERB006283,悬崖玫瑰,not_found,,,no exact pharmacopoeia herb result,error,,,RuntimeError: HTTPError: HTTP Error 468: 
HERB006281,宣威乌头,not_found,,,no exact pharmacopoeia herb result,error,,,RuntimeError: HTTPError: HTTP Error 468: 
HERB006289,雪花莲,not_found,,,no exact pharmacopoeia herb result,error,,,RuntimeError: HTTPError: HTTP Error 468: 
HERB006282,旋夏花,not_found,,,no exact pharmacopoeia herb result,error,,,RuntimeError: HTTPError: HTTP Error 468: 
HERB006286,雪茶,not_found,,,no exact pharmacopoeia herb result,error,,,RuntimeError: HTTPError: HTTP Error 468: 
HERB006284,旋叶香青,not_found,,,no exact pharmacopoeia herb result,error,,,RuntimeError: HTTPError: HTTP Error 468: 
HERB006288,血红栓菌,not_found,,,no exact pharmacopoeia herb result,error,,,RuntimeError: HTTPError: HTTP Error 468: 
HERB006287,雪光花,not_found,,,no exact pharmacopoeia herb result,error,,,RuntimeError: HTTPError: HTTP Error 468: 
HERB006290,血竭,skipped_no_chp_blank_fields,,,,error,,,RuntimeError: HTTPError: HTTP Error 468: 
HERB006295,雪龙胆,not_found,,,no exact pharmacopoeia herb result,error,,,RuntimeError: HTTPError: HTTP Error 468: 
HERB006298,雪山林,not_found,,,no exact pharmacopoeia herb result,error,,,RuntimeError: HTTPError: HTTP Error 468: 
HERB006292,雪莲,not_found,,,no exact pharmacopoeia herb result,error,,,RuntimeError: HTTPError: HTTP Error 468: 
HERB006293,雪灵好?,not_found,,,no exact pharmacopoeia herb result,error,,,RuntimeError: HTTPError: HTTP Error 468: 
HERB006297,血散薯,not_found,,,no exact pharmacopoeia herb result,error,,,RuntimeError: HTTPError: HTTP Error 468: 
HERB006291,雪梨皮,not_found,,,no exact pharmacopoeia herb result,error,,,RuntimeError: HTTPError: HTTP Error 468: 
HERB006296,雪片莲,not_found,,,no exact pharmacopoeia herb result,error,,,RuntimeError: HTTPError: HTTP Error 468: 
HERB006304,鳕鱼,not_found,,,no search results,error,,,RuntimeError: HTTPError: HTTP Error 468: 
HERB006305,血余炭,ok,https://ydz.chp.org.cn/#/item?bookId=1&entryId=218,,matched page but chp target columns already had values,error,,,RuntimeError: HTTPError: HTTP Error 468: 
HERB006301,雪松,not_found,,,no search results,error,,,RuntimeError: HTTPError: HTTP Error 468: 
HERB006307,寻骨风,not_found,,,no search results,error,,,RuntimeError: HTTPError: HTTP Error 468: 
HERB006306,熏倒牛,not_found,,,no exact pharmacopoeia herb result,error,,,RuntimeError: HTTPError: HTTP Error 468: 
HERB006310,鸦胆子,ok,https://ydz.chp.org.cn/#/item?bookId=1&entryId=399,Properties|Meridians,,error,,,RuntimeError: HTTPError: HTTP Error 468: 
HERB006313,亚乎奴,not_found,,,no exact pharmacopoeia herb result,error,,,RuntimeError: HTTPError: HTTP Error 468: 
HERB006312,鸭儿芹,not_found,,,no exact pharmacopoeia herb result,error,,,RuntimeError: HTTPError: HTTP Error 468: 
HERB006311,亚东乌头,not_found,,,no exact pharmacopoeia herb result,error,,,RuntimeError: HTTPError: HTTP Error 468: 
HERB006314,亚乎奴,not_found,,,no exact pharmacopoeia herb result,error,,,RuntimeError: HTTPError: HTTP Error 468: 
HERB006316,牙科北千里光,not_found,,,no exact pharmacopoeia herb result,error,,,RuntimeError: HTTPError: HTTP Error 468: 
HERB006315,鸭脚艾,not_found,,,no exact pharmacopoeia herb result,error,,,RuntimeError: HTTPError: HTTP Error 468: 
HERB006322,亚马逊百合,not_found,,,no exact pharmacopoeia herb result,error,,,RuntimeError: HTTPError: HTTP Error 468: 
HERB006320,亚罗椿,not_found,,,no exact pharmacopoeia herb result,error,,,RuntimeError: HTTPError: HTTP Error 468: 
HERB006328,牙买加苦木,not_found,,,no exact pharmacopoeia herb result,error,,,RuntimeError: HTTPError: HTTP Error 468: 
HERB006317,雅丽千金藤,not_found,,,no exact pharmacopoeia herb result,error,,,RuntimeError: HTTPError: HTTP Error 468: 
HERB006329,牙买加樱桃,not_found,,,no search results,error,,,RuntimeError: HTTPError: HTTP Error 468: 
HERB006325,亚马逊鱼藤,not_found,,,no search results,error,,,RuntimeError: HTTPError: HTTP Error 468: 
HERB006326,亚麻子,ok,https://ydz.chp.org.cn/#/item?bookId=1&entryId=196,Properties|Meridians,,error,,,RuntimeError: HTTPError: HTTP Error 468: 
HERB006323,亚马逊马钱子,not_found,,,no exact pharmacopoeia herb result,error,,,RuntimeError: HTTPError: HTTP Error 468: 
HERB006332,亚绒盖乳菇,not_found,,,no search results,error,,,RuntimeError: HTTPError: HTTP Error 468: 
HERB006330,亚美堆心菊,not_found,,,no exact pharmacopoeia herb result,error,,,RuntimeError: HTTPError: HTTP Error 468: 
HERB006331,鸦片,not_found,,,no search results,error,,,RuntimeError: HTTPError: HTTP Error 468: 
HERB006333,亚蕊香,not_found,,,no exact pharmacopoeia herb result,error,,,RuntimeError: HTTPError: HTTP Error 468: 
HERB006336,鸭跖草,ok,https://ydz.chp.org.cn/#/item?bookId=1&entryId=444,UsePart|Properties|Meridians,,error,,,RuntimeError: HTTPError: HTTP Error 468: 
HERB006335,鸭跖草,ok,https://ydz.chp.org.cn/#/item?bookId=1&entryId=444,UsePart|Properties|Meridians,,error,,,RuntimeError: HTTPError: HTTP Error 468: 
HERB006338,亚洲独活,not_found,,,no exact pharmacopoeia herb result,error,,,RuntimeError: HTTPError: HTTP Error 468: 
HERB006339,亚洲狮,not_found,,,no search results,error,,,RuntimeError: HTTPError: HTTP Error 468: 
HERB006341,岩柏,not_found,,,no exact pharmacopoeia herb result,error,,,RuntimeError: HTTPError: HTTP Error 468: 
HERB006340,亚洲文殊兰,not_found,,,no search results,error,,,RuntimeError: HTTPError: HTTP Error 468: 
HERB006342,岩白菜,ok,https://ydz.chp.org.cn/#/item?bookId=1&entryId=326,Properties|Meridians,,error,,,RuntimeError: HTTPError: HTTP Error 468: 
HERB006343,岩白菜素,not_found,,,no exact pharmacopoeia herb result,error,,,RuntimeError: HTTPError: HTTP Error 468: 
HERB006345,烟草花山梗菜,not_found,,,no exact pharmacopoeia herb result,error,,,RuntimeError: HTTPError: HTTP Error 468: 
HERB006346,盐地风毛菊,not_found,,,no exact pharmacopoeia herb result,error,,,RuntimeError: HTTPError: HTTP Error 468: 
HERB006344,烟草,not_found,,,no exact pharmacopoeia herb result,error,,,RuntimeError: HTTPError: HTTP Error 468: 
HERB006352,盐海豚草,not_found,,,no exact pharmacopoeia herb result,error,,,RuntimeError: HTTPError: HTTP Error 468: 
HERB006350,盐附子,not_found,,,no exact pharmacopoeia herb result,error,,,RuntimeError: HTTPError: HTTP Error 468: 
HERB006353,延胡索,skipped_no_chp_blank_fields,,,,error,,,RuntimeError: HTTPError: HTTP Error 468: 
HERB006351,烟锅草,not_found,,,no exact pharmacopoeia herb result,error,,,RuntimeError: HTTPError: HTTP Error 468: 
HERB006356,盐角草梭梭,not_found,,,no exact pharmacopoeia herb result,error,,,RuntimeError: HTTPError: HTTP Error 468: 
HERB006360,岩兰草,not_found,,,no exact pharmacopoeia herb result,error,,,RuntimeError: HTTPError: HTTP Error 468: 
HERB006355,盐角草,not_found,,,no exact pharmacopoeia herb result,error,,,RuntimeError: HTTPError: HTTP Error 468: 
HERB006358,盐津菜,not_found,,,no exact pharmacopoeia herb result,error,,,RuntimeError: HTTPError: HTTP Error 468: 
HERB006359,雁来红,not_found,,,no search results,error,,,RuntimeError: HTTPError: HTTP Error 468: 
HERB006354,岩黄连,not_found,,,no exact pharmacopoeia herb result,error,,,RuntimeError: HTTPError: HTTP Error 468: 
HERB006364,烟曲霉,not_found,,,no exact pharmacopoeia herb result,error,,,RuntimeError: HTTPError: HTTP Error 468: 
HERB006362,燕麦,not_found,,,no search results,error,,,RuntimeError: HTTPError: HTTP Error 468: 
HERB006365,龙眼,not_found,,,no exact pharmacopoeia herb result,error,,,RuntimeError: HTTPError: HTTP Error 468: 
HERB006366,盐生假木贼,not_found,,,no exact pharmacopoeia herb result,error,,,RuntimeError: HTTPError: HTTP Error 468: 
HERB006361,延龄草,not_found,,,no exact pharmacopoeia herb result,error,,,RuntimeError: HTTPError: HTTP Error 468: 
HERB006369,盐酸吗啉胍,not_found,,,no exact pharmacopoeia herb result,error,,,RuntimeError: HTTPError: HTTP Error 468: 
HERB006372,岩盐,not_found,,,no search results,error,,,RuntimeError: HTTPError: HTTP Error 468: 
HERB006367,盐生肉苁蓉,not_found,,,no exact pharmacopoeia herb result,error,,,RuntimeError: HTTPError: HTTP Error 468: 
HERB006374,兖州卷柏,not_found,,,no exact pharmacopoeia herb result,error,,,RuntimeError: HTTPError: HTTP Error 468: 
HERB006375,羊鞭,not_found,,,no exact pharmacopoeia herb result,error,,,RuntimeError: HTTPError: HTTP Error 468: 
HERB006368,盐酸麻黄碱,not_found,,,no exact pharmacopoeia herb result,error,,,RuntimeError: HTTPError: HTTP Error 468: 
HERB006377,洋葱,not_found,,,no exact pharmacopoeia herb result,error,,,RuntimeError: HTTPError: HTTP Error 468: 
HERB006378,洋刀豆,not_found,,,no exact pharmacopoeia herb result,error,,,RuntimeError: HTTPError: HTTP Error 468: 
HERB006376,洋常春藤,not_found,,,no exact pharmacopoeia herb result,error,,,RuntimeError: HTTPError: HTTP Error 468: 
HERB006379,洋地黄叶,not_found,,,no search results,error,,,RuntimeError: HTTPError: HTTP Error 468: 
HERB006371,岩香菊,not_found,,,no exact pharmacopoeia herb result,error,,,RuntimeError: HTTPError: HTTP Error 468: 
HERB006383,洋剪秋罗,not_found,,,no exact pharmacopoeia herb result,error,,,RuntimeError: HTTPError: HTTP Error 468: 
HERB006381,羊红膻,not_found,,,no exact pharmacopoeia herb result,error,,,RuntimeError: HTTPError: HTTP Error 468: 
HERB006389,杨梅,not_found,,,no exact pharmacopoeia herb result,error,,,RuntimeError: HTTPError: HTTP Error 468: 
HERB006385,羊角面包,not_found,,,no exact pharmacopoeia herb result,error,,,RuntimeError: HTTPError: HTTP Error 468: 
HERB006382,秧鸡草,not_found,,,no exact pharmacopoeia herb result,error,,,RuntimeError: HTTPError: HTTP Error 468: 
HERB006380,羊耳朵叶,not_found,,,no exact pharmacopoeia herb result,error,,,RuntimeError: HTTPError: HTTP Error 468: 
HERB006384,羊角坳子,not_found,,,no exact pharmacopoeia herb result,error,,,RuntimeError: HTTPError: HTTP Error 468: 
HERB006386,羊角藤,not_found,,,no exact pharmacopoeia herb result,error,,,RuntimeError: HTTPError: HTTP Error 468: 
HERB006393,杨梅树皮,not_found,,,no exact pharmacopoeia herb result,error,,,RuntimeError: HTTPError: HTTP Error 468: 
HERB006392,杨梅核仁,not_found,,,no exact pharmacopoeia herb result,error,,,RuntimeError: HTTPError: HTTP Error 468: 
HERB006395,羊皮,not_found,,,no search results,error,,,RuntimeError: HTTPError: HTTP Error 468: 
HERB006397,阳起石,not_found,,,no exact pharmacopoeia herb result,error,,,RuntimeError: HTTPError: HTTP Error 468: 
HERB006402,洋蓍草,not_found,,,no exact pharmacopoeia herb result,error,,,RuntimeError: HTTPError: HTTP Error 468: 
HERB006391,杨梅根,not_found,,,no exact pharmacopoeia herb result,error,,,RuntimeError: HTTPError: HTTP Error 468: 
HERB006398,洋茜草,not_found,,,no exact pharmacopoeia herb result,error,,,RuntimeError: HTTPError: HTTP Error 468: 
HERB006400,羊肉,not_found,,,no exact pharmacopoeia herb result,error,,,RuntimeError: HTTPError: HTTP Error 468: 
HERB006405,羊蹄,not_found,,,no search results,error,,,RuntimeError: HTTPError: HTTP Error 468: 
HERB006396,洋蒲桃叶,not_found,,,no exact pharmacopoeia herb result,error,,,RuntimeError: HTTPError: HTTP Error 468: 
HERB006401,羊乳,not_found,,,no search results,error,,,RuntimeError: HTTPError: HTTP Error 468: 
HERB006394,杨欧夏至草,not_found,,,no exact pharmacopoeia herb result,error,,,RuntimeError: HTTPError: HTTP Error 468: 
HERB006403,羊屎果,not_found,,,no exact pharmacopoeia herb result,error,,,RuntimeError: HTTPError: HTTP Error 468: 
HERB006407,羊蹄实,not_found,,,no exact pharmacopoeia herb result,error,,,RuntimeError: HTTPError: HTTP Error 468: 
HERB006410,羊外肾,not_found,,,no exact pharmacopoeia herb result,error,,,RuntimeError: HTTPError: HTTP Error 468: 
HERB006404,阳桃,not_found,,,no exact pharmacopoeia herb result,error,,,RuntimeError: HTTPError: HTTP Error 468: 
HERB006409,杨桐,not_found,,,no exact pharmacopoeia herb result,error,,,RuntimeError: HTTPError: HTTP Error 468: 
HERB006406,羊蹄根,not_found,,,no exact pharmacopoeia herb result,error,,,RuntimeError: HTTPError: HTTP Error 468: 
HERB006408,羊蹄叶,not_found,,,no exact pharmacopoeia herb result,error,,,RuntimeError: HTTPError: HTTP Error 468: 
HERB006411,仰卧板凳果,not_found,,,no exact pharmacopoeia herb result,error,,,RuntimeError: HTTPError: HTTP Error 468: 
HERB006415,杨叶银背藤,not_found,,,no exact pharmacopoeia herb result,error,,,RuntimeError: HTTPError: HTTP Error 468: 
HERB006414,杨叶肖槿,not_found,,,no exact pharmacopoeia herb result,error,,,RuntimeError: HTTPError: HTTP Error 468: 
HERB006418,耀华香茶菜,not_found,,,no exact pharmacopoeia herb result,error,,,RuntimeError: HTTPError: HTTP Error 468: 
HERB006421,药水芭蕉,not_found,,,no exact pharmacopoeia herb result,error,,,RuntimeError: HTTPError: HTTP Error 468: 
HERB006419,药蜀葵,not_found,,,no exact pharmacopoeia herb result,error,,,RuntimeError: HTTPError: HTTP Error 468: 
HERB006417,扬子小连翘,not_found,,,no exact pharmacopoeia herb result,error,,,RuntimeError: HTTPError: HTTP Error 468: 
HERB006420,药鼠李,not_found,,,no exact pharmacopoeia herb result,error,,,RuntimeError: HTTPError: HTTP Error 468: 
HERB006425,药用安息香,not_found,,,no exact pharmacopoeia herb result,error,,,RuntimeError: HTTPError: HTTP Error 468: 
HERB006424,药西瓜,not_found,,,no exact pharmacopoeia herb result,error,,,RuntimeError: HTTPError: HTTP Error 468: 
HERB006422,药水苏,not_found,,,no exact pharmacopoeia herb result,error,,,RuntimeError: HTTPError: HTTP Error 468: 
HERB006426,药用白前,not_found,,,no exact pharmacopoeia herb result,error,,,RuntimeError: HTTPError: HTTP Error 468: 
HERB006423,药水苏爵床,not_found,,,no exact pharmacopoeia herb result,error,,,RuntimeError: HTTPError: HTTP Error 468: 
HERB006427,药用丹参,not_found,,,no exact pharmacopoeia herb result,error,,,RuntimeError: HTTPError: HTTP Error 468: 
HERB006430,药用倒提壶,not_found,,,no exact pharmacopoeia herb result,error,,,RuntimeError: HTTPError: HTTP Error 468: 
HERB006434,药用牡丹,not_found,,,no exact pharmacopoeia herb result,error,,,RuntimeError: HTTPError: HTTP Error 468: 
HERB006433,药用黑面神也,not_found,,,no exact pharmacopoeia herb result,error,,,RuntimeError: HTTPError: HTTP Error 468: 
HERB006429,药用当归,not_found,,,no exact pharmacopoeia herb result,error,,,RuntimeError: HTTPError: HTTP Error 468: 
HERB006431,药用甘蔗,not_found,,,no exact pharmacopoeia herb result,error,,,RuntimeError: HTTPError: HTTP Error 468: 
HERB006432,药用狗牙花,not_found,,,no exact pharmacopoeia herb result,error,,,RuntimeError: HTTPError: HTTP Error 468: 
HERB006435,药用牛奶菜,not_found,,,no exact pharmacopoeia herb result,error,,,RuntimeError: HTTPError: HTTP Error 468: 
HERB006437,药用蒲公英,not_found,,,no exact pharmacopoeia herb result,error,,,RuntimeError: HTTPError: HTTP Error 468: 
HERB006439,药用球果紫堇,not_found,,,no exact pharmacopoeia herb result,error,,,RuntimeError: HTTPError: HTTP Error 468: 
HERB006436,药用牛舌草,not_found,,,no exact pharmacopoeia herb result,error,,,RuntimeError: HTTPError: HTTP Error 468: 
HERB006442,药用紫檀,not_found,,,no exact pharmacopoeia herb result,error,,,RuntimeError: HTTPError: HTTP Error 468: 
HERB006443,野艾蒿,not_found,,,no exact pharmacopoeia herb result,error,,,RuntimeError: HTTPError: HTTP Error 468: 
HERB006441,药用薰衣草,not_found,,,no exact pharmacopoeia herb result,error,,,RuntimeError: HTTPError: HTTP Error 468: 
HERB006444,野百合,not_found,,,no exact pharmacopoeia herb result,error,,,RuntimeError: HTTPError: HTTP Error 468: 
HERB006447,野颠茄,not_found,,,no exact pharmacopoeia herb result,error,,,RuntimeError: HTTPError: HTTP Error 468: 
HERB006440,药用蛇床,not_found,,,no exact pharmacopoeia herb result,error,,,RuntimeError: HTTPError: HTTP Error 468: 
HERB006445,野草莓,not_found,,,no exact pharmacopoeia herb result,error,,,RuntimeError: HTTPError: HTTP Error 468: 
HERB006448,野杜仲,not_found,,,no exact pharmacopoeia herb result,error,,,RuntimeError: HTTPError: HTTP Error 468: 
HERB006438,药用前胡,not_found,,,no exact pharmacopoeia herb result,error,,,RuntimeError: HTTPError: HTTP Error 468: 
HERB006446,叶底珠根,not_found,,,no exact pharmacopoeia herb result,error,,,RuntimeError: HTTPError: HTTP Error 468: 
HERB006449,野甘草,not_found,,,no exact pharmacopoeia herb result,error,,,RuntimeError: HTTPError: HTTP Error 468: 
HERB006451,野果茄,not_found,,,no exact pharmacopoeia herb result,error,,,RuntimeError: HTTPError: HTTP Error 468: 
HERB006450,椰果,not_found,,,no exact pharmacopoeia herb result,error,,,RuntimeError: HTTPError: HTTP Error 468: 
HERB006453,野果茄,not_found,,,no exact pharmacopoeia herb result,error,,,RuntimeError: HTTPError: HTTP Error 468: 
HERB006452,夜关门,not_found,,,no exact pharmacopoeia herb result,error,,,RuntimeError: HTTPError: HTTP Error 468: 
HERB006454,野海椒,not_found,,,no exact pharmacopoeia herb result,error,,,RuntimeError: HTTPError: HTTP Error 468: 
HERB006455,夜合花,not_found,,,no exact pharmacopoeia herb result,error,,,RuntimeError: HTTPError: HTTP Error 468: 
HERB006456,野核桃仁,not_found,,,no exact pharmacopoeia herb result,error,,,RuntimeError: HTTPError: HTTP Error 468: 
HERB006457,野黑樱桃,not_found,,,no exact pharmacopoeia herb result,error,,,RuntimeError: HTTPError: HTTP Error 468: 
HERB006458,叶黑种草,not_found,,,no exact pharmacopoeia herb result,error,,,RuntimeError: HTTPError: HTTP Error 468: 
HERB006464,野花生,not_found,,,no exact pharmacopoeia herb result,error,,,RuntimeError: HTTPError: HTTP Error 468: 
HERB006460,液化灰毛豆,not_found,,,no exact pharmacopoeia herb result,error,,,RuntimeError: HTTPError: HTTP Error 468: 
HERB006461,野花椒根,not_found,,,no exact pharmacopoeia herb result,error,,,RuntimeError: HTTPError: HTTP Error 468: 
HERB006463,野花椒叶,not_found,,,no exact pharmacopoeia herb result,error,,,RuntimeError: HTTPError: HTTP Error 468: 
HERB006462,野花椒皮,not_found,,,no exact pharmacopoeia herb result,error,,,RuntimeError: HTTPError: HTTP Error 468: 
HERB006465,野黄皮,not_found,,,no exact pharmacopoeia herb result,error,,,RuntimeError: HTTPError: HTTP Error 468: 
HERB006470,野菊,not_found,,,no exact pharmacopoeia herb result,error,,,RuntimeError: HTTPError: HTTP Error 468: 
HERB006471,野菊花,skipped_no_chp_blank_fields,,,,error,,,RuntimeError: HTTPError: HTTP Error 468: 
HERB006467,野姜,not_found,,,no exact pharmacopoeia herb result,error,,,RuntimeError: HTTPError: HTTP Error 468: 
HERB006474,叶脉银背藤,not_found,,,no exact pharmacopoeia herb result,error,,,RuntimeError: HTTPError: HTTP Error 468: 
HERB006468,夜交藤,not_found,,,no exact pharmacopoeia herb result,error,,,RuntimeError: HTTPError: HTTP Error 468: 
HERB006472,野决明,not_found,,,no exact pharmacopoeia herb result,error,,,RuntimeError: HTTPError: HTTP Error 468: 
HERB006466,夜家藤,not_found,,,no exact pharmacopoeia herb result,error,,,RuntimeError: HTTPError: HTTP Error 468: 
HERB006473,野荔枝叶,not_found,,,no exact pharmacopoeia herb result,error,,,RuntimeError: HTTPError: HTTP Error 468: 
HERB006475,夜明砂,skipped_no_chp_blank_fields,,,,error,,,RuntimeError: HTTPError: HTTP Error 468: 
HERB006476,野木瓜,ok,https://ydz.chp.org.cn/#/item?bookId=1&entryId=495,Properties|Meridians,,error,,,RuntimeError: HTTPError: HTTP Error 468: 
HERB006477,野苜蓿,not_found,,,no exact pharmacopoeia herb result,error,,,RuntimeError: HTTPError: HTTP Error 468: 
HERB006478,野欧白芥,not_found,,,no exact pharmacopoeia herb result,error,,,RuntimeError: HTTPError: HTTP Error 468: 
HERB006481,野漆树子,not_found,,,no exact pharmacopoeia herb result,error,,,RuntimeError: HTTPError: HTTP Error 468: 
HERB006480,野漆树叶,not_found,,,no exact pharmacopoeia herb result,error,,,RuntimeError: HTTPError: HTTP Error 468: 
HERB006479,野葡萄根,not_found,,,no exact pharmacopoeia herb result,error,,,RuntimeError: HTTPError: HTTP Error 468: 
HERB006485,野生千里光,not_found,,,no exact pharmacopoeia herb result,error,,,RuntimeError: HTTPError: HTTP Error 468: 
HERB006484,野生马,not_found,,,no exact pharmacopoeia herb result,error,,,RuntimeError: HTTPError: HTTP Error 468: 
HERB006488,椰泰,not_found,,,no exact pharmacopoeia herb result,error,,,RuntimeError: HTTPError: HTTP Error 468: 
HERB006486,野生山樱桃,not_found,,,no exact pharmacopoeia herb result,error,,,RuntimeError: HTTPError: HTTP Error 468: 
HERB006483,野山楂,not_found,,,no exact pharmacopoeia herb result,error,,,RuntimeError: HTTPError: HTTP Error 468: 
HERB006489,椰泰,not_found,,,no exact pharmacopoeia herb result,error,,,RuntimeError: HTTPError: HTTP Error 468: 
HERB006490,野莴苣,not_found,,,no exact pharmacopoeia herb result,error,,,RuntimeError: HTTPError: HTTP Error 468: 
HERB006482,野扇花,not_found,,,no exact pharmacopoeia herb result,error,,,RuntimeError: HTTPError: HTTP Error 468: 
HERB006498,野罂粟,not_found,,,no exact pharmacopoeia herb result,error,,,RuntimeError: HTTPError: HTTP Error 468: 
HERB006491,野梧桐,not_found,,,no exact pharmacopoeia herb result,error,,,RuntimeError: HTTPError: HTTP Error 468: 
HERB006496,野鸦椿,not_found,,,no exact pharmacopoeia herb result,error,,,RuntimeError: HTTPError: HTTP Error 468: 
HERB006487,叶穗香茶菜,not_found,,,no exact pharmacopoeia herb result,error,,,RuntimeError: HTTPError: HTTP Error 468: 
HERB006495,夜香树,not_found,,,no exact pharmacopoeia herb result,error,,,RuntimeError: HTTPError: HTTP Error 468: 
HERB006497,野烟叶,not_found,,,no exact pharmacopoeia herb result,error,,,RuntimeError: HTTPError: HTTP Error 468: 
HERB006492,叶下珠,not_found,,,no exact pharmacopoeia herb result,error,,,RuntimeError: HTTPError: HTTP Error 468: 
HERB006501,野猪,not_found,,,no search results,error,,,RuntimeError: HTTPError: HTTP Error 468: 
HERB006500,野芝麻,not_found,,,no exact pharmacopoeia herb result,error,,,RuntimeError: HTTPError: HTTP Error 468: 
HERB006505,椰子瓤,not_found,,,no exact pharmacopoeia herb result,error,,,RuntimeError: HTTPError: HTTP Error 468: 
HERB006502,野猪胆,not_found,,,no exact pharmacopoeia herb result,error,,,RuntimeError: HTTPError: HTTP Error 468: 
HERB006506,椰子油,not_found,,,no search results,error,,,RuntimeError: HTTPError: HTTP Error 468: 
HERB006504,椰子皮,not_found,,,no exact pharmacopoeia herb result,error,,,RuntimeError: HTTPError: HTTP Error 468: 
HERB006503,椰子,not_found,,,no search results,error,,,RuntimeError: HTTPError: HTTP Error 468: 
HERB006507,缢苞麻花头,not_found,,,no search results,error,,,RuntimeError: HTTPError: HTTP Error 468: 
HERB006508,伊贝母,ok,https://ydz.chp.org.cn/#/item?bookId=1&entryId=217,Properties|Meridians,,error,,,RuntimeError: HTTPError: HTTP Error 468: 
HERB006510,伊比利亚水仙,not_found,,,no exact pharmacopoeia herb result,error,,,RuntimeError: HTTPError: HTTP Error 468: 
HERB006515,意大利决明子,not_found,,,no exact pharmacopoeia herb result,error,,,RuntimeError: HTTPError: HTTP Error 468: 
HERB006511,一边黄檀,not_found,,,no exact pharmacopoeia herb result,error,,,RuntimeError: HTTPError: HTTP Error 468: 
HERB006512,刈草,not_found,,,no search results,error,,,RuntimeError: HTTPError: HTTP Error 468: 
HERB006528,伊朗阿魏,not_found,,,no exact pharmacopoeia herb result,error,,,RuntimeError: HTTPError: HTTP Error 468: 
HERB006517,一点红,not_found,,,no exact pharmacopoeia herb result,error,,,RuntimeError: HTTPError: HTTP Error 468: 
HERB006523,易卡托叶黄檀,not_found,,,no exact pharmacopoeia herb result,error,,,RuntimeError: HTTPError: HTTP Error 468: 
HERB006518,翼梗五味子,not_found,,,no exact pharmacopoeia herb result,error,,,RuntimeError: HTTPError: HTTP Error 468: 
HERB006521,一花木兰,not_found,,,no exact pharmacopoeia herb result,error,,,RuntimeError: HTTPError: HTTP Error 468: 
HERB006516,意大利蜡菊,not_found,,,no exact pharmacopoeia herb result,error,,,RuntimeError: HTTPError: HTTP Error 468: 
HERB006522,一花吴茱萸,not_found,,,no exact pharmacopoeia herb result,error,,,RuntimeError: HTTPError: HTTP Error 468: 
HERB006529,伊朗青蓝,not_found,,,no exact pharmacopoeia herb result,error,,,RuntimeError: HTTPError: HTTP Error 468: 
HERB006530,伊犁翠雀花,not_found,,,no search results,error,,,RuntimeError: HTTPError: HTTP Error 468: 
HERB006531,伊利利亚大吃几,not_found,,,no search results,error,,,RuntimeError: HTTPError: HTTP Error 468: 
HERB006532,伊利里亚大翅蓟,not_found,,,no exact pharmacopoeia herb result,error,,,RuntimeError: HTTPError: HTTP Error 468: 
HERB006536,薏米,not_found,,,no exact pharmacopoeia herb result,error,,,RuntimeError: HTTPError: HTTP Error 468: 
HERB006537,益母草,skipped_no_chp_blank_fields,,,,error,,,RuntimeError: HTTPError: HTTP Error 468: 
HERB006533,伊利诺合欢草,not_found,,,no exact pharmacopoeia herb result,error,,,RuntimeError: HTTPError: HTTP Error 468: 
HERB006539,一年蓬,not_found,,,no exact pharmacopoeia herb result,error,,,RuntimeError: HTTPError: HTTP Error 468: 
HERB006540,一年生山靛,not_found,,,no exact pharmacopoeia herb result,error,,,RuntimeError: HTTPError: HTTP Error 468: 
HERB006538,益母草花,not_found,,,no exact pharmacopoeia herb result,error,,,RuntimeError: HTTPError: HTTP Error 468: 
HERB006542,一品红,skipped_no_chp_blank_fields,,,,error,,,RuntimeError: HTTPError: HTTP Error 468: 
HERB006541,一泡囊草,not_found,,,no exact pharmacopoeia herb result,error,,,RuntimeError: HTTPError: HTTP Error 468: 
HERB006554,益阳荷包牡丹,not_found,,,no exact pharmacopoeia herb result,error,,,RuntimeError: HTTPError: HTTP Error 468: 
HERB006553,唐松草,not_found,,,no exact pharmacopoeia herb result,error,,,RuntimeError: HTTPError: HTTP Error 468: 
HERB006546,饴糖,not_found,,,no exact pharmacopoeia herb result,error,,,RuntimeError: HTTPError: HTTP Error 468: 
HERB006556,异叶假繁缕,not_found,,,no search results,error,,,RuntimeError: HTTPError: HTTP Error 468: 
HERB006555,异叶败酱,not_found,,,no exact pharmacopoeia herb result,error,,,RuntimeError: HTTPError: HTTP Error 468: 
HERB006552,异形南五味子,not_found,,,no exact pharmacopoeia herb result,error,,,RuntimeError: HTTPError: HTTP Error 468: 
HERB006548,一窝鸡,not_found,,,no exact pharmacopoeia herb result,error,,,RuntimeError: HTTPError: HTTP Error 468: 
HERB006557,异叶梁王茶,not_found,,,no exact pharmacopoeia herb result,error,,,RuntimeError: HTTPError: HTTP Error 468: 
HERB006559,一夜美登木,not_found,,,no exact pharmacopoeia herb result,error,,,RuntimeError: HTTPError: HTTP Error 468: 
HERB006558,异叶蔓荆,not_found,,,no exact pharmacopoeia herb result,error,,,RuntimeError: HTTPError: HTTP Error 468: 
HERB006560,一叶萩,not_found,,,no search results,error,,,RuntimeError: HTTPError: HTTP Error 468: 
HERB006562,一叶肉托果,not_found,,,no exact pharmacopoeia herb result,error,,,RuntimeError: HTTPError: HTTP Error 468: 
HERB006563,异叶天南星,not_found,,,no exact pharmacopoeia herb result,error,,,RuntimeError: HTTPError: HTTP Error 468: 
HERB006561,一叶萩根,not_found,,,no exact pharmacopoeia herb result,error,,,RuntimeError: HTTPError: HTTP Error 468: 
HERB006568,薏苡仁,skipped_no_chp_blank_fields,,,,error,,,RuntimeError: HTTPError: HTTP Error 468: 
HERB006564,异叶铁杉,not_found,,,no exact pharmacopoeia herb result,error,,,RuntimeError: HTTPError: HTTP Error 468: 
HERB006565,异叶乌头,not_found,,,no exact pharmacopoeia herb result,error,,,RuntimeError: HTTPError: HTTP Error 468: 
HERB006569,益智,ok,https://ydz.chp.org.cn/#/item?bookId=1&entryId=458,Herb_latin_name|UsePart|Properties|Meridians|Function|Indication,,error,,,RuntimeError: HTTPError: HTTP Error 468: 
HERB006566,异叶杨,not_found,,,no exact pharmacopoeia herb result,error,,,RuntimeError: HTTPError: HTTP Error 468: 
HERB006571,一枝黄花,ok,https://ydz.chp.org.cn/#/item?bookId=1&entryId=1,Herb_latin_name|UsePart|Properties|Meridians|Function,,error,,,RuntimeError: HTTPError: HTTP Error 468: 
HERB006573,一枝香,not_found,,,no search results,error,,,RuntimeError: HTTPError: HTTP Error 468: 
HERB006570,一枝蒿,not_found,,,no exact pharmacopoeia herb result,error,,,RuntimeError: HTTPError: HTTP Error 468: 
HERB006572,益智仁,skipped_no_chp_blank_fields,,,,error,,,RuntimeError: HTTPError: HTTP Error 468: 
HERB006577,银白黄杨,not_found,,,no exact pharmacopoeia herb result,error,,,RuntimeError: HTTPError: HTTP Error 468: 
HERB006576,异足索沙蚕,not_found,,,no search results,error,,,RuntimeError: HTTPError: HTTP Error 468: 
HERB006574,异株矮麻黄,not_found,,,no exact pharmacopoeia herb result,error,,,RuntimeError: HTTPError: HTTP Error 468: 
HERB006575,异株荨麻,not_found,,,no exact pharmacopoeia herb result,error,,,RuntimeError: HTTPError: HTTP Error 468: 
HERB006581,银白杨,not_found,,,no search results,error,,,RuntimeError: HTTPError: HTTP Error 468: 
HERB006578,银白金合欢,not_found,,,no search results,error,,,RuntimeError: HTTPError: HTTP Error 468: 
HERB006579,银白槭,not_found,,,no search results,error,,,RuntimeError: HTTPError: HTTP Error 468: 
HERB006582,银边龙舌兰,not_found,,,no search results,error,,,RuntimeError: HTTPError: HTTP Error 468: 
HERB006580,银白千里光,not_found,,,no exact pharmacopoeia herb result,error,,,RuntimeError: HTTPError: HTTP Error 468: 
HERB006585,银柴胡,skipped_no_chp_blank_fields,,,,error,,,RuntimeError: HTTPError: HTTP Error 468: 
HERB006583,银箔,not_found,,,no search results,error,,,RuntimeError: HTTPError: HTTP Error 468: 
HERB006584,银不换,not_found,,,no exact pharmacopoeia herb result,error,,,RuntimeError: HTTPError: HTTP Error 468: 
HERB006589,因地香茶菜,not_found,,,no exact pharmacopoeia herb result,error,,,RuntimeError: HTTPError: HTTP Error 468: 
HERB006587,茵陈蒿,skipped_no_chp_blank_fields,,,,error,,,RuntimeError: HTTPError: HTTP Error 468: 
HERB006598,印度九里香,not_found,,,no exact pharmacopoeia herb result,error,,,RuntimeError: HTTPError: HTTP Error 468: 
HERB006591,印度白茅,not_found,,,no exact pharmacopoeia herb result,error,,,RuntimeError: HTTPError: HTTP Error 468: 
HERB006592,印度大麻,not_found,,,no exact pharmacopoeia herb result,error,,,RuntimeError: HTTPError: HTTP Error 468: 
HERB006590,印度菝葜,not_found,,,no exact pharmacopoeia herb result,error,,,RuntimeError: HTTPError: HTTP Error 468: 
HERB006586,茵陈,ok,https://ydz.chp.org.cn/#/item?bookId=1&entryId=373,UsePart,,error,,,RuntimeError: HTTPError: HTTP Error 468: 
HERB006596,印度黄檀,not_found,,,no exact pharmacopoeia herb result,error,,,RuntimeError: HTTPError: HTTP Error 468: 
HERB006599,印度橘,not_found,,,no exact pharmacopoeia herb result,error,,,RuntimeError: HTTPError: HTTP Error 468: 
HERB006600,印度莲?,not_found,,,no exact pharmacopoeia herb result,error,,,RuntimeError: HTTPError: HTTP Error 468: 
HERB006605,印度棉,not_found,,,no exact pharmacopoeia herb result,error,,,RuntimeError: HTTPError: HTTP Error 468: 
HERB006601,印度萝芙木,not_found,,,no exact pharmacopoeia herb result,error,,,RuntimeError: HTTPError: HTTP Error 468: 
HERB006602,印度马兜铃,not_found,,,no exact pharmacopoeia herb result,error,,,RuntimeError: HTTPError: HTTP Error 468: 
HERB006597,印度假荆芥,not_found,,,no exact pharmacopoeia herb result,error,,,RuntimeError: HTTPError: HTTP Error 468: 
HERB006603,印度马兜铃,not_found,,,no exact pharmacopoeia herb result,error,,,RuntimeError: HTTPError: HTTP Error 468: 
HERB006609,印度斯里兰卡叶下珠,not_found,,,no exact pharmacopoeia herb result,error,,,RuntimeError: HTTPError: HTTP Error 468: 
HERB006610,印度藤黄,not_found,,,no exact pharmacopoeia herb result,error,,,RuntimeError: HTTPError: HTTP Error 468: 
HERB006608,印度蛇菰,not_found,,,no exact pharmacopoeia herb result,error,,,RuntimeError: HTTPError: HTTP Error 468: 
HERB006606,印度木防己,not_found,,,no exact pharmacopoeia herb result,error,,,RuntimeError: HTTPError: HTTP Error 468: 
HERB006611,印度娃儿藤,not_found,,,no exact pharmacopoeia herb result,error,,,RuntimeError: HTTPError: HTTP Error 468: 
HERB006613,印度鸭脚树,not_found,,,no exact pharmacopoeia herb result,error,,,RuntimeError: HTTPError: HTTP Error 468: 
HERB006621,银花子,not_found,,,no exact pharmacopoeia herb result,error,,,RuntimeError: HTTPError: HTTP Error 468: 
HERB006616,银耳,not_found,,,no search results,error,,,RuntimeError: HTTPError: HTTP Error 468: 
HERB006618,银合欢,not_found,,,no exact pharmacopoeia herb result,error,,,RuntimeError: HTTPError: HTTP Error 468: 
HERB006614,印度藏茴香,not_found,,,no exact pharmacopoeia herb result,error,,,RuntimeError: HTTPError: HTTP Error 468: 
HERB006623,银胶菊,not_found,,,no search results,error,,,RuntimeError: HTTPError: HTTP Error 468: 
HERB006612,印度邪蒿,not_found,,,no exact pharmacopoeia herb result,error,,,RuntimeError: HTTPError: HTTP Error 468: 
HERB006628,银色米仔兰,not_found,,,no exact pharmacopoeia herb result,error,,,RuntimeError: HTTPError: HTTP Error 468: 
HERB006631,阴行草,skipped_no_chp_blank_fields,,,,error,,,RuntimeError: HTTPError: HTTP Error 468: 
HERB006627,印尼面包果,not_found,,,no exact pharmacopoeia herb result,error,,,RuntimeError: HTTPError: HTTP Error 468: 
HERB006633,淫羊藿,ok,https://ydz.chp.org.cn/#/item?bookId=1&entryId=517,Herb_latin_name|UsePart|Properties|Meridians|Function,,error,,,RuntimeError: HTTPError: HTTP Error 468: 
HERB006635,银叶树,not_found,,,no exact pharmacopoeia herb result,error,,,RuntimeError: HTTPError: HTTP Error 468: 
HERB006636,银鱼,not_found,,,no search results,error,,,RuntimeError: HTTPError: HTTP Error 468: 
HERB006630,银信草,not_found,,,no exact pharmacopoeia herb result,error,,,RuntimeError: HTTPError: HTTP Error 468: 
HERB006632,银杏叶,ok,https://ydz.chp.org.cn/#/item?bookId=1&entryId=499,Herb_latin_name|UsePart|Properties|Meridians|Function|Indication,,error,,,RuntimeError: HTTPError: HTTP Error 468: 
HERB006629,银线草,not_found,,,no exact pharmacopoeia herb result,error,,,RuntimeError: HTTPError: HTTP Error 468: 
HERB006634,淫羊藿根,not_found,,,no exact pharmacopoeia herb result,error,,,RuntimeError: HTTPError: HTTP Error 468: 
HERB006639,迎春花,not_found,,,no search results,error,,,RuntimeError: HTTPError: HTTP Error 468: 
HERB006638,鹰不泊,not_found,,,no exact pharmacopoeia herb result,error,,,RuntimeError: HTTPError: HTTP Error 468: 
HERB006644,瘿花香茶菜,not_found,,,no exact pharmacopoeia herb result,error,,,RuntimeError: HTTPError: HTTP Error 468: 
HERB006637,银州柴胡,not_found,,,no exact pharmacopoeia herb result,error,,,RuntimeError: HTTPError: HTTP Error 468: 
HERB006641,英国山楂,not_found,,,no exact pharmacopoeia herb result,error,,,RuntimeError: HTTPError: HTTP Error 468: 
HERB006640,英国欧石楠,not_found,,,no exact pharmacopoeia herb result,error,,,RuntimeError: HTTPError: HTTP Error 468: 
HERB006646,硬毛金丝桃,not_found,,,no exact pharmacopoeia herb result,error,,,RuntimeError: HTTPError: HTTP Error 468: 
HERB006653,罂粟壳,skipped_no_chp_blank_fields,,,,error,,,RuntimeError: HTTPError: HTTP Error 468: 
HERB006654,罂粟嫩苗,not_found,,,no exact pharmacopoeia herb result,error,,,RuntimeError: HTTPError: HTTP Error 468: 
HERB006649,硬皮禾叶兰,not_found,,,no exact pharmacopoeia herb result,error,,,RuntimeError: HTTPError: HTTP Error 468: 
HERB006651,硬水黄连,not_found,,,no exact pharmacopoeia herb result,error,,,RuntimeError: HTTPError: HTTP Error 468: 
HERB006652,罂粟,not_found,,,no exact pharmacopoeia herb result,error,,,RuntimeError: HTTPError: HTTP Error 468: 
HERB006650,迎山红,not_found,,,no exact pharmacopoeia herb result,error,,,RuntimeError: HTTPError: HTTP Error 468: 
HERB006655,樱桃,not_found,,,no search results,error,,,RuntimeError: HTTPError: HTTP Error 468: 
HERB006662,鹰爪豆,not_found,,,no exact pharmacopoeia herb result,error,,,RuntimeError: HTTPError: HTTP Error 468: 
HERB006658,银杏叶,ok,https://ydz.chp.org.cn/#/item?bookId=1&entryId=499,Herb_latin_name|UsePart|Properties|Meridians|Function|Indication,,error,,,RuntimeError: HTTPError: HTTP Error 468: 
HERB006657,银杏果,not_found,,,no search results,error,,,RuntimeError: HTTPError: HTTP Error 468: 
HERB006656,樱桃番茄,not_found,,,no search results,error,,,RuntimeError: HTTPError: HTTP Error 468: 
HERB006660,硬叶女娄菜,not_found,,,no exact pharmacopoeia herb result,error,,,RuntimeError: HTTPError: HTTP Error 468: 
HERB006661,鹰爪,not_found,,,no search results,error,,,RuntimeError: HTTPError: HTTP Error 468: 
HERB006666,蛹虫草,not_found,,,no exact pharmacopoeia herb result,error,,,RuntimeError: HTTPError: HTTP Error 468: 
HERB006663,鹰爪豆猪屎豆,not_found,,,no exact pharmacopoeia herb result,error,,,RuntimeError: HTTPError: HTTP Error 468: 
HERB006667,永宁独活,not_found,,,no exact pharmacopoeia herb result,error,,,RuntimeError: HTTPError: HTTP Error 468: 
HERB006668,莸,not_found,,,no search results,error,,,RuntimeError: HTTPError: HTTP Error 468: 
HERB006670,有柄石韦,not_found,,,no exact pharmacopoeia herb result,error,,,RuntimeError: HTTPError: HTTP Error 468: 
HERB006665,蝇子草,not_found,,,no exact pharmacopoeia herb result,error,,,RuntimeError: HTTPError: HTTP Error 468: 
HERB006675,疣点卫矛,not_found,,,no exact pharmacopoeia herb result,error,,,RuntimeError: HTTPError: HTTP Error 468: 
HERB006671,油菜籽,not_found,,,no search results,error,,,RuntimeError: HTTPError: HTTP Error 468: 
HERB006672,油茶根皮,not_found,,,no exact pharmacopoeia herb result,error,,,RuntimeError: HTTPError: HTTP Error 468: 
HERB006677,油橄榄,not_found,,,no search results,error,,,RuntimeError: HTTPError: HTTP Error 468: 
HERB006676,油柑根,not_found,,,no exact pharmacopoeia herb result,error,,,RuntimeError: HTTPError: HTTP Error 468: 
HERB006689,柚木,not_found,,,no search results,error,,,RuntimeError: HTTPError: HTTP Error 468: 
HERB006679,油柑木皮,not_found,,,no exact pharmacopoeia herb result,error,,,RuntimeError: HTTPError: HTTP Error 468: 
HERB006680,油柑叶,not_found,,,no exact pharmacopoeia herb result,error,,,RuntimeError: HTTPError: HTTP Error 468: 
HERB006685,油胡桃,not_found,,,no exact pharmacopoeia herb result,error,,,RuntimeError: HTTPError: HTTP Error 468: 
HERB006690,柚皮,not_found,,,no exact pharmacopoeia herb result,error,,,RuntimeError: HTTPError: HTTP Error 468: 
HERB006686,柚花,not_found,,,no exact pharmacopoeia herb result,error,,,RuntimeError: HTTPError: HTTP Error 468: 
HERB006683,疣果豆蔻,not_found,,,no exact pharmacopoeia herb result,error,,,RuntimeError: HTTPError: HTTP Error 468: 
HERB006684,柚核,not_found,,,no exact pharmacopoeia herb result,error,,,RuntimeError: HTTPError: HTTP Error 468: 
HERB006681,柚根,not_found,,,no exact pharmacopoeia herb result,error,,,RuntimeError: HTTPError: HTTP Error 468: 
HERB006694,有色紫金牛,not_found,,,no exact pharmacopoeia herb result,error,,,RuntimeError: HTTPError: HTTP Error 468: 
HERB006695,攸县鸭脚树,not_found,,,no exact pharmacopoeia herb result,error,,,RuntimeError: HTTPError: HTTP Error 468: 
HERB006693,釉色斑鸠菊?,not_found,,,no exact pharmacopoeia herb result,error,,,RuntimeError: HTTPError: HTTP Error 468: 
HERB006696,油烟奥拓四叶草?,not_found,,,no exact pharmacopoeia herb result,error,,,RuntimeError: HTTPError: HTTP Error 468: 
HERB006697,柚叶,not_found,,,no exact pharmacopoeia herb result,error,,,RuntimeError: HTTPError: HTTP Error 468: 
HERB006698,优野黄秋葵,not_found,,,no exact pharmacopoeia herb result,error,,,RuntimeError: HTTPError: HTTP Error 468: 
HERB006700,油棕,not_found,,,no search results,error,,,RuntimeError: HTTPError: HTTP Error 468: 
HERB006705,榆白皮,not_found,,,no search results,error,,,RuntimeError: HTTPError: HTTP Error 468: 
HERB006704,禹白附,not_found,,,no exact pharmacopoeia herb result,error,,,RuntimeError: HTTPError: HTTP Error 468: 
HERB006707,愈创木,not_found,,,no exact pharmacopoeia herb result,error,,,RuntimeError: HTTPError: HTTP Error 468: 
HERB006703,禹白附,not_found,,,no exact pharmacopoeia herb result,error,,,RuntimeError: HTTPError: HTTP Error 468: 
HERB006709,玉带根,not_found,,,no exact pharmacopoeia herb result,error,,,RuntimeError: HTTPError: HTTP Error 468: 
HERB006718,郁金,skipped_no_chp_blank_fields,,,,error,,,RuntimeError: HTTPError: HTTP Error 468: 
HERB006714,余甘子,ok,https://ydz.chp.org.cn/#/item?bookId=1&entryId=277,UsePart,,error,,,RuntimeError: HTTPError: HTTP Error 468: 
HERB006713,鱼肝油,not_found,,,no search results,error,,,RuntimeError: HTTPError: HTTP Error 468: 
HERB006712,渔夫叶下珠,not_found,,,no exact pharmacopoeia herb result,error,,,RuntimeError: HTTPError: HTTP Error 468: 
HERB006715,雨果小叶楠,not_found,,,no exact pharmacopoeia herb result,error,,,RuntimeError: HTTPError: HTTP Error 468: 
HERB006719,郁金香,not_found,,,no search results,error,,,RuntimeError: HTTPError: HTTP Error 468: 
HERB006716,榆花,not_found,,,no exact pharmacopoeia herb result,error,,,RuntimeError: HTTPError: HTTP Error 468: 
HERB006725,郁李仁,skipped_no_chp_blank_fields,,,,error,,,RuntimeError: HTTPError: HTTP Error 468: 
HERB006720,郁金香根,not_found,,,no exact pharmacopoeia herb result,error,,,RuntimeError: HTTPError: HTTP Error 468: 
HERB006729,鱼鳞云杉,not_found,,,no exact pharmacopoeia herb result,error,,,RuntimeError: HTTPError: HTTP Error 468: 
HERB006728,鱼鳞菜,not_found,,,no exact pharmacopoeia herb result,error,,,RuntimeError: HTTPError: HTTP Error 468: 
HERB006735,玉珊瑚根,not_found,,,no exact pharmacopoeia herb result,error,,,RuntimeError: HTTPError: HTTP Error 468: 
HERB006733,玉米须,not_found,,,no exact pharmacopoeia herb result,error,,,RuntimeError: HTTPError: HTTP Error 468: 
HERB006738,玉蜀黍,not_found,,,no search results,error,,,RuntimeError: HTTPError: HTTP Error 468: 
HERB006730,玉玲花,not_found,,,no exact pharmacopoeia herb result,error,,,RuntimeError: HTTPError: HTTP Error 468: 
HERB006726,禹粮石,not_found,,,no exact pharmacopoeia herb result,error,,,RuntimeError: HTTPError: HTTP Error 468: 
HERB006736,榆树,not_found,,,no search results,error,,,RuntimeError: HTTPError: HTTP Error 468: 
HERB006739,鱼藤,not_found,,,no search results,error,,,RuntimeError: HTTPError: HTTP Error 468: 
HERB006734,玉珊瑚根,not_found,,,no exact pharmacopoeia herb result,error,,,RuntimeError: HTTPError: HTTP Error 468: 
HERB006737,雨水,not_found,,,no search results,error,,,RuntimeError: HTTPError: HTTP Error 468: 
HERB006741,鱼腥草,skipped_no_chp_blank_fields,,,,error,,,RuntimeError: HTTPError: HTTP Error 468: 
HERB006740,鱼香草,not_found,,,no exact pharmacopoeia herb result,error,,,RuntimeError: HTTPError: HTTP Error 468: 
HERB006744,羽叶鬼灯檠,not_found,,,no exact pharmacopoeia herb result,error,,,RuntimeError: HTTPError: HTTP Error 468: 
HERB006743,羽叶丁香,not_found,,,no exact pharmacopoeia herb result,error,,,RuntimeError: HTTPError: HTTP Error 468: 
HERB006742,芋叶,not_found,,,no exact pharmacopoeia herb result,error,,,RuntimeError: HTTPError: HTTP Error 468: 
HERB006747,羽叶三七,not_found,,,no exact pharmacopoeia herb result,error,,,RuntimeError: HTTPError: HTTP Error 468: 
HERB006749,羽衣甘蓝,not_found,,,no search results,error,,,RuntimeError: HTTPError: HTTP Error 468: 
HERB006748,羽叶蛇葡萄,not_found,,,no exact pharmacopoeia herb result,error,,,RuntimeError: HTTPError: HTTP Error 468: 
HERB006745,玉叶金花,not_found,,,no exact pharmacopoeia herb result,error,,,RuntimeError: HTTPError: HTTP Error 468: 
HERB006750,禹余粮,ok,https://ydz.chp.org.cn/#/item?bookId=1&entryId=411,Properties|Meridians,,error,,,RuntimeError: HTTPError: HTTP Error 468: 
HERB006751,玉簪叶车前,not_found,,,no exact pharmacopoeia herb result,error,,,RuntimeError: HTTPError: HTTP Error 468: 
HERB006752,预知子,ok,https://ydz.chp.org.cn/#/item?bookId=1&entryId=470,Properties|Meridians,,error,,,RuntimeError: HTTPError: HTTP Error 468: 
HERB006754,玉竹,skipped_no_chp_blank_fields,,,,error,,,RuntimeError: HTTPError: HTTP Error 468: 
HERB006760,元宝草,not_found,,,no search results,error,,,RuntimeError: HTTPError: HTTP Error 468: 
HERB006753,禹州漏芦,ok,https://ydz.chp.org.cn/#/item?bookId=1&entryId=410,UsePart|Properties|Meridians,,error,,,RuntimeError: HTTPError: HTTP Error 468: 
HERB006755,羽状合欢,not_found,,,no exact pharmacopoeia herb result,error,,,RuntimeError: HTTPError: HTTP Error 468: 
HERB006759,香茶菜,not_found,,,no exact pharmacopoeia herb result,error,,,RuntimeError: HTTPError: HTTP Error 468: 
HERB006762,原蚕沙,not_found,,,no exact pharmacopoeia herb result,error,,,RuntimeError: HTTPError: HTTP Error 468: 
HERB006758,圆瓣姜花,not_found,,,no exact pharmacopoeia herb result,error,,,RuntimeError: HTTPError: HTTP Error 468: 
HERB006765,圆丛红景天,not_found,,,no exact pharmacopoeia herb result,error,,,RuntimeError: HTTPError: HTTP Error 468: 
HERB006763,原蚕子,not_found,,,no exact pharmacopoeia herb result,error,,,RuntimeError: HTTPError: HTTP Error 468: 
HERB006761,原蚕蛾,not_found,,,no exact pharmacopoeia herb result,error,,,RuntimeError: HTTPError: HTTP Error 468: 
HERB006766,圆当归,not_found,,,no exact pharmacopoeia herb result,error,,,RuntimeError: HTTPError: HTTP Error 468: 
HERB006772,元胡索,skipped_no_chp_blank_fields,,,,error,,,RuntimeError: HTTPError: HTTP Error 468: 
HERB006767,远东九里香,not_found,,,no exact pharmacopoeia herb result,error,,,RuntimeError: HTTPError: HTTP Error 468: 
HERB006771,元胡,skipped_no_chp_blank_fields,,,,error,,,RuntimeError: HTTPError: HTTP Error 468: 
HERB006769,原果甘草,not_found,,,no exact pharmacopoeia herb result,error,,,RuntimeError: HTTPError: HTTP Error 468: 
HERB006770,圆果算盘子,not_found,,,no exact pharmacopoeia herb result,error,,,RuntimeError: HTTPError: HTTP Error 468: 
HERB006774,圆滑番荔枝,not_found,,,no search results,error,,,RuntimeError: HTTPError: HTTP Error 468: 
HERB006775,芫花根,not_found,,,no exact pharmacopoeia herb result,error,,,RuntimeError: HTTPError: HTTP Error 468: 
HERB006777,原鸡,not_found,,,no exact pharmacopoeia herb result,error,,,RuntimeError: HTTPError: HTTP Error 468: 
HERB006779,圆锯筋骨草,not_found,,,no exact pharmacopoeia herb result,error,,,RuntimeError: HTTPError: HTTP Error 468: 
HERB006782,元参,skipped_no_chp_blank_fields,,,,error,,,RuntimeError: HTTPError: HTTP Error 468: 
HERB006784,芫荽,not_found,,,no search results,error,,,RuntimeError: HTTPError: HTTP Error 468: 
HERB006785,鸢尾,not_found,,,no exact pharmacopoeia herb result,error,,,RuntimeError: HTTPError: HTTP Error 468: 
HERB006776,芫花条,not_found,,,no exact pharmacopoeia herb result,error,,,RuntimeError: HTTPError: HTTP Error 468: 
HERB006781,圆帽向日葵?,not_found,,,no exact pharmacopoeia herb result,error,,,RuntimeError: HTTPError: HTTP Error 468: 
HERB006788,圆叶柴胡,not_found,,,no exact pharmacopoeia herb result,error,,,RuntimeError: HTTPError: HTTP Error 468: 
HERB006790,圆叶风铃草,not_found,,,no exact pharmacopoeia herb result,error,,,RuntimeError: HTTPError: HTTP Error 468: 
HERB006791,圆叶鹿蹄草,not_found,,,no exact pharmacopoeia herb result,error,,,RuntimeError: HTTPError: HTTP Error 468: 
HERB006792,圆叶茅膏菜,not_found,,,no exact pharmacopoeia herb result,error,,,RuntimeError: HTTPError: HTTP Error 468: 
HERB006793,圆叶牵牛子,not_found,,,no exact pharmacopoeia herb result,error,,,RuntimeError: HTTPError: HTTP Error 468: 
HERB006789,圆叶鹅掌柴,not_found,,,no exact pharmacopoeia herb result,error,,,RuntimeError: HTTPError: HTTP Error 468: 
HERB006797,圆叶泽兰,not_found,,,no exact pharmacopoeia herb result,error,,,RuntimeError: HTTPError: HTTP Error 468: 
HERB006798,远志,skipped_no_chp_blank_fields,,,,error,,,RuntimeError: HTTPError: HTTP Error 468: 
HERB006794,圆叶山乌龟,not_found,,,no exact pharmacopoeia herb result,error,,,RuntimeError: HTTPError: HTTP Error 468: 
HERB006802,圆锥猪屎豆,not_found,,,no exact pharmacopoeia herb result,error,,,RuntimeError: HTTPError: HTTP Error 468: 
HERB006799,圆枝卷柏,not_found,,,no exact pharmacopoeia herb result,error,,,RuntimeError: HTTPError: HTTP Error 468: 
HERB006800,远志叶澳洲茶,not_found,,,no exact pharmacopoeia herb result,error,,,RuntimeError: HTTPError: HTTP Error 468: 
HERB006801,圆锥画叶轮木,not_found,,,no exact pharmacopoeia herb result,error,,,RuntimeError: HTTPError: HTTP Error 468: 
HERB006804,月桂树叶木姜子,not_found,,,no exact pharmacopoeia herb result,error,,,RuntimeError: HTTPError: HTTP Error 468: 
HERB006806,月桂叶,not_found,,,no exact pharmacopoeia herb result,error,,,RuntimeError: HTTPError: HTTP Error 468: 
HERB006805,月桂小波,not_found,,,no exact pharmacopoeia herb result,error,,,RuntimeError: HTTPError: HTTP Error 468: 
HERB006808,月桂子,not_found,,,no exact pharmacopoeia herb result,error,,,RuntimeError: HTTPError: HTTP Error 468: 
HERB006812,月季石榴,not_found,,,no exact pharmacopoeia herb result,error,,,RuntimeError: HTTPError: HTTP Error 468: 
HERB006814,越橘叶,not_found,,,no exact pharmacopoeia herb result,error,,,RuntimeError: HTTPError: HTTP Error 468: 
HERB006817,粤丝瓜,not_found,,,no exact pharmacopoeia herb result,error,,,RuntimeError: HTTPError: HTTP Error 468: 
HERB006815,越南安息香,not_found,,,no exact pharmacopoeia herb result,error,,,RuntimeError: HTTPError: HTTP Error 468: 
HERB006813,月见草,not_found,,,no search results,error,,,RuntimeError: HTTPError: HTTP Error 468: 
HERB006821,云南芭蕉,not_found,,,no exact pharmacopoeia herb result,error,,,RuntimeError: HTTPError: HTTP Error 468: 
HERB006818,越西木香,not_found,,,no exact pharmacopoeia herb result,error,,,RuntimeError: HTTPError: HTTP Error 468: 
HERB006820,云苓,skipped_no_chp_blank_fields,,,,error,,,RuntimeError: HTTPError: HTTP Error 468: 
HERB006811,月季花,ok,https://ydz.chp.org.cn/#/item?bookId=1&entryId=110,Meridians,,error,,,RuntimeError: HTTPError: HTTP Error 468: 
HERB006823,云南重楼,not_found,,,no exact pharmacopoeia herb result,error,,,RuntimeError: HTTPError: HTTP Error 468: 
HERB006819,月腺大戟,not_found,,,no exact pharmacopoeia herb result,error,,,RuntimeError: HTTPError: HTTP Error 468: 
HERB006825,云南榧树,not_found,,,no exact pharmacopoeia herb result,error,,,RuntimeError: HTTPError: HTTP Error 468: 
HERB006828,云南割舍树,not_found,,,no exact pharmacopoeia herb result,error,,,RuntimeError: HTTPError: HTTP Error 468: 
HERB006829,云南葛藤,not_found,,,no exact pharmacopoeia herb result,error,,,RuntimeError: HTTPError: HTTP Error 468: 
HERB006826,云南风车子,not_found,,,no exact pharmacopoeia herb result,error,,,RuntimeError: HTTPError: HTTP Error 468: 
HERB006827,云南甘草,not_found,,,no exact pharmacopoeia herb result,error,,,RuntimeError: HTTPError: HTTP Error 468: 
HERB006822,云南草蔻,not_found,,,no exact pharmacopoeia herb result,error,,,RuntimeError: HTTPError: HTTP Error 468: 
HERB006831,云南红豆杉,not_found,,,no exact pharmacopoeia herb result,error,,,RuntimeError: HTTPError: HTTP Error 468: 
HERB006830,云南含笑,not_found,,,no exact pharmacopoeia herb result,error,,,RuntimeError: HTTPError: HTTP Error 468: 
HERB006832,云南红景天,not_found,,,no exact pharmacopoeia herb result,error,,,RuntimeError: HTTPError: HTTP Error 468: 
HERB006836,云南拟单性木兰,not_found,,,no search results,error,,,RuntimeError: HTTPError: HTTP Error 468: 
HERB006835,云南美登木,not_found,,,no exact pharmacopoeia herb result,error,,,RuntimeError: HTTPError: HTTP Error 468: 
HERB006834,云南萝芙木,not_found,,,no exact pharmacopoeia herb result,error,,,RuntimeError: HTTPError: HTTP Error 468: 
HERB006837,云南羌活,not_found,,,no exact pharmacopoeia herb result,error,,,RuntimeError: HTTPError: HTTP Error 468: 
HERB006833,云南黄连,not_found,,,no exact pharmacopoeia herb result,error,,,RuntimeError: HTTPError: HTTP Error 468: 
HERB006839,云南沙棘,not_found,,,no exact pharmacopoeia herb result,error,,,RuntimeError: HTTPError: HTTP Error 468: 
HERB006840,云南山楂,not_found,,,no exact pharmacopoeia herb result,error,,,RuntimeError: HTTPError: HTTP Error 468: 
HERB006841,云南山竹子,not_found,,,no exact pharmacopoeia herb result,error,,,RuntimeError: HTTPError: HTTP Error 468: 
HERB006845,云南鼠尾草,not_found,,,no exact pharmacopoeia herb result,error,,,RuntimeError: HTTPError: HTTP Error 468: 
HERB006846,云南穗花杉,not_found,,,no exact pharmacopoeia herb result,error,,,RuntimeError: HTTPError: HTTP Error 468: 
HERB006838,云南蕊木,not_found,,,no exact pharmacopoeia herb result,error,,,RuntimeError: HTTPError: HTTP Error 468: 
HERB006843,云南石仙桃,not_found,,,no exact pharmacopoeia herb result,error,,,RuntimeError: HTTPError: HTTP Error 468: 
HERB006844,云南石梓,not_found,,,no exact pharmacopoeia herb result,error,,,RuntimeError: HTTPError: HTTP Error 468: 
HERB006847,云南铁杉,not_found,,,no exact pharmacopoeia herb result,error,,,RuntimeError: HTTPError: HTTP Error 468: 
HERB006850,云南皂荚,not_found,,,no exact pharmacopoeia herb result,error,,,RuntimeError: HTTPError: HTTP Error 468: 
HERB006851,云南樟,not_found,,,no exact pharmacopoeia herb result,error,,,RuntimeError: HTTPError: HTTP Error 468: 
HERB006848,云南菟丝子,not_found,,,no exact pharmacopoeia herb result,error,,,RuntimeError: HTTPError: HTTP Error 468: 
HERB006849,云南野扇花,not_found,,,no exact pharmacopoeia herb result,error,,,RuntimeError: HTTPError: HTTP Error 468: 
HERB006855,芸薹,not_found,,,no search results,error,,,RuntimeError: HTTPError: HTTP Error 468: 
HERB006857,云雾罗汉松,not_found,,,no search results,error,,,RuntimeError: HTTPError: HTTP Error 468: 
HERB006858,芸香草,not_found,,,no search results,error,,,RuntimeError: HTTPError: HTTP Error 468: 
HERB006853,云神,not_found,,,no exact pharmacopoeia herb result,error,,,RuntimeError: HTTPError: HTTP Error 468: 
HERB006864,杂交银胶菊,not_found,,,no search results,error,,,RuntimeError: HTTPError: HTTP Error 468: 
HERB006863,杂交介质红豆杉,not_found,,,no exact pharmacopoeia herb result,error,,,RuntimeError: HTTPError: HTTP Error 468: 
HERB006856,芸苔子,not_found,,,no exact pharmacopoeia herb result,error,,,RuntimeError: HTTPError: HTTP Error 468: 
HERB006859,芸香叶好?,not_found,,,no exact pharmacopoeia herb result,error,,,RuntimeError: HTTPError: HTTP Error 468: 
HERB006867,栽培柑橘,not_found,,,no exact pharmacopoeia herb result,error,,,RuntimeError: HTTPError: HTTP Error 468: 
HERB006866,杂兴唐松草,not_found,,,no search results,error,,,RuntimeError: HTTPError: HTTP Error 468: 
HERB006860,云芝,ok,https://ydz.chp.org.cn/#/item?bookId=1&entryId=86,UsePart|Meridians|Function|Indication,,error,,,RuntimeError: HTTPError: HTTP Error 468: 
HERB006869,栽培向日葵叶,not_found,,,no exact pharmacopoeia herb result,error,,,RuntimeError: HTTPError: HTTP Error 468: 
HERB006862,杂交车轴草,not_found,,,no exact pharmacopoeia herb result,error,,,RuntimeError: HTTPError: HTTP Error 468: 
HERB006868,栽培黑种草,not_found,,,no exact pharmacopoeia herb result,error,,,RuntimeError: HTTPError: HTTP Error 468: 
HERB006878,藏茄,not_found,,,no exact pharmacopoeia herb result,error,,,RuntimeError: HTTPError: HTTP Error 468: 
HERB006874,藏边打黄,not_found,,,no exact pharmacopoeia herb result,error,,,RuntimeError: HTTPError: HTTP Error 468: 
HERB006872,赞比西巴豆,not_found,,,no exact pharmacopoeia herb result,error,,,RuntimeError: HTTPError: HTTP Error 468: 
HERB006875,臧红花,not_found,,,no exact pharmacopoeia herb result,error,,,RuntimeError: HTTPError: HTTP Error 468: 
HERB006876,藏红花色水芹,not_found,,,no exact pharmacopoeia herb result,error,,,RuntimeError: HTTPError: HTTP Error 468: 
HERB006880,藏药裸茎金腰,not_found,,,no exact pharmacopoeia herb result,error,,,RuntimeError: HTTPError: HTTP Error 468: 
HERB006877,藏麻黄,not_found,,,no exact pharmacopoeia herb result,error,,,RuntimeError: HTTPError: HTTP Error 468: 
HERB006883,皂刺,skipped_no_chp_blank_fields,,,,error,,,RuntimeError: HTTPError: HTTP Error 468: 
HERB006881,灶心土,not_found,,,no search results,error,,,RuntimeError: HTTPError: HTTP Error 468: 
HERB006884,皂矾,not_found,,,no exact pharmacopoeia herb result,error,,,RuntimeError: HTTPError: HTTP Error 468: 
HERB006879,藏三七,not_found,,,no exact pharmacopoeia herb result,error,,,RuntimeError: HTTPError: HTTP Error 468: 
HERB006888,皂荚根皮,not_found,,,no exact pharmacopoeia herb result,error,,,RuntimeError: HTTPError: HTTP Error 468: 
HERB006891,皂角刺,ok,https://ydz.chp.org.cn/#/item?bookId=1&entryId=274,,matched page but chp target columns already had values,error,,,RuntimeError: HTTPError: HTTP Error 468: 
HERB006895,枣树根,not_found,,,no exact pharmacopoeia herb result,error,,,RuntimeError: HTTPError: HTTP Error 468: 
HERB006885,枣核,not_found,,,no exact pharmacopoeia herb result,error,,,RuntimeError: HTTPError: HTTP Error 468: 
HERB006890,皂荚子,not_found,,,no exact pharmacopoeia herb result,error,,,RuntimeError: HTTPError: HTTP Error 468: 
HERB006892,枣皮,skipped_no_chp_blank_fields,,,,error,,,RuntimeError: HTTPError: HTTP Error 468: 
HERB006887,皂荚刺,not_found,,,no exact pharmacopoeia herb result,error,,,RuntimeError: HTTPError: HTTP Error 468: 
HERB006893,枣皮树,not_found,,,no exact pharmacopoeia herb result,error,,,RuntimeError: HTTPError: HTTP Error 468: 
HERB006889,皂荚叶,not_found,,,no exact pharmacopoeia herb result,error,,,RuntimeError: HTTPError: HTTP Error 468: 
HERB006896,枣树皮,not_found,,,no exact pharmacopoeia herb result,error,,,RuntimeError: HTTPError: HTTP Error 468: 
HERB006894,枣仁,skipped_no_chp_blank_fields,,,,error,,,RuntimeError: HTTPError: HTTP Error 468: 
HERB006901,泽兰,skipped_no_chp_blank_fields,,,,error,,,RuntimeError: HTTPError: HTTP Error 468: 
HERB006898,灶心土,not_found,,,no search results,error,,,RuntimeError: HTTPError: HTTP Error 468: 
HERB006897,皂味口蘑,not_found,,,no exact pharmacopoeia herb result,error,,,RuntimeError: HTTPError: HTTP Error 468: 
HERB006900,枣叶,not_found,,,no exact pharmacopoeia herb result,error,,,RuntimeError: HTTPError: HTTP Error 468: 
HERB006902,泽兰根,not_found,,,no exact pharmacopoeia herb result,error,,,RuntimeError: HTTPError: HTTP Error 468: 
HERB006903,泽兰羊耳菊,not_found,,,no exact pharmacopoeia herb result,error,,,RuntimeError: HTTPError: HTTP Error 468: 
HERB006904,泽兰叶,skipped_no_chp_blank_fields,,,,error,,,RuntimeError: HTTPError: HTTP Error 468: 
HERB006905,泽漆,not_found,,,no search results,error,,,RuntimeError: HTTPError: HTTP Error 468: 
HERB006906,泽乌头,not_found,,,no exact pharmacopoeia herb result,error,,,RuntimeError: HTTPError: HTTP Error 468: 
HERB006908,泽泻,skipped_no_chp_blank_fields,,,,error,,,RuntimeError: HTTPError: HTTP Error 468: 
HERB006912,窄叶半枫荷,not_found,,,no exact pharmacopoeia herb result,error,,,RuntimeError: HTTPError: HTTP Error 468: 
HERB006909,中国石蒜,not_found,,,no exact pharmacopoeia herb result,error,,,RuntimeError: HTTPError: HTTP Error 468: 
HERB006911,窄头橐吾,not_found,,,no exact pharmacopoeia herb result,error,,,RuntimeError: HTTPError: HTTP Error 468: 
HERB006914,窄叶野豌豆,not_found,,,no exact pharmacopoeia herb result,error,,,RuntimeError: HTTPError: HTTP Error 468: 
HERB006913,窄叶南洋杉,not_found,,,no exact pharmacopoeia herb result,error,,,RuntimeError: HTTPError: HTTP Error 468: 
HERB006919,展毛翠雀花,not_found,,,no exact pharmacopoeia herb result,error,,,RuntimeError: HTTPError: HTTP Error 468: 
HERB006915,窄竹叶柴胡,not_found,,,no exact pharmacopoeia herb result,error,,,RuntimeError: HTTPError: HTTP Error 468: 
HERB006916,展萼金丝桃,not_found,,,no exact pharmacopoeia herb result,error,,,RuntimeError: HTTPError: HTTP Error 468: 
HERB006920,粘毛黄芩,not_found,,,no exact pharmacopoeia herb result,error,,,RuntimeError: HTTPError: HTTP Error 468: 
HERB006917,展花乌头,not_found,,,no exact pharmacopoeia herb result,error,,,RuntimeError: HTTPError: HTTP Error 468: 
HERB006923,毡毛栒子,not_found,,,no exact pharmacopoeia herb result,error,,,RuntimeError: HTTPError: HTTP Error 468: 
HERB006922,毡毛石韦,not_found,,,no exact pharmacopoeia herb result,error,,,RuntimeError: HTTPError: HTTP Error 468: 
HERB006924,展枝唐松草,not_found,,,no exact pharmacopoeia herb result,error,,,RuntimeError: HTTPError: HTTP Error 468: 
HERB006926,胀果甘草,not_found,,,no exact pharmacopoeia herb result,error,,,RuntimeError: HTTPError: HTTP Error 468: 
HERB006928,蟑螂,not_found,,,no search results,error,,,RuntimeError: HTTPError: HTTP Error 468: 
HERB006929,樟柳头,not_found,,,no exact pharmacopoeia herb result,error,,,RuntimeError: HTTPError: HTTP Error 468: 
HERB006933,樟树皮,not_found,,,no exact pharmacopoeia herb result,error,,,RuntimeError: HTTPError: HTTP Error 468: 
HERB006934,樟树叶,not_found,,,no exact pharmacopoeia herb result,error,,,RuntimeError: HTTPError: HTTP Error 468: 
HERB006930,樟木,not_found,,,no search results,error,,,RuntimeError: HTTPError: HTTP Error 468: 
HERB006936,獐牙菜,not_found,,,no exact pharmacopoeia herb result,error,,,RuntimeError: HTTPError: HTTP Error 468: 
HERB006932,樟脑罗勒,not_found,,,no exact pharmacopoeia herb result,error,,,RuntimeError: HTTPError: HTTP Error 468: 
HERB006938,掌叶大黄,not_found,,,no exact pharmacopoeia herb result,error,,,RuntimeError: HTTPError: HTTP Error 468: 
HERB006937,掌叶半夏,not_found,,,no exact pharmacopoeia herb result,error,,,RuntimeError: HTTPError: HTTP Error 468: 
HERB006942,照山白,not_found,,,no exact pharmacopoeia herb result,error,,,RuntimeError: HTTPError: HTTP Error 468: 
HERB006948,沼泽千户,not_found,,,no search results,error,,,RuntimeError: HTTPError: HTTP Error 468: 
HERB006945,爪哇橄榄,not_found,,,no exact pharmacopoeia herb result,error,,,RuntimeError: HTTPError: HTTP Error 468: 
HERB006935,樟树子,not_found,,,no exact pharmacopoeia herb result,error,,,RuntimeError: HTTPError: HTTP Error 468: 
HERB006955,赭石,ok,https://ydz.chp.org.cn/#/item?bookId=1&entryId=591,,matched page but chp target columns already had values,error,,,RuntimeError: HTTPError: HTTP Error 468: 
HERB006952,鹧鸪菜,not_found,,,no search results,error,,,RuntimeError: HTTPError: HTTP Error 468: 
HERB006939,樟叶胡椒,not_found,,,no exact pharmacopoeia herb result,error,,,RuntimeError: HTTPError: HTTP Error 468: 
HERB006950,浙贝母,skipped_no_chp_blank_fields,,,,error,,,RuntimeError: HTTPError: HTTP Error 468: 
HERB006956,柘树,not_found,,,no exact pharmacopoeia herb result,error,,,RuntimeError: HTTPError: HTTP Error 468: 
HERB006954,浙江獐牙菜,not_found,,,no exact pharmacopoeia herb result,error,,,RuntimeError: HTTPError: HTTP Error 468: 
HERB006961,针葵,not_found,,,no exact pharmacopoeia herb result,error,,,RuntimeError: HTTPError: HTTP Error 468: 
HERB006957,蔗糖,not_found,,,no exact pharmacopoeia herb result,error,,,RuntimeError: HTTPError: HTTP Error 468: 
HERB006962,榛蘑,not_found,,,no exact pharmacopoeia herb result,error,,,RuntimeError: HTTPError: HTTP Error 468: 
HERB006967,珍珠,ok,https://ydz.chp.org.cn/#/item?bookId=1&entryId=359,,matched page but chp target columns already had values,error,,,RuntimeError: HTTPError: HTTP Error 468: 
HERB006969,珍珠杆,not_found,,,no exact pharmacopoeia herb result,error,,,RuntimeError: HTTPError: HTTP Error 468: 
HERB006971,珍珠梅,not_found,,,no search results,error,,,RuntimeError: HTTPError: HTTP Error 468: 
HERB006972,珍珠母,ok,https://ydz.chp.org.cn/#/item?bookId=1&entryId=360,,matched page but chp target columns already had values,error,,,RuntimeError: HTTPError: HTTP Error 468: 
HERB006968,珍珠菜,not_found,,,no exact pharmacopoeia herb result,error,,,RuntimeError: HTTPError: HTTP Error 468: 
HERB006970,珍珠露水草,not_found,,,no exact pharmacopoeia herb result,error,,,RuntimeError: HTTPError: HTTP Error 468: 
HERB006976,制百部,skipped_no_chp_blank_fields,,,,error,,,RuntimeError: HTTPError: HTTP Error 468: 
HERB006977,炙百合,skipped_no_chp_blank_fields,,,,error,,,RuntimeError: HTTPError: HTTP Error 468: 
HERB006981,制苍术,skipped_no_chp_blank_fields,,,,error,,,RuntimeError: HTTPError: HTTP Error 468: 
HERB006982,炙草,skipped_no_chp_blank_fields,,,,error,,,RuntimeError: HTTPError: HTTP Error 468: 
HERB006973,珍珠绣线菊,not_found,,,no exact pharmacopoeia herb result,error,,,RuntimeError: HTTPError: HTTP Error 468: 
HERB006979,炙鳖甲,not_found,,,no exact pharmacopoeia herb result,error,,,RuntimeError: HTTPError: HTTP Error 468: 
HERB006990,炙甘草,skipped_no_chp_blank_fields,,,,error,,,RuntimeError: HTTPError: HTTP Error 468: 
HERB006986,制大黄,skipped_no_chp_blank_fields,,,,error,,,RuntimeError: HTTPError: HTTP Error 468: 
HERB006985,制川乌,ok,https://ydz.chp.org.cn/#/item?bookId=1&entryId=55,Properties|Meridians,,error,,,RuntimeError: HTTPError: HTTP Error 468: 
HERB006987,制地龙,not_found,,,no exact pharmacopoeia herb result,error,,,RuntimeError: HTTPError: HTTP Error 468: 
HERB006991,植根当归,not_found,,,no exact pharmacopoeia herb result,error,,,RuntimeError: HTTPError: HTTP Error 468: 
HERB006994,制桂枝,skipped_no_chp_blank_fields,,,,error,,,RuntimeError: HTTPError: HTTP Error 468: 
HERB006984,炙穿山甲,not_found,,,no exact pharmacopoeia herb result,error,,,RuntimeError: HTTPError: HTTP Error 468: 
HERB006992,枳根皮,not_found,,,no exact pharmacopoeia herb result,error,,,RuntimeError: HTTPError: HTTP Error 468: 
HERB006995,炙红芪,ok,https://ydz.chp.org.cn/#/item?bookId=1&entryId=235,Properties|Meridians,,error,,,RuntimeError: HTTPError: HTTP Error 468: 
HERB006993,制龟板,not_found,,,no exact pharmacopoeia herb result,error,,,RuntimeError: HTTPError: HTTP Error 468: 
HERB006996,炙厚朴,skipped_no_chp_blank_fields,,,,error,,,RuntimeError: HTTPError: HTTP Error 468: 
HERB006998,炙黄芪,skipped_no_chp_blank_fields,,,,error,,,RuntimeError: HTTPError: HTTP Error 468: 
HERB006997,制黄精,skipped_no_chp_blank_fields,,,,error,,,RuntimeError: HTTPError: HTTP Error 468: 
HERB006999,指甲花叶,not_found,,,no exact pharmacopoeia herb result,error,,,RuntimeError: HTTPError: HTTP Error 468: 
HERB007000,制僵蚕,not_found,,,no exact pharmacopoeia herb result,error,,,RuntimeError: HTTPError: HTTP Error 468: 
HERB007004,枳壳,skipped_no_chp_blank_fields,,,,error,,,RuntimeError: HTTPError: HTTP Error 468: 
HERB007001,枳椇根,not_found,,,no exact pharmacopoeia herb result,error,,,RuntimeError: HTTPError: HTTP Error 468: 
HERB007002,枳椇子,not_found,,,no exact pharmacopoeia herb result,error,,,RuntimeError: HTTPError: HTTP Error 468: 
HERB007005,直立百部,not_found,,,no exact pharmacopoeia herb result,error,,,RuntimeError: HTTPError: HTTP Error 468: 
HERB007003,制军炭,not_found,,,no exact pharmacopoeia herb result,error,,,RuntimeError: HTTPError: HTTP Error 468: 
HERB007010,直立罗汉松,not_found,,,no exact pharmacopoeia herb result,error,,,RuntimeError: HTTPError: HTTP Error 468: 
HERB007011,智利马兜铃,not_found,,,no exact pharmacopoeia herb result,error,,,RuntimeError: HTTPError: HTTP Error 468: 
HERB007006,直立长春花,not_found,,,no exact pharmacopoeia herb result,error,,,RuntimeError: HTTPError: HTTP Error 468: 
HERB007013,治理千金藤,not_found,,,no exact pharmacopoeia herb result,error,,,RuntimeError: HTTPError: HTTP Error 468: 
HERB007012,智利马兜铃,not_found,,,no exact pharmacopoeia herb result,error,,,RuntimeError: HTTPError: HTTP Error 468: 
HERB007016,芝麻,skipped_no_chp_blank_fields,,,,error,,,RuntimeError: HTTPError: HTTP Error 468: 
HERB007014,智力也厚壳桂,not_found,,,no search results,error,,,RuntimeError: HTTPError: HTTP Error 468: 
HERB007009,直立角茴香,not_found,,,no exact pharmacopoeia herb result,error,,,RuntimeError: HTTPError: HTTP Error 468: 
HERB007017,芝麻菜,not_found,,,no exact pharmacopoeia herb result,error,,,RuntimeError: HTTPError: HTTP Error 468: 
HERB007018,炙麻黄,skipped_no_chp_blank_fields,,,,error,,,RuntimeError: HTTPError: HTTP Error 468: 
HERB007021,芝麻油,skipped_no_chp_blank_fields,,,,error,,,RuntimeError: HTTPError: HTTP Error 468: 
HERB007022,制没药,skipped_no_chp_blank_fields,,,,error,,,RuntimeError: HTTPError: HTTP Error 468: 
HERB007019,芝麻壳,not_found,,,no exact pharmacopoeia herb result,error,,,RuntimeError: HTTPError: HTTP Error 468: 
HERB007023,知母,skipped_no_chp_blank_fields,,,,error,,,RuntimeError: HTTPError: HTTP Error 468: 
HERB007025,炙枇杷叶,skipped_no_chp_blank_fields,,,,error,,,RuntimeError: HTTPError: HTTP Error 468: 
HERB007026,枳壳,skipped_no_chp_blank_fields,,,,error,,,RuntimeError: HTTPError: HTTP Error 468: 
HERB007029,制乳香,skipped_no_chp_blank_fields,,,,error,,,RuntimeError: HTTPError: HTTP Error 468: 
HERB007030,炙桑柏皮,skipped_no_chp_blank_fields,,,,error,,,RuntimeError: HTTPError: HTTP Error 468: 
HERB007031,纸莎草,not_found,,,no exact pharmacopoeia herb result,error,,,RuntimeError: HTTPError: HTTP Error 468: 
HERB007028,制乳没,not_found,,,no exact pharmacopoeia herb result,error,,,RuntimeError: HTTPError: HTTP Error 468: 
HERB007033,炙升麻,skipped_no_chp_blank_fields,,,,error,,,RuntimeError: HTTPError: HTTP Error 468: 
HERB007036,制首乌,skipped_no_chp_blank_fields,,,,error,,,RuntimeError: HTTPError: HTTP Error 468: 
HERB007037,制香附,skipped_no_chp_blank_fields,,,,error,,,RuntimeError: HTTPError: HTTP Error 468: 
HERB007034,枳实,skipped_no_chp_blank_fields,,,,error,,,RuntimeError: HTTPError: HTTP Error 468: 
HERB007035,枳实与枳壳,not_found,,,no exact pharmacopoeia herb result,error,,,RuntimeError: HTTPError: HTTP Error 468: 
HERB007043,蜘蛛抱蛋,not_found,,,no search results,error,,,RuntimeError: HTTPError: HTTP Error 468: 
HERB007044,蜘蛛香,ok,https://ydz.chp.org.cn/#/item?bookId=1&entryId=586,Properties|Meridians,,error,,,RuntimeError: HTTPError: HTTP Error 468: 
HERB007038,止泻木皮,not_found,,,no exact pharmacopoeia herb result,error,,,RuntimeError: HTTPError: HTTP Error 468: 
HERB007041,置疑小檗,not_found,,,no exact pharmacopoeia herb result,error,,,RuntimeError: HTTPError: HTTP Error 468: 
HERB007039,制玄胡,not_found,,,no exact pharmacopoeia herb result,error,,,RuntimeError: HTTPError: HTTP Error 468: 
HERB007048,栀子花根,not_found,,,no exact pharmacopoeia herb result,error,,,RuntimeError: HTTPError: HTTP Error 468: 
HERB007047,栀子花,not_found,,,no search results,error,,,RuntimeError: HTTPError: HTTP Error 468: 
HERB007046,栀子,skipped_no_chp_blank_fields,,,,error,,,RuntimeError: HTTPError: HTTP Error 468: 
HERB007049,炙紫菀,skipped_no_chp_blank_fields,,,,error,,,RuntimeError: HTTPError: HTTP Error 468: 
HERB007058,中国苍耳,not_found,,,no exact pharmacopoeia herb result,error,,,RuntimeError: HTTPError: HTTP Error 468: 
HERB007059,中国粗榧职业,not_found,,,no search results,error,,,RuntimeError: HTTPError: HTTP Error 468: 
HERB007053,肿柄菊,not_found,,,no exact pharmacopoeia herb result,error,,,RuntimeError: HTTPError: HTTP Error 468: 
HERB007050,栀子叶,not_found,,,no exact pharmacopoeia herb result,error,,,RuntimeError: HTTPError: HTTP Error 468: 
HERB007054,钟萼白头翁,not_found,,,no exact pharmacopoeia herb result,error,,,RuntimeError: HTTPError: HTTP Error 468: 
HERB007055,中非钩枝藤,not_found,,,no exact pharmacopoeia herb result,error,,,RuntimeError: HTTPError: HTTP Error 468: 
HERB007062,中国沙棘,not_found,,,no exact pharmacopoeia herb result,error,,,RuntimeError: HTTPError: HTTP Error 468: 
HERB007060,中国粗榧子,not_found,,,no exact pharmacopoeia herb result,error,,,RuntimeError: HTTPError: HTTP Error 468: 
HERB007064,中国绣球,not_found,,,no exact pharmacopoeia herb result,error,,,RuntimeError: HTTPError: HTTP Error 468: 
HERB007061,中国红参,not_found,,,no exact pharmacopoeia herb result,error,,,RuntimeError: HTTPError: HTTP Error 468: 
HERB007065,中国旋复花,not_found,,,no exact pharmacopoeia herb result,error,,,RuntimeError: HTTPError: HTTP Error 468: 
HERB007067,中华鸡矢藤?,not_found,,,no exact pharmacopoeia herb result,error,,,RuntimeError: HTTPError: HTTP Error 468: 
HERB007068,中华九里香,not_found,,,no exact pharmacopoeia herb result,error,,,RuntimeError: HTTPError: HTTP Error 468: 
HERB007070,中华青牛胆,not_found,,,no exact pharmacopoeia herb result,error,,,RuntimeError: HTTPError: HTTP Error 468: 
HERB007072,中华绣线梅,not_found,,,no exact pharmacopoeia herb result,error,,,RuntimeError: HTTPError: HTTP Error 468: 
HERB007071,中华小尖柳珊瑚,not_found,,,no exact pharmacopoeia herb result,error,,,RuntimeError: HTTPError: HTTP Error 468: 
HERB007076,中间茅膏菜,not_found,,,no exact pharmacopoeia herb result,error,,,RuntimeError: HTTPError: HTTP Error 468: 
HERB007077,中间五味子,not_found,,,no exact pharmacopoeia herb result,error,,,RuntimeError: HTTPError: HTTP Error 468: 
HERB007078,中间香茶菜,not_found,,,no exact pharmacopoeia herb result,error,,,RuntimeError: HTTPError: HTTP Error 468: 
HERB007075,中间锦鸡儿,not_found,,,no exact pharmacopoeia herb result,error,,,RuntimeError: HTTPError: HTTP Error 468: 
HERB007079,肿节风,ok,https://ydz.chp.org.cn/#/item?bookId=1&entryId=346,UsePart|Properties|Meridians,,error,,,RuntimeError: HTTPError: HTTP Error 468: 
HERB007083,中亚秦艽,not_found,,,no exact pharmacopoeia herb result,error,,,RuntimeError: HTTPError: HTTP Error 468: 
HERB007081,钟乳石,ok,https://ydz.chp.org.cn/#/item?bookId=1&entryId=403,Properties|Meridians,,error,,,RuntimeError: HTTPError: HTTP Error 468: 
HERB007084,中亚沙棘,not_found,,,no exact pharmacopoeia herb result,error,,,RuntimeError: HTTPError: HTTP Error 468: 
HERB007082,中亚苦蒿,not_found,,,no exact pharmacopoeia herb result,error,,,RuntimeError: HTTPError: HTTP Error 468: 
HERB007080,中麻黄,not_found,,,no exact pharmacopoeia herb result,error,,,RuntimeError: HTTPError: HTTP Error 468: 
HERB007092,皱叶香茶菜,not_found,,,no exact pharmacopoeia herb result,error,,,RuntimeError: HTTPError: HTTP Error 468: 
HERB007087,舟山新木姜子,not_found,,,no exact pharmacopoeia herb result,error,,,RuntimeError: HTTPError: HTTP Error 468: 
HERB007086,皱木耳,not_found,,,no exact pharmacopoeia herb result,error,,,RuntimeError: HTTPError: HTTP Error 468: 
HERB007089,皱叶鹿蹄草,not_found,,,no exact pharmacopoeia herb result,error,,,RuntimeError: HTTPError: HTTP Error 468: 
HERB007088,皱蒴藓,not_found,,,no exact pharmacopoeia herb result,error,,,RuntimeError: HTTPError: HTTP Error 468: 
HERB007093,皱叶泽兰,not_found,,,no exact pharmacopoeia herb result,error,,,RuntimeError: HTTPError: HTTP Error 468: 
HERB007095,竹柏,not_found,,,no exact pharmacopoeia herb result,error,,,RuntimeError: HTTPError: HTTP Error 468: 
HERB007097,猪大肠,not_found,,,no exact pharmacopoeia herb result,error,,,RuntimeError: HTTPError: HTTP Error 468: 
HERB007094,帚枝鼠李,not_found,,,no exact pharmacopoeia herb result,error,,,RuntimeError: HTTPError: HTTP Error 468: 
HERB007090,皱叶木兰,not_found,,,no exact pharmacopoeia herb result,error,,,RuntimeError: HTTPError: HTTP Error 468: 
HERB007091,皱叶欧芹,not_found,,,no exact pharmacopoeia herb result,error,,,RuntimeError: HTTPError: HTTP Error 468: 
HERB007099,猪胆汁,not_found,,,no exact pharmacopoeia herb result,error,,,RuntimeError: HTTPError: HTTP Error 468: 
HERB007103,朱红龙血树,not_found,,,no search results,error,,,RuntimeError: HTTPError: HTTP Error 468: 
HERB007100,朱茯神,not_found,,,no exact pharmacopoeia herb result,error,,,RuntimeError: HTTPError: HTTP Error 468: 
HERB007111,竹沥,not_found,,,no exact pharmacopoeia herb result,error,,,RuntimeError: HTTPError: HTTP Error 468: 
HERB007107,竹节三七,not_found,,,no exact pharmacopoeia herb result,error,,,RuntimeError: HTTPError: HTTP Error 468: 
HERB007112,猪苓,skipped_no_chp_blank_fields,,,,error,,,RuntimeError: HTTPError: HTTP Error 468: 
HERB007108,竹节参,ok,https://ydz.chp.org.cn/#/item?bookId=1&entryId=212,Herb_latin_name|UsePart|Properties|Meridians|Function|Indication,,error,,,RuntimeError: HTTPError: HTTP Error 468: 
HERB007106,猪脊髓,not_found,,,no exact pharmacopoeia herb result,error,,,RuntimeError: HTTPError: HTTP Error 468: 
HERB007115,猪毛菜,not_found,,,no exact pharmacopoeia herb result,error,,,RuntimeError: HTTPError: HTTP Error 468: 
HERB007116,竹茹,skipped_no_chp_blank_fields,,,,error,,,RuntimeError: HTTPError: HTTP Error 468: 
HERB007114,苎麻根,not_found,,,no exact pharmacopoeia herb result,error,,,RuntimeError: HTTPError: HTTP Error 468: 
HERB007109,竹节香附,not_found,,,no exact pharmacopoeia herb result,error,,,RuntimeError: HTTPError: HTTP Error 468: 
HERB007117,朱砂,ok,https://ydz.chp.org.cn/#/item?bookId=1&entryId=210,,matched page but chp target columns already had values,error,,,RuntimeError: HTTPError: HTTP Error 468: 
HERB007120,朱砂莲,not_found,,,no search results,error,,,RuntimeError: HTTPError: HTTP Error 468: 
HERB007123,蛛丝红纹马先蒿,not_found,,,no exact pharmacopoeia herb result,error,,,RuntimeError: HTTPError: HTTP Error 468: 
HERB007119,朱砂根,ok,https://ydz.chp.org.cn/#/item?bookId=1&entryId=211,Properties|Meridians,,error,,,RuntimeError: HTTPError: HTTP Error 468: 
HERB007118,朱砂杜鹃,not_found,,,no exact pharmacopoeia herb result,error,,,RuntimeError: HTTPError: HTTP Error 468: 
HERB007121,猪肾,not_found,,,no exact pharmacopoeia herb result,error,,,RuntimeError: HTTPError: HTTP Error 468: 
HERB007125,烛台鼠尾草,not_found,,,no search results,error,,,RuntimeError: HTTPError: HTTP Error 468: 
HERB007122,猪屎豆,not_found,,,no exact pharmacopoeia herb result,error,,,RuntimeError: HTTPError: HTTP Error 468: 
HERB007124,柱穗山姜,not_found,,,no exact pharmacopoeia herb result,error,,,RuntimeError: HTTPError: HTTP Error 468: 
HERB007127,猪牙皂,ok,https://ydz.chp.org.cn/#/item?bookId=1&entryId=502,Properties|Meridians,,error,,,RuntimeError: HTTPError: HTTP Error 468: 
HERB007128,猪靥,not_found,,,no exact pharmacopoeia herb result,error,,,RuntimeError: HTTPError: HTTP Error 468: 
HERB007133,竹叶兰,not_found,,,no exact pharmacopoeia herb result,error,,,RuntimeError: HTTPError: HTTP Error 468: 
HERB007130,竹叶椒,not_found,,,no exact pharmacopoeia herb result,error,,,RuntimeError: HTTPError: HTTP Error 468: 
HERB007129,竹叶柴胡,not_found,,,no exact pharmacopoeia herb result,error,,,RuntimeError: HTTPError: HTTP Error 468: 
HERB007131,竹叶椒根,not_found,,,no exact pharmacopoeia herb result,error,,,RuntimeError: HTTPError: HTTP Error 468: 
HERB007132,竹叶菊,not_found,,,no exact pharmacopoeia herb result,error,,,RuntimeError: HTTPError: HTTP Error 468: 
HERB007138,猪鬃草,not_found,,,no search results,error,,,RuntimeError: HTTPError: HTTP Error 468: 
HERB007134,竹叶心,not_found,,,no exact pharmacopoeia herb result,error,,,RuntimeError: HTTPError: HTTP Error 468: 
HERB007136,珠子参,ok,https://ydz.chp.org.cn/#/item?bookId=1&entryId=427,Properties|Meridians,,error,,,RuntimeError: HTTPError: HTTP Error 468: 
HERB007142,壮观鸡骨常山,not_found,,,no exact pharmacopoeia herb result,error,,,RuntimeError: HTTPError: HTTP Error 468: 
HERB007140,砖红韧伞,not_found,,,no exact pharmacopoeia herb result,error,,,RuntimeError: HTTPError: HTTP Error 468: 
HERB007139,抓鬼瓜叶乌头,not_found,,,no search results,error,,,RuntimeError: HTTPError: HTTP Error 468: 
HERB007143,追凤箭,not_found,,,no exact pharmacopoeia herb result,error,,,RuntimeError: HTTPError: HTTP Error 468: 
HERB007137,煮紫薯,not_found,,,no exact pharmacopoeia herb result,error,,,RuntimeError: HTTPError: HTTP Error 468: 
HERB007135,珠子草,not_found,,,no exact pharmacopoeia herb result,error,,,RuntimeError: HTTPError: HTTP Error 468: 
HERB007146,准格尔乌头,not_found,,,no exact pharmacopoeia herb result,error,,,RuntimeError: HTTPError: HTTP Error 468: 
HERB007144,准格尔蓝盆花,not_found,,,no exact pharmacopoeia herb result,error,,,RuntimeError: HTTPError: HTTP Error 468: 
HERB007151,梓白皮,not_found,,,no exact pharmacopoeia herb result,error,,,RuntimeError: HTTPError: HTTP Error 468: 
HERB007152,紫贝齿,not_found,,,no search results,error,,,RuntimeError: HTTPError: HTTP Error 468: 
HERB007154,紫背金盘,not_found,,,no exact pharmacopoeia herb result,error,,,RuntimeError: HTTPError: HTTP Error 468: 
HERB007153,紫背黄芩,not_found,,,no exact pharmacopoeia herb result,error,,,RuntimeError: HTTPError: HTTP Error 468: 
HERB007158,紫背天葵草,not_found,,,no exact pharmacopoeia herb result,error,,,RuntimeError: HTTPError: HTTP Error 468: 
HERB007159,紫菜,not_found,,,no search results,error,,,RuntimeError: HTTPError: HTTP Error 468: 
HERB007157,紫背天葵,skipped_no_chp_blank_fields,,,,error,,,RuntimeError: HTTPError: HTTP Error 468: 
HERB007156,紫背苔,not_found,,,no exact pharmacopoeia herb result,error,,,RuntimeError: HTTPError: HTTP Error 468: 
HERB007161,紫草茸,not_found,,,no search results,error,,,RuntimeError: HTTPError: HTTP Error 468: 
HERB007160,紫草,skipped_no_chp_blank_fields,,,,error,,,RuntimeError: HTTPError: HTTP Error 468: 
HERB007163,紫丹藤,not_found,,,no exact pharmacopoeia herb result,error,,,RuntimeError: HTTPError: HTTP Error 468: 
HERB007164,紫地黄,not_found,,,no exact pharmacopoeia herb result,error,,,RuntimeError: HTTPError: HTTP Error 468: 
HERB007166,紫丁香蘑,not_found,,,no exact pharmacopoeia herb result,error,,,RuntimeError: HTTPError: HTTP Error 468: 
HERB007167,紫萼香茶菜,not_found,,,no exact pharmacopoeia herb result,error,,,RuntimeError: HTTPError: HTTP Error 468: 
HERB007165,紫丁香,not_found,,,no exact pharmacopoeia herb result,error,,,RuntimeError: HTTPError: HTTP Error 468: 
HERB007155,紫背鹿蹄草,not_found,,,no exact pharmacopoeia herb result,error,,,RuntimeError: HTTPError: HTTP Error 468: 
HERB007171,紫河车,skipped_no_chp_blank_fields,,,,error,,,RuntimeError: HTTPError: HTTP Error 468: 
HERB007162,紫丹参,not_found,,,no exact pharmacopoeia herb result,error,,,RuntimeError: HTTPError: HTTP Error 468: 
HERB007169,紫蜂斗菜,not_found,,,no exact pharmacopoeia herb result,error,,,RuntimeError: HTTPError: HTTP Error 468: 
HERB007168,紫番荔枝,not_found,,,no exact pharmacopoeia herb result,error,,,RuntimeError: HTTPError: HTTP Error 468: 
HERB007172,紫红獐牙菜,not_found,,,no exact pharmacopoeia herb result,error,,,RuntimeError: HTTPError: HTTP Error 468: 
HERB007170,紫果卫矛,not_found,,,no exact pharmacopoeia herb result,error,,,RuntimeError: HTTPError: HTTP Error 468: 
HERB007174,紫花地丁,skipped_no_chp_blank_fields,,,,error,,,RuntimeError: HTTPError: HTTP Error 468: 
HERB007173,紫胡,not_found,,,no exact pharmacopoeia herb result,error,,,RuntimeError: HTTPError: HTTP Error 468: 
HERB007176,紫花鄂北贝母,not_found,,,no exact pharmacopoeia herb result,error,,,RuntimeError: HTTPError: HTTP Error 468: 
HERB007175,紫花杜鹃,not_found,,,no exact pharmacopoeia herb result,error,,,RuntimeError: HTTPError: HTTP Error 468: 
HERB007180,紫花前胡,ok,https://ydz.chp.org.cn/#/item?bookId=1&entryId=536,Herb_latin_name|UsePart|Properties|Meridians|Function|Indication,,error,,,RuntimeError: HTTPError: HTTP Error 468: 
HERB007181,紫花松果菊,not_found,,,no exact pharmacopoeia herb result,error,,,RuntimeError: HTTPError: HTTP Error 468: 
HERB007179,紫花景天,not_found,,,no exact pharmacopoeia herb result,error,,,RuntimeError: HTTPError: HTTP Error 468: 
HERB007182,紫花鱼灯草,not_found,,,no exact pharmacopoeia herb result,error,,,RuntimeError: HTTPError: HTTP Error 468: 
HERB007187,紫堇叶唐松草,not_found,,,no exact pharmacopoeia herb result,error,,,RuntimeError: HTTPError: HTTP Error 468: 
HERB007177,紫花高乌头,not_found,,,no exact pharmacopoeia herb result,error,,,RuntimeError: HTTPError: HTTP Error 468: 
HERB007184,紫金牛,not_found,,,no exact pharmacopoeia herb result,error,,,RuntimeError: HTTPError: HTTP Error 468: 
HERB007188,紫茎泽兰花,not_found,,,no exact pharmacopoeia herb result,error,,,RuntimeError: HTTPError: HTTP Error 468: 
HERB007186,紫槿皮,not_found,,,no exact pharmacopoeia herb result,error,,,RuntimeError: HTTPError: HTTP Error 468: 
HERB007193,姊妹树,not_found,,,no exact pharmacopoeia herb result,error,,,RuntimeError: HTTPError: HTTP Error 468: 
HERB007183,紫金莲,not_found,,,no exact pharmacopoeia herb result,error,,,RuntimeError: HTTPError: HTTP Error 468: 
HERB007192,紫毛香茶菜,not_found,,,no exact pharmacopoeia herb result,error,,,RuntimeError: HTTPError: HTTP Error 468: 
HERB007190,滋兰树慧,not_found,,,no exact pharmacopoeia herb result,error,,,RuntimeError: HTTPError: HTTP Error 468: 
HERB007185,紫金牛根,not_found,,,no exact pharmacopoeia herb result,error,,,RuntimeError: HTTPError: HTTP Error 468: 
HERB007189,自扣草,not_found,,,no exact pharmacopoeia herb result,error,,,RuntimeError: HTTPError: HTTP Error 468: 
HERB007194,紫茉莉根,not_found,,,no exact pharmacopoeia herb result,error,,,RuntimeError: HTTPError: HTTP Error 468: 
HERB007195,紫茉莉花碧冬茄,not_found,,,no search results,error,,,RuntimeError: HTTPError: HTTP Error 468: 
HERB007199,自然青,not_found,,,no exact pharmacopoeia herb result,error,,,RuntimeError: HTTPError: HTTP Error 468: 
HERB007196,紫茉莉叶,not_found,,,no exact pharmacopoeia herb result,error,,,RuntimeError: HTTPError: HTTP Error 468: 
HERB007200,自然铜,ok,https://ydz.chp.org.cn/#/item?bookId=1&entryId=216,,matched page but chp target columns already had values,error,,,RuntimeError: HTTPError: HTTP Error 468: 
HERB007202,紫色獐牙菜,not_found,,,no exact pharmacopoeia herb result,error,,,RuntimeError: HTTPError: HTTP Error 468: 
HERB007208,紫苏,not_found,,,no exact pharmacopoeia herb result,error,,,RuntimeError: HTTPError: HTTP Error 468: 
HERB007209,紫苏苞,not_found,,,no exact pharmacopoeia herb result,error,,,RuntimeError: HTTPError: HTTP Error 468: 
HERB007204,紫杉,not_found,,,no search results,error,,,RuntimeError: HTTPError: HTTP Error 468: 
HERB007207,紫薯,not_found,,,no exact pharmacopoeia herb result,error,,,RuntimeError: HTTPError: HTTP Error 468: 
HERB007206,紫石英,ok,https://ydz.chp.org.cn/#/item?bookId=1&entryId=534,Properties|Meridians,,error,,,RuntimeError: HTTPError: HTTP Error 468: 
HERB007210,紫苏梗,ok,https://ydz.chp.org.cn/#/item?bookId=1&entryId=539,Properties|Meridians,,error,,,RuntimeError: HTTPError: HTTP Error 468: 
HERB007211,紫苏叶,skipped_no_chp_blank_fields,,,,error,,,RuntimeError: HTTPError: HTTP Error 468: 
HERB007212,紫苏叶油,not_found,,,no exact pharmacopoeia herb result,error,,,RuntimeError: HTTPError: HTTP Error 468: 
HERB007213,紫苏子,ok,https://ydz.chp.org.cn/#/item?bookId=1&entryId=537,UsePart|Properties|Meridians,,error,,,RuntimeError: HTTPError: HTTP Error 468: 
HERB007214,紫穗槐,not_found,,,no search results,error,,,RuntimeError: HTTPError: HTTP Error 468: 
HERB007217,紫藤,not_found,,,no search results,error,,,RuntimeError: HTTPError: HTTP Error 468: 
HERB007216,紫檀香,not_found,,,no exact pharmacopoeia herb result,error,,,RuntimeError: HTTPError: HTTP Error 468: 
HERB007215,紫檀,skipped_no_chp_blank_fields,,,,error,,,RuntimeError: HTTPError: HTTP Error 468: 
HERB007218,紫藤根,not_found,,,no exact pharmacopoeia herb result,error,,,RuntimeError: HTTPError: HTTP Error 468: 
HERB007219,紫藤子,not_found,,,no exact pharmacopoeia herb result,error,,,RuntimeError: HTTPError: HTTP Error 468: 
HERB007221,紫菀,skipped_no_chp_blank_fields,,,,error,,,RuntimeError: HTTPError: HTTP Error 468: 
HERB007229,自消容根,not_found,,,no exact pharmacopoeia herb result,error,,,RuntimeError: HTTPError: HTTP Error 468: 
HERB007224,紫薇花,not_found,,,no exact pharmacopoeia herb result,error,,,RuntimeError: HTTPError: HTTP Error 468: 
HERB007230,自消容子,not_found,,,no exact pharmacopoeia herb result,error,,,RuntimeError: HTTPError: HTTP Error 468: 
HERB007225,紫葳茎叶,not_found,,,no exact pharmacopoeia herb result,error,,,RuntimeError: HTTPError: HTTP Error 468: 
HERB007223,紫葳根,not_found,,,no exact pharmacopoeia herb result,error,,,RuntimeError: HTTPError: HTTP Error 468: 
HERB007227,紫乌头,not_found,,,no exact pharmacopoeia herb result,error,,,RuntimeError: HTTPError: HTTP Error 468: 
HERB007226,紫薇叶,not_found,,,no exact pharmacopoeia herb result,error,,,RuntimeError: HTTPError: HTTP Error 468: 
HERB007232,紫羊蹄甲,not_found,,,no exact pharmacopoeia herb result,error,,,RuntimeError: HTTPError: HTTP Error 468: 
HERB007228,自消容,not_found,,,no exact pharmacopoeia herb result,error,,,RuntimeError: HTTPError: HTTP Error 468: 
HERB007231,紫雪花,not_found,,,no exact pharmacopoeia herb result,error,,,RuntimeError: HTTPError: HTTP Error 468: 
HERB007236,紫云英,not_found,,,no search results,error,,,RuntimeError: HTTPError: HTTP Error 468: 
HERB007233,紫叶,not_found,,,no exact pharmacopoeia herb result,error,,,RuntimeError: HTTPError: HTTP Error 468: 
HERB007234,紫玉兰花,not_found,,,no exact pharmacopoeia herb result,error,,,RuntimeError: HTTPError: HTTP Error 468: 
HERB007235,紫玉兰皮,not_found,,,no exact pharmacopoeia herb result,error,,,RuntimeError: HTTPError: HTTP Error 468: 
HERB007237,紫云英子,not_found,,,no search results,error,,,RuntimeError: HTTPError: HTTP Error 468: 
HERB007239,紫珠,not_found,,,no exact pharmacopoeia herb result,error,,,RuntimeError: HTTPError: HTTP Error 468: 
HERB007240,紫锥花,not_found,,,no exact pharmacopoeia herb result,error,,,RuntimeError: HTTPError: HTTP Error 468: 
HERB007242,纵卷石蕊,not_found,,,no exact pharmacopoeia herb result,error,,,RuntimeError: HTTPError: HTTP Error 468: 
HERB007244,棕榈,ok,https://ydz.chp.org.cn/#/item?bookId=1&entryId=531,Properties|Meridians,,error,,,RuntimeError: HTTPError: HTTP Error 468: 
HERB007246,棕榈炭,skipped_no_chp_blank_fields,,,,error,,,RuntimeError: HTTPError: HTTP Error 468: 
HERB007245,棕榈皮,skipped_no_chp_blank_fields,,,,error,,,RuntimeError: HTTPError: HTTP Error 468: 
HERB007247,总皂,not_found,,,no exact pharmacopoeia herb result,error,,,RuntimeError: HTTPError: HTTP Error 468: 
HERB007253,总状升麻,not_found,,,no exact pharmacopoeia herb result,error,,,RuntimeError: HTTPError: HTTP Error 468: 
HERB007258,走稳唐松草,not_found,,,no exact pharmacopoeia herb result,error,,,RuntimeError: HTTPError: HTTP Error 468: 
HERB007255,总状土木香,not_found,,,no exact pharmacopoeia herb result,error,,,RuntimeError: HTTPError: HTTP Error 468: 
HERB007257,走马芹,not_found,,,no exact pharmacopoeia herb result,error,,,RuntimeError: HTTPError: HTTP Error 468: 
HERB007251,总装鸡血藤,not_found,,,no exact pharmacopoeia herb result,error,,,RuntimeError: HTTPError: HTTP Error 468: 
HERB007261,最大万寿菊,not_found,,,no exact pharmacopoeia herb result,error,,,RuntimeError: HTTPError: HTTP Error 468: 
HERB007250,总状花羊蹄甲,not_found,,,no exact pharmacopoeia herb result,error,,,RuntimeError: HTTPError: HTTP Error 468: 
HERB007260,钻果蒜芥,not_found,,,no exact pharmacopoeia herb result,error,,,RuntimeError: HTTPError: HTTP Error 468: 
HERB007262,最高牡荆叶,not_found,,,no exact pharmacopoeia herb result,error,,,RuntimeError: HTTPError: HTTP Error 468: 
HERB007263,酢浆草,not_found,,,no exact pharmacopoeia herb result,error,,,RuntimeError: HTTPError: HTTP Error 468: 
