TCM_symptom_id,TCM_symptom_name,first_source,first_status,second_source,second_status,reason
31,鼻咽部慢性炎症,duguji,not_found,dayi,not_found,duguji: HTTP 404: page does not exist; dayi: no exact symptom result in search page
55,病后虚弱,duguji,not_found,dayi,not_found,duguji: HTTP 404: page does not exist; dayi: no exact symptom result in search page
69,嘈杂呕吐,duguji,not_found,dayi,not_found,duguji: HTTP 404: page does not exist; dayi: no exact symptom result in search page
73,产后出血日久,duguji,not_found,dayi,not_found,duguji: HTTP 404: page does not exist; dayi: no exact symptom result in search page
54,病后脱发,duguji,not_found,dayi,not_found,duguji: HTTP 404: page does not exist; dayi: no exact symptom result in search page
35,闭合性新旧软组织损伤,duguji,not_found,dayi,not_found,duguji: HTTP 404: page does not exist; dayi: no exact symptom result in search page
77,产后乳房结块,duguji,not_found,dayi,not_found,duguji: HTTP 404: page does not exist; dayi: no exact symptom result in search page
76,产后流血,duguji,not_found,dayi,not_found,duguji: HTTP 404: page does not exist; dayi: no exact symptom result in search page
53,病后体弱,duguji,not_found,dayi,not_found,duguji: HTTP 404: page does not exist; dayi: no exact symptom result in search page
78,产后乳汁不通,duguji,not_found,dayi,not_found,duguji: HTTP 404: page does not exist; dayi: no exact symptom result in search page
79,产后乳肿,duguji,not_found,dayi,not_found,duguji: HTTP 404: page does not exist; dayi: no exact symptom result in search page
85,产后瘀痛,duguji,not_found,dayi,not_found,duguji: HTTP 404: page does not exist; dayi: no exact symptom result in search page
82,产后小腹疼痛,duguji,not_found,dayi,not_found,duguji: HTTP 404: page does not exist; dayi: no exact symptom result in search page
86,产后诸虚,duguji,not_found,dayi,not_found,duguji: HTTP 404: page does not exist; dayi: no exact symptom result in search page
83,产后血虚,duguji,not_found,dayi,not_found,duguji: HTTP 404: page does not exist; dayi: no exact symptom result in search page
94,陈旧性伤痛,duguji,not_found,dayi,not_found,duguji: HTTP 404: page does not exist; dayi: no exact symptom result in search page
96,齿鼻衄血,duguji,not_found,dayi,not_found,duguji: HTTP 404: page does not exist; dayi: no exact symptom result in search page
95,晨起面肿,duguji,not_found,dayi,not_found,duguji: HTTP 404: page does not exist; dayi: no exact symptom result in search page
100,赤白下痢,duguji,not_found,dayi,not_found,duguji: HTTP 404: page does not exist; dayi: no exact symptom result in search page
102,赤缕红斑,duguji,not_found,dayi,not_found,duguji: HTTP 404: page does not exist; dayi: no exact symptom result in search page
106,抽搐神昏,duguji,not_found,dayi,not_found,duguji: HTTP 404: page does not exist; dayi: no exact symptom result in search page
112,喘促痰多,duguji,not_found,dayi,not_found,duguji: HTTP 404: page does not exist; dayi: no exact symptom result in search page
104,虫咬肿痛,duguji,not_found,dayi,not_found,duguji: HTTP 404: page does not exist; dayi: no exact symptom result in search page
111,喘促气逆,duguji,not_found,dayi,not_found,duguji: HTTP 404: page does not exist; dayi: no exact symptom result in search page
119,疮疖痈肿,duguji,not_found,dayi,not_found,duguji: HTTP 404: page does not exist; dayi: no exact symptom result in search page
120,疮疖肿毒,duguji,not_found,dayi,not_found,duguji: HTTP 404: page does not exist; dayi: no exact symptom result in search page
121,疮疖肿痛,duguji,not_found,dayi,not_found,duguji: HTTP 404: page does not exist; dayi: no exact symptom result in search page
123,疮面久溃不敛,duguji,not_found,dayi,not_found,duguji: HTTP 404: page does not exist; dayi: no exact symptom result in search page
122,疮口久不愈合,duguji,not_found,dayi,not_found,duguji: HTTP 404: page does not exist; dayi: no exact symptom result in search page
124,疮面疼痛,duguji,not_found,dayi,not_found,duguji: HTTP 404: page does not exist; dayi: no exact symptom result in search page
125,疮面鲜活,duguji,not_found,dayi,not_found,duguji: HTTP 404: page does not exist; dayi: no exact symptom result in search page
126,疮色鲜活,duguji,not_found,dayi,not_found,duguji: HTTP 404: page does not exist; dayi: no exact symptom result in search page
127,疮癣,duguji,not_found,dayi,not_found,duguji: HTTP 404: page does not exist; dayi: no exact symptom result in search page
130,疮疡久溃不敛,duguji,not_found,dayi,not_found,duguji: HTTP 404: page does not exist; dayi: no exact symptom result in search page
129,疮疡不敛,duguji,not_found,dayi,not_found,duguji: HTTP 404: page does not exist; dayi: no exact symptom result in search page
132,疮疡肿痛,duguji,not_found,dayi,not_found,duguji: HTTP 404: page does not exist; dayi: no exact symptom result in search page
131,疮疡溃烂,duguji,not_found,dayi,not_found,duguji: HTTP 404: page does not exist; dayi: no exact symptom result in search page
135,创伤出血,duguji,not_found,dayi,not_found,duguji: HTTP 404: page does not exist; dayi: no exact symptom result in search page
133,疮痈肿痛,duguji,not_found,dayi,not_found,duguji: HTTP 404: page does not exist; dayi: no exact symptom result in search page
137,唇甲出血,duguji,not_found,dayi,not_found,duguji: HTTP 404: page does not exist; dayi: no exact symptom result in search page
143,大便不畅,duguji,not_found,dayi,not_found,duguji: HTTP 404: page does not exist; dayi: no exact symptom result in search page
142,挫伤筋骨,duguji,not_found,dayi,not_found,duguji: HTTP 404: page does not exist; dayi: no exact symptom result in search page
140,猝然昏倒,duguji,not_found,dayi,not_found,duguji: HTTP 404: page does not exist; dayi: no exact symptom result in search page
144,大便不利,duguji,not_found,dayi,not_found,duguji: HTTP 404: page does not exist; dayi: no exact symptom result in search page
145,大便不爽,duguji,not_found,dayi,not_found,duguji: HTTP 404: page does not exist; dayi: no exact symptom result in search page
148,大便不下,duguji,not_found,dayi,not_found,duguji: HTTP 404: page does not exist; dayi: no exact symptom result in search page
146,大便不调,duguji,not_found,dayi,not_found,duguji: HTTP 404: page does not exist; dayi: no exact symptom result in search page
151,大便次数增多,duguji,not_found,dayi,not_found,duguji: HTTP 404: page does not exist; dayi: no exact symptom result in search page
149,大便臭秽,duguji,not_found,dayi,not_found,duguji: HTTP 404: page does not exist; dayi: no exact symptom result in search page
152,大便干,duguji,not_found,dayi,not_found,duguji: HTTP 404: page does not exist; dayi: no exact symptom result in search page
158,大便黏滞,duguji,not_found,dayi,not_found,duguji: HTTP 404: page does not exist; dayi: no exact symptom result in search page
153,大便干结,duguji,not_found,dayi,not_found,duguji: HTTP 404: page does not exist; dayi: no exact symptom result in search page
154,大便干结难下,duguji,not_found,dayi,not_found,duguji: HTTP 404: page does not exist; dayi: no exact symptom result in search page
159,大便黏滞不爽,duguji,not_found,dayi,not_found,duguji: HTTP 404: page does not exist; dayi: no exact symptom result in search page
161,大便清稀,duguji,not_found,dayi,not_found,duguji: HTTP 404: page does not exist; dayi: no exact symptom result in search page
160,大便脓血,duguji,not_found,dayi,not_found,duguji: HTTP 404: page does not exist; dayi: no exact symptom result in search page
162,大便失调,duguji,not_found,dayi,not_found,duguji: HTTP 404: page does not exist; dayi: no exact symptom result in search page
169,大便稀溏,duguji,no_definition,dayi,not_found,duguji: raw page parsed but no definition found; dayi: no exact symptom result in search page
164,大便溏雹,duguji,not_found,dayi,not_found,duguji: HTTP 404: page does not exist; dayi: no exact symptom result in search page
165,大便溏薄,duguji,not_found,dayi,not_found,duguji: HTTP 404: page does not exist; dayi: no exact symptom result in search page
166,大便溏软,duguji,not_found,dayi,not_found,duguji: HTTP 404: page does not exist; dayi: no exact symptom result in search page
167,大便溏泻,duguji,not_found,dayi,not_found,duguji: HTTP 404: page does not exist; dayi: no exact symptom result in search page
170,大便泄泻,duguji,not_found,dayi,not_found,duguji: HTTP 404: page does not exist; dayi: no exact symptom result in search page
168,大便稀薄如水样,duguji,not_found,dayi,not_found,duguji: HTTP 404: page does not exist; dayi: no exact symptom result in search page
176,带下色黄,duguji,not_found,dayi,not_found,duguji: HTTP 404: page does not exist; dayi: no exact symptom result in search page
175,带下量多,duguji,not_found,dayi,not_found,duguji: HTTP 404: page does not exist; dayi: no exact symptom result in search page
173,带下白浊,duguji,not_found,dayi,not_found,duguji: HTTP 404: page does not exist; dayi: no exact symptom result in search page
182,倒饱嘈杂,duguji,not_found,dayi,not_found,duguji: HTTP 404: page does not exist; dayi: no exact symptom result in search page
177,带下色黄质稠,duguji,not_found,dayi,not_found,duguji: HTTP 404: page does not exist; dayi: no exact symptom result in search page
188,癫痫痰多,duguji,not_found,dayi,not_found,duguji: HTTP 404: page does not exist; dayi: no exact symptom result in search page
192,跌打瘀痛,duguji,not_found,dayi,not_found,duguji: HTTP 404: page does not exist; dayi: no exact symptom result in search page
189,癲痫,duguji,not_found,dayi,not_found,duguji: HTTP 404: page does not exist; dayi: no exact symptom result in search page
193,跌打肿痛,duguji,not_found,dayi,not_found,duguji: HTTP 404: page does not exist; dayi: no exact symptom result in search page
194,跌扑伤痛,duguji,not_found,dayi,not_found,duguji: HTTP 404: page does not exist; dayi: no exact symptom result in search page
190,跌打伤痛,duguji,not_found,dayi,not_found,duguji: HTTP 404: page does not exist; dayi: no exact symptom result in search page
196,跌扑肿痛,duguji,not_found,dayi,not_found,duguji: HTTP 404: page does not exist; dayi: no exact symptom result in search page
195,跌扑瘀肿,duguji,not_found,dayi,not_found,duguji: HTTP 404: page does not exist; dayi: no exact symptom result in search page
198,疔疮肿痛,duguji,not_found,dayi,not_found,duguji: HTTP 404: page does not exist; dayi: no exact symptom result in search page
197,疔疮痈肿初起,duguji,not_found,dayi,not_found,duguji: HTTP 404: page does not exist; dayi: no exact symptom result in search page
201,动辄汗出,duguji,not_found,dayi,not_found,duguji: HTTP 404: page does not exist; dayi: no exact symptom result in search page
202,毒虫咬伤,duguji,not_found,dayi,not_found,duguji: HTTP 404: page does not exist; dayi: no exact symptom result in search page
209,多泪,duguji,not_found,dayi,not_found,duguji: HTTP 404: page does not exist; dayi: no exact symptom result in search page
205,毒邪未尽,duguji,not_found,dayi,not_found,duguji: HTTP 404: page does not exist; dayi: no exact symptom result in search page
210,多泪羞明,duguji,not_found,dayi,not_found,duguji: HTTP 404: page does not exist; dayi: no exact symptom result in search page
218,恶风寒,duguji,not_found,dayi,not_found,duguji: HTTP 404: page does not exist; dayi: no exact symptom result in search page
220,恶寒重,duguji,not_found,dayi,not_found,duguji: HTTP 404: page does not exist; dayi: no exact symptom result in search page
221,恶寒壮热,duguji,not_found,dayi,not_found,duguji: HTTP 404: page does not exist; dayi: no exact symptom result in search page
228,耳下肿痛,duguji,not_found,dayi,not_found,duguji: HTTP 404: page does not exist; dayi: no exact symptom result in search page
239,发疹,duguji,not_found,dayi,not_found,duguji: HTTP 404: page does not exist; dayi: no exact symptom result in search page
230,发斑,duguji,not_found,dayi,not_found,duguji: HTTP 404: page does not exist; dayi: no exact symptom result in search page
235,发热重,duguji,not_found,dayi,not_found,duguji: HTTP 404: page does not exist; dayi: no exact symptom result in search page
232,发僵,duguji,not_found,dayi,not_found,duguji: HTTP 404: page does not exist; dayi: no exact symptom result in search page
241,烦倦,duguji,not_found,dayi,not_found,duguji: HTTP 404: page does not exist; dayi: no exact symptom result in search page
246,烦躁不宁,duguji,not_found,dayi,not_found,duguji: HTTP 404: page does not exist; dayi: no exact symptom result in search page
267,风湿关节痛,duguji,no_definition,dayi,not_found,duguji: raw page parsed but no definition found; dayi: no exact symptom result in search page
247,烦躁不适,duguji,not_found,dayi,not_found,duguji: HTTP 404: page does not exist; dayi: no exact symptom result in search page
248,烦躁易怒,duguji,not_found,dayi,not_found,duguji: HTTP 404: page does not exist; dayi: no exact symptom result in search page
249,烦躁谵语,duguji,not_found,dayi,not_found,duguji: HTTP 404: page does not exist; dayi: no exact symptom result in search page
255,肺气不畅,duguji,not_found,dayi,not_found,duguji: HTTP 404: page does not exist; dayi: no exact symptom result in search page
266,风湿痹痛,duguji,not_found,dayi,not_found,duguji: HTTP 404: page does not exist; dayi: no exact symptom result in search page
260,痱疹鲜红,duguji,not_found,dayi,not_found,duguji: HTTP 404: page does not exist; dayi: no exact symptom result in search page
262,粉剌疙瘩,duguji,not_found,dayi,not_found,duguji: HTTP 404: page does not exist; dayi: no exact symptom result in search page
268,风湿疼痛,duguji,not_found,dayi,not_found,duguji: HTTP 404: page does not exist; dayi: no exact symptom result in search page
280,妇女痛经,duguji,no_definition,dayi,not_found,duguji: raw page parsed but no definition found; dayi: no exact symptom result in search page
269,风湿瘀痛,duguji,not_found,dayi,not_found,duguji: HTTP 404: page does not exist; dayi: no exact symptom result in search page
270,风湿肢体关节痿软,duguji,not_found,dayi,not_found,duguji: HTTP 404: page does not exist; dayi: no exact symptom result in search page
275,风眼烂弦,duguji,not_found,dayi,not_found,duguji: HTTP 404: page does not exist; dayi: no exact symptom result in search page
273,风痰瘀血痹阻脉络,duguji,not_found,dayi,not_found,duguji: HTTP 404: page does not exist; dayi: no exact symptom result in search page
276,风疹发红,duguji,not_found,dayi,not_found,duguji: HTTP 404: page does not exist; dayi: no exact symptom result in search page
282,腹暴痛,duguji,not_found,dayi,not_found,duguji: HTTP 404: page does not exist; dayi: no exact symptom result in search page
279,腐肉不去,duguji,not_found,dayi,not_found,duguji: HTTP 404: page does not exist; dayi: no exact symptom result in search page
281,妇女癥瘕,duguji,not_found,dayi,not_found,duguji: HTTP 404: page does not exist; dayi: no exact symptom result in search page
285,腹部胀满,duguji,not_found,dayi,not_found,duguji: HTTP 404: page does not exist; dayi: no exact symptom result in search page
291,腹有癥块,duguji,not_found,dayi,not_found,duguji: HTTP 404: page does not exist; dayi: no exact symptom result in search page
284,腹部隐痛,duguji,not_found,dayi,not_found,duguji: HTTP 404: page does not exist; dayi: no exact symptom result in search page
286,腹部胀满不舒,duguji,not_found,dayi,not_found,duguji: HTTP 404: page does not exist; dayi: no exact symptom result in search page
289,腹痛绵绵,duguji,not_found,dayi,not_found,duguji: HTTP 404: page does not exist; dayi: no exact symptom result in search page
293,腹胀满,duguji,not_found,dayi,not_found,duguji: HTTP 404: page does not exist; dayi: no exact symptom result in search page
294,腹中冷痛,duguji,not_found,dayi,not_found,duguji: HTTP 404: page does not exist; dayi: no exact symptom result in search page
297,肝火目赤,duguji,not_found,dayi,not_found,duguji: HTTP 404: page does not exist; dayi: no exact symptom result in search page
299,肝区胀痛,duguji,not_found,dayi,not_found,duguji: HTTP 404: page does not exist; dayi: no exact symptom result in search page
295,腹中胀满,duguji,not_found,dayi,not_found,duguji: HTTP 404: page does not exist; dayi: no exact symptom result in search page
300,肝热目赤,duguji,not_found,dayi,not_found,duguji: HTTP 404: page does not exist; dayi: no exact symptom result in search page
301,肝痛,duguji,not_found,dayi,not_found,duguji: HTTP 404: page does not exist; dayi: no exact symptom result in search page
311,肛窦炎出血,duguji,not_found,dayi,not_found,duguji: HTTP 404: page does not exist; dayi: no exact symptom result in search page
320,高热神昏,duguji,not_found,dayi,not_found,duguji: HTTP 404: page does not exist; dayi: no exact symptom result in search page
308,干泾不舒,duguji,not_found,dayi,not_found,duguji: HTTP 404: page does not exist; dayi: no exact symptom result in search page
316,肛门灼热,duguji,not_found,dayi,not_found,duguji: HTTP 404: page does not exist; dayi: no exact symptom result in search page
321,高血压头痛,duguji,not_found,dayi,not_found,duguji: HTTP 404: page does not exist; dayi: no exact symptom result in search page
323,髙热,duguji,not_found,dayi,not_found,duguji: HTTP 404: page does not exist; dayi: no exact symptom result in search page
324,髙热不退,duguji,not_found,dayi,not_found,duguji: HTTP 404: page does not exist; dayi: no exact symptom result in search page
327,睾丸肿,duguji,not_found,dayi,not_found,duguji: HTTP 404: page does not exist; dayi: no exact symptom result in search page
325,睾丸偏坠,duguji,not_found,dayi,not_found,duguji: HTTP 404: page does not exist; dayi: no exact symptom result in search page
328,睾丸坠胀疼痛,duguji,not_found,dayi,not_found,duguji: HTTP 404: page does not exist; dayi: no exact symptom result in search page
332,咯痰黄稠,duguji,not_found,dayi,not_found,duguji: HTTP 404: page does not exist; dayi: no exact symptom result in search page
330,咯痰、血,duguji,not_found,dayi,not_found,duguji: HTTP 404: page does not exist; dayi: no exact symptom result in search page
333,咯痰色白,duguji,not_found,dayi,not_found,duguji: HTTP 404: page does not exist; dayi: no exact symptom result in search page
331,咯痰不爽,duguji,not_found,dayi,not_found,duguji: HTTP 404: page does not exist; dayi: no exact symptom result in search page
334,咯痰色黄,duguji,not_found,dayi,not_found,duguji: HTTP 404: page does not exist; dayi: no exact symptom result in search page
336,咯吐白痰,duguji,not_found,dayi,not_found,duguji: HTTP 404: page does not exist; dayi: no exact symptom result in search page
335,咯痰稀白,duguji,not_found,dayi,not_found,duguji: HTTP 404: page does not exist; dayi: no exact symptom result in search page
339,各种中毒症,duguji,not_found,dayi,not_found,duguji: HTTP 404: page does not exist; dayi: no exact symptom result in search page
343,骨关节疼痛,duguji,not_found,dayi,not_found,duguji: HTTP 404: page does not exist; dayi: no exact symptom result in search page
344,骨关节肿大,duguji,not_found,dayi,not_found,duguji: HTTP 404: page does not exist; dayi: no exact symptom result in search page
345,骨节酸痛,duguji,not_found,dayi,not_found,duguji: HTTP 404: page does not exist; dayi: no exact symptom result in search page
349,骨折肿痛,duguji,not_found,dayi,not_found,duguji: HTTP 404: page does not exist; dayi: no exact symptom result in search page
346,骨节疼痛,duguji,not_found,dayi,not_found,duguji: HTTP 404: page does not exist; dayi: no exact symptom result in search page
347,骨扭伤,duguji,not_found,dayi,not_found,duguji: HTTP 404: page does not exist; dayi: no exact symptom result in search page
350,骨蒸劳热,duguji,not_found,dayi,not_found,duguji: HTTP 404: page does not exist; dayi: no exact symptom result in search page
354,关节痹痛,duguji,not_found,dayi,not_found,duguji: HTTP 404: page does not exist; dayi: no exact symptom result in search page
352,骨肿大,duguji,not_found,dayi,not_found,duguji: HTTP 404: page does not exist; dayi: no exact symptom result in search page
355,关节不利,duguji,not_found,dayi,not_found,duguji: HTTP 404: page does not exist; dayi: no exact symptom result in search page
356,关节刺痛,duguji,not_found,dayi,not_found,duguji: HTTP 404: page does not exist; dayi: no exact symptom result in search page
357,关节钝痛,duguji,not_found,dayi,not_found,duguji: HTTP 404: page does not exist; dayi: no exact symptom result in search page
358,关节红肿热痛,duguji,not_found,dayi,not_found,duguji: HTTP 404: page does not exist; dayi: no exact symptom result in search page
360,关节剧痛,duguji,not_found,dayi,not_found,duguji: HTTP 404: page does not exist; dayi: no exact symptom result in search page
361,关节冷痛,duguji,not_found,dayi,not_found,duguji: HTTP 404: page does not exist; dayi: no exact symptom result in search page
362,关节麻木,duguji,not_found,dayi,not_found,duguji: HTTP 404: page does not exist; dayi: no exact symptom result in search page
365,关节四肢疼痛,duguji,not_found,dayi,not_found,duguji: HTTP 404: page does not exist; dayi: no exact symptom result in search page
364,关节屈伸不利,duguji,not_found,dayi,not_found,duguji: HTTP 404: page does not exist; dayi: no exact symptom result in search page
369,关节疼痈,duguji,not_found,dayi,not_found,duguji: HTTP 404: page does not exist; dayi: no exact symptom result in search page
367,关节酸痛麻木,duguji,not_found,dayi,not_found,duguji: HTTP 404: page does not exist; dayi: no exact symptom result in search page
373,关节肿胀疼痛,duguji,not_found,dayi,not_found,duguji: HTTP 404: page does not exist; dayi: no exact symptom result in search page
377,寒湿痹痛,duguji,not_found,dayi,not_found,duguji: HTTP 404: page does not exist; dayi: no exact symptom result in search page
374,寒热头痛,duguji,not_found,dayi,not_found,duguji: HTTP 404: page does not exist; dayi: no exact symptom result in search page
379,寒性腹泻,duguji,not_found,dayi,not_found,duguji: HTTP 404: page does not exist; dayi: no exact symptom result in search page
381,汗出不畅,duguji,not_found,dayi,not_found,duguji: HTTP 404: page does not exist; dayi: no exact symptom result in search page
380,汗出,duguji,not_found,dayi,not_found,duguji: HTTP 404: page does not exist; dayi: no exact symptom result in search page
382,汗出不解,duguji,not_found,dayi,not_found,duguji: HTTP 404: page does not exist; dayi: no exact symptom result in search page
383,汗少,duguji,not_found,dayi,not_found,duguji: HTTP 404: page does not exist; dayi: no exact symptom result in search page
384,行步艰难,duguji,not_found,dayi,not_found,duguji: HTTP 404: page does not exist; dayi: no exact symptom result in search page
385,行经腹痛,duguji,not_found,dayi,not_found,duguji: HTTP 404: page does not exist; dayi: no exact symptom result in search page
386,行经小腹冷痛,duguji,not_found,dayi,not_found,duguji: HTTP 404: page does not exist; dayi: no exact symptom result in search page
387,行走无力,duguji,not_found,dayi,not_found,duguji: HTTP 404: page does not exist; dayi: no exact symptom result in search page
390,烘热,duguji,not_found,dayi,not_found,duguji: HTTP 404: page does not exist; dayi: no exact symptom result in search page
394,喉核红肿,duguji,not_found,dayi,not_found,duguji: HTTP 404: page does not exist; dayi: no exact symptom result in search page
395,喉核肿大,duguji,not_found,dayi,not_found,duguji: HTTP 404: page does not exist; dayi: no exact symptom result in search page
396,喉间痰鸣,duguji,not_found,dayi,not_found,duguji: HTTP 404: page does not exist; dayi: no exact symptom result in search page
397,喉痛,duguji,not_found,dayi,not_found,duguji: HTTP 404: page does not exist; dayi: no exact symptom result in search page
399,喉中作响,duguji,not_found,dayi,not_found,duguji: HTTP 404: page does not exist; dayi: no exact symptom result in search page
401,呼吸道出血,duguji,not_found,dayi,not_found,duguji: HTTP 404: page does not exist; dayi: no exact symptom result in search page
402,呼吸气促,duguji,not_found,dayi,not_found,duguji: HTTP 404: page does not exist; dayi: no exact symptom result in search page
406,黄痰,duguji,not_found,dayi,not_found,duguji: HTTP 404: page does not exist; dayi: no exact symptom result in search page
407,会阴少腹腰骶部疼痛,duguji,not_found,dayi,not_found,duguji: HTTP 404: page does not exist; dayi: no exact symptom result in search page
410,昏仆,duguji,not_found,dayi,not_found,duguji: HTTP 404: page does not exist; dayi: no exact symptom result in search page
413,活动障碍,duguji,not_found,dayi,not_found,duguji: HTTP 404: page does not exist; dayi: no exact symptom result in search page
414,肌肤红,duguji,not_found,dayi,not_found,duguji: HTTP 404: page does not exist; dayi: no exact symptom result in search page
415,肌肤下肿块数处,duguji,not_found,dayi,not_found,duguji: HTTP 404: page does not exist; dayi: no exact symptom result in search page
416,肌肤下肿块一处,duguji,not_found,dayi,not_found,duguji: HTTP 404: page does not exist; dayi: no exact symptom result in search page
417,肌肤肿块数处,duguji,not_found,dayi,not_found,duguji: HTTP 404: page does not exist; dayi: no exact symptom result in search page
418,肌肤肿块一处 推之能动,duguji,not_found,dayi,not_found,duguji: HTTP 404: page does not exist; dayi: no exact symptom result in search page
421,肌肉剧痛,duguji,not_found,dayi,not_found,duguji: HTTP 404: page does not exist; dayi: no exact symptom result in search page
419,肌肉关节酸痛,duguji,not_found,dayi,not_found,duguji: HTTP 404: page does not exist; dayi: no exact symptom result in search page
420,肌肉红肿热痛,duguji,not_found,dayi,not_found,duguji: HTTP 404: page does not exist; dayi: no exact symptom result in search page
424,肌肉酸麻,duguji,not_found,dayi,not_found,duguji: HTTP 404: page does not exist; dayi: no exact symptom result in search page
422,肌肉麻木,duguji,not_found,dayi,not_found,duguji: HTTP 404: page does not exist; dayi: no exact symptom result in search page
437,急躁易怒,duguji,no_definition,dayi,not_found,duguji: raw page parsed but no definition found; dayi: no exact symptom result in search page
428,肌痩,duguji,not_found,dayi,not_found,duguji: HTTP 404: page does not exist; dayi: no exact symptom result in search page
429,肌痿无力,duguji,not_found,dayi,not_found,duguji: HTTP 404: page does not exist; dayi: no exact symptom result in search page
430,积聚痞块,duguji,not_found,dayi,not_found,duguji: HTTP 404: page does not exist; dayi: no exact symptom result in search page
433,积滞内停,duguji,not_found,dayi,not_found,duguji: HTTP 404: page does not exist; dayi: no exact symptom result in search page
434,积滞胀满,duguji,not_found,dayi,not_found,duguji: HTTP 404: page does not exist; dayi: no exact symptom result in search page
432,积滞不消,duguji,not_found,dayi,not_found,duguji: HTTP 404: page does not exist; dayi: no exact symptom result in search page
436,急性起并半身不遂,duguji,not_found,dayi,not_found,duguji: HTTP 404: page does not exist; dayi: no exact symptom result in search page
441,肩背酸痛,duguji,not_found,dayi,not_found,duguji: HTTP 404: page does not exist; dayi: no exact symptom result in search page
443,肩部疼痛重着,duguji,not_found,dayi,not_found,duguji: HTTP 404: page does not exist; dayi: no exact symptom result in search page
442,肩臂疼痛,duguji,not_found,dayi,not_found,duguji: HTTP 404: page does not exist; dayi: no exact symptom result in search page
444,肩颈疼痛,duguji,not_found,dayi,not_found,duguji: HTTP 404: page does not exist; dayi: no exact symptom result in search page
445,肩疼痛,duguji,not_found,dayi,not_found,duguji: HTTP 404: page does not exist; dayi: no exact symptom result in search page
448,舰血,duguji,not_found,dayi,not_found,duguji: HTTP 404: page does not exist; dayi: no exact symptom result in search page
453,脚气浮肿,duguji,not_found,dayi,not_found,duguji: HTTP 404: page does not exist; dayi: no exact symptom result in search page
450,僵硬畸形,duguji,not_found,dayi,not_found,duguji: HTTP 404: page does not exist; dayi: no exact symptom result in search page
458,疥癣瘙痒,duguji,not_found,dayi,not_found,duguji: HTTP 404: page does not exist; dayi: no exact symptom result in search page
454,脚重,duguji,not_found,dayi,not_found,duguji: HTTP 404: page does not exist; dayi: no exact symptom result in search page
459,津伤,duguji,not_found,dayi,not_found,duguji: HTTP 404: page does not exist; dayi: no exact symptom result in search page
461,筋骨疼痛,duguji,not_found,dayi,not_found,duguji: HTTP 404: page does not exist; dayi: no exact symptom result in search page
462,筋骨痿软,duguji,not_found,dayi,not_found,duguji: HTTP 404: page does not exist; dayi: no exact symptom result in search page
463,筋骨无力,duguji,not_found,dayi,not_found,duguji: HTTP 404: page does not exist; dayi: no exact symptom result in search page
464,筋骨瘀痛,duguji,not_found,dayi,not_found,duguji: HTTP 404: page does not exist; dayi: no exact symptom result in search page
471,经初行不畅,duguji,not_found,dayi,not_found,duguji: HTTP 404: page does not exist; dayi: no exact symptom result in search page
467,筋扭伤,duguji,not_found,dayi,not_found,duguji: HTTP 404: page does not exist; dayi: no exact symptom result in search page
472,经寒不调,duguji,not_found,dayi,not_found,duguji: HTTP 404: page does not exist; dayi: no exact symptom result in search page
466,筋脉拘挛,duguji,not_found,dayi,not_found,duguji: HTTP 404: page does not exist; dayi: no exact symptom result in search page
477,经行小腹疼痛,duguji,not_found,dayi,not_found,duguji: HTTP 404: page does not exist; dayi: no exact symptom result in search page
475,经行痛减,duguji,not_found,dayi,not_found,duguji: HTTP 404: page does not exist; dayi: no exact symptom result in search page
474,经行量少,duguji,not_found,dayi,not_found,duguji: HTTP 404: page does not exist; dayi: no exact symptom result in search page
476,经行小腹冷痛,duguji,not_found,dayi,not_found,duguji: HTTP 404: page does not exist; dayi: no exact symptom result in search page
478,经行小腹喜热,duguji,not_found,dayi,not_found,duguji: HTTP 404: page does not exist; dayi: no exact symptom result in search page
479,经行小腹胀痛,duguji,not_found,dayi,not_found,duguji: HTTP 404: page does not exist; dayi: no exact symptom result in search page
480,经量少有血块,duguji,not_found,dayi,not_found,duguji: HTTP 404: page does not exist; dayi: no exact symptom result in search page
483,经前腹痛加剧,duguji,not_found,dayi,not_found,duguji: HTTP 404: page does not exist; dayi: no exact symptom result in search page
485,经前乳胀,duguji,not_found,dayi,not_found,duguji: HTTP 404: page does not exist; dayi: no exact symptom result in search page
488,经前头痛,duguji,not_found,dayi,not_found,duguji: HTTP 404: page does not exist; dayi: no exact symptom result in search page
486,经前双乳胀痛,duguji,not_found,dayi,not_found,duguji: HTTP 404: page does not exist; dayi: no exact symptom result in search page
489,经前性情急躁,duguji,not_found,dayi,not_found,duguji: HTTP 404: page does not exist; dayi: no exact symptom result in search page
487,经前疼痛加重,duguji,not_found,dayi,not_found,duguji: HTTP 404: page does not exist; dayi: no exact symptom result in search page
490,经前胸闷,duguji,not_found,dayi,not_found,duguji: HTTP 404: page does not exist; dayi: no exact symptom result in search page
491,经少色淡,duguji,not_found,dayi,not_found,duguji: HTTP 404: page does not exist; dayi: no exact symptom result in search page
493,经血紫暗,duguji,not_found,dayi,not_found,duguji: HTTP 404: page does not exist; dayi: no exact symptom result in search page
492,经水淋漓不净,duguji,not_found,dayi,not_found,duguji: HTTP 404: page does not exist; dayi: no exact symptom result in search page
495,惊风抽搐,duguji,not_found,dayi,not_found,duguji: HTTP 404: page does not exist; dayi: no exact symptom result in search page
498,惊悸不宁,duguji,not_found,dayi,not_found,duguji: HTTP 404: page does not exist; dayi: no exact symptom result in search page
499,惊悸多梦,duguji,not_found,dayi,not_found,duguji: HTTP 404: page does not exist; dayi: no exact symptom result in search page
504,精亏,duguji,not_found,dayi,not_found,duguji: HTTP 404: page does not exist; dayi: no exact symptom result in search page
503,惊痫不安,duguji,not_found,dayi,not_found,duguji: HTTP 404: page does not exist; dayi: no exact symptom result in search page
506,精气不足,duguji,not_found,dayi,not_found,duguji: HTTP 404: page does not exist; dayi: no exact symptom result in search page
507,精神不振,duguji,not_found,dayi,not_found,duguji: HTTP 404: page does not exist; dayi: no exact symptom result in search page
510,精神忧郁,duguji,not_found,dayi,not_found,duguji: HTTP 404: page does not exist; dayi: no exact symptom result in search page
511,精溢,duguji,not_found,dayi,not_found,duguji: HTTP 404: page does not exist; dayi: no exact symptom result in search page
513,颈项活动不利,duguji,not_found,dayi,not_found,duguji: HTTP 404: page does not exist; dayi: no exact symptom result in search page
512,颈肩部僵硬,duguji,not_found,dayi,not_found,duguji: HTTP 404: page does not exist; dayi: no exact symptom result in search page
514,颈项僵硬,duguji,not_found,dayi,not_found,duguji: HTTP 404: page does not exist; dayi: no exact symptom result in search page
515,颈项僵直,duguji,not_found,dayi,not_found,duguji: HTTP 404: page does not exist; dayi: no exact symptom result in search page
516,颈项紧张不舒,duguji,not_found,dayi,not_found,duguji: HTTP 404: page does not exist; dayi: no exact symptom result in search page
517,颈项疼痛,duguji,not_found,dayi,not_found,duguji: HTTP 404: page does not exist; dayi: no exact symptom result in search page
520,胫膝酸软,duguji,not_found,dayi,not_found,duguji: HTTP 404: page does not exist; dayi: no exact symptom result in search page
518,颈椎病型头痛,duguji,not_found,dayi,not_found,duguji: HTTP 404: page does not exist; dayi: no exact symptom result in search page
523,久病体弱,duguji,not_found,dayi,not_found,duguji: HTTP 404: page does not exist; dayi: no exact symptom result in search page
528,久疟体虚,duguji,not_found,dayi,not_found,duguji: HTTP 404: page does not exist; dayi: no exact symptom result in search page
525,久咳不止,duguji,not_found,dayi,not_found,duguji: HTTP 404: page does not exist; dayi: no exact symptom result in search page
527,久痢不止,duguji,not_found,dayi,not_found,duguji: HTTP 404: page does not exist; dayi: no exact symptom result in search page
532,久泻不止,duguji,not_found,dayi,not_found,duguji: HTTP 404: page does not exist; dayi: no exact symptom result in search page
533,久泻久痢,duguji,not_found,dayi,not_found,duguji: HTTP 404: page does not exist; dayi: no exact symptom result in search page
535,拘挛麻木,duguji,not_found,dayi,not_found,duguji: HTTP 404: page does not exist; dayi: no exact symptom result in search page
530,久嗽不止,duguji,not_found,dayi,not_found,duguji: HTTP 404: page does not exist; dayi: no exact symptom result in search page
534,久泻脱肛,duguji,not_found,dayi,not_found,duguji: HTTP 404: page does not exist; dayi: no exact symptom result in search page
536,局部恶寒,duguji,not_found,dayi,not_found,duguji: HTTP 404: page does not exist; dayi: no exact symptom result in search page
537,局部红肿,duguji,not_found,dayi,not_found,duguji: HTTP 404: page does not exist; dayi: no exact symptom result in search page
539,局部畏风寒,duguji,not_found,dayi,not_found,duguji: HTTP 404: page does not exist; dayi: no exact symptom result in search page
538,局部畏恶风寒,duguji,not_found,dayi,not_found,duguji: HTTP 404: page does not exist; dayi: no exact symptom result in search page
540,局部畏寒,duguji,not_found,dayi,not_found,duguji: HTTP 404: page does not exist; dayi: no exact symptom result in search page
541,局部肿痛,duguji,not_found,dayi,not_found,duguji: HTTP 404: page does not exist; dayi: no exact symptom result in search page
546,咳喘痛甚,duguji,not_found,dayi,not_found,duguji: HTTP 404: page does not exist; dayi: no exact symptom result in search page
547,咳呛阵作,duguji,not_found,dayi,not_found,duguji: HTTP 404: page does not exist; dayi: no exact symptom result in search page
548,咳甚而喘,duguji,not_found,dayi,not_found,duguji: HTTP 404: page does not exist; dayi: no exact symptom result in search page
543,倦怠乏力,duguji,not_found,dayi,not_found,duguji: HTTP 404: page does not exist; dayi: no exact symptom result in search page
550,咳嗽频作,duguji,not_found,dayi,not_found,duguji: HTTP 404: page does not exist; dayi: no exact symptom result in search page
551,咳嗽日久,duguji,not_found,dayi,not_found,duguji: HTTP 404: page does not exist; dayi: no exact symptom result in search page
553,咳嗽痰盛,duguji,not_found,dayi,not_found,duguji: HTTP 404: page does not exist; dayi: no exact symptom result in search page
557,咳痰不已,duguji,not_found,dayi,not_found,duguji: HTTP 404: page does not exist; dayi: no exact symptom result in search page
556,咳痰不爽,duguji,not_found,dayi,not_found,duguji: HTTP 404: page does not exist; dayi: no exact symptom result in search page
555,咳嗽阵作,duguji,not_found,dayi,not_found,duguji: HTTP 404: page does not exist; dayi: no exact symptom result in search page
554,咳嗽有痰,duguji,not_found,dayi,not_found,duguji: HTTP 404: page does not exist; dayi: no exact symptom result in search page
558,咳痰带血,duguji,not_found,dayi,not_found,duguji: HTTP 404: page does not exist; dayi: no exact symptom result in search page
559,咳痰色白,duguji,not_found,dayi,not_found,duguji: HTTP 404: page does not exist; dayi: no exact symptom result in search page
560,咳吐不爽,duguji,not_found,dayi,not_found,duguji: HTTP 404: page does not exist; dayi: no exact symptom result in search page
563,渴不思饮,duguji,not_found,dayi,not_found,duguji: HTTP 404: page does not exist; dayi: no exact symptom result in search page
570,口唇紫绀,duguji,not_found,dayi,not_found,duguji: HTTP 404: page does not exist; dayi: no exact symptom result in search page
568,口疮肿痛,duguji,not_found,dayi,not_found,duguji: HTTP 404: page does not exist; dayi: no exact symptom result in search page
571,口淡乏味,duguji,not_found,dayi,not_found,duguji: HTTP 404: page does not exist; dayi: no exact symptom result in search page
572,口多唾涎,duguji,not_found,dayi,not_found,duguji: HTTP 404: page does not exist; dayi: no exact symptom result in search page
574,口角流诞,duguji,not_found,dayi,not_found,duguji: HTTP 404: page does not exist; dayi: no exact symptom result in search page
581,口糜烂,duguji,not_found,dayi,not_found,duguji: HTTP 404: page does not exist; dayi: no exact symptom result in search page
582,口黏,duguji,not_found,dayi,not_found,duguji: HTTP 404: page does not exist; dayi: no exact symptom result in search page
586,口舌干燥,duguji,not_found,dayi,not_found,duguji: HTTP 404: page does not exist; dayi: no exact symptom result in search page
584,口腔溃疡久不收敛,duguji,not_found,dayi,not_found,duguji: HTTP 404: page does not exist; dayi: no exact symptom result in search page
588,口舌歪斜,duguji,not_found,dayi,not_found,duguji: HTTP 404: page does not exist; dayi: no exact symptom result in search page
590,口生疮,duguji,not_found,dayi,not_found,duguji: HTTP 404: page does not exist; dayi: no exact symptom result in search page
589,口舌肿痛,duguji,not_found,dayi,not_found,duguji: HTTP 404: page does not exist; dayi: no exact symptom result in search page
591,口吐涎沫,duguji,not_found,dayi,not_found,duguji: HTTP 404: page does not exist; dayi: no exact symptom result in search page
592,口喎,duguji,not_found,dayi,not_found,duguji: HTTP 404: page does not exist; dayi: no exact symptom result in search page
593,口眼涡斜,duguji,not_found,dayi,not_found,duguji: HTTP 404: page does not exist; dayi: no exact symptom result in search page
595,口燥,duguji,not_found,dayi,not_found,duguji: HTTP 404: page does not exist; dayi: no exact symptom result in search page
594,口喁,duguji,not_found,dayi,not_found,duguji: HTTP 404: page does not exist; dayi: no exact symptom result in search page
596,口中甜腻,duguji,not_found,dayi,not_found,duguji: HTTP 404: page does not exist; dayi: no exact symptom result in search page
598,溃疡不敛,duguji,not_found,dayi,not_found,duguji: HTTP 404: page does not exist; dayi: no exact symptom result in search page
599,剌痛,duguji,not_found,dayi,not_found,duguji: HTTP 404: page does not exist; dayi: no exact symptom result in search page
600,懒言,duguji,not_found,dayi,not_found,duguji: HTTP 404: page does not exist; dayi: no exact symptom result in search page
603,劳嗽咯血,duguji,not_found,dayi,not_found,duguji: HTTP 404: page does not exist; dayi: no exact symptom result in search page
605,老年轻度认知障碍,duguji,not_found,dayi,not_found,duguji: HTTP 404: page does not exist; dayi: no exact symptom result in search page
606,老年腰膝酸软,duguji,not_found,dayi,not_found,duguji: HTTP 404: page does not exist; dayi: no exact symptom result in search page
610,冷汗自出,duguji,not_found,dayi,not_found,duguji: HTTP 404: page does not exist; dayi: no exact symptom result in search page
618,两腮肿,duguji,not_found,dayi,not_found,duguji: HTTP 404: page does not exist; dayi: no exact symptom result in search page
617,两腮痛,duguji,not_found,dayi,not_found,duguji: HTTP 404: page does not exist; dayi: no exact symptom result in search page
620,两胁疼痛,duguji,not_found,dayi,not_found,duguji: HTTP 404: page does not exist; dayi: no exact symptom result in search page
616,臁疮糜烂,duguji,not_found,dayi,not_found,duguji: HTTP 404: page does not exist; dayi: no exact symptom result in search page
621,两胁胀痛,duguji,not_found,dayi,not_found,duguji: HTTP 404: page does not exist; dayi: no exact symptom result in search page
619,两腮肿痛,duguji,not_found,dayi,not_found,duguji: HTTP 404: page does not exist; dayi: no exact symptom result in search page
623,淋沥疼痛,duguji,not_found,dayi,not_found,duguji: HTTP 404: page does not exist; dayi: no exact symptom result in search page
625,淋证涩痛,duguji,not_found,dayi,not_found,duguji: HTTP 404: page does not exist; dayi: no exact symptom result in search page
628,鳞屑多,duguji,not_found,dayi,not_found,duguji: HTTP 404: page does not exist; dayi: no exact symptom result in search page
629,流产后出血,duguji,not_found,dayi,not_found,duguji: HTTP 404: page does not exist; dayi: no exact symptom result in search page
630,流产后宫缩不良,duguji,not_found,dayi,not_found,duguji: HTTP 404: page does not exist; dayi: no exact symptom result in search page
631,流黄稠涕,duguji,not_found,dayi,not_found,duguji: HTTP 404: page does not exist; dayi: no exact symptom result in search page
636,流脓涕,duguji,not_found,dayi,not_found,duguji: HTTP 404: page does not exist; dayi: no exact symptom result in search page
632,流黄涕,duguji,not_found,dayi,not_found,duguji: HTTP 404: page does not exist; dayi: no exact symptom result in search page
633,流黄浊涕,duguji,not_found,dayi,not_found,duguji: HTTP 404: page does not exist; dayi: no exact symptom result in search page
641,流浊涕,duguji,not_found,dayi,not_found,duguji: HTTP 404: page does not exist; dayi: no exact symptom result in search page
639,流涕黏白,duguji,not_found,dayi,not_found,duguji: HTTP 404: page does not exist; dayi: no exact symptom result in search page
643,瘰疬未溃,duguji,not_found,dayi,not_found,duguji: HTTP 404: page does not exist; dayi: no exact symptom result in search page
645,屡经流产,duguji,not_found,dayi,not_found,duguji: HTTP 404: page does not exist; dayi: no exact symptom result in search page
646,麻痹瘙痒,duguji,not_found,dayi,not_found,duguji: HTTP 404: page does not exist; dayi: no exact symptom result in search page
649,麻木瘫痪,duguji,not_found,dayi,not_found,duguji: HTTP 404: page does not exist; dayi: no exact symptom result in search page
648,麻木拘挛,duguji,not_found,dayi,not_found,duguji: HTTP 404: page does not exist; dayi: no exact symptom result in search page
650,麻疹不透,duguji,not_found,dayi,not_found,duguji: HTTP 404: page does not exist; dayi: no exact symptom result in search page
653,脉细弱,duguji,not_found,dayi,not_found,duguji: HTTP 404: page does not exist; dayi: no exact symptom result in search page
654,脉细涩,duguji,not_found,dayi,not_found,duguji: HTTP 404: page does not exist; dayi: no exact symptom result in search page
656,脉细弦,duguji,not_found,dayi,not_found,duguji: HTTP 404: page does not exist; dayi: no exact symptom result in search page
660,毛发成片脱落,duguji,not_found,dayi,not_found,duguji: HTTP 404: page does not exist; dayi: no exact symptom result in search page
661,毛发呈稀疏状脱落,duguji,not_found,dayi,not_found,duguji: HTTP 404: page does not exist; dayi: no exact symptom result in search page
662,毛发干燥,duguji,not_found,dayi,not_found,duguji: HTTP 404: page does not exist; dayi: no exact symptom result in search page
663,毛发松动,duguji,not_found,dayi,not_found,duguji: HTTP 404: page does not exist; dayi: no exact symptom result in search page
664,毛发油腻,duguji,not_found,dayi,not_found,duguji: HTTP 404: page does not exist; dayi: no exact symptom result in search page
669,面浮肿,duguji,not_found,dayi,not_found,duguji: HTTP 404: page does not exist; dayi: no exact symptom result in search page
667,眠差,duguji,not_found,dayi,not_found,duguji: HTTP 404: page does not exist; dayi: no exact symptom result in search page
672,面目悉黄,duguji,not_found,dayi,not_found,duguji: HTTP 404: page does not exist; dayi: no exact symptom result in search page
677,面色恍白,duguji,not_found,dayi,not_found,duguji: HTTP 404: page does not exist; dayi: no exact symptom result in search page
674,面色不华,duguji,not_found,dayi,not_found,duguji: HTTP 404: page does not exist; dayi: no exact symptom result in search page
673,面目虚涪,duguji,not_found,dayi,not_found,duguji: HTTP 404: page does not exist; dayi: no exact symptom result in search page
678,面色晄白,duguji,not_found,dayi,not_found,duguji: HTTP 404: page does not exist; dayi: no exact symptom result in search page
679,面色黢黑,duguji,not_found,dayi,not_found,duguji: HTTP 404: page does not exist; dayi: no exact symptom result in search page
680,面色少华,duguji,not_found,dayi,not_found,duguji: HTTP 404: page does not exist; dayi: no exact symptom result in search page
682,面色无华,duguji,not_found,dayi,not_found,duguji: HTTP 404: page does not exist; dayi: no exact symptom result in search page
684,面肢浮肿,duguji,not_found,dayi,not_found,duguji: HTTP 404: page does not exist; dayi: no exact symptom result in search page
689,目赤红肿,duguji,not_found,dayi,not_found,duguji: HTTP 404: page does not exist; dayi: no exact symptom result in search page
686,目暗昏花,duguji,not_found,dayi,not_found,duguji: HTTP 404: page does not exist; dayi: no exact symptom result in search page
687,目暗羞明,duguji,not_found,dayi,not_found,duguji: HTTP 404: page does not exist; dayi: no exact symptom result in search page
690,目赤昏花,duguji,not_found,dayi,not_found,duguji: HTTP 404: page does not exist; dayi: no exact symptom result in search page
691,目赤翳障,duguji,not_found,dayi,not_found,duguji: HTTP 404: page does not exist; dayi: no exact symptom result in search page
693,目发黄,duguji,not_found,dayi,not_found,duguji: HTTP 404: page does not exist; dayi: no exact symptom result in search page
694,目花,duguji,not_found,dayi,not_found,duguji: HTTP 404: page does not exist; dayi: no exact symptom result in search page
699,目生翳膜,duguji,not_found,dayi,not_found,duguji: HTTP 404: page does not exist; dayi: no exact symptom result in search page
697,目昏不明,duguji,not_found,dayi,not_found,duguji: HTTP 404: page does not exist; dayi: no exact symptom result in search page
700,目生云翳,duguji,not_found,dayi,not_found,duguji: HTTP 404: page does not exist; dayi: no exact symptom result in search page
705,目珠夜痛,duguji,not_found,dayi,not_found,duguji: HTTP 404: page does not exist; dayi: no exact symptom result in search page
710,纳少嘈杂,duguji,not_found,dayi,not_found,duguji: HTTP 404: page does not exist; dayi: no exact symptom result in search page
703,目淫羞明,duguji,not_found,dayi,not_found,duguji: HTTP 404: page does not exist; dayi: no exact symptom result in search page
704,目胀,duguji,not_found,dayi,not_found,duguji: HTTP 404: page does not exist; dayi: no exact symptom result in search page
712,脑部疼痛,duguji,not_found,dayi,not_found,duguji: HTTP 404: page does not exist; dayi: no exact symptom result in search page
713,脑功能减退,duguji,not_found,dayi,not_found,duguji: HTTP 404: page does not exist; dayi: no exact symptom result in search page
714,脑络瘀阻,duguji,not_found,dayi,not_found,duguji: HTTP 404: page does not exist; dayi: no exact symptom result in search page
715,内外伤出血,duguji,not_found,dayi,not_found,duguji: HTTP 404: page does not exist; dayi: no exact symptom result in search page
718,年老气喘,duguji,not_found,dayi,not_found,duguji: HTTP 404: page does not exist; dayi: no exact symptom result in search page
716,内障目暗,duguji,not_found,dayi,not_found,duguji: HTTP 404: page does not exist; dayi: no exact symptom result in search page
719,年老哮喘,duguji,not_found,dayi,not_found,duguji: HTTP 404: page does not exist; dayi: no exact symptom result in search page
722,尿道涩痛,duguji,not_found,dayi,not_found,duguji: HTTP 404: page does not exist; dayi: no exact symptom result in search page
724,尿点滴而下,duguji,not_found,dayi,not_found,duguji: HTTP 404: page does not exist; dayi: no exact symptom result in search page
723,尿道灼热,duguji,not_found,dayi,not_found,duguji: HTTP 404: page does not exist; dayi: no exact symptom result in search page
726,尿后余沥不尽,duguji,not_found,dayi,not_found,duguji: HTTP 404: page does not exist; dayi: no exact symptom result in search page
739,尿少,duguji,no_definition,dayi,not_found,duguji: raw page parsed but no definition found; dayi: no exact symptom result in search page
728,尿黄如茶,duguji,not_found,dayi,not_found,duguji: HTTP 404: page does not exist; dayi: no exact symptom result in search page
729,尿混浊,duguji,not_found,dayi,not_found,duguji: HTTP 404: page does not exist; dayi: no exact symptom result in search page
733,尿频数,duguji,not_found,dayi,not_found,duguji: HTTP 404: page does not exist; dayi: no exact symptom result in search page
734,尿热,duguji,not_found,dayi,not_found,duguji: HTTP 404: page does not exist; dayi: no exact symptom result in search page
735,尿色赤黄,duguji,not_found,dayi,not_found,duguji: HTTP 404: page does not exist; dayi: no exact symptom result in search page
736,尿色偏黄,duguji,not_found,dayi,not_found,duguji: HTTP 404: page does not exist; dayi: no exact symptom result in search page
738,尿涩痛,duguji,not_found,dayi,not_found,duguji: HTTP 404: page does not exist; dayi: no exact symptom result in search page
743,尿血血色鲜红,duguji,not_found,dayi,not_found,duguji: HTTP 404: page does not exist; dayi: no exact symptom result in search page
741,尿线细,duguji,not_found,dayi,not_found,duguji: HTTP 404: page does not exist; dayi: no exact symptom result in search page
746,脓成不溃,duguji,not_found,dayi,not_found,duguji: HTTP 404: page does not exist; dayi: no exact symptom result in search page
744,尿血血色紫红,duguji,not_found,dayi,not_found,duguji: HTTP 404: page does not exist; dayi: no exact symptom result in search page
763,喷嚏,duguji,no_definition,dayi,not_found,duguji: raw page parsed but no definition found; dayi: no exact symptom result in search page
747,脓腐将荆,duguji,not_found,dayi,not_found,duguji: HTTP 404: page does not exist; dayi: no exact symptom result in search page
756,呕吐清水,duguji,not_found,dayi,not_found,duguji: HTTP 404: page does not exist; dayi: no exact symptom result in search page
749,脓水,duguji,not_found,dayi,not_found,duguji: HTTP 404: page does not exist; dayi: no exact symptom result in search page
757,呕吐乳食,duguji,not_found,dayi,not_found,duguji: HTTP 404: page does not exist; dayi: no exact symptom result in search page
759,呕吐吞酸,duguji,not_found,dayi,not_found,duguji: HTTP 404: page does not exist; dayi: no exact symptom result in search page
758,呕吐痰涎,duguji,not_found,dayi,not_found,duguji: HTTP 404: page does not exist; dayi: no exact symptom result in search page
760,排便乏力,duguji,not_found,dayi,not_found,duguji: HTTP 404: page does not exist; dayi: no exact symptom result in search page
761,排尿滴沥不尽,duguji,not_found,dayi,not_found,duguji: HTTP 404: page does not exist; dayi: no exact symptom result in search page
765,皮肤风团色红,duguji,not_found,dayi,not_found,duguji: HTTP 404: page does not exist; dayi: no exact symptom result in search page
768,皮肤黄染,duguji,not_found,dayi,not_found,duguji: HTTP 404: page does not exist; dayi: no exact symptom result in search page
770,皮肤潰疡,duguji,not_found,dayi,not_found,duguji: HTTP 404: page does not exist; dayi: no exact symptom result in search page
772,皮肤黏膜破溃,duguji,not_found,dayi,not_found,duguji: HTTP 404: page does not exist; dayi: no exact symptom result in search page
771,皮肤糜烂,duguji,not_found,dayi,not_found,duguji: HTTP 404: page does not exist; dayi: no exact symptom result in search page
775,皮肤色斑,duguji,not_found,dayi,not_found,duguji: HTTP 404: page does not exist; dayi: no exact symptom result in search page
773,皮肤青紫,duguji,not_found,dayi,not_found,duguji: HTTP 404: page does not exist; dayi: no exact symptom result in search page
776,皮肤湿烂,duguji,not_found,dayi,not_found,duguji: HTTP 404: page does not exist; dayi: no exact symptom result in search page
777,皮肤湿疹,duguji,not_found,dayi,not_found,duguji: HTTP 404: page does not exist; dayi: no exact symptom result in search page
780,皮肤紫斑,duguji,not_found,dayi,not_found,duguji: HTTP 404: page does not exist; dayi: no exact symptom result in search page
779,皮肤肿痛,duguji,not_found,dayi,not_found,duguji: HTTP 404: page does not exist; dayi: no exact symptom result in search page
782,皮损呈红斑湿润,duguji,not_found,dayi,not_found,duguji: HTTP 404: page does not exist; dayi: no exact symptom result in search page
783,皮下结块,duguji,not_found,dayi,not_found,duguji: HTTP 404: page does not exist; dayi: no exact symptom result in search page
784,皮下紫斑,duguji,not_found,dayi,not_found,duguji: HTTP 404: page does not exist; dayi: no exact symptom result in search page
785,皮疹表面覆有较厚的银白色鳞屑,duguji,not_found,dayi,not_found,duguji: HTTP 404: page does not exist; dayi: no exact symptom result in search page
786,皮疹色鲜红,duguji,not_found,dayi,not_found,duguji: HTTP 404: page does not exist; dayi: no exact symptom result in search page
787,皮疹为点滴状,duguji,not_found,dayi,not_found,duguji: HTTP 404: page does not exist; dayi: no exact symptom result in search page
788,皮疹圆形,duguji,not_found,dayi,not_found,duguji: HTTP 404: page does not exist; dayi: no exact symptom result in search page
791,脾胃气滞,duguji,not_found,dayi,not_found,duguji: HTTP 404: page does not exist; dayi: no exact symptom result in search page
789,疲乏无力,duguji,not_found,dayi,not_found,duguji: HTTP 404: page does not exist; dayi: no exact symptom result in search page
800,脐腹胀痛,duguji,not_found,dayi,not_found,duguji: HTTP 404: page does not exist; dayi: no exact symptom result in search page
801,起坐不利,duguji,not_found,dayi,not_found,duguji: HTTP 404: page does not exist; dayi: no exact symptom result in search page
802,气闭昏厥,duguji,not_found,dayi,not_found,duguji: HTTP 404: page does not exist; dayi: no exact symptom result in search page
805,气粗,duguji,not_found,dayi,not_found,duguji: HTTP 404: page does not exist; dayi: no exact symptom result in search page
804,气喘咳嗽,duguji,not_found,dayi,not_found,duguji: HTTP 404: page does not exist; dayi: no exact symptom result in search page
807,气促喘息,duguji,not_found,dayi,not_found,duguji: HTTP 404: page does not exist; dayi: no exact symptom result in search page
811,气逆喘急,duguji,not_found,dayi,not_found,duguji: HTTP 404: page does not exist; dayi: no exact symptom result in search page
812,气逆喘咳,duguji,not_found,dayi,not_found,duguji: HTTP 404: page does not exist; dayi: no exact symptom result in search page
815,气滞胃痛,duguji,not_found,dayi,not_found,duguji: HTTP 404: page does not exist; dayi: no exact symptom result in search page
817,前额压痛,duguji,not_found,dayi,not_found,duguji: HTTP 404: page does not exist; dayi: no exact symptom result in search page
819,浅表脓疱,duguji,not_found,dayi,not_found,duguji: HTTP 404: page does not exist; dayi: no exact symptom result in search page
821,靑少年远视力下降,duguji,not_found,dayi,not_found,duguji: HTTP 404: page does not exist; dayi: no exact symptom result in search page
820,青盲雀目,duguji,not_found,dayi,not_found,duguji: HTTP 404: page does not exist; dayi: no exact symptom result in search page
823,轻度视力下降,duguji,not_found,dayi,not_found,duguji: HTTP 404: page does not exist; dayi: no exact symptom result in search page
824,轻度烫伤（表皮未破),duguji,not_found,dayi,not_found,duguji: HTTP 404: page does not exist; dayi: no exact symptom result in search page
825,情志不畅,duguji,not_found,dayi,not_found,duguji: HTTP 404: page does not exist; dayi: no exact symptom result in search page
826,情志抑郁,duguji,not_found,dayi,not_found,duguji: HTTP 404: page does not exist; dayi: no exact symptom result in search page
828,龋齿疼痛,duguji,not_found,dayi,not_found,duguji: HTTP 404: page does not exist; dayi: no exact symptom result in search page
832,热痹疼痛,duguji,not_found,dayi,not_found,duguji: HTTP 404: page does not exist; dayi: no exact symptom result in search page
830,全身酸疼,duguji,not_found,dayi,not_found,duguji: HTTP 404: page does not exist; dayi: no exact symptom result in search page
831,颧骨部压痛,duguji,not_found,dayi,not_found,duguji: HTTP 404: page does not exist; dayi: no exact symptom result in search page
833,热病发热,duguji,not_found,dayi,not_found,duguji: HTTP 404: page does not exist; dayi: no exact symptom result in search page
834,热病发烧,duguji,not_found,dayi,not_found,duguji: HTTP 404: page does not exist; dayi: no exact symptom result in search page
836,热毒泻痢,duguji,not_found,dayi,not_found,duguji: HTTP 404: page does not exist; dayi: no exact symptom result in search page
835,热病烦渴,duguji,not_found,dayi,not_found,duguji: HTTP 404: page does not exist; dayi: no exact symptom result in search page
837,热毒血痢,duguji,not_found,dayi,not_found,duguji: HTTP 404: page does not exist; dayi: no exact symptom result in search page
839,热淋涩痛,duguji,not_found,dayi,not_found,duguji: HTTP 404: page does not exist; dayi: no exact symptom result in search page
840,热淋证,duguji,not_found,dayi,not_found,duguji: HTTP 404: page does not exist; dayi: no exact symptom result in search page
846,妊娠胎漏,duguji,not_found,dayi,not_found,duguji: HTTP 404: page does not exist; dayi: no exact symptom result in search page
844,妊娠漏血,duguji,not_found,dayi,not_found,duguji: HTTP 404: page does not exist; dayi: no exact symptom result in search page
848,乳房结节,duguji,not_found,dayi,not_found,duguji: HTTP 404: page does not exist; dayi: no exact symptom result in search page
850,乳房有块,duguji,not_found,dayi,not_found,duguji: HTTP 404: page does not exist; dayi: no exact symptom result in search page
858,乳痈初起,duguji,not_found,dayi,not_found,duguji: HTTP 404: page does not exist; dayi: no exact symptom result in search page
859,乳胀痛,duguji,not_found,dayi,not_found,duguji: HTTP 404: page does not exist; dayi: no exact symptom result in search page
862,乳汁郁积,duguji,not_found,dayi,not_found,duguji: HTTP 404: page does not exist; dayi: no exact symptom result in search page
861,乳汁不下,duguji,not_found,dayi,not_found,duguji: HTTP 404: page does not exist; dayi: no exact symptom result in search page
863,乳肿痛,duguji,not_found,dayi,not_found,duguji: HTTP 404: page does not exist; dayi: no exact symptom result in search page
870,瘙痒明显,duguji,not_found,dayi,not_found,duguji: HTTP 404: page does not exist; dayi: no exact symptom result in search page
867,腮腺炎肿痛,duguji,not_found,dayi,not_found,duguji: HTTP 404: page does not exist; dayi: no exact symptom result in search page
865,褥疮肿痛,duguji,not_found,dayi,not_found,duguji: HTTP 404: page does not exist; dayi: no exact symptom result in search page
871,瘙痒难忍,duguji,not_found,dayi,not_found,duguji: HTTP 404: page does not exist; dayi: no exact symptom result in search page
873,涩痛,duguji,not_found,dayi,not_found,duguji: HTTP 404: page does not exist; dayi: no exact symptom result in search page
876,筛状出血明显,duguji,not_found,dayi,not_found,duguji: HTTP 404: page does not exist; dayi: no exact symptom result in search page
881,伤处瘀肿疼痛,duguji,not_found,dayi,not_found,duguji: HTTP 404: page does not exist; dayi: no exact symptom result in search page
877,闪腰挫气,duguji,not_found,dayi,not_found,duguji: HTTP 404: page does not exist; dayi: no exact symptom result in search page
884,上下肢 偏身麻木,duguji,not_found,dayi,not_found,duguji: HTTP 404: page does not exist; dayi: no exact symptom result in search page
885,上消化道出血量多,duguji,not_found,dayi,not_found,duguji: HTTP 404: page does not exist; dayi: no exact symptom result in search page
887,上肢疼痛,duguji,not_found,dayi,not_found,duguji: HTTP 404: page does not exist; dayi: no exact symptom result in search page
892,少腹坠胀,duguji,not_found,dayi,not_found,duguji: HTTP 404: page does not exist; dayi: no exact symptom result in search page
889,少腹冷痛,duguji,not_found,dayi,not_found,duguji: HTTP 404: page does not exist; dayi: no exact symptom result in search page
890,少腹疼痛,duguji,not_found,dayi,not_found,duguji: HTTP 404: page does not exist; dayi: no exact symptom result in search page
888,少腹拒按,duguji,not_found,dayi,not_found,duguji: HTTP 404: page does not exist; dayi: no exact symptom result in search page
906,舌红苔黄腻,duguji,no_definition,dayi,not_found,duguji: raw page parsed but no definition found; dayi: no exact symptom result in search page
897,少痰,duguji,not_found,dayi,not_found,duguji: HTTP 404: page does not exist; dayi: no exact symptom result in search page
893,少津,duguji,not_found,dayi,not_found,duguji: HTTP 404: page does not exist; dayi: no exact symptom result in search page
896,少食,duguji,not_found,dayi,not_found,duguji: HTTP 404: page does not exist; dayi: no exact symptom result in search page
894,少寐,duguji,not_found,dayi,not_found,duguji: HTTP 404: page does not exist; dayi: no exact symptom result in search page
899,舌暗红,duguji,not_found,dayi,not_found,duguji: HTTP 404: page does not exist; dayi: no exact symptom result in search page
900,舌边尖有瘀斑,duguji,not_found,dayi,not_found,duguji: HTTP 404: page does not exist; dayi: no exact symptom result in search page
902,舌赤,duguji,not_found,dayi,not_found,duguji: HTTP 404: page does not exist; dayi: no exact symptom result in search page
901,舌部疲斑,duguji,not_found,dayi,not_found,duguji: HTTP 404: page does not exist; dayi: no exact symptom result in search page
907,舌尖边有瘀点,duguji,not_found,dayi,not_found,duguji: HTTP 404: page does not exist; dayi: no exact symptom result in search page
908,舌尖红,duguji,not_found,dayi,not_found,duguji: HTTP 404: page does not exist; dayi: no exact symptom result in search page
910,舌糜烂,duguji,not_found,dayi,not_found,duguji: HTTP 404: page does not exist; dayi: no exact symptom result in search page
912,舌偏红,duguji,not_found,dayi,not_found,duguji: HTTP 404: page does not exist; dayi: no exact symptom result in search page
916,舌体胖大,duguji,not_found,dayi,not_found,duguji: HTTP 404: page does not exist; dayi: no exact symptom result in search page
917,舌体肿,duguji,not_found,dayi,not_found,duguji: HTTP 404: page does not exist; dayi: no exact symptom result in search page
918,舌有齿痕,duguji,not_found,dayi,not_found,duguji: HTTP 404: page does not exist; dayi: no exact symptom result in search page
920,舌有瘀点瘀斑,duguji,not_found,dayi,not_found,duguji: HTTP 404: page does not exist; dayi: no exact symptom result in search page
921,舌瘀斑,duguji,not_found,dayi,not_found,duguji: HTTP 404: page does not exist; dayi: no exact symptom result in search page
923,舌质黯,duguji,not_found,dayi,not_found,duguji: HTTP 404: page does not exist; dayi: no exact symptom result in search page
924,舌质淡暗,duguji,not_found,dayi,not_found,duguji: HTTP 404: page does not exist; dayi: no exact symptom result in search page
925,舌质红少津,duguji,not_found,dayi,not_found,duguji: HTTP 404: page does not exist; dayi: no exact symptom result in search page
926,舌质红少苔,duguji,not_found,dayi,not_found,duguji: HTTP 404: page does not exist; dayi: no exact symptom result in search page
927,舌质有瘀斑,duguji,not_found,dayi,not_found,duguji: HTTP 404: page does not exist; dayi: no exact symptom result in search page
928,舌质紫暗,duguji,not_found,dayi,not_found,duguji: HTTP 404: page does not exist; dayi: no exact symptom result in search page
930,蛇虫咬伤,duguji,not_found,dayi,not_found,duguji: HTTP 404: page does not exist; dayi: no exact symptom result in search page
929,舌紫暗,duguji,not_found,dayi,not_found,duguji: HTTP 404: page does not exist; dayi: no exact symptom result in search page
931,身黄,duguji,not_found,dayi,not_found,duguji: HTTP 404: page does not exist; dayi: no exact symptom result in search page
932,身倦,duguji,not_found,dayi,not_found,duguji: HTTP 404: page does not exist; dayi: no exact symptom result in search page
933,身困重,duguji,not_found,dayi,not_found,duguji: HTTP 404: page does not exist; dayi: no exact symptom result in search page
934,身目发黄,duguji,not_found,dayi,not_found,duguji: HTTP 404: page does not exist; dayi: no exact symptom result in search page
936,身瘦,duguji,not_found,dayi,not_found,duguji: HTTP 404: page does not exist; dayi: no exact symptom result in search page
938,身体倦懒,duguji,not_found,dayi,not_found,duguji: HTTP 404: page does not exist; dayi: no exact symptom result in search page
939,身体麻木,duguji,not_found,dayi,not_found,duguji: HTTP 404: page does not exist; dayi: no exact symptom result in search page
940,身体痩弱,duguji,not_found,dayi,not_found,duguji: HTTP 404: page does not exist; dayi: no exact symptom result in search page
943,身痛痉挛,duguji,not_found,dayi,not_found,duguji: HTTP 404: page does not exist; dayi: no exact symptom result in search page
945,神昏不语,duguji,not_found,dayi,not_found,duguji: HTTP 404: page does not exist; dayi: no exact symptom result in search page
946,神昏狂躁,duguji,not_found,dayi,not_found,duguji: HTTP 404: page does not exist; dayi: no exact symptom result in search page
953,神倦懒言,duguji,not_found,dayi,not_found,duguji: HTTP 404: page does not exist; dayi: no exact symptom result in search page
955,神情呆滞,duguji,not_found,dayi,not_found,duguji: HTTP 404: page does not exist; dayi: no exact symptom result in search page
980,十二指肠溃疡出血,duguji,no_definition,dayi,not_found,duguji: raw page parsed but no definition found; dayi: no exact symptom result in search page
961,神志混乱,duguji,not_found,dayi,not_found,duguji: HTTP 404: page does not exist; dayi: no exact symptom result in search page
960,神志昏迷,duguji,not_found,dayi,not_found,duguji: HTTP 404: page does not exist; dayi: no exact symptom result in search page
964,肾区冷痛、,duguji,not_found,dayi,not_found,duguji: HTTP 404: page does not exist; dayi: no exact symptom result in search page
965,声带充血,duguji,not_found,dayi,not_found,duguji: HTTP 404: page does not exist; dayi: no exact symptom result in search page
975,湿疮脓水浸淫,duguji,not_found,dayi,not_found,duguji: HTTP 404: page does not exist; dayi: no exact symptom result in search page
973,湿痹拘挛,duguji,not_found,dayi,not_found,duguji: HTTP 404: page does not exist; dayi: no exact symptom result in search page
979,湿疹瘙痒,duguji,not_found,dayi,not_found,duguji: HTTP 404: page does not exist; dayi: no exact symptom result in search page
976,湿热毒邪聚结肌肤,duguji,not_found,dayi,not_found,duguji: HTTP 404: page does not exist; dayi: no exact symptom result in search page
982,石淋涩痛,duguji,not_found,dayi,not_found,duguji: HTTP 404: page does not exist; dayi: no exact symptom result in search page
984,食后腹胀拒按,duguji,not_found,dayi,not_found,duguji: HTTP 404: page does not exist; dayi: no exact symptom result in search page
983,时有隐痛,duguji,not_found,dayi,not_found,duguji: HTTP 404: page does not exist; dayi: no exact symptom result in search page
985,食后胀痛,duguji,not_found,dayi,not_found,duguji: HTTP 404: page does not exist; dayi: no exact symptom result in search page
1000,视觉异常,duguji,no_definition,dayi,not_found,duguji: raw page parsed but no definition found; dayi: no exact symptom result in search page
1001,视力减退,duguji,no_definition,dayi,not_found,duguji: raw page parsed but no definition found; dayi: no exact symptom result in search page
987,食积不消,duguji,not_found,dayi,not_found,duguji: HTTP 404: page does not exist; dayi: no exact symptom result in search page
988,食积胀满,duguji,not_found,dayi,not_found,duguji: HTTP 404: page does not exist; dayi: no exact symptom result in search page
993,食少腹胀,duguji,not_found,dayi,not_found,duguji: HTTP 404: page does not exist; dayi: no exact symptom result in search page
992,食少乏力,duguji,not_found,dayi,not_found,duguji: HTTP 404: page does not exist; dayi: no exact symptom result in search page
989,食乳不化,duguji,not_found,dayi,not_found,duguji: HTTP 404: page does not exist; dayi: no exact symptom result in search page
991,食少不化,duguji,not_found,dayi,not_found,duguji: HTTP 404: page does not exist; dayi: no exact symptom result in search page
994,食物积滞,duguji,not_found,dayi,not_found,duguji: HTTP 404: page does not exist; dayi: no exact symptom result in search page
998,食滞不化,duguji,not_found,dayi,not_found,duguji: HTTP 404: page does not exist; dayi: no exact symptom result in search page
999,食滞化热,duguji,not_found,dayi,not_found,duguji: HTTP 404: page does not exist; dayi: no exact symptom result in search page
1004,视物不清,duguji,not_found,dayi,not_found,duguji: HTTP 404: page does not exist; dayi: no exact symptom result in search page
1016,手足不温,duguji,no_definition,dayi,not_found,duguji: raw page parsed but no definition found; dayi: no exact symptom result in search page
1005,视物昏暗,duguji,not_found,dayi,not_found,duguji: HTTP 404: page does not exist; dayi: no exact symptom result in search page
1009,手抽搐,duguji,not_found,dayi,not_found,duguji: HTTP 404: page does not exist; dayi: no exact symptom result in search page
1010,手拘挛,duguji,not_found,dayi,not_found,duguji: HTTP 404: page does not exist; dayi: no exact symptom result in search page
1011,手麻木,duguji,not_found,dayi,not_found,duguji: HTTP 404: page does not exist; dayi: no exact symptom result in search page
1012,手术出血,duguji,not_found,dayi,not_found,duguji: HTTP 404: page does not exist; dayi: no exact symptom result in search page
1015,手足不遂,duguji,not_found,dayi,not_found,duguji: HTTP 404: page does not exist; dayi: no exact symptom result in search page
1017,手足发凉,duguji,not_found,dayi,not_found,duguji: HTTP 404: page does not exist; dayi: no exact symptom result in search page
1018,手足麻木症,duguji,not_found,dayi,not_found,duguji: HTTP 404: page does not exist; dayi: no exact symptom result in search page
1021,暑邪发热,duguji,not_found,dayi,not_found,duguji: HTTP 404: page does not exist; dayi: no exact symptom result in search page
1019,手足瘈疲,duguji,not_found,dayi,not_found,duguji: HTTP 404: page does not exist; dayi: no exact symptom result in search page
1024,双乳痛,duguji,not_found,dayi,not_found,duguji: HTTP 404: page does not exist; dayi: no exact symptom result in search page
1025,水浆难下,duguji,not_found,dayi,not_found,duguji: HTTP 404: page does not exist; dayi: no exact symptom result in search page
1023,双目上吊,duguji,not_found,dayi,not_found,duguji: HTTP 404: page does not exist; dayi: no exact symptom result in search page
1038,四肢厥逆,duguji,no_definition,dayi,not_found,duguji: raw page parsed but no definition found; dayi: no exact symptom result in search page
1028,睡卧不安,duguji,not_found,dayi,not_found,duguji: HTTP 404: page does not exist; dayi: no exact symptom result in search page
1033,四肢浮肿,duguji,not_found,dayi,not_found,duguji: HTTP 404: page does not exist; dayi: no exact symptom result in search page
1048,四肢无力,duguji,no_definition,dayi,not_found,duguji: raw page parsed but no definition found; dayi: no exact symptom result in search page
1034,四肢关节冷痛,duguji,not_found,dayi,not_found,duguji: HTTP 404: page does not exist; dayi: no exact symptom result in search page
1041,四肢麻痹,duguji,not_found,dayi,not_found,duguji: HTTP 404: page does not exist; dayi: no exact symptom result in search page
1037,四肢倦乏,duguji,not_found,dayi,not_found,duguji: HTTP 404: page does not exist; dayi: no exact symptom result in search page
1039,四肢挛急,duguji,not_found,dayi,not_found,duguji: HTTP 404: page does not exist; dayi: no exact symptom result in search page
1040,四肢挛痛,duguji,not_found,dayi,not_found,duguji: HTTP 404: page does not exist; dayi: no exact symptom result in search page
1044,四肢酸,duguji,not_found,dayi,not_found,duguji: HTTP 404: page does not exist; dayi: no exact symptom result in search page
1045,四肢酸懒,duguji,not_found,dayi,not_found,duguji: HTTP 404: page does not exist; dayi: no exact symptom result in search page
1049,嗖痛,duguji,error,dayi,not_found,duguji: RuntimeError: TimeoutError: The read operation timed out; dayi: no exact symptom result in search page
1053,胎漏下血,duguji,error,dayi,not_found,duguji: RuntimeError: TimeoutError: The read operation timed out; dayi: no exact symptom result in search page
1054,胎盘不下,duguji,error,dayi,not_found,duguji: RuntimeError: TimeoutError: The read operation timed out; dayi: no exact symptom result in search page
1058,痰不易出,duguji,error,dayi,not_found,duguji: RuntimeError: TimeoutError: The read operation timed out; dayi: no exact symptom result in search page
1057,痰白质稀,duguji,error,dayi,not_found,duguji: RuntimeError: TimeoutError: The read operation timed out; dayi: no exact symptom result in search page
1056,痰白,duguji,error,dayi,not_found,duguji: RuntimeError: TimeoutError: The read operation timed out; dayi: no exact symptom result in search page
1061,痰稠难出,duguji,error,dayi,not_found,duguji: RuntimeError: TimeoutError: The read operation timed out; dayi: no exact symptom result in search page
1060,痰稠黄,duguji,error,dayi,not_found,duguji: RuntimeError: TimeoutError: The read operation timed out; dayi: no exact symptom result in search page
1059,痰稠,duguji,error,dayi,not_found,duguji: RuntimeError: TimeoutError: The read operation timed out; dayi: no exact symptom result in search page
1064,痰多黄稠,duguji,error,dayi,not_found,duguji: RuntimeError: TimeoutError: The read operation timed out; dayi: no exact symptom result in search page
1066,痰多淸稀,duguji,not_found,dayi,not_found,duguji: HTTP 404: page does not exist; dayi: no exact symptom result in search page
1068,痰多作喘,duguji,not_found,dayi,not_found,duguji: HTTP 404: page does not exist; dayi: no exact symptom result in search page
1065,痰多咳嗽,duguji,not_found,dayi,not_found,duguji: HTTP 404: page does not exist; dayi: no exact symptom result in search page
1067,痰多上气,duguji,error,dayi,not_found,duguji: RuntimeError: TimeoutError: The read operation timed out; dayi: no exact symptom result in search page
1069,痰核痞块,duguji,error,dayi,not_found,duguji: RuntimeError: TimeoutError: The read operation timed out; dayi: no exact symptom result in search page
1072,痰黄稠黏,duguji,not_found,dayi,not_found,duguji: HTTP 404: page does not exist; dayi: no exact symptom result in search page
1073,痰黄黏稠,duguji,error,dayi,not_found,duguji: RuntimeError: TimeoutError: The read operation timed out; dayi: no exact symptom result in search page
1071,痰黄稠,duguji,error,dayi,not_found,duguji: RuntimeError: TimeoutError: The read operation timed out; dayi: no exact symptom result in search page
1076,痰鸣,duguji,error,dayi,not_found,duguji: RuntimeError: TimeoutError: The read operation timed out; dayi: no exact symptom result in search page
1081,痰热喘咳,duguji,not_found,dayi,not_found,duguji: HTTP 404: page does not exist; dayi: no exact symptom result in search page
1077,痰鸣如吼,duguji,not_found,dayi,not_found,duguji: HTTP 404: page does not exist; dayi: no exact symptom result in search page
1080,痰热,duguji,not_found,dayi,not_found,duguji: HTTP 404: page does not exist; dayi: no exact symptom result in search page
1078,痰黏,duguji,not_found,dayi,not_found,duguji: HTTP 404: page does not exist; dayi: no exact symptom result in search page
1085,痰稀,duguji,not_found,dayi,not_found,duguji: HTTP 404: page does not exist; dayi: no exact symptom result in search page
1084,痰盛,duguji,not_found,dayi,not_found,duguji: HTTP 404: page does not exist; dayi: no exact symptom result in search page
1086,痰涎壅盛,duguji,not_found,dayi,not_found,duguji: HTTP 404: page does not exist; dayi: no exact symptom result in search page
1090,痰壅,duguji,not_found,dayi,not_found,duguji: HTTP 404: page does not exist; dayi: no exact symptom result in search page
1083,痰少,duguji,not_found,dayi,not_found,duguji: HTTP 404: page does not exist; dayi: no exact symptom result in search page
1089,痰饮咳喘,duguji,not_found,dayi,not_found,duguji: HTTP 404: page does not exist; dayi: no exact symptom result in search page
1093,痰浊黄稠,duguji,not_found,dayi,not_found,duguji: HTTP 404: page does not exist; dayi: no exact symptom result in search page
1096,体乏,duguji,not_found,dayi,not_found,duguji: HTTP 404: page does not exist; dayi: no exact symptom result in search page
1095,疼痛夜甚,duguji,not_found,dayi,not_found,duguji: HTTP 404: page does not exist; dayi: no exact symptom result in search page
1097,体乏无力,duguji,not_found,dayi,not_found,duguji: HTTP 404: page does not exist; dayi: no exact symptom result in search page
1098,体倦,duguji,not_found,dayi,not_found,duguji: HTTP 404: page does not exist; dayi: no exact symptom result in search page
1099,体疲,duguji,not_found,dayi,not_found,duguji: HTTP 404: page does not exist; dayi: no exact symptom result in search page
1100,体弱,duguji,not_found,dayi,not_found,duguji: HTTP 404: page does not exist; dayi: no exact symptom result in search page
1104,体虚欲脱,duguji,not_found,dayi,not_found,duguji: HTTP 404: page does not exist; dayi: no exact symptom result in search page
1103,体虚乏力,duguji,not_found,dayi,not_found,duguji: HTTP 404: page does not exist; dayi: no exact symptom result in search page
1102,体虚多汗,duguji,not_found,dayi,not_found,duguji: HTTP 404: page does not exist; dayi: no exact symptom result in search page
1114,痛,duguji,no_definition,dayi,not_found,duguji: raw page parsed but no definition found; dayi: no exact symptom result in search page
1105,体虛,duguji,not_found,dayi,not_found,duguji: HTTP 404: page does not exist; dayi: no exact symptom result in search page
1107,涕中带血,duguji,not_found,dayi,not_found,duguji: HTTP 404: page does not exist; dayi: no exact symptom result in search page
1106,涕黄稠,duguji,not_found,dayi,not_found,duguji: HTTP 404: page does not exist; dayi: no exact symptom result in search page
1109,听衰,duguji,not_found,dayi,not_found,duguji: HTTP 404: page does not exist; dayi: no exact symptom result in search page
1111,停乳,duguji,not_found,dayi,not_found,duguji: HTTP 404: page does not exist; dayi: no exact symptom result in search page
1115,痛处拒按,duguji,not_found,dayi,not_found,duguji: HTTP 404: page does not exist; dayi: no exact symptom result in search page
1121,头部剌痛,duguji,not_found,dayi,not_found,duguji: HTTP 404: page does not exist; dayi: no exact symptom result in search page
1120,头部疖肿,duguji,not_found,dayi,not_found,duguji: HTTP 404: page does not exist; dayi: no exact symptom result in search page
1118,痛甚,duguji,not_found,dayi,not_found,duguji: HTTP 404: page does not exist; dayi: no exact symptom result in search page
1122,头部胀痛,duguji,not_found,dayi,not_found,duguji: HTTP 404: page does not exist; dayi: no exact symptom result in search page
1123,头发早白,duguji,not_found,dayi,not_found,duguji: HTTP 404: page does not exist; dayi: no exact symptom result in search page
1125,头剌痛,duguji,not_found,dayi,not_found,duguji: HTTP 404: page does not exist; dayi: no exact symptom result in search page
1126,头面部神经痛,duguji,not_found,dayi,not_found,duguji: HTTP 404: page does not exist; dayi: no exact symptom result in search page
1127,头面疼痛,duguji,not_found,dayi,not_found,duguji: HTTP 404: page does not exist; dayi: no exact symptom result in search page
1128,头目不清,duguji,not_found,dayi,not_found,duguji: HTTP 404: page does not exist; dayi: no exact symptom result in search page
1129,头皮光亮,duguji,not_found,dayi,not_found,duguji: HTTP 404: page does not exist; dayi: no exact symptom result in search page
1131,头身困重,duguji,not_found,dayi,not_found,duguji: HTTP 404: page does not exist; dayi: no exact symptom result in search page
1132,头疼痛,duguji,not_found,dayi,not_found,duguji: HTTP 404: page does not exist; dayi: no exact symptom result in search page
1135,头痛如裹,duguji,not_found,dayi,not_found,duguji: HTTP 404: page does not exist; dayi: no exact symptom result in search page
1136,头项强,duguji,not_found,dayi,not_found,duguji: HTTP 404: page does not exist; dayi: no exact symptom result in search page
1134,头痛日久,duguji,not_found,dayi,not_found,duguji: HTTP 404: page does not exist; dayi: no exact symptom result in search page
1137,头项痛,duguji,not_found,dayi,not_found,duguji: HTTP 404: page does not exist; dayi: no exact symptom result in search page
1139,头痈,duguji,not_found,dayi,not_found,duguji: HTTP 404: page does not exist; dayi: no exact symptom result in search page
1146,吐脓,duguji,not_found,dayi,not_found,duguji: HTTP 404: page does not exist; dayi: no exact symptom result in search page
1147,吐衄,duguji,not_found,dayi,not_found,duguji: HTTP 404: page does not exist; dayi: no exact symptom result in search page
1148,吐痰,duguji,not_found,dayi,not_found,duguji: HTTP 404: page does not exist; dayi: no exact symptom result in search page
1149,吐痰清稀,duguji,not_found,dayi,not_found,duguji: HTTP 404: page does not exist; dayi: no exact symptom result in search page
1151,吐泻腹痛,duguji,not_found,dayi,not_found,duguji: HTTP 404: page does not exist; dayi: no exact symptom result in search page
1153,腿疲软,duguji,not_found,dayi,not_found,duguji: HTTP 404: page does not exist; dayi: no exact symptom result in search page
1154,腿疲痛,duguji,not_found,dayi,not_found,duguji: HTTP 404: page does not exist; dayi: no exact symptom result in search page
1155,腿软,duguji,not_found,dayi,not_found,duguji: HTTP 404: page does not exist; dayi: no exact symptom result in search page
1156,腿疼痛，重者痛剧不能转侧,duguji,not_found,dayi,not_found,duguji: HTTP 404: page does not exist; dayi: no exact symptom result in search page
1162,椭圆形红斑,duguji,not_found,dayi,not_found,duguji: HTTP 404: page does not exist; dayi: no exact symptom result in search page
1163,外伤发炎,duguji,not_found,dayi,not_found,duguji: HTTP 404: page does not exist; dayi: no exact symptom result in search page
1164,外伤红肿,duguji,not_found,dayi,not_found,duguji: HTTP 404: page does not exist; dayi: no exact symptom result in search page
1165,外伤破溃,duguji,not_found,dayi,not_found,duguji: HTTP 404: page does not exist; dayi: no exact symptom result in search page
1172,脘腹痞满,duguji,not_found,dayi,not_found,duguji: HTTP 404: page does not exist; dayi: no exact symptom result in search page
1169,脘腹刺痛,duguji,not_found,dayi,not_found,duguji: HTTP 404: page does not exist; dayi: no exact symptom result in search page
1170,脘腹冷,duguji,not_found,dayi,not_found,duguji: HTTP 404: page does not exist; dayi: no exact symptom result in search page
1176,脘腹胁痛,duguji,not_found,dayi,not_found,duguji: HTTP 404: page does not exist; dayi: no exact symptom result in search page
1181,脘闷,duguji,not_found,dayi,not_found,duguji: HTTP 404: page does not exist; dayi: no exact symptom result in search page
1179,脘腹胀闷,duguji,not_found,dayi,not_found,duguji: HTTP 404: page does not exist; dayi: no exact symptom result in search page
1182,脘闷不舒,duguji,not_found,dayi,not_found,duguji: HTTP 404: page does not exist; dayi: no exact symptom result in search page
1184,脘痞不饥,duguji,not_found,dayi,not_found,duguji: HTTP 404: page does not exist; dayi: no exact symptom result in search page
1185,脘痞呕吐,duguji,not_found,dayi,not_found,duguji: HTTP 404: page does not exist; dayi: no exact symptom result in search page
1188,微恶风寒,duguji,not_found,dayi,not_found,duguji: HTTP 404: page does not exist; dayi: no exact symptom result in search page
1186,脘胁疼痛,duguji,not_found,dayi,not_found,duguji: HTTP 404: page does not exist; dayi: no exact symptom result in search page
1187,脘胁胀痛,duguji,not_found,dayi,not_found,duguji: HTTP 404: page does not exist; dayi: no exact symptom result in search page
1189,微渴,duguji,not_found,dayi,not_found,duguji: HTTP 404: page does not exist; dayi: no exact symptom result in search page
1194,胃肠积热,duguji,not_found,dayi,not_found,duguji: HTTP 404: page does not exist; dayi: no exact symptom result in search page
1195,胃肠术后腹胀,duguji,not_found,dayi,not_found,duguji: HTTP 404: page does not exist; dayi: no exact symptom result in search page
1196,胃肠衰弱,duguji,not_found,dayi,not_found,duguji: HTTP 404: page does not exist; dayi: no exact symptom result in search page
1201,胃溃疡出血、十二指肠溃疡出血,duguji,not_found,dayi,not_found,duguji: HTTP 404: page does not exist; dayi: no exact symptom result in search page
1206,胃痛绵绵,duguji,not_found,dayi,not_found,duguji: HTTP 404: page does not exist; dayi: no exact symptom result in search page
1205,胃痛拘急,duguji,not_found,dayi,not_found,duguji: HTTP 404: page does not exist; dayi: no exact symptom result in search page
1207,胃痛隐隐,duguji,not_found,dayi,not_found,duguji: HTTP 404: page does not exist; dayi: no exact symptom result in search page
1209,胃脘不舒,duguji,not_found,dayi,not_found,duguji: HTTP 404: page does not exist; dayi: no exact symptom result in search page
1211,胃脘嘈杂不适,duguji,not_found,dayi,not_found,duguji: HTTP 404: page does not exist; dayi: no exact symptom result in search page
1210,胃脘嘈杂,duguji,not_found,dayi,not_found,duguji: HTTP 404: page does not exist; dayi: no exact symptom result in search page
1212,胃脘刺痛,duguji,not_found,dayi,not_found,duguji: HTTP 404: page does not exist; dayi: no exact symptom result in search page
1213,胃脘剌痛,duguji,not_found,dayi,not_found,duguji: HTTP 404: page does not exist; dayi: no exact symptom result in search page
1215,胃脘挛痛,duguji,not_found,dayi,not_found,duguji: HTTP 404: page does not exist; dayi: no exact symptom result in search page
1216,胃脘痞满,duguji,not_found,dayi,not_found,duguji: HTTP 404: page does not exist; dayi: no exact symptom result in search page
1217,胃脘痞闷,duguji,not_found,dayi,not_found,duguji: HTTP 404: page does not exist; dayi: no exact symptom result in search page
1219,胃脘烧灼感,duguji,not_found,dayi,not_found,duguji: HTTP 404: page does not exist; dayi: no exact symptom result in search page
1218,胃脘痞塞,duguji,not_found,dayi,not_found,duguji: HTTP 404: page does not exist; dayi: no exact symptom result in search page
1220,胃脘疼痛,duguji,not_found,dayi,not_found,duguji: HTTP 404: page does not exist; dayi: no exact symptom result in search page
1222,胃脘胀满,duguji,not_found,dayi,not_found,duguji: HTTP 404: page does not exist; dayi: no exact symptom result in search page
1226,胃胀满,duguji,not_found,dayi,not_found,duguji: HTTP 404: page does not exist; dayi: no exact symptom result in search page
1227,胃中灼热,duguji,not_found,dayi,not_found,duguji: HTTP 404: page does not exist; dayi: no exact symptom result in search page
1229,瘟疫发热,duguji,not_found,dayi,not_found,duguji: HTTP 404: page does not exist; dayi: no exact symptom result in search page
1232,无乳,duguji,not_found,dayi,not_found,duguji: HTTP 404: page does not exist; dayi: no exact symptom result in search page
1231,无名肿痛,duguji,not_found,dayi,not_found,duguji: HTTP 404: page does not exist; dayi: no exact symptom result in search page
1233,五更溏泻,duguji,not_found,dayi,not_found,duguji: HTTP 404: page does not exist; dayi: no exact symptom result in search page
1237,膝部痿软,duguji,not_found,dayi,not_found,duguji: HTTP 404: page does not exist; dayi: no exact symptom result in search page
1240,喜暖,duguji,not_found,dayi,not_found,duguji: HTTP 404: page does not exist; dayi: no exact symptom result in search page
1239,膝酸痛,duguji,not_found,dayi,not_found,duguji: HTTP 404: page does not exist; dayi: no exact symptom result in search page
1238,膝软乏力,duguji,not_found,dayi,not_found,duguji: HTTP 404: page does not exist; dayi: no exact symptom result in search page
1244,下痢脓血,duguji,not_found,dayi,not_found,duguji: HTTP 404: page does not exist; dayi: no exact symptom result in search page
1243,下痢臭秽,duguji,not_found,dayi,not_found,duguji: HTTP 404: page does not exist; dayi: no exact symptom result in search page
1245,下气甚痛,duguji,not_found,dayi,not_found,duguji: HTTP 404: page does not exist; dayi: no exact symptom result in search page
1249,下肢浮肿,duguji,not_found,dayi,not_found,duguji: HTTP 404: page does not exist; dayi: no exact symptom result in search page
1247,下元虚冷,duguji,not_found,dayi,not_found,duguji: HTTP 404: page does not exist; dayi: no exact symptom result in search page
1250,下肢痿软,duguji,not_found,dayi,not_found,duguji: HTTP 404: page does not exist; dayi: no exact symptom result in search page
1248,下肢沉重,duguji,not_found,dayi,not_found,duguji: HTTP 404: page does not exist; dayi: no exact symptom result in search page
1251,下肢痿弱,duguji,not_found,dayi,not_found,duguji: HTTP 404: page does not exist; dayi: no exact symptom result in search page
1253,夏令中恶昏厥,duguji,not_found,dayi,not_found,duguji: HTTP 404: page does not exist; dayi: no exact symptom result in search page
1254,项背强急不舒,duguji,not_found,dayi,not_found,duguji: HTTP 404: page does not exist; dayi: no exact symptom result in search page
1261,消痩,duguji,not_found,dayi,not_found,duguji: HTTP 404: page does not exist; dayi: no exact symptom result in search page
1255,项背强痛,duguji,not_found,dayi,not_found,duguji: HTTP 404: page does not exist; dayi: no exact symptom result in search page
1256,项背强直,duguji,not_found,dayi,not_found,duguji: HTTP 404: page does not exist; dayi: no exact symptom result in search page
1264,小便白浊,duguji,not_found,dayi,not_found,duguji: HTTP 404: page does not exist; dayi: no exact symptom result in search page
1263,魈血,duguji,not_found,dayi,not_found,duguji: HTTP 404: page does not exist; dayi: no exact symptom result in search page
1266,小便不爽,duguji,not_found,dayi,not_found,duguji: HTTP 404: page does not exist; dayi: no exact symptom result in search page
1271,小便短少,duguji,not_found,dayi,not_found,duguji: HTTP 404: page does not exist; dayi: no exact symptom result in search page
1269,小便滴沥不净,duguji,not_found,dayi,not_found,duguji: HTTP 404: page does not exist; dayi: no exact symptom result in search page
1272,小便黄,duguji,not_found,dayi,not_found,duguji: HTTP 404: page does not exist; dayi: no exact symptom result in search page
1274,小便黄少,duguji,not_found,dayi,not_found,duguji: HTTP 404: page does not exist; dayi: no exact symptom result in search page
1277,小便淋浊,duguji,not_found,dayi,not_found,duguji: HTTP 404: page does not exist; dayi: no exact symptom result in search page
1276,小便淋漓不尽,duguji,not_found,dayi,not_found,duguji: HTTP 404: page does not exist; dayi: no exact symptom result in search page
1278,小便频急,duguji,not_found,dayi,not_found,duguji: HTTP 404: page does not exist; dayi: no exact symptom result in search page
1282,小便热,duguji,not_found,dayi,not_found,duguji: HTTP 404: page does not exist; dayi: no exact symptom result in search page
1280,小便频数短涩,duguji,not_found,dayi,not_found,duguji: HTTP 404: page does not exist; dayi: no exact symptom result in search page
1284,小便痛,duguji,not_found,dayi,not_found,duguji: HTTP 404: page does not exist; dayi: no exact symptom result in search page
1285,小儿顿咳,duguji,not_found,dayi,not_found,duguji: HTTP 404: page does not exist; dayi: no exact symptom result in search page
1286,小儿多汗,duguji,not_found,dayi,not_found,duguji: HTTP 404: page does not exist; dayi: no exact symptom result in search page
1290,小儿行迟,duguji,not_found,dayi,not_found,duguji: HTTP 404: page does not exist; dayi: no exact symptom result in search page
1287,小儿疳积发热,duguji,not_found,dayi,not_found,duguji: HTTP 404: page does not exist; dayi: no exact symptom result in search page
1293,小儿急热惊风,duguji,not_found,dayi,not_found,duguji: HTTP 404: page does not exist; dayi: no exact symptom result in search page
1292,小儿急惊,duguji,not_found,dayi,not_found,duguji: HTTP 404: page does not exist; dayi: no exact symptom result in search page
1291,小儿积滞化热,duguji,not_found,dayi,not_found,duguji: HTTP 404: page does not exist; dayi: no exact symptom result in search page
1294,小儿秋季腹泻,duguji,not_found,dayi,not_found,duguji: HTTP 404: page does not exist; dayi: no exact symptom result in search page
1295,小儿饮食积滞,duguji,not_found,dayi,not_found,duguji: HTTP 404: page does not exist; dayi: no exact symptom result in search page
1296,小腹拘急,duguji,not_found,dayi,not_found,duguji: HTTP 404: page does not exist; dayi: no exact symptom result in search page
1298,小腹两侧胀痛,duguji,not_found,dayi,not_found,duguji: HTTP 404: page does not exist; dayi: no exact symptom result in search page
1302,小腹喜热,duguji,not_found,dayi,not_found,duguji: HTTP 404: page does not exist; dayi: no exact symptom result in search page
1303,小腹下坠,duguji,not_found,dayi,not_found,duguji: HTTP 404: page does not exist; dayi: no exact symptom result in search page
1304,小腹隐痛,duguji,not_found,dayi,not_found,duguji: HTTP 404: page does not exist; dayi: no exact symptom result in search page
1307,小腹坠痛,duguji,not_found,dayi,not_found,duguji: HTTP 404: page does not exist; dayi: no exact symptom result in search page
1310,胁肋不舒,duguji,not_found,dayi,not_found,duguji: HTTP 404: page does not exist; dayi: no exact symptom result in search page
1311,胁肋部疼痛,duguji,not_found,dayi,not_found,duguji: HTTP 404: page does not exist; dayi: no exact symptom result in search page
1312,胁肋刺痛,duguji,not_found,dayi,not_found,duguji: HTTP 404: page does not exist; dayi: no exact symptom result in search page
1314,胁肋隐痛,duguji,not_found,dayi,not_found,duguji: HTTP 404: page does not exist; dayi: no exact symptom result in search page
1313,胁肋疼痛,duguji,not_found,dayi,not_found,duguji: HTTP 404: page does not exist; dayi: no exact symptom result in search page
1317,胁下痞块,duguji,not_found,dayi,not_found,duguji: HTTP 404: page does not exist; dayi: no exact symptom result in search page
1319,泄泻急迫,duguji,not_found,dayi,not_found,duguji: HTTP 404: page does not exist; dayi: no exact symptom result in search page
1320,泻而不爽,duguji,not_found,dayi,not_found,duguji: HTTP 404: page does not exist; dayi: no exact symptom result in search page
1323,心暴痛,duguji,not_found,dayi,not_found,duguji: HTTP 404: page does not exist; dayi: no exact symptom result in search page
1322,泻痢不爽,duguji,not_found,dayi,not_found,duguji: HTTP 404: page does not exist; dayi: no exact symptom result in search page
1326,心烦不宁,duguji,not_found,dayi,not_found,duguji: HTTP 404: page does not exist; dayi: no exact symptom result in search page
1325,心烦不寐,duguji,not_found,dayi,not_found,duguji: HTTP 404: page does not exist; dayi: no exact symptom result in search page
1327,心烦难寐,duguji,not_found,dayi,not_found,duguji: HTTP 404: page does not exist; dayi: no exact symptom result in search page
1328,心烦喜呕,duguji,not_found,dayi,not_found,duguji: HTTP 404: page does not exist; dayi: no exact symptom result in search page
1329,心腹刺痛,duguji,not_found,dayi,not_found,duguji: HTTP 404: page does not exist; dayi: no exact symptom result in search page
1330,心腹冷痛,duguji,not_found,dayi,not_found,duguji: HTTP 404: page does not exist; dayi: no exact symptom result in search page
1334,心悸不安,duguji,not_found,dayi,not_found,duguji: HTTP 404: page does not exist; dayi: no exact symptom result in search page
1335,心悸不宁,duguji,not_found,dayi,not_found,duguji: HTTP 404: page does not exist; dayi: no exact symptom result in search page
1341,心前区刺痛,duguji,not_found,dayi,not_found,duguji: HTTP 404: page does not exist; dayi: no exact symptom result in search page
1339,心气痛,duguji,not_found,dayi,not_found,duguji: HTTP 404: page does not exist; dayi: no exact symptom result in search page
1340,心气虚损,duguji,not_found,dayi,not_found,duguji: HTTP 404: page does not exist; dayi: no exact symptom result in search page
1342,心前区剌痛,duguji,not_found,dayi,not_found,duguji: HTTP 404: page does not exist; dayi: no exact symptom result in search page
1350,新旧瘀痛,duguji,not_found,dayi,not_found,duguji: HTTP 404: page does not exist; dayi: no exact symptom result in search page
1348,心胸烦热,duguji,not_found,dayi,not_found,duguji: HTTP 404: page does not exist; dayi: no exact symptom result in search page
1354,形体消瘦,duguji,not_found,dayi,not_found,duguji: HTTP 404: page does not exist; dayi: no exact symptom result in search page
1352,形瘦,duguji,not_found,dayi,not_found,duguji: HTTP 404: page does not exist; dayi: no exact symptom result in search page
1353,形体肥胖,duguji,not_found,dayi,not_found,duguji: HTTP 404: page does not exist; dayi: no exact symptom result in search page
1361,胸痹作痛,duguji,not_found,dayi,not_found,duguji: HTTP 404: page does not exist; dayi: no exact symptom result in search page
1364,胸部闷痛,duguji,not_found,dayi,not_found,duguji: HTTP 404: page does not exist; dayi: no exact symptom result in search page
1362,胸部憋闷,duguji,not_found,dayi,not_found,duguji: HTTP 404: page does not exist; dayi: no exact symptom result in search page
1365,胸部疼痛,duguji,not_found,dayi,not_found,duguji: HTTP 404: page does not exist; dayi: no exact symptom result in search page
1367,胸腹积水,duguji,not_found,dayi,not_found,duguji: HTTP 404: page does not exist; dayi: no exact symptom result in search page
1368,胸腹冷痛,duguji,not_found,dayi,not_found,duguji: HTTP 404: page does not exist; dayi: no exact symptom result in search page
1366,胸腹刺痛,duguji,not_found,dayi,not_found,duguji: HTTP 404: page does not exist; dayi: no exact symptom result in search page
1369,胸腹满闷,duguji,not_found,dayi,not_found,duguji: HTTP 404: page does not exist; dayi: no exact symptom result in search page
1370,胸腹闷胀,duguji,not_found,dayi,not_found,duguji: HTTP 404: page does not exist; dayi: no exact symptom result in search page
1371,胸腹水肿,duguji,not_found,dayi,not_found,duguji: HTTP 404: page does not exist; dayi: no exact symptom result in search page
1372,胸腹疼痛,duguji,not_found,dayi,not_found,duguji: HTTP 404: page does not exist; dayi: no exact symptom result in search page
1373,胸腹胀满,duguji,not_found,dayi,not_found,duguji: HTTP 404: page does not exist; dayi: no exact symptom result in search page
1374,胸腹胀闷,duguji,not_found,dayi,not_found,duguji: HTTP 404: page does not exist; dayi: no exact symptom result in search page
1375,胸腹胀痛,duguji,not_found,dayi,not_found,duguji: HTTP 404: page does not exist; dayi: no exact symptom result in search page
1377,胸膈满闷,duguji,not_found,dayi,not_found,duguji: HTTP 404: page does not exist; dayi: no exact symptom result in search page
1378,胸膈痞满,duguji,not_found,dayi,not_found,duguji: HTTP 404: page does not exist; dayi: no exact symptom result in search page
1380,胸膈痞塞,duguji,not_found,dayi,not_found,duguji: HTTP 404: page does not exist; dayi: no exact symptom result in search page
1381,胸膈胀满,duguji,not_found,dayi,not_found,duguji: HTTP 404: page does not exist; dayi: no exact symptom result in search page
1383,胸满郁闷,duguji,not_found,dayi,not_found,duguji: HTTP 404: page does not exist; dayi: no exact symptom result in search page
1385,胸闷不畅,duguji,not_found,dayi,not_found,duguji: HTTP 404: page does not exist; dayi: no exact symptom result in search page
1386,胸闷不适,duguji,not_found,dayi,not_found,duguji: HTTP 404: page does not exist; dayi: no exact symptom result in search page
1387,胸闷不舒,duguji,not_found,dayi,not_found,duguji: HTTP 404: page does not exist; dayi: no exact symptom result in search page
1388,胸闷作痛,duguji,not_found,dayi,not_found,duguji: HTTP 404: page does not exist; dayi: no exact symptom result in search page
1392,胸痛彻背,duguji,not_found,dayi,not_found,duguji: HTTP 404: page does not exist; dayi: no exact symptom result in search page
1394,胸脘痞闷,duguji,not_found,dayi,not_found,duguji: HTTP 404: page does not exist; dayi: no exact symptom result in search page
1395,胸脘胀满,duguji,not_found,dayi,not_found,duguji: HTTP 404: page does not exist; dayi: no exact symptom result in search page
1396,胸脘胀闷,duguji,not_found,dayi,not_found,duguji: HTTP 404: page does not exist; dayi: no exact symptom result in search page
1397,胸胁刺痛,duguji,not_found,dayi,not_found,duguji: HTTP 404: page does not exist; dayi: no exact symptom result in search page
1398,胸胁挫伤,duguji,not_found,dayi,not_found,duguji: HTTP 404: page does not exist; dayi: no exact symptom result in search page
1400,胸胁剌痛,duguji,not_found,dayi,not_found,duguji: HTTP 404: page does not exist; dayi: no exact symptom result in search page
1401,胸胁闷痛,duguji,not_found,dayi,not_found,duguji: HTTP 404: page does not exist; dayi: no exact symptom result in search page
1402,胸胁痞闷,duguji,not_found,dayi,not_found,duguji: HTTP 404: page does not exist; dayi: no exact symptom result in search page
1403,胸胁气滞,duguji,not_found,dayi,not_found,duguji: HTTP 404: page does not exist; dayi: no exact symptom result in search page
1404,胸胁疼痛,duguji,not_found,dayi,not_found,duguji: HTTP 404: page does not exist; dayi: no exact symptom result in search page
1406,胸胁隐痛,duguji,not_found,dayi,not_found,duguji: HTTP 404: page does not exist; dayi: no exact symptom result in search page
1407,胸胁胀,duguji,not_found,dayi,not_found,duguji: HTTP 404: page does not exist; dayi: no exact symptom result in search page
1408,胸胁胀满,duguji,not_found,dayi,not_found,duguji: HTTP 404: page does not exist; dayi: no exact symptom result in search page
1409,胸胁胀闷,duguji,not_found,dayi,not_found,duguji: HTTP 404: page does not exist; dayi: no exact symptom result in search page
1412,胸胀满,duguji,not_found,dayi,not_found,duguji: HTTP 404: page does not exist; dayi: no exact symptom result in search page
1413,胸胀痛,duguji,not_found,dayi,not_found,duguji: HTTP 404: page does not exist; dayi: no exact symptom result in search page
1410,胸胁胀痛,duguji,not_found,dayi,not_found,duguji: HTTP 404: page does not exist; dayi: no exact symptom result in search page
1411,胸胁作痛,duguji,not_found,dayi,not_found,duguji: HTTP 404: page does not exist; dayi: no exact symptom result in search page
1416,胸中闷热,duguji,not_found,dayi,not_found,duguji: HTTP 404: page does not exist; dayi: no exact symptom result in search page
1414,胸中憋闷,duguji,not_found,dayi,not_found,duguji: HTTP 404: page does not exist; dayi: no exact symptom result in search page
1415,胸中满闷,duguji,not_found,dayi,not_found,duguji: HTTP 404: page does not exist; dayi: no exact symptom result in search page
1417,胸中闷痛,duguji,not_found,dayi,not_found,duguji: HTTP 404: page does not exist; dayi: no exact symptom result in search page
1420,羞明流泪,duguji,not_found,dayi,not_found,duguji: HTTP 404: page does not exist; dayi: no exact symptom result in search page
1419,羞明多眵,duguji,not_found,dayi,not_found,duguji: HTTP 404: page does not exist; dayi: no exact symptom result in search page
1423,嗅觉迟钝,duguji,not_found,dayi,not_found,duguji: HTTP 404: page does not exist; dayi: no exact symptom result in search page
1428,虚烦不眠,duguji,not_found,dayi,not_found,duguji: HTTP 404: page does not exist; dayi: no exact symptom result in search page
1422,嗅觉不灵,duguji,not_found,dayi,not_found,duguji: HTTP 404: page does not exist; dayi: no exact symptom result in search page
1421,羞明畏光,duguji,not_found,dayi,not_found,duguji: HTTP 404: page does not exist; dayi: no exact symptom result in search page
1430,虚寒性出血,duguji,not_found,dayi,not_found,duguji: HTTP 404: page does not exist; dayi: no exact symptom result in search page
1433,虚劳咳喘,duguji,not_found,dayi,not_found,duguji: HTTP 404: page does not exist; dayi: no exact symptom result in search page
1432,虚劳久咳,duguji,not_found,dayi,not_found,duguji: HTTP 404: page does not exist; dayi: no exact symptom result in search page
1436,虚热不退,duguji,not_found,dayi,not_found,duguji: HTTP 404: page does not exist; dayi: no exact symptom result in search page
1450,血压偏高,duguji,not_found,dayi,not_found,duguji: HTTP 404: page does not exist; dayi: no exact symptom result in search page
1441,血管神经性头痛,duguji,not_found,dayi,not_found,duguji: HTTP 404: page does not exist; dayi: no exact symptom result in search page
1447,血热吐衄,duguji,not_found,dayi,not_found,duguji: HTTP 404: page does not exist; dayi: no exact symptom result in search page
1453,血肿疼痛,duguji,not_found,dayi,not_found,duguji: HTTP 404: page does not exist; dayi: no exact symptom result in search page
1446,血热吐紐,duguji,not_found,dayi,not_found,duguji: HTTP 404: page does not exist; dayi: no exact symptom result in search page
1461,牙龈肿,duguji,not_found,dayi,not_found,duguji: HTTP 404: page does not exist; dayi: no exact symptom result in search page
1466,咽部红,duguji,not_found,dayi,not_found,duguji: HTTP 404: page does not exist; dayi: no exact symptom result in search page
1468,咽部肿,duguji,not_found,dayi,not_found,duguji: HTTP 404: page does not exist; dayi: no exact symptom result in search page
1464,咽部不适,duguji,not_found,dayi,not_found,duguji: HTTP 404: page does not exist; dayi: no exact symptom result in search page
1467,咽部红肿,duguji,not_found,dayi,not_found,duguji: HTTP 404: page does not exist; dayi: no exact symptom result in search page
1469,咽部肿痛,duguji,not_found,dayi,not_found,duguji: HTTP 404: page does not exist; dayi: no exact symptom result in search page
1471,咽干喉痛,duguji,not_found,dayi,not_found,duguji: HTTP 404: page does not exist; dayi: no exact symptom result in search page
1472,咽干燥,duguji,not_found,dayi,not_found,duguji: HTTP 404: page does not exist; dayi: no exact symptom result in search page
1473,咽干灼热,duguji,not_found,dayi,not_found,duguji: HTTP 404: page does not exist; dayi: no exact symptom result in search page
1482,咽喉痛,duguji,no_definition,dayi,not_found,duguji: raw page parsed but no definition found; dayi: no exact symptom result in search page
1474,咽膈不利,duguji,not_found,dayi,not_found,duguji: HTTP 404: page does not exist; dayi: no exact symptom result in search page
1475,咽红,duguji,not_found,dayi,not_found,duguji: HTTP 404: page does not exist; dayi: no exact symptom result in search page
1476,咽红肿痛,duguji,not_found,dayi,not_found,duguji: HTTP 404: page does not exist; dayi: no exact symptom result in search page
1478,咽喉干,duguji,not_found,dayi,not_found,duguji: HTTP 404: page does not exist; dayi: no exact symptom result in search page
1479,咽喉干燥,duguji,not_found,dayi,not_found,duguji: HTTP 404: page does not exist; dayi: no exact symptom result in search page
1484,咽喉肿,duguji,not_found,dayi,not_found,duguji: HTTP 404: page does not exist; dayi: no exact symptom result in search page
1487,咽喉灼热,duguji,not_found,dayi,not_found,duguji: HTTP 404: page does not exist; dayi: no exact symptom result in search page
1486,咽喉肿痈,duguji,not_found,dayi,not_found,duguji: HTTP 404: page does not exist; dayi: no exact symptom result in search page
1488,咽黏膜充血,duguji,not_found,dayi,not_found,duguji: HTTP 404: page does not exist; dayi: no exact symptom result in search page
1492,咽痈,duguji,not_found,dayi,not_found,duguji: HTTP 404: page does not exist; dayi: no exact symptom result in search page
1490,咽下不利,duguji,not_found,dayi,not_found,duguji: HTTP 404: page does not exist; dayi: no exact symptom result in search page
1495,咽灼热感,duguji,not_found,dayi,not_found,duguji: HTTP 404: page does not exist; dayi: no exact symptom result in search page
1494,咽中有痰,duguji,not_found,dayi,not_found,duguji: HTTP 404: page does not exist; dayi: no exact symptom result in search page
1493,咽燥,duguji,not_found,dayi,not_found,duguji: HTTP 404: page does not exist; dayi: no exact symptom result in search page
1497,言语不清,duguji,not_found,dayi,not_found,duguji: HTTP 404: page does not exist; dayi: no exact symptom result in search page
1499,言语謇涩,duguji,not_found,dayi,not_found,duguji: HTTP 404: page does not exist; dayi: no exact symptom result in search page
1500,颜面部红斑,duguji,not_found,dayi,not_found,duguji: HTTP 404: page does not exist; dayi: no exact symptom result in search page
1498,言语不淸,duguji,not_found,dayi,not_found,duguji: HTTP 404: page does not exist; dayi: no exact symptom result in search page
1501,颜面皮肤光亮油腻,duguji,not_found,dayi,not_found,duguji: HTTP 404: page does not exist; dayi: no exact symptom result in search page
1502,眼边刺痒,duguji,not_found,dayi,not_found,duguji: HTTP 404: page does not exist; dayi: no exact symptom result in search page
1503,眼底瘀血,duguji,not_found,dayi,not_found,duguji: HTTP 404: page does not exist; dayi: no exact symptom result in search page
1515,阳痿,duguji,no_definition,dayi,not_found,duguji: raw page parsed but no definition found; dayi: no exact symptom result in search page
1506,眼睑红烂,duguji,not_found,dayi,not_found,duguji: HTTP 404: page does not exist; dayi: no exact symptom result in search page
1505,眼睑赤烂,duguji,not_found,dayi,not_found,duguji: HTTP 404: page does not exist; dayi: no exact symptom result in search page
1510,眼目昏花,duguji,not_found,dayi,not_found,duguji: HTTP 404: page does not exist; dayi: no exact symptom result in search page
1512,眼生翳膜,duguji,not_found,dayi,not_found,duguji: HTTP 404: page does not exist; dayi: no exact symptom result in search page
1508,眼睛痛痒,duguji,not_found,dayi,not_found,duguji: HTTP 404: page does not exist; dayi: no exact symptom result in search page
1511,眼目昏涩,duguji,not_found,dayi,not_found,duguji: HTTP 404: page does not exist; dayi: no exact symptom result in search page
1518,阳虚欲脱,duguji,not_found,dayi,not_found,duguji: HTTP 404: page does not exist; dayi: no exact symptom result in search page
1521,腰部疼痛,duguji,not_found,dayi,not_found,duguji: HTTP 404: page does not exist; dayi: no exact symptom result in search page
1522,腰部痿软,duguji,not_found,dayi,not_found,duguji: HTTP 404: page does not exist; dayi: no exact symptom result in search page
1523,腰骶酸痛,duguji,not_found,dayi,not_found,duguji: HTTP 404: page does not exist; dayi: no exact symptom result in search page
1524,腰骶痛,duguji,not_found,dayi,not_found,duguji: HTTP 404: page does not exist; dayi: no exact symptom result in search page
1525,腰骶胀痛,duguji,not_found,dayi,not_found,duguji: HTTP 404: page does not exist; dayi: no exact symptom result in search page
1528,腰脊冷痛,duguji,not_found,dayi,not_found,duguji: HTTP 404: page does not exist; dayi: no exact symptom result in search page
1526,腰腹疼痛,duguji,not_found,dayi,not_found,duguji: HTTP 404: page does not exist; dayi: no exact symptom result in search page
1530,腰脊疼痛,duguji,not_found,dayi,not_found,duguji: HTTP 404: page does not exist; dayi: no exact symptom result in search page
1529,腰脊酸痛,duguji,not_found,dayi,not_found,duguji: HTTP 404: page does not exist; dayi: no exact symptom result in search page
1537,腰膝关节酸重,duguji,not_found,dayi,not_found,duguji: HTTP 404: page does not exist; dayi: no exact symptom result in search page
1535,腰腿疼痛重着,duguji,not_found,dayi,not_found,duguji: HTTP 404: page does not exist; dayi: no exact symptom result in search page
1533,腰腿酸软,duguji,not_found,dayi,not_found,duguji: HTTP 404: page does not exist; dayi: no exact symptom result in search page
1538,腰膝关节疼痛,duguji,not_found,dayi,not_found,duguji: HTTP 404: page does not exist; dayi: no exact symptom result in search page
1539,腰膝冷痛,duguji,not_found,dayi,not_found,duguji: HTTP 404: page does not exist; dayi: no exact symptom result in search page
1540,腰膝痠软,duguji,not_found,dayi,not_found,duguji: HTTP 404: page does not exist; dayi: no exact symptom result in search page
1544,腰膝酸重,duguji,not_found,dayi,not_found,duguji: HTTP 404: page does not exist; dayi: no exact symptom result in search page
1541,腰膝酸冷,duguji,not_found,dayi,not_found,duguji: HTTP 404: page does not exist; dayi: no exact symptom result in search page
1543,腰膝酸痛,duguji,not_found,dayi,not_found,duguji: HTTP 404: page does not exist; dayi: no exact symptom result in search page
1545,腰膝疼痛,duguji,not_found,dayi,not_found,duguji: HTTP 404: page does not exist; dayi: no exact symptom result in search page
1550,夜盲昏花,duguji,not_found,dayi,not_found,duguji: HTTP 404: page does not exist; dayi: no exact symptom result in search page
1548,夜间遗尿,duguji,not_found,dayi,not_found,duguji: HTTP 404: page does not exist; dayi: no exact symptom result in search page
1547,药食中毒,duguji,not_found,dayi,not_found,duguji: HTTP 404: page does not exist; dayi: no exact symptom result in search page
1551,夜寐不安,duguji,not_found,dayi,not_found,duguji: HTTP 404: page does not exist; dayi: no exact symptom result in search page
1563,抑郁,duguji,no_definition,dayi,not_found,duguji: raw page parsed but no definition found; dayi: no exact symptom result in search page
1552,夜梦,duguji,not_found,dayi,not_found,duguji: HTTP 404: page does not exist; dayi: no exact symptom result in search page
1555,夜尿频,duguji,not_found,dayi,not_found,duguji: HTTP 404: page does not exist; dayi: no exact symptom result in search page
1554,夜眠不宁,duguji,not_found,dayi,not_found,duguji: HTTP 404: page does not exist; dayi: no exact symptom result in search page
1553,夜眠不安,duguji,not_found,dayi,not_found,duguji: HTTP 404: page does not exist; dayi: no exact symptom result in search page
1556,夜尿频多,duguji,not_found,dayi,not_found,duguji: HTTP 404: page does not exist; dayi: no exact symptom result in search page
1567,易惊,duguji,not_found,dayi,not_found,duguji: HTTP 404: page does not exist; dayi: no exact symptom result in search page
1565,易感风邪,duguji,not_found,dayi,not_found,duguji: HTTP 404: page does not exist; dayi: no exact symptom result in search page
1569,翳膜遮睛,duguji,not_found,dayi,not_found,duguji: HTTP 404: page does not exist; dayi: no exact symptom result in search page
1568,易怒,duguji,not_found,dayi,not_found,duguji: HTTP 404: page does not exist; dayi: no exact symptom result in search page
1566,易饥,duguji,not_found,dayi,not_found,duguji: HTTP 404: page does not exist; dayi: no exact symptom result in search page
1571,阴道干燥,duguji,not_found,dayi,not_found,duguji: HTTP 404: page does not exist; dayi: no exact symptom result in search page
1573,阴疽不敛,duguji,not_found,dayi,not_found,duguji: HTTP 404: page does not exist; dayi: no exact symptom result in search page
1575,阴疽肿痛,duguji,not_found,dayi,not_found,duguji: HTTP 404: page does not exist; dayi: no exact symptom result in search page
1576,阴囊湿痒,duguji,not_found,dayi,not_found,duguji: HTTP 404: page does not exist; dayi: no exact symptom result in search page
1574,阴疽初起,duguji,not_found,dayi,not_found,duguji: HTTP 404: page does not exist; dayi: no exact symptom result in search page
1580,饮酒过多,duguji,not_found,dayi,not_found,duguji: HTTP 404: page does not exist; dayi: no exact symptom result in search page
1584,饮食少进,duguji,not_found,dayi,not_found,duguji: HTTP 404: page does not exist; dayi: no exact symptom result in search page
1579,音哑,duguji,not_found,dayi,not_found,duguji: HTTP 404: page does not exist; dayi: no exact symptom result in search page
1581,饮食不化,duguji,not_found,dayi,not_found,duguji: HTTP 404: page does not exist; dayi: no exact symptom result in search page
1587,阴部肿块,duguji,not_found,dayi,not_found,duguji: HTTP 404: page does not exist; dayi: no exact symptom result in search page
1595,痈疽疔毒,duguji,not_found,dayi,not_found,duguji: HTTP 404: page does not exist; dayi: no exact symptom result in search page
1591,癭瘤初起,duguji,not_found,dayi,not_found,duguji: HTTP 404: page does not exist; dayi: no exact symptom result in search page
1596,痈疽难溃,duguji,not_found,dayi,not_found,duguji: HTTP 404: page does not exist; dayi: no exact symptom result in search page
1594,痈疽不溃,duguji,not_found,dayi,not_found,duguji: HTTP 404: page does not exist; dayi: no exact symptom result in search page
1590,嬴瘦,duguji,not_found,dayi,not_found,duguji: HTTP 404: page does not exist; dayi: no exact symptom result in search page
1597,痈疽肿毒,duguji,not_found,dayi,not_found,duguji: HTTP 404: page does not exist; dayi: no exact symptom result in search page
1601,痈肿溃烂,duguji,not_found,dayi,not_found,duguji: HTTP 404: page does not exist; dayi: no exact symptom result in search page
1598,痈疽肿痛,duguji,not_found,dayi,not_found,duguji: HTTP 404: page does not exist; dayi: no exact symptom result in search page
1600,痈肿疮疡,duguji,not_found,dayi,not_found,duguji: HTTP 404: page does not exist; dayi: no exact symptom result in search page
1602,涌吐痰涎,duguji,not_found,dayi,not_found,duguji: HTTP 404: page does not exist; dayi: no exact symptom result in search page
1605,右上腹隐隐作痛,duguji,not_found,dayi,not_found,duguji: HTTP 404: page does not exist; dayi: no exact symptom result in search page
1604,有血块,duguji,not_found,dayi,not_found,duguji: HTTP 404: page does not exist; dayi: no exact symptom result in search page
1609,瘀血肿胀,duguji,not_found,dayi,not_found,duguji: HTTP 404: page does not exist; dayi: no exact symptom result in search page
1608,瘀血不尽,duguji,not_found,dayi,not_found,duguji: HTTP 404: page does not exist; dayi: no exact symptom result in search page
1606,右胁胀满,duguji,not_found,dayi,not_found,duguji: HTTP 404: page does not exist; dayi: no exact symptom result in search page
1625,晕船,duguji,no_definition,dayi,not_found,duguji: raw page parsed but no definition found; dayi: no exact symptom result in search page
1626,晕眩,duguji,no_definition,dayi,not_found,duguji: raw page parsed but no definition found; dayi: no exact symptom result in search page
1611,瘀阻经闭,duguji,not_found,dayi,not_found,duguji: HTTP 404: page does not exist; dayi: no exact symptom result in search page
1612,鱼蟹中毒,duguji,not_found,dayi,not_found,duguji: HTTP 404: page does not exist; dayi: no exact symptom result in search page
1613,语言不利,duguji,not_found,dayi,not_found,duguji: HTTP 404: page does not exist; dayi: no exact symptom result in search page
1615,郁闷心烦,duguji,not_found,dayi,not_found,duguji: HTTP 404: page does not exist; dayi: no exact symptom result in search page
1618,月经后错,duguji,not_found,dayi,not_found,duguji: HTTP 404: page does not exist; dayi: no exact symptom result in search page
1620,月经量多，味臭,duguji,not_found,dayi,not_found,duguji: HTTP 404: page does not exist; dayi: no exact symptom result in search page
1623,月经先后不定期,duguji,not_found,dayi,not_found,duguji: HTTP 404: page does not exist; dayi: no exact symptom result in search page
1627,运动劳损,duguji,not_found,dayi,not_found,duguji: HTTP 404: page does not exist; dayi: no exact symptom result in search page
1629,脏血,duguji,not_found,dayi,not_found,duguji: HTTP 404: page does not exist; dayi: no exact symptom result in search page
1628,脏器下垂,duguji,not_found,dayi,not_found,duguji: HTTP 404: page does not exist; dayi: no exact symptom result in search page
1634,燥渴,duguji,not_found,dayi,not_found,duguji: HTTP 404: page does not exist; dayi: no exact symptom result in search page
1633,燥咳少痰,duguji,not_found,dayi,not_found,duguji: HTTP 404: page does not exist; dayi: no exact symptom result in search page
1639,谵狂,duguji,not_found,dayi,not_found,duguji: HTTP 404: page does not exist; dayi: no exact symptom result in search page
1645,癥积,duguji,not_found,dayi,not_found,duguji: HTTP 404: page does not exist; dayi: no exact symptom result in search page
1643,真元不足,duguji,not_found,dayi,not_found,duguji: HTTP 404: page does not exist; dayi: no exact symptom result in search page
1648,癥瘕痞块,duguji,not_found,dayi,not_found,duguji: HTTP 404: page does not exist; dayi: no exact symptom result in search page
1649,癥块,duguji,not_found,dayi,not_found,duguji: HTTP 404: page does not exist; dayi: no exact symptom result in search page
1647,癥瘕腹痛,duguji,not_found,dayi,not_found,duguji: HTTP 404: page does not exist; dayi: no exact symptom result in search page
1651,支气管扩张出血,duguji,not_found,dayi,not_found,duguji: HTTP 404: page does not exist; dayi: no exact symptom result in search page
1652,肢浮肿,duguji,not_found,dayi,not_found,duguji: HTTP 404: page does not exist; dayi: no exact symptom result in search page
1653,肢节疼痛,duguji,not_found,dayi,not_found,duguji: HTTP 404: page does not exist; dayi: no exact symptom result in search page
1655,肢冷,duguji,not_found,dayi,not_found,duguji: HTTP 404: page does not exist; dayi: no exact symptom result in search page
1654,肢倦乏力,duguji,not_found,dayi,not_found,duguji: HTTP 404: page does not exist; dayi: no exact symptom result in search page
1657,肢酸,duguji,not_found,dayi,not_found,duguji: HTTP 404: page does not exist; dayi: no exact symptom result in search page
1656,肢麻,duguji,not_found,dayi,not_found,duguji: HTTP 404: page does not exist; dayi: no exact symptom result in search page
1667,肢体困重,duguji,no_definition,dayi,not_found,duguji: raw page parsed but no definition found; dayi: no exact symptom result in search page
1660,肢体沉重,duguji,not_found,dayi,not_found,duguji: HTTP 404: page does not exist; dayi: no exact symptom result in search page
1658,肢体不利,duguji,not_found,dayi,not_found,duguji: HTTP 404: page does not exist; dayi: no exact symptom result in search page
1659,肢体不用,duguji,not_found,dayi,not_found,duguji: HTTP 404: page does not exist; dayi: no exact symptom result in search page
1662,肢体浮肿,duguji,not_found,dayi,not_found,duguji: HTTP 404: page does not exist; dayi: no exact symptom result in search page
1661,肢体乏力,duguji,not_found,dayi,not_found,duguji: HTTP 404: page does not exist; dayi: no exact symptom result in search page
1663,肢体关节疼痛,duguji,not_found,dayi,not_found,duguji: HTTP 404: page does not exist; dayi: no exact symptom result in search page
1665,肢体肌肉萎缩,duguji,not_found,dayi,not_found,duguji: HTTP 404: page does not exist; dayi: no exact symptom result in search page
1664,肢体活动受限,duguji,not_found,dayi,not_found,duguji: HTTP 404: page does not exist; dayi: no exact symptom result in search page
1666,肢体拘挛,duguji,not_found,dayi,not_found,duguji: HTTP 404: page does not exist; dayi: no exact symptom result in search page
1668,肢体剌痛,duguji,not_found,dayi,not_found,duguji: HTTP 404: page does not exist; dayi: no exact symptom result in search page
1670,肢体麻木拘挛,duguji,not_found,dayi,not_found,duguji: HTTP 404: page does not exist; dayi: no exact symptom result in search page
1671,肢体酸痛,duguji,not_found,dayi,not_found,duguji: HTTP 404: page does not exist; dayi: no exact symptom result in search page
1672,肢体酸重,duguji,not_found,dayi,not_found,duguji: HTTP 404: page does not exist; dayi: no exact symptom result in search page
1674,肢体胸痛,duguji,not_found,dayi,not_found,duguji: HTTP 404: page does not exist; dayi: no exact symptom result in search page
1678,痔疮肿,duguji,not_found,dayi,not_found,duguji: HTTP 404: page does not exist; dayi: no exact symptom result in search page
1680,痔血,duguji,not_found,dayi,not_found,duguji: HTTP 404: page does not exist; dayi: no exact symptom result in search page
1686,肿毒,duguji,not_found,dayi,not_found,duguji: HTTP 404: page does not exist; dayi: no exact symptom result in search page
1681,痔肿,duguji,not_found,dayi,not_found,duguji: HTTP 404: page does not exist; dayi: no exact symptom result in search page
1689,肿硬作痛,duguji,not_found,dayi,not_found,duguji: HTTP 404: page does not exist; dayi: no exact symptom result in search page
1688,肿痛羞明,duguji,not_found,dayi,not_found,duguji: HTTP 404: page does not exist; dayi: no exact symptom result in search page
1691,肿胀麻木,duguji,not_found,dayi,not_found,duguji: HTTP 404: page does not exist; dayi: no exact symptom result in search page
1693,周身乏力,duguji,not_found,dayi,not_found,duguji: HTTP 404: page does not exist; dayi: no exact symptom result in search page
1694,转筋挛急,duguji,not_found,dayi,not_found,duguji: HTTP 404: page does not exist; dayi: no exact symptom result in search page
1695,转筋挛痛,duguji,not_found,dayi,not_found,duguji: HTTP 404: page does not exist; dayi: no exact symptom result in search page
1700,浊涕臭气,duguji,not_found,dayi,not_found,duguji: HTTP 404: page does not exist; dayi: no exact symptom result in search page
1708,足抽搐,duguji,not_found,dayi,not_found,duguji: HTTP 404: page does not exist; dayi: no exact symptom result in search page
1705,子痫抽搐,duguji,not_found,dayi,not_found,duguji: HTTP 404: page does not exist; dayi: no exact symptom result in search page
1703,子宫功能性出血,duguji,not_found,dayi,not_found,duguji: HTTP 404: page does not exist; dayi: no exact symptom result in search page
1709,足跟疼痛,duguji,not_found,dayi,not_found,duguji: HTTP 404: page does not exist; dayi: no exact symptom result in search page
1710,足胫红肿热痛,duguji,not_found,dayi,not_found,duguji: HTTP 404: page does not exist; dayi: no exact symptom result in search page
1711,足拘挛,duguji,not_found,dayi,not_found,duguji: HTTP 404: page does not exist; dayi: no exact symptom result in search page
1712,足冷,duguji,not_found,dayi,not_found,duguji: HTTP 404: page does not exist; dayi: no exact symptom result in search page
1714,足痿筋挛,duguji,not_found,dayi,not_found,duguji: HTTP 404: page does not exist; dayi: no exact symptom result in search page
1713,足麻木,duguji,not_found,dayi,not_found,duguji: HTTP 404: page does not exist; dayi: no exact symptom result in search page
1717,足肿胀,duguji,not_found,dayi,not_found,duguji: HTTP 404: page does not exist; dayi: no exact symptom result in search page
1715,足膝红肿,duguji,not_found,dayi,not_found,duguji: HTTP 404: page does not exist; dayi: no exact symptom result in search page
1716,足膝红肿热痛,duguji,not_found,dayi,not_found,duguji: HTTP 404: page does not exist; dayi: no exact symptom result in search page
1720,不得平卧,duguji,not_found,dayi,not_found,duguji: HTTP 404: page does not exist; dayi: no exact symptom result in search page
1723,不饥食少,duguji,not_found,dayi,not_found,duguji: HTTP 404: page does not exist; dayi: no exact symptom result in search page
1721,不眠,duguji,not_found,dayi,not_found,duguji: HTTP 404: page does not exist; dayi: no exact symptom result in search page
1722,不语,duguji,not_found,dayi,not_found,duguji: HTTP 404: page does not exist; dayi: no exact symptom result in search page
1725,中恶昏迷,duguji,not_found,dayi,not_found,duguji: HTTP 404: page does not exist; dayi: no exact symptom result in search page
1727,中风痰迷,duguji,not_found,dayi,not_found,duguji: HTTP 404: page does not exist; dayi: no exact symptom result in search page
1728,久不收口,duguji,not_found,dayi,not_found,duguji: HTTP 404: page does not exist; dayi: no exact symptom result in search page
1729,久咳胸痛,duguji,not_found,dayi,not_found,duguji: HTTP 404: page does not exist; dayi: no exact symptom result in search page
1726,中暑发痧,duguji,not_found,dayi,not_found,duguji: HTTP 404: page does not exist; dayi: no exact symptom result in search page
1730,久溃不敛,duguji,not_found,dayi,not_found,duguji: HTTP 404: page does not exist; dayi: no exact symptom result in search page
1733,乳痈肿痛,duguji,not_found,dayi,not_found,duguji: HTTP 404: page does not exist; dayi: no exact symptom result in search page
1732,乳房结块,duguji,not_found,dayi,not_found,duguji: HTTP 404: page does not exist; dayi: no exact symptom result in search page
1739,二便不利,duguji,not_found,dayi,not_found,duguji: HTTP 404: page does not exist; dayi: no exact symptom result in search page
1738,乳闭,duguji,not_found,dayi,not_found,duguji: HTTP 404: page does not exist; dayi: no exact symptom result in search page
1745,产后淤阻,duguji,not_found,dayi,not_found,duguji: HTTP 404: page does not exist; dayi: no exact symptom result in search page
1741,亦气疼痛,duguji,not_found,dayi,not_found,duguji: HTTP 404: page does not exist; dayi: no exact symptom result in search page
1746,产后瘀滞,duguji,not_found,dayi,not_found,duguji: HTTP 404: page does not exist; dayi: no exact symptom result in search page
1743,产后手足浮肿,duguji,not_found,dayi,not_found,duguji: HTTP 404: page does not exist; dayi: no exact symptom result in search page
1748,产后瘀血,duguji,not_found,dayi,not_found,duguji: HTTP 404: page does not exist; dayi: no exact symptom result in search page
1747,产后瘀滞腹痛,duguji,not_found,dayi,not_found,duguji: HTTP 404: page does not exist; dayi: no exact symptom result in search page
1759,体倦乏力,duguji,no_definition,dayi,not_found,duguji: raw page parsed but no definition found; dayi: no exact symptom result in search page
1763,偏正头痛,duguji,no_definition,dayi,not_found,duguji: raw page parsed but no definition found; dayi: no exact symptom result in search page
1750,产后瘀阻,duguji,not_found,dayi,not_found,duguji: HTTP 404: page does not exist; dayi: no exact symptom result in search page
1749,产后瘀血腹痛,duguji,not_found,dayi,not_found,duguji: HTTP 404: page does not exist; dayi: no exact symptom result in search page
1751,产后瘀阻腹痛,duguji,not_found,dayi,not_found,duguji: HTTP 404: page does not exist; dayi: no exact symptom result in search page
1753,产后血虚发热,duguji,not_found,dayi,not_found,duguji: HTTP 404: page does not exist; dayi: no exact symptom result in search page
1755,伤酒口渴,duguji,not_found,dayi,not_found,duguji: HTTP 404: page does not exist; dayi: no exact symptom result in search page
1758,伤食腹痛腹泻,duguji,not_found,dayi,not_found,duguji: HTTP 404: page does not exist; dayi: no exact symptom result in search page
1762,便塘,duguji,not_found,dayi,not_found,duguji: HTTP 404: page does not exist; dayi: no exact symptom result in search page
1761,作喘,duguji,not_found,dayi,not_found,duguji: HTTP 404: page does not exist; dayi: no exact symptom result in search page
1764,健忘多梦,duguji,not_found,dayi,not_found,duguji: HTTP 404: page does not exist; dayi: no exact symptom result in search page
1765,关窍不通,duguji,not_found,dayi,not_found,duguji: HTTP 404: page does not exist; dayi: no exact symptom result in search page
1766,关节痿软,duguji,not_found,dayi,not_found,duguji: HTTP 404: page does not exist; dayi: no exact symptom result in search page
1769,内伤出血,duguji,not_found,dayi,not_found,duguji: HTTP 404: page does not exist; dayi: no exact symptom result in search page
1768,关节酸,duguji,not_found,dayi,not_found,duguji: HTTP 404: page does not exist; dayi: no exact symptom result in search page
1771,冻疮.,duguji,not_found,dayi,not_found,duguji: HTTP 404: page does not exist; dayi: no exact symptom result in search page
1775,历节痹痛,duguji,not_found,dayi,not_found,duguji: HTTP 404: page does not exist; dayi: no exact symptom result in search page
1773,劳伤腰痛,duguji,not_found,dayi,not_found,duguji: HTTP 404: page does not exist; dayi: no exact symptom result in search page
1776,历节风痛,duguji,not_found,dayi,not_found,duguji: HTTP 404: page does not exist; dayi: no exact symptom result in search page
1778,发痧,duguji,not_found,dayi,not_found,duguji: HTTP 404: page does not exist; dayi: no exact symptom result in search page
1781,口眼㖞斜,duguji,not_found,dayi,not_found,duguji: HTTP 404: page does not exist; dayi: no exact symptom result in search page
1780,口㖞,duguji,not_found,dayi,not_found,duguji: HTTP 404: page does not exist; dayi: no exact symptom result in search page
1782,口眼喝斜,duguji,not_found,dayi,not_found,duguji: HTTP 404: page does not exist; dayi: no exact symptom result in search page
1784,口蜗,duguji,not_found,dayi,not_found,duguji: HTTP 404: page does not exist; dayi: no exact symptom result in search page
1783,口眼干燥综合征,duguji,not_found,dayi,not_found,duguji: HTTP 404: page does not exist; dayi: no exact symptom result in search page
1795,咳嗽气喘,duguji,no_definition,dayi,not_found,duguji: raw page parsed but no definition found; dayi: no exact symptom result in search page
1787,吐泻转筋,duguji,not_found,dayi,not_found,duguji: HTTP 404: page does not exist; dayi: no exact symptom result in search page
1789,呕吐呃逆,duguji,not_found,dayi,not_found,duguji: HTTP 404: page does not exist; dayi: no exact symptom result in search page
1790,呕吐腹痛,duguji,not_found,dayi,not_found,duguji: HTTP 404: page does not exist; dayi: no exact symptom result in search page
1792,呕逆吐酸,duguji,not_found,dayi,not_found,duguji: HTTP 404: page does not exist; dayi: no exact symptom result in search page
1791,呕哕,duguji,not_found,dayi,not_found,duguji: HTTP 404: page does not exist; dayi: no exact symptom result in search page
1793,咯吐不出,duguji,not_found,dayi,not_found,duguji: HTTP 404: page does not exist; dayi: no exact symptom result in search page
1794,咳喘痰多,duguji,not_found,dayi,not_found,duguji: HTTP 404: page does not exist; dayi: no exact symptom result in search page
1798,咽喉干痛,duguji,not_found,dayi,not_found,duguji: HTTP 404: page does not exist; dayi: no exact symptom result in search page
1802,喉痹肿痛,duguji,not_found,dayi,not_found,duguji: HTTP 404: page does not exist; dayi: no exact symptom result in search page
1801,喉痹乳蛾,duguji,not_found,dayi,not_found,duguji: HTTP 404: page does not exist; dayi: no exact symptom result in search page
1803,喉肿痛,duguji,not_found,dayi,not_found,duguji: HTTP 404: page does not exist; dayi: no exact symptom result in search page
1812,夏伤暑湿,duguji,not_found,dayi,not_found,duguji: HTTP 404: page does not exist; dayi: no exact symptom result in search page
1809,四肢痿软,duguji,not_found,dayi,not_found,duguji: HTTP 404: page does not exist; dayi: no exact symptom result in search page
1810,壮热烦渴,duguji,not_found,dayi,not_found,duguji: HTTP 404: page does not exist; dayi: no exact symptom result in search page
1808,四肢挛急疼痛,duguji,not_found,dayi,not_found,duguji: HTTP 404: page does not exist; dayi: no exact symptom result in search page
1814,外伤肿痛,duguji,not_found,dayi,not_found,duguji: HTTP 404: page does not exist; dayi: no exact symptom result in search page
1813,外伤出血,duguji,not_found,dayi,not_found,duguji: HTTP 404: page does not exist; dayi: no exact symptom result in search page
1836,子宫颈癌,duguji,no_definition,dayi,not_found,duguji: raw page parsed but no definition found; dayi: no exact symptom result in search page
1815,外感发热,duguji,not_found,dayi,not_found,duguji: HTTP 404: page does not exist; dayi: no exact symptom result in search page
1818,大头瘟疫,duguji,not_found,dayi,not_found,duguji: HTTP 404: page does not exist; dayi: no exact symptom result in search page
1823,头痛头晕,duguji,not_found,dayi,not_found,duguji: HTTP 404: page does not exist; dayi: no exact symptom result in search page
1827,头身疼痛,duguji,not_found,dayi,not_found,duguji: HTTP 404: page does not exist; dayi: no exact symptom result in search page
1830,妇女断乳,duguji,not_found,dayi,not_found,duguji: HTTP 404: page does not exist; dayi: no exact symptom result in search page
1831,妇女湿热带下,duguji,not_found,dayi,not_found,duguji: HTTP 404: page does not exist; dayi: no exact symptom result in search page
1824,头痛目赤,duguji,not_found,dayi,not_found,duguji: HTTP 404: page does not exist; dayi: no exact symptom result in search page
1839,寒湿呕逆,duguji,not_found,dayi,not_found,duguji: HTTP 404: page does not exist; dayi: no exact symptom result in search page
1837,实热积滞便秘,duguji,not_found,dayi,not_found,duguji: HTTP 404: page does not exist; dayi: no exact symptom result in search page
1842,寒疝腹痛,duguji,not_found,dayi,not_found,duguji: HTTP 404: page does not exist; dayi: no exact symptom result in search page
1844,寒积便秘,duguji,not_found,dayi,not_found,duguji: HTTP 404: page does not exist; dayi: no exact symptom result in search page
1848,小便短赤涩痛,duguji,not_found,dayi,not_found,duguji: HTTP 404: page does not exist; dayi: no exact symptom result in search page
1850,小便赤,duguji,not_found,dayi,not_found,duguji: HTTP 404: page does not exist; dayi: no exact symptom result in search page
1851,小便遗沥,duguji,not_found,dayi,not_found,duguji: HTTP 404: page does not exist; dayi: no exact symptom result in search page
1854,小儿惊啼,duguji,not_found,dayi,not_found,duguji: HTTP 404: page does not exist; dayi: no exact symptom result in search page
1866,尿闭,duguji,no_definition,dayi,not_found,duguji: raw page parsed but no definition found; dayi: no exact symptom result in search page
1857,小儿慢惊,duguji,not_found,dayi,not_found,duguji: HTTP 404: page does not exist; dayi: no exact symptom result in search page
1860,小儿痰热惊痫,duguji,not_found,dayi,not_found,duguji: HTTP 404: page does not exist; dayi: no exact symptom result in search page
1858,小儿疳热,duguji,not_found,dayi,not_found,duguji: HTTP 404: page does not exist; dayi: no exact symptom result in search page
1863,尿少涩痛,duguji,not_found,dayi,not_found,duguji: HTTP 404: page does not exist; dayi: no exact symptom result in search page
1862,少阴伏风头痛,duguji,not_found,dayi,not_found,duguji: HTTP 404: page does not exist; dayi: no exact symptom result in search page
1861,小儿高热抽搐,duguji,not_found,dayi,not_found,duguji: HTTP 404: page does not exist; dayi: no exact symptom result in search page
1864,尿热涩痛,duguji,not_found,dayi,not_found,duguji: HTTP 404: page does not exist; dayi: no exact symptom result in search page
1869,崩漏下血,duguji,not_found,dayi,not_found,duguji: HTTP 404: page does not exist; dayi: no exact symptom result in search page
1872,带下阴痒,duguji,not_found,dayi,not_found,duguji: HTTP 404: page does not exist; dayi: no exact symptom result in search page
1877,庁肿,duguji,not_found,dayi,not_found,duguji: HTTP 404: page does not exist; dayi: no exact symptom result in search page
1878,弛缓胃肌,duguji,not_found,dayi,not_found,duguji: HTTP 404: page does not exist; dayi: no exact symptom result in search page
1885,心胸郁闷,duguji,not_found,dayi,not_found,duguji: HTTP 404: page does not exist; dayi: no exact symptom result in search page
1886,心腹暴痛,duguji,not_found,dayi,not_found,duguji: HTTP 404: page does not exist; dayi: no exact symptom result in search page
1887,心腹疼痛,duguji,not_found,dayi,not_found,duguji: HTTP 404: page does not exist; dayi: no exact symptom result in search page
1888,心腹瘀痛,duguji,not_found,dayi,not_found,duguji: HTTP 404: page does not exist; dayi: no exact symptom result in search page
1898,惊痛,duguji,not_found,dayi,not_found,duguji: HTTP 404: page does not exist; dayi: no exact symptom result in search page
1893,急性鼓膜炎,duguji,not_found,dayi,not_found,duguji: HTTP 404: page does not exist; dayi: no exact symptom result in search page
1897,恶露不行,duguji,not_found,dayi,not_found,duguji: HTTP 404: page does not exist; dayi: no exact symptom result in search page
1903,感冒风寒,duguji,not_found,dayi,not_found,duguji: HTTP 404: page does not exist; dayi: no exact symptom result in search page
1928,昏迷不醒,duguji,no_definition,dayi,not_found,duguji: raw page parsed but no definition found; dayi: no exact symptom result in search page
1909,手足瘈疭,duguji,not_found,dayi,not_found,duguji: HTTP 404: page does not exist; dayi: no exact symptom result in search page
1933,杨梅疮,duguji,no_definition,dayi,not_found,duguji: raw page parsed but no definition found; dayi: no exact symptom result in search page
1914,挛痛,duguji,not_found,dayi,not_found,duguji: HTTP 404: page does not exist; dayi: no exact symptom result in search page
1911,扭挫伤痛,duguji,not_found,dayi,not_found,duguji: HTTP 404: page does not exist; dayi: no exact symptom result in search page
1915,损伤出血,duguji,not_found,dayi,not_found,duguji: HTTP 404: page does not exist; dayi: no exact symptom result in search page
1922,无痰,duguji,not_found,dayi,not_found,duguji: HTTP 404: page does not exist; dayi: no exact symptom result in search page
1947,泛酸,duguji,no_definition,dayi,not_found,duguji: raw page parsed but no definition found; dayi: no exact symptom result in search page
1923,早期肝硬化,duguji,not_found,dayi,not_found,duguji: HTTP 404: page does not exist; dayi: no exact symptom result in search page
1927,昏花,duguji,not_found,dayi,not_found,duguji: HTTP 404: page does not exist; dayi: no exact symptom result in search page
1926,时疫感冒,duguji,not_found,dayi,not_found,duguji: HTTP 404: page does not exist; dayi: no exact symptom result in search page
1929,晐嗽,duguji,not_found,dayi,not_found,duguji: HTTP 404: page does not exist; dayi: no exact symptom result in search page
1938,气喘痰多,duguji,not_found,dayi,not_found,duguji: HTTP 404: page does not exist; dayi: no exact symptom result in search page
1944,水肿胀满尿少,duguji,not_found,dayi,not_found,duguji: HTTP 404: page does not exist; dayi: no exact symptom result in search page
1948,泻痢后重,duguji,not_found,dayi,not_found,duguji: HTTP 404: page does not exist; dayi: no exact symptom result in search page
1943,水肿胀满,duguji,not_found,dayi,not_found,duguji: HTTP 404: page does not exist; dayi: no exact symptom result in search page
1955,淋巴结肿痛,duguji,not_found,dayi,not_found,duguji: HTTP 404: page does not exist; dayi: no exact symptom result in search page
1956,淋沥涩痛,duguji,not_found,dayi,not_found,duguji: HTTP 404: page does not exist; dayi: no exact symptom result in search page
1959,温疫时毒,duguji,not_found,dayi,not_found,duguji: HTTP 404: page does not exist; dayi: no exact symptom result in search page
1963,湿热淋证,duguji,not_found,dayi,not_found,duguji: HTTP 404: page does not exist; dayi: no exact symptom result in search page
1964,湿热疮满,duguji,not_found,dayi,not_found,duguji: HTTP 404: page does not exist; dayi: no exact symptom result in search page
1973,澹语,duguji,not_found,dayi,not_found,duguji: HTTP 404: page does not exist; dayi: no exact symptom result in search page
1965,湿热痢疾,duguji,not_found,dayi,not_found,duguji: HTTP 404: page does not exist; dayi: no exact symptom result in search page
1969,湿痹病,duguji,not_found,dayi,not_found,duguji: HTTP 404: page does not exist; dayi: no exact symptom result in search page
1974,火毒疮疡,duguji,not_found,dayi,not_found,duguji: HTTP 404: page does not exist; dayi: no exact symptom result in search page
1990,焮肿,duguji,not_found,dayi,not_found,duguji: HTTP 404: page does not exist; dayi: no exact symptom result in search page
2002,疗疮,duguji,not_found,dayi,not_found,duguji: HTTP 404: page does not exist; dayi: no exact symptom result in search page
1993,牙龈肿痛出血,duguji,not_found,dayi,not_found,duguji: HTTP 404: page does not exist; dayi: no exact symptom result in search page
2003,疝气疼痛,duguji,not_found,dayi,not_found,duguji: HTTP 404: page does not exist; dayi: no exact symptom result in search page
2004,疝气痛,duguji,not_found,dayi,not_found,duguji: HTTP 404: page does not exist; dayi: no exact symptom result in search page
2001,疗毒,duguji,not_found,dayi,not_found,duguji: HTTP 404: page does not exist; dayi: no exact symptom result in search page
2014,疫毒感冒,duguji,not_found,dayi,not_found,duguji: HTTP 404: page does not exist; dayi: no exact symptom result in search page
2015,疮满,duguji,not_found,dayi,not_found,duguji: HTTP 404: page does not exist; dayi: no exact symptom result in search page
2008,疟疾寒热,duguji,not_found,dayi,not_found,duguji: HTTP 404: page does not exist; dayi: no exact symptom result in search page
2019,疮疡痈肿,duguji,not_found,dayi,not_found,duguji: HTTP 404: page does not exist; dayi: no exact symptom result in search page
2021,疮疳,duguji,not_found,dayi,not_found,duguji: HTTP 404: page does not exist; dayi: no exact symptom result in search page
2022,疮痈,duguji,not_found,dayi,not_found,duguji: HTTP 404: page does not exist; dayi: no exact symptom result in search page
2020,疮疡肿毒,duguji,not_found,dayi,not_found,duguji: HTTP 404: page does not exist; dayi: no exact symptom result in search page
2024,疮癞,duguji,not_found,dayi,not_found,duguji: HTTP 404: page does not exist; dayi: no exact symptom result in search page
2023,疮痈肿毒,duguji,not_found,dayi,not_found,duguji: HTTP 404: page does not exist; dayi: no exact symptom result in search page
2025,疳肿,duguji,not_found,dayi,not_found,duguji: HTTP 404: page does not exist; dayi: no exact symptom result in search page
2027,疼痛麻木,duguji,not_found,dayi,not_found,duguji: HTTP 404: page does not exist; dayi: no exact symptom result in search page
2030,痈疖,duguji,not_found,dayi,not_found,duguji: HTTP 404: page does not exist; dayi: no exact symptom result in search page
2028,病后虚热不退,duguji,not_found,dayi,not_found,duguji: HTTP 404: page does not exist; dayi: no exact symptom result in search page
2031,痈疖肿毒,duguji,not_found,dayi,not_found,duguji: HTTP 404: page does not exist; dayi: no exact symptom result in search page
2064,瘟疫,duguji,no_definition,dayi,not_found,duguji: raw page parsed but no definition found; dayi: no exact symptom result in search page
2036,痈疽疮疡,duguji,not_found,dayi,not_found,duguji: HTTP 404: page does not exist; dayi: no exact symptom result in search page
2035,痈疽疮毒,duguji,not_found,dayi,not_found,duguji: HTTP 404: page does not exist; dayi: no exact symptom result in search page
2033,痈疮肿毒,duguji,not_found,dayi,not_found,duguji: HTTP 404: page does not exist; dayi: no exact symptom result in search page
2039,痈肿疮毒,duguji,not_found,dayi,not_found,duguji: HTTP 404: page does not exist; dayi: no exact symptom result in search page
2051,痧胀腹痛吐泻,duguji,not_found,dayi,not_found,duguji: HTTP 404: page does not exist; dayi: no exact symptom result in search page
2061,痹疽,duguji,not_found,dayi,not_found,duguji: HTTP 404: page does not exist; dayi: no exact symptom result in search page
2058,痰热喘嗽,duguji,not_found,dayi,not_found,duguji: HTTP 404: page does not exist; dayi: no exact symptom result in search page
2069,療疬,duguji,not_found,dayi,not_found,duguji: HTTP 404: page does not exist; dayi: no exact symptom result in search page
2070,療痂,duguji,not_found,dayi,not_found,duguji: HTTP 404: page does not exist; dayi: no exact symptom result in search page
2071,癌痕,duguji,not_found,dayi,not_found,duguji: HTTP 404: page does not exist; dayi: no exact symptom result in search page
2075,癣疮,duguji,not_found,dayi,not_found,duguji: HTTP 404: page does not exist; dayi: no exact symptom result in search page
2072,癌肿,duguji,not_found,dayi,not_found,duguji: HTTP 404: page does not exist; dayi: no exact symptom result in search page
2090,白细胞减少症,duguji,no_definition,dayi,not_found,duguji: raw page parsed but no definition found; dayi: no exact symptom result in search page
2076,癣疾,duguji,not_found,dayi,not_found,duguji: HTTP 404: page does not exist; dayi: no exact symptom result in search page
2077,癥瘕结块,duguji,not_found,dayi,not_found,duguji: HTTP 404: page does not exist; dayi: no exact symptom result in search page
2081,癲狂,duguji,not_found,dayi,not_found,duguji: HTTP 404: page does not exist; dayi: no exact symptom result in search page
2086,白浊带下,duguji,not_found,dayi,not_found,duguji: HTTP 404: page does not exist; dayi: no exact symptom result in search page
2085,白带过多,duguji,not_found,dayi,not_found,duguji: HTTP 404: page does not exist; dayi: no exact symptom result in search page
2097,目暗,duguji,not_found,dayi,not_found,duguji: HTTP 404: page does not exist; dayi: no exact symptom result in search page
2096,皮肤顽癣,duguji,not_found,dayi,not_found,duguji: HTTP 404: page does not exist; dayi: no exact symptom result in search page
2098,目涩痛,duguji,not_found,dayi,not_found,duguji: HTTP 404: page does not exist; dayi: no exact symptom result in search page
2104,眩悸,duguji,not_found,dayi,not_found,duguji: HTTP 404: page does not exist; dayi: no exact symptom result in search page
2107,睾丸肿痛,duguji,not_found,dayi,not_found,duguji: HTTP 404: page does not exist; dayi: no exact symptom result in search page
2106,眼结膜炎,duguji,not_found,dayi,not_found,duguji: HTTP 404: page does not exist; dayi: no exact symptom result in search page
2123,细菌性感染,duguji,no_definition,dayi,not_found,duguji: raw page parsed but no definition found; dayi: no exact symptom result in search page
2112,筋伤骨折,duguji,not_found,dayi,not_found,duguji: HTTP 404: page does not exist; dayi: no exact symptom result in search page
2114,筋骨折伤,duguji,not_found,dayi,not_found,duguji: HTTP 404: page does not exist; dayi: no exact symptom result in search page
2116,筋骨痛,duguji,not_found,dayi,not_found,duguji: HTTP 404: page does not exist; dayi: no exact symptom result in search page
2117,筋骨痪软,duguji,not_found,dayi,not_found,duguji: HTTP 404: page does not exist; dayi: no exact symptom result in search page
2119,类血友病,duguji,not_found,dayi,not_found,duguji: HTTP 404: page does not exist; dayi: no exact symptom result in search page
2118,筋骨痰软,duguji,not_found,dayi,not_found,duguji: HTTP 404: page does not exist; dayi: no exact symptom result in search page
2135,继发性血小板减少性紫癜,duguji,no_definition,dayi,not_found,duguji: raw page parsed but no definition found; dayi: no exact symptom result in search page
2125,经多,duguji,not_found,dayi,not_found,duguji: HTTP 404: page does not exist; dayi: no exact symptom result in search page
2124,细菌性感染引起炎症肿毒,duguji,not_found,dayi,not_found,duguji: HTTP 404: page does not exist; dayi: no exact symptom result in search page
2126,经络气滞,duguji,not_found,dayi,not_found,duguji: HTTP 404: page does not exist; dayi: no exact symptom result in search page
2127,经闭痛经,duguji,not_found,dayi,not_found,duguji: HTTP 404: page does not exist; dayi: no exact symptom result in search page
2130,结核性瘘管,duguji,not_found,dayi,not_found,duguji: HTTP 404: page does not exist; dayi: no exact symptom result in search page
2128,结块,duguji,not_found,dayi,not_found,duguji: HTTP 404: page does not exist; dayi: no exact symptom result in search page
2132,结胸痞满,duguji,not_found,dayi,not_found,duguji: HTTP 404: page does not exist; dayi: no exact symptom result in search page
2136,缠身蛇丹,duguji,not_found,dayi,not_found,duguji: HTTP 404: page does not exist; dayi: no exact symptom result in search page
2133,绝经期眩晕,duguji,not_found,dayi,not_found,duguji: HTTP 404: page does not exist; dayi: no exact symptom result in search page
2138,聘耳流脓,duguji,not_found,dayi,not_found,duguji: HTTP 404: page does not exist; dayi: no exact symptom result in search page
2141,肉暗紫黑,duguji,not_found,dayi,not_found,duguji: HTTP 404: page does not exist; dayi: no exact symptom result in search page
2140,聤耳流脓,duguji,not_found,dayi,not_found,duguji: HTTP 404: page does not exist; dayi: no exact symptom result in search page
2145,肝病出血,duguji,not_found,dayi,not_found,duguji: HTTP 404: page does not exist; dayi: no exact symptom result in search page
2144,肝热头晕,duguji,not_found,dayi,not_found,duguji: HTTP 404: page does not exist; dayi: no exact symptom result in search page
2147,肝肾不足腰膝酸冷,duguji,not_found,dayi,not_found,duguji: HTTP 404: page does not exist; dayi: no exact symptom result in search page
2148,肝肾阴虚眩晕,duguji,not_found,dayi,not_found,duguji: HTTP 404: page does not exist; dayi: no exact symptom result in search page
2149,肝肾阴虚眩晕耳鸣,duguji,not_found,dayi,not_found,duguji: HTTP 404: page does not exist; dayi: no exact symptom result in search page
2151,肝胆病,duguji,not_found,dayi,not_found,duguji: HTTP 404: page does not exist; dayi: no exact symptom result in search page
2155,肠燥便秘,duguji,not_found,dayi,not_found,duguji: HTTP 404: page does not exist; dayi: no exact symptom result in search page
2157,肠痈肿痛,duguji,not_found,dayi,not_found,duguji: HTTP 404: page does not exist; dayi: no exact symptom result in search page
2160,肠风泻血,duguji,not_found,dayi,not_found,duguji: HTTP 404: page does not exist; dayi: no exact symptom result in search page
2161,肢体不遂,duguji,not_found,dayi,not_found,duguji: HTTP 404: page does not exist; dayi: no exact symptom result in search page
2163,肢体酸,duguji,not_found,dayi,not_found,duguji: HTTP 404: page does not exist; dayi: no exact symptom result in search page
2164,肢体重,duguji,not_found,dayi,not_found,duguji: HTTP 404: page does not exist; dayi: no exact symptom result in search page
2162,肢体痿软,duguji,not_found,dayi,not_found,duguji: HTTP 404: page does not exist; dayi: no exact symptom result in search page
2165,肢节拘挛,duguji,not_found,dayi,not_found,duguji: HTTP 404: page does not exist; dayi: no exact symptom result in search page
2166,肩臂痛,duguji,not_found,dayi,not_found,duguji: HTTP 404: page does not exist; dayi: no exact symptom result in search page
2167,肩臂酸,duguji,not_found,dayi,not_found,duguji: HTTP 404: page does not exist; dayi: no exact symptom result in search page
2168,肩臂酸痛麻木,duguji,not_found,dayi,not_found,duguji: HTTP 404: page does not exist; dayi: no exact symptom result in search page
2170,肺出血,duguji,not_found,dayi,not_found,duguji: HTTP 404: page does not exist; dayi: no exact symptom result in search page
2171,肺捞,duguji,not_found,dayi,not_found,duguji: HTTP 404: page does not exist; dayi: no exact symptom result in search page
2173,肺热咳喘,duguji,not_found,dayi,not_found,duguji: HTTP 404: page does not exist; dayi: no exact symptom result in search page
2175,肺热痰壅,duguji,not_found,dayi,not_found,duguji: HTTP 404: page does not exist; dayi: no exact symptom result in search page
2177,肺痈吐脓,duguji,not_found,dayi,not_found,duguji: HTTP 404: page does not exist; dayi: no exact symptom result in search page
2174,肺热喘嗽,duguji,not_found,dayi,not_found,duguji: HTTP 404: page does not exist; dayi: no exact symptom result in search page
2178,肺痨咳血,duguji,not_found,dayi,not_found,duguji: HTTP 404: page does not exist; dayi: no exact symptom result in search page
2180,肺结核咳嗽,duguji,not_found,dayi,not_found,duguji: HTTP 404: page does not exist; dayi: no exact symptom result in search page
2198,胆石症,duguji,no_definition,dayi,not_found,duguji: raw page parsed but no definition found; dayi: no exact symptom result in search page
2182,肺虚咳血,duguji,not_found,dayi,not_found,duguji: HTTP 404: page does not exist; dayi: no exact symptom result in search page
2183,肾与小腹冷痛,duguji,not_found,dayi,not_found,duguji: HTTP 404: page does not exist; dayi: no exact symptom result in search page
2187,肾炎水肿,duguji,not_found,dayi,not_found,duguji: HTTP 404: page does not exist; dayi: no exact symptom result in search page
2184,肾冷痛,duguji,not_found,dayi,not_found,duguji: HTTP 404: page does not exist; dayi: no exact symptom result in search page
2190,肾虚腰膝酸痛,duguji,not_found,dayi,not_found,duguji: HTTP 404: page does not exist; dayi: no exact symptom result in search page
2193,胀满疼痛,duguji,not_found,dayi,not_found,duguji: HTTP 404: page does not exist; dayi: no exact symptom result in search page
2191,肾虚阳痿,duguji,not_found,dayi,not_found,duguji: HTTP 404: page does not exist; dayi: no exact symptom result in search page
2196,胃肠道肿瘤,duguji,not_found,dayi,not_found,duguji: HTTP 404: page does not exist; dayi: no exact symptom result in search page
2200,胸中痞闷,duguji,not_found,dayi,not_found,duguji: HTTP 404: page does not exist; dayi: no exact symptom result in search page
2202,胸脘痞闷胀满,duguji,not_found,dayi,not_found,duguji: HTTP 404: page does not exist; dayi: no exact symptom result in search page
2201,胸痹刺痛,duguji,not_found,dayi,not_found,duguji: HTTP 404: page does not exist; dayi: no exact symptom result in search page
2204,胸腹胀闷疼痛,duguji,not_found,dayi,not_found,duguji: HTTP 404: page does not exist; dayi: no exact symptom result in search page
2203,胸腔积水,duguji,not_found,dayi,not_found,duguji: HTTP 404: page does not exist; dayi: no exact symptom result in search page
2205,胸膈不舒,duguji,not_found,dayi,not_found,duguji: HTTP 404: page does not exist; dayi: no exact symptom result in search page
2207,脉结代,duguji,not_found,dayi,not_found,duguji: HTTP 404: page does not exist; dayi: no exact symptom result in search page
2208,脓水淋漓,duguji,not_found,dayi,not_found,duguji: HTTP 404: page does not exist; dayi: no exact symptom result in search page
2209,脘痛,duguji,not_found,dayi,not_found,duguji: HTTP 404: page does not exist; dayi: no exact symptom result in search page
2210,脘痞吐泻,duguji,not_found,dayi,not_found,duguji: HTTP 404: page does not exist; dayi: no exact symptom result in search page
2219,脚癣,duguji,no_definition,dayi,not_found,duguji: raw page parsed but no definition found; dayi: no exact symptom result in search page
2211,脘痞呕恶,duguji,not_found,dayi,not_found,duguji: HTTP 404: page does not exist; dayi: no exact symptom result in search page
2212,脘腹挛急疼痛,duguji,not_found,dayi,not_found,duguji: HTTP 404: page does not exist; dayi: no exact symptom result in search page
2213,脘腹痞满胀痛,duguji,not_found,dayi,not_found,duguji: HTTP 404: page does not exist; dayi: no exact symptom result in search page
2214,脘腹胀满冷痛,duguji,not_found,dayi,not_found,duguji: HTTP 404: page does not exist; dayi: no exact symptom result in search page
2215,脘腹胁肋疼痛,duguji,not_found,dayi,not_found,duguji: HTTP 404: page does not exist; dayi: no exact symptom result in search page
2216,脘腹虛痛,duguji,not_found,dayi,not_found,duguji: HTTP 404: page does not exist; dayi: no exact symptom result in search page
2217,脚气肿毒,duguji,not_found,dayi,not_found,duguji: HTTP 404: page does not exist; dayi: no exact symptom result in search page
2218,脚气肿胀,duguji,not_found,dayi,not_found,duguji: HTTP 404: page does not exist; dayi: no exact symptom result in search page
2220,脱力劳伤,duguji,not_found,dayi,not_found,duguji: HTTP 404: page does not exist; dayi: no exact symptom result in search page
2221,脾肾虚泻,duguji,not_found,dayi,not_found,duguji: HTTP 404: page does not exist; dayi: no exact symptom result in search page
2223,脾虚食少,duguji,not_found,dayi,not_found,duguji: HTTP 404: page does not exist; dayi: no exact symptom result in search page
2225,腰冷痛,duguji,not_found,dayi,not_found,duguji: HTTP 404: page does not exist; dayi: no exact symptom result in search page
2226,腰腿疼痛,duguji,not_found,dayi,not_found,duguji: HTTP 404: page does not exist; dayi: no exact symptom result in search page
2228,腰膝关节酸重疼痛,duguji,not_found,dayi,not_found,duguji: HTTP 404: page does not exist; dayi: no exact symptom result in search page
2229,腰膝痿软,duguji,not_found,dayi,not_found,duguji: HTTP 404: page does not exist; dayi: no exact symptom result in search page
2248,菌痢,duguji,no_definition,dayi,not_found,duguji: raw page parsed but no definition found; dayi: no exact symptom result in search page
2234,腹绞痛,duguji,not_found,dayi,not_found,duguji: HTTP 404: page does not exist; dayi: no exact symptom result in search page
2235,腹腔积水,duguji,not_found,dayi,not_found,duguji: HTTP 404: page does not exist; dayi: no exact symptom result in search page
2256,蚕豆病,duguji,no_definition,dayi,not_found,duguji: raw page parsed but no definition found; dayi: no exact symptom result in search page
2238,膝关节沉重,duguji,not_found,dayi,not_found,duguji: HTTP 404: page does not exist; dayi: no exact symptom result in search page
2243,膝酸,duguji,not_found,dayi,not_found,duguji: HTTP 404: page does not exist; dayi: no exact symptom result in search page
2244,膝酸软,duguji,not_found,dayi,not_found,duguji: HTTP 404: page does not exist; dayi: no exact symptom result in search page
2251,虚热烦渴,duguji,not_found,dayi,not_found,duguji: HTTP 404: page does not exist; dayi: no exact symptom result in search page
2253,虫积食滞,duguji,not_found,dayi,not_found,duguji: HTTP 404: page does not exist; dayi: no exact symptom result in search page
2258,蛇咬蝎螫,duguji,not_found,dayi,not_found,duguji: HTTP 404: page does not exist; dayi: no exact symptom result in search page
2262,蛔虫腹痛,duguji,not_found,dayi,not_found,duguji: HTTP 404: page does not exist; dayi: no exact symptom result in search page
2264,蟹中毒,duguji,not_found,dayi,not_found,duguji: HTTP 404: page does not exist; dayi: no exact symptom result in search page
2267,血淋涩痛,duguji,not_found,dayi,not_found,duguji: HTTP 404: page does not exist; dayi: no exact symptom result in search page
2269,血热发斑,duguji,not_found,dayi,not_found,duguji: HTTP 404: page does not exist; dayi: no exact symptom result in search page
2268,血热便血,duguji,not_found,dayi,not_found,duguji: HTTP 404: page does not exist; dayi: no exact symptom result in search page
2270,血热发疹,duguji,not_found,dayi,not_found,duguji: HTTP 404: page does not exist; dayi: no exact symptom result in search page
2271,血热吐血,duguji,not_found,dayi,not_found,duguji: HTTP 404: page does not exist; dayi: no exact symptom result in search page
2272,血热咯血,duguji,not_found,dayi,not_found,duguji: HTTP 404: page does not exist; dayi: no exact symptom result in search page
2274,血热紫癜,duguji,not_found,dayi,not_found,duguji: HTTP 404: page does not exist; dayi: no exact symptom result in search page
2275,血热血淋,duguji,not_found,dayi,not_found,duguji: HTTP 404: page does not exist; dayi: no exact symptom result in search page
2279,赘疣,duguji,not_found,dayi,not_found,duguji: HTTP 404: page does not exist; dayi: no exact symptom result in search page
2276,血热衄血,duguji,not_found,dayi,not_found,duguji: HTTP 404: page does not exist; dayi: no exact symptom result in search page
2278,贲门部痉挛,duguji,not_found,dayi,not_found,duguji: HTTP 404: page does not exist; dayi: no exact symptom result in search page
2281,赤白痢疾,duguji,not_found,dayi,not_found,duguji: HTTP 404: page does not exist; dayi: no exact symptom result in search page
2292,醉酒,duguji,no_definition,dayi,not_found,duguji: raw page parsed but no definition found; dayi: no exact symptom result in search page
2285,跌扑闪挫,duguji,not_found,dayi,not_found,duguji: HTTP 404: page does not exist; dayi: no exact symptom result in search page
2284,跌扑损伤,duguji,not_found,dayi,not_found,duguji: HTTP 404: page does not exist; dayi: no exact symptom result in search page
2286,跌打伤肿,duguji,not_found,dayi,not_found,duguji: HTTP 404: page does not exist; dayi: no exact symptom result in search page
2283,趺扑肿痛,duguji,not_found,dayi,not_found,duguji: HTTP 404: page does not exist; dayi: no exact symptom result in search page
2287,跌打扭伤,duguji,not_found,dayi,not_found,duguji: HTTP 404: page does not exist; dayi: no exact symptom result in search page
2303,阳萎,duguji,no_definition,dayi,not_found,duguji: raw page parsed but no definition found; dayi: no exact symptom result in search page
2288,跌打骨折,duguji,not_found,dayi,not_found,duguji: HTTP 404: page does not exist; dayi: no exact symptom result in search page
2290,郁闷,duguji,not_found,dayi,not_found,duguji: HTTP 404: page does not exist; dayi: no exact symptom result in search page
2294,金疮出血,duguji,not_found,dayi,not_found,duguji: HTTP 404: page does not exist; dayi: no exact symptom result in search page
2299,阳毒发斑,duguji,not_found,dayi,not_found,duguji: HTTP 404: page does not exist; dayi: no exact symptom result in search page
2302,阳瘘,duguji,not_found,dayi,not_found,duguji: HTTP 404: page does not exist; dayi: no exact symptom result in search page
2305,阴寒腹痛,duguji,not_found,dayi,not_found,duguji: HTTP 404: page does not exist; dayi: no exact symptom result in search page
2300,阳痪,duguji,not_found,dayi,not_found,duguji: HTTP 404: page does not exist; dayi: no exact symptom result in search page
2301,阳痿不孕,duguji,not_found,dayi,not_found,duguji: HTTP 404: page does not exist; dayi: no exact symptom result in search page
2308,阴道滴虫,duguji,not_found,dayi,not_found,duguji: HTTP 404: page does not exist; dayi: no exact symptom result in search page
2306,阴虚劳嗽,duguji,not_found,dayi,not_found,duguji: HTTP 404: page does not exist; dayi: no exact symptom result in search page
2309,院腹冷痛,duguji,not_found,dayi,not_found,duguji: HTTP 404: page does not exist; dayi: no exact symptom result in search page
2310,院腹括闷,duguji,not_found,dayi,not_found,duguji: HTTP 404: page does not exist; dayi: no exact symptom result in search page
2321,风湿关节疼痛,duguji,not_found,dayi,not_found,duguji: HTTP 404: page does not exist; dayi: no exact symptom result in search page
2320,风水浮肿,duguji,not_found,dayi,not_found,duguji: HTTP 404: page does not exist; dayi: no exact symptom result in search page
2317,风寒挟湿头痛,duguji,not_found,dayi,not_found,duguji: HTTP 404: page does not exist; dayi: no exact symptom result in search page
2322,风湿关节痿软疼痛,duguji,not_found,dayi,not_found,duguji: HTTP 404: page does not exist; dayi: no exact symptom result in search page
2315,面目肌肤浮肿,duguji,not_found,dayi,not_found,duguji: HTTP 404: page does not exist; dayi: no exact symptom result in search page
2319,风寒湿痹痛,duguji,not_found,dayi,not_found,duguji: HTTP 404: page does not exist; dayi: no exact symptom result in search page
2331,风湿骨痛,duguji,no_definition,dayi,not_found,duguji: raw page parsed but no definition found; dayi: no exact symptom result in search page
2327,风湿肢体痿软疼痛,duguji,not_found,dayi,not_found,duguji: HTTP 404: page does not exist; dayi: no exact symptom result in search page
2326,风湿痹病,duguji,not_found,dayi,not_found,duguji: HTTP 404: page does not exist; dayi: no exact symptom result in search page
2328,风湿肩臂疼痛,duguji,not_found,dayi,not_found,duguji: HTTP 404: page does not exist; dayi: no exact symptom result in search page
2348,高血压病,duguji,no_definition,dayi,not_found,duguji: raw page parsed but no definition found; dayi: no exact symptom result in search page
2329,风湿肿痛,duguji,not_found,dayi,not_found,duguji: HTTP 404: page does not exist; dayi: no exact symptom result in search page
2330,风湿顽痹,duguji,not_found,dayi,not_found,duguji: HTTP 404: page does not exist; dayi: no exact symptom result in search page
2355,麻风,duguji,no_definition,dayi,not_found,duguji: raw page parsed but no definition found; dayi: no exact symptom result in search page
2334,风热郁肺咽痛,duguji,not_found,dayi,not_found,duguji: HTTP 404: page does not exist; dayi: no exact symptom result in search page
2336,风疹丹毒,duguji,not_found,dayi,not_found,duguji: HTTP 404: page does not exist; dayi: no exact symptom result in search page
2360,黄疽,duguji,no_definition,dayi,not_found,duguji: raw page parsed but no definition found; dayi: no exact symptom result in search page
2338,风痹病,duguji,not_found,dayi,not_found,duguji: HTTP 404: page does not exist; dayi: no exact symptom result in search page
2340,饮食不消,duguji,not_found,dayi,not_found,duguji: HTTP 404: page does not exist; dayi: no exact symptom result in search page
2345,高热抽搐,duguji,not_found,dayi,not_found,duguji: HTTP 404: page does not exist; dayi: no exact symptom result in search page
2349,鱼中毒,duguji,not_found,dayi,not_found,duguji: HTTP 404: page does not exist; dayi: no exact symptom result in search page
2354,麻醉止痛,duguji,not_found,dayi,not_found,duguji: HTTP 404: page does not exist; dayi: no exact symptom result in search page
2357,黄水淋漓,duguji,not_found,dayi,not_found,duguji: HTTP 404: page does not exist; dayi: no exact symptom result in search page
2359,黄水病,duguji,not_found,dayi,not_found,duguji: HTTP 404: page does not exist; dayi: no exact symptom result in search page
2361,黄肿胀满,duguji,not_found,dayi,not_found,duguji: HTTP 404: page does not exist; dayi: no exact symptom result in search page
2362,黏稠难咯,duguji,not_found,dayi,not_found,duguji: HTTP 404: page does not exist; dayi: no exact symptom result in search page
2363,鼻塞不通,duguji,not_found,dayi,not_found,duguji: HTTP 404: page does not exist; dayi: no exact symptom result in search page
