TCM_symptom_id,TCM_symptom_name,first_source,first_status,first_detail_url,first_message,second_source,second_status,second_detail_url,second_message,updated,updated_source
64,不育,duguji,ok,https://baike.duguji.cn/baike/w/%E4%B8%8D%E8%82%B2,,,skipped_first_source_success,,,yes,duguji
31,鼻咽部慢性炎症,duguji,not_found,https://baike.duguji.cn/baike/w/%E9%BC%BB%E5%92%BD%E9%83%A8%E6%85%A2%E6%80%A7%E7%82%8E%E7%97%87,HTTP 404: page does not exist,dayi,not_found,,no exact symptom result in search page,no,
55,病后虚弱,duguji,not_found,https://baike.duguji.cn/baike/w/%E7%97%85%E5%90%8E%E8%99%9A%E5%BC%B1,HTTP 404: page does not exist,dayi,not_found,,no exact symptom result in search page,no,
69,嘈杂呕吐,duguji,not_found,https://baike.duguji.cn/baike/w/%E5%98%88%E6%9D%82%E5%91%95%E5%90%90,HTTP 404: page does not exist,dayi,not_found,,no exact symptom result in search page,no,
81,产后脱发,duguji,ok,https://baike.duguji.cn/baike/w/%E4%BA%A7%E5%90%8E%E8%84%B1%E5%8F%91,,,skipped_first_source_success,,,yes,duguji
73,产后出血日久,duguji,not_found,https://baike.duguji.cn/baike/w/%E4%BA%A7%E5%90%8E%E5%87%BA%E8%A1%80%E6%97%A5%E4%B9%85,HTTP 404: page does not exist,dayi,not_found,,no exact symptom result in search page,no,
54,病后脱发,duguji,not_found,https://baike.duguji.cn/baike/w/%E7%97%85%E5%90%8E%E8%84%B1%E5%8F%91,HTTP 404: page does not exist,dayi,not_found,,no exact symptom result in search page,no,
35,闭合性新旧软组织损伤,duguji,not_found,https://baike.duguji.cn/baike/w/%E9%97%AD%E5%90%88%E6%80%A7%E6%96%B0%E6%97%A7%E8%BD%AF%E7%BB%84%E7%BB%87%E6%8D%9F%E4%BC%A4,HTTP 404: page does not exist,dayi,not_found,,no exact symptom result in search page,no,
77,产后乳房结块,duguji,not_found,https://baike.duguji.cn/baike/w/%E4%BA%A7%E5%90%8E%E4%B9%B3%E6%88%BF%E7%BB%93%E5%9D%97,HTTP 404: page does not exist,dayi,not_found,,no exact symptom result in search page,no,
76,产后流血,duguji,not_found,https://baike.duguji.cn/baike/w/%E4%BA%A7%E5%90%8E%E6%B5%81%E8%A1%80,HTTP 404: page does not exist,dayi,not_found,,no exact symptom result in search page,no,
53,病后体弱,duguji,not_found,https://baike.duguji.cn/baike/w/%E7%97%85%E5%90%8E%E4%BD%93%E5%BC%B1,HTTP 404: page does not exist,dayi,not_found,,no exact symptom result in search page,no,
89,肠风下血,duguji,ok,https://baike.duguji.cn/baike/w/%E8%82%A0%E9%A3%8E%E4%B8%8B%E8%A1%80,,,skipped_first_source_success,,,yes,duguji
90,肠功能紊乱,duguji,ok,https://baike.duguji.cn/baike/w/%E8%82%A0%E5%8A%9F%E8%83%BD%E7%B4%8A%E4%B9%B1,,,skipped_first_source_success,,,yes,duguji
78,产后乳汁不通,duguji,not_found,https://baike.duguji.cn/baike/w/%E4%BA%A7%E5%90%8E%E4%B9%B3%E6%B1%81%E4%B8%8D%E9%80%9A,HTTP 404: page does not exist,dayi,not_found,,no exact symptom result in search page,no,
98,齿龈肿痛,duguji,ok,https://baike.duguji.cn/baike/w/%E9%BD%BF%E9%BE%88%E8%82%BF%E7%97%9B,,,skipped_first_source_success,,,yes,duguji
79,产后乳肿,duguji,not_found,https://baike.duguji.cn/baike/w/%E4%BA%A7%E5%90%8E%E4%B9%B3%E8%82%BF,HTTP 404: page does not exist,dayi,not_found,,no exact symptom result in search page,no,
85,产后瘀痛,duguji,not_found,https://baike.duguji.cn/baike/w/%E4%BA%A7%E5%90%8E%E7%98%80%E7%97%9B,HTTP 404: page does not exist,dayi,not_found,,no exact symptom result in search page,no,
103,虫毒,duguji,ok,https://baike.duguji.cn/baike/w/%E8%99%AB%E6%AF%92,,,skipped_first_source_success,,,yes,duguji
82,产后小腹疼痛,duguji,not_found,https://baike.duguji.cn/baike/w/%E4%BA%A7%E5%90%8E%E5%B0%8F%E8%85%B9%E7%96%BC%E7%97%9B,HTTP 404: page does not exist,dayi,not_found,,no exact symptom result in search page,no,
86,产后诸虚,duguji,not_found,https://baike.duguji.cn/baike/w/%E4%BA%A7%E5%90%8E%E8%AF%B8%E8%99%9A,HTTP 404: page does not exist,dayi,not_found,,no exact symptom result in search page,no,
110,喘促,duguji,ok,https://baike.duguji.cn/baike/w/%E5%96%98%E4%BF%83,,,skipped_first_source_success,,,yes,duguji
83,产后血虚,duguji,not_found,https://baike.duguji.cn/baike/w/%E4%BA%A7%E5%90%8E%E8%A1%80%E8%99%9A,HTTP 404: page does not exist,dayi,not_found,,no exact symptom result in search page,no,
94,陈旧性伤痛,duguji,not_found,https://baike.duguji.cn/baike/w/%E9%99%88%E6%97%A7%E6%80%A7%E4%BC%A4%E7%97%9B,HTTP 404: page does not exist,dayi,not_found,,no exact symptom result in search page,no,
92,肠胃不适,duguji,not_found,https://baike.duguji.cn/baike/w/%E8%82%A0%E8%83%83%E4%B8%8D%E9%80%82,HTTP 404: page does not exist,dayi,ok,https://www.dayi.org.cn/symptom/1153428.html,,yes,dayi
96,齿鼻衄血,duguji,not_found,https://baike.duguji.cn/baike/w/%E9%BD%BF%E9%BC%BB%E8%A1%84%E8%A1%80,HTTP 404: page does not exist,dayi,not_found,,no exact symptom result in search page,no,
95,晨起面肿,duguji,not_found,https://baike.duguji.cn/baike/w/%E6%99%A8%E8%B5%B7%E9%9D%A2%E8%82%BF,HTTP 404: page does not exist,dayi,not_found,,no exact symptom result in search page,no,
100,赤白下痢,duguji,not_found,https://baike.duguji.cn/baike/w/%E8%B5%A4%E7%99%BD%E4%B8%8B%E7%97%A2,HTTP 404: page does not exist,dayi,not_found,,no exact symptom result in search page,no,
102,赤缕红斑,duguji,not_found,https://baike.duguji.cn/baike/w/%E8%B5%A4%E7%BC%95%E7%BA%A2%E6%96%91,HTTP 404: page does not exist,dayi,not_found,,no exact symptom result in search page,no,
106,抽搐神昏,duguji,not_found,https://baike.duguji.cn/baike/w/%E6%8A%BD%E6%90%90%E7%A5%9E%E6%98%8F,HTTP 404: page does not exist,dayi,not_found,,no exact symptom result in search page,no,
112,喘促痰多,duguji,not_found,https://baike.duguji.cn/baike/w/%E5%96%98%E4%BF%83%E7%97%B0%E5%A4%9A,HTTP 404: page does not exist,dayi,not_found,,no exact symptom result in search page,no,
104,虫咬肿痛,duguji,not_found,https://baike.duguji.cn/baike/w/%E8%99%AB%E5%92%AC%E8%82%BF%E7%97%9B,HTTP 404: page does not exist,dayi,not_found,,no exact symptom result in search page,no,
111,喘促气逆,duguji,not_found,https://baike.duguji.cn/baike/w/%E5%96%98%E4%BF%83%E6%B0%94%E9%80%86,HTTP 404: page does not exist,dayi,not_found,,no exact symptom result in search page,no,
119,疮疖痈肿,duguji,not_found,https://baike.duguji.cn/baike/w/%E7%96%AE%E7%96%96%E7%97%88%E8%82%BF,HTTP 404: page does not exist,dayi,not_found,,no exact symptom result in search page,no,
120,疮疖肿毒,duguji,not_found,https://baike.duguji.cn/baike/w/%E7%96%AE%E7%96%96%E8%82%BF%E6%AF%92,HTTP 404: page does not exist,dayi,not_found,,no exact symptom result in search page,no,
121,疮疖肿痛,duguji,not_found,https://baike.duguji.cn/baike/w/%E7%96%AE%E7%96%96%E8%82%BF%E7%97%9B,HTTP 404: page does not exist,dayi,not_found,,no exact symptom result in search page,no,
123,疮面久溃不敛,duguji,not_found,https://baike.duguji.cn/baike/w/%E7%96%AE%E9%9D%A2%E4%B9%85%E6%BA%83%E4%B8%8D%E6%95%9B,HTTP 404: page does not exist,dayi,not_found,,no exact symptom result in search page,no,
122,疮口久不愈合,duguji,not_found,https://baike.duguji.cn/baike/w/%E7%96%AE%E5%8F%A3%E4%B9%85%E4%B8%8D%E6%84%88%E5%90%88,HTTP 404: page does not exist,dayi,not_found,,no exact symptom result in search page,no,
124,疮面疼痛,duguji,not_found,https://baike.duguji.cn/baike/w/%E7%96%AE%E9%9D%A2%E7%96%BC%E7%97%9B,HTTP 404: page does not exist,dayi,not_found,,no exact symptom result in search page,no,
125,疮面鲜活,duguji,not_found,https://baike.duguji.cn/baike/w/%E7%96%AE%E9%9D%A2%E9%B2%9C%E6%B4%BB,HTTP 404: page does not exist,dayi,not_found,,no exact symptom result in search page,no,
126,疮色鲜活,duguji,not_found,https://baike.duguji.cn/baike/w/%E7%96%AE%E8%89%B2%E9%B2%9C%E6%B4%BB,HTTP 404: page does not exist,dayi,not_found,,no exact symptom result in search page,no,
127,疮癣,duguji,not_found,https://baike.duguji.cn/baike/w/%E7%96%AE%E7%99%A3,HTTP 404: page does not exist,dayi,not_found,,no exact symptom result in search page,no,
130,疮疡久溃不敛,duguji,not_found,https://baike.duguji.cn/baike/w/%E7%96%AE%E7%96%A1%E4%B9%85%E6%BA%83%E4%B8%8D%E6%95%9B,HTTP 404: page does not exist,dayi,not_found,,no exact symptom result in search page,no,
138,唇甲色淡,duguji,ok,https://baike.duguji.cn/baike/w/%E5%94%87%E7%94%B2%E8%89%B2%E6%B7%A1,,,skipped_first_source_success,,,yes,duguji
129,疮疡不敛,duguji,not_found,https://baike.duguji.cn/baike/w/%E7%96%AE%E7%96%A1%E4%B8%8D%E6%95%9B,HTTP 404: page does not exist,dayi,not_found,,no exact symptom result in search page,no,
132,疮疡肿痛,duguji,not_found,https://baike.duguji.cn/baike/w/%E7%96%AE%E7%96%A1%E8%82%BF%E7%97%9B,HTTP 404: page does not exist,dayi,not_found,,no exact symptom result in search page,no,
131,疮疡溃烂,duguji,not_found,https://baike.duguji.cn/baike/w/%E7%96%AE%E7%96%A1%E6%BA%83%E7%83%82,HTTP 404: page does not exist,dayi,not_found,,no exact symptom result in search page,no,
135,创伤出血,duguji,not_found,https://baike.duguji.cn/baike/w/%E5%88%9B%E4%BC%A4%E5%87%BA%E8%A1%80,HTTP 404: page does not exist,dayi,not_found,,no exact symptom result in search page,no,
133,疮痈肿痛,duguji,not_found,https://baike.duguji.cn/baike/w/%E7%96%AE%E7%97%88%E8%82%BF%E7%97%9B,HTTP 404: page does not exist,dayi,not_found,,no exact symptom result in search page,no,
137,唇甲出血,duguji,not_found,https://baike.duguji.cn/baike/w/%E5%94%87%E7%94%B2%E5%87%BA%E8%A1%80,HTTP 404: page does not exist,dayi,not_found,,no exact symptom result in search page,no,
143,大便不畅,duguji,not_found,https://baike.duguji.cn/baike/w/%E5%A4%A7%E4%BE%BF%E4%B8%8D%E7%95%85,HTTP 404: page does not exist,dayi,not_found,,no exact symptom result in search page,no,
142,挫伤筋骨,duguji,not_found,https://baike.duguji.cn/baike/w/%E6%8C%AB%E4%BC%A4%E7%AD%8B%E9%AA%A8,HTTP 404: page does not exist,dayi,not_found,,no exact symptom result in search page,no,
140,猝然昏倒,duguji,not_found,https://baike.duguji.cn/baike/w/%E7%8C%9D%E7%84%B6%E6%98%8F%E5%80%92,HTTP 404: page does not exist,dayi,not_found,,no exact symptom result in search page,no,
144,大便不利,duguji,not_found,https://baike.duguji.cn/baike/w/%E5%A4%A7%E4%BE%BF%E4%B8%8D%E5%88%A9,HTTP 404: page does not exist,dayi,not_found,,no exact symptom result in search page,no,
145,大便不爽,duguji,not_found,https://baike.duguji.cn/baike/w/%E5%A4%A7%E4%BE%BF%E4%B8%8D%E7%88%BD,HTTP 404: page does not exist,dayi,not_found,,no exact symptom result in search page,no,
148,大便不下,duguji,not_found,https://baike.duguji.cn/baike/w/%E5%A4%A7%E4%BE%BF%E4%B8%8D%E4%B8%8B,HTTP 404: page does not exist,dayi,not_found,,no exact symptom result in search page,no,
146,大便不调,duguji,not_found,https://baike.duguji.cn/baike/w/%E5%A4%A7%E4%BE%BF%E4%B8%8D%E8%B0%83,HTTP 404: page does not exist,dayi,not_found,,no exact symptom result in search page,no,
151,大便次数增多,duguji,not_found,https://baike.duguji.cn/baike/w/%E5%A4%A7%E4%BE%BF%E6%AC%A1%E6%95%B0%E5%A2%9E%E5%A4%9A,HTTP 404: page does not exist,dayi,not_found,,no exact symptom result in search page,no,
149,大便臭秽,duguji,not_found,https://baike.duguji.cn/baike/w/%E5%A4%A7%E4%BE%BF%E8%87%AD%E7%A7%BD,HTTP 404: page does not exist,dayi,not_found,,no exact symptom result in search page,no,
152,大便干,duguji,not_found,https://baike.duguji.cn/baike/w/%E5%A4%A7%E4%BE%BF%E5%B9%B2,HTTP 404: page does not exist,dayi,not_found,,no exact symptom result in search page,no,
158,大便黏滞,duguji,not_found,https://baike.duguji.cn/baike/w/%E5%A4%A7%E4%BE%BF%E9%BB%8F%E6%BB%9E,HTTP 404: page does not exist,dayi,not_found,,no exact symptom result in search page,no,
153,大便干结,duguji,not_found,https://baike.duguji.cn/baike/w/%E5%A4%A7%E4%BE%BF%E5%B9%B2%E7%BB%93,HTTP 404: page does not exist,dayi,not_found,,no exact symptom result in search page,no,
154,大便干结难下,duguji,not_found,https://baike.duguji.cn/baike/w/%E5%A4%A7%E4%BE%BF%E5%B9%B2%E7%BB%93%E9%9A%BE%E4%B8%8B,HTTP 404: page does not exist,dayi,not_found,,no exact symptom result in search page,no,
159,大便黏滞不爽,duguji,not_found,https://baike.duguji.cn/baike/w/%E5%A4%A7%E4%BE%BF%E9%BB%8F%E6%BB%9E%E4%B8%8D%E7%88%BD,HTTP 404: page does not exist,dayi,not_found,,no exact symptom result in search page,no,
161,大便清稀,duguji,not_found,https://baike.duguji.cn/baike/w/%E5%A4%A7%E4%BE%BF%E6%B8%85%E7%A8%80,HTTP 404: page does not exist,dayi,not_found,,no exact symptom result in search page,no,
160,大便脓血,duguji,not_found,https://baike.duguji.cn/baike/w/%E5%A4%A7%E4%BE%BF%E8%84%93%E8%A1%80,HTTP 404: page does not exist,dayi,not_found,,no exact symptom result in search page,no,
162,大便失调,duguji,not_found,https://baike.duguji.cn/baike/w/%E5%A4%A7%E4%BE%BF%E5%A4%B1%E8%B0%83,HTTP 404: page does not exist,dayi,not_found,,no exact symptom result in search page,no,
171,大便燥结,duguji,ok,https://baike.duguji.cn/baike/w/%E5%A4%A7%E4%BE%BF%E7%87%A5%E7%BB%93,,,skipped_first_source_success,,,yes,duguji
169,大便稀溏,duguji,no_definition,https://baike.duguji.cn/baike/w/%E5%A4%A7%E4%BE%BF%E7%A8%80%E6%BA%8F,raw page parsed but no definition found,dayi,not_found,,no exact symptom result in search page,no,
164,大便溏雹,duguji,not_found,https://baike.duguji.cn/baike/w/%E5%A4%A7%E4%BE%BF%E6%BA%8F%E9%9B%B9,HTTP 404: page does not exist,dayi,not_found,,no exact symptom result in search page,no,
163,大便酸臭,duguji,not_found,https://baike.duguji.cn/baike/w/%E5%A4%A7%E4%BE%BF%E9%85%B8%E8%87%AD,HTTP 404: page does not exist,dayi,ok,https://www.dayi.org.cn/symptom/1142445.html,,yes,dayi
165,大便溏薄,duguji,not_found,https://baike.duguji.cn/baike/w/%E5%A4%A7%E4%BE%BF%E6%BA%8F%E8%96%84,HTTP 404: page does not exist,dayi,not_found,,no exact symptom result in search page,no,
166,大便溏软,duguji,not_found,https://baike.duguji.cn/baike/w/%E5%A4%A7%E4%BE%BF%E6%BA%8F%E8%BD%AF,HTTP 404: page does not exist,dayi,not_found,,no exact symptom result in search page,no,
167,大便溏泻,duguji,not_found,https://baike.duguji.cn/baike/w/%E5%A4%A7%E4%BE%BF%E6%BA%8F%E6%B3%BB,HTTP 404: page does not exist,dayi,not_found,,no exact symptom result in search page,no,
185,巅顶疼痛,duguji,ok,https://baike.duguji.cn/baike/w/%E5%B7%85%E9%A1%B6%E7%96%BC%E7%97%9B,,,skipped_first_source_success,,,yes,duguji
170,大便泄泻,duguji,not_found,https://baike.duguji.cn/baike/w/%E5%A4%A7%E4%BE%BF%E6%B3%84%E6%B3%BB,HTTP 404: page does not exist,dayi,not_found,,no exact symptom result in search page,no,
168,大便稀薄如水样,duguji,not_found,https://baike.duguji.cn/baike/w/%E5%A4%A7%E4%BE%BF%E7%A8%80%E8%96%84%E5%A6%82%E6%B0%B4%E6%A0%B7,HTTP 404: page does not exist,dayi,not_found,,no exact symptom result in search page,no,
176,带下色黄,duguji,not_found,https://baike.duguji.cn/baike/w/%E5%B8%A6%E4%B8%8B%E8%89%B2%E9%BB%84,HTTP 404: page does not exist,dayi,not_found,,no exact symptom result in search page,no,
175,带下量多,duguji,not_found,https://baike.duguji.cn/baike/w/%E5%B8%A6%E4%B8%8B%E9%87%8F%E5%A4%9A,HTTP 404: page does not exist,dayi,not_found,,no exact symptom result in search page,no,
173,带下白浊,duguji,not_found,https://baike.duguji.cn/baike/w/%E5%B8%A6%E4%B8%8B%E7%99%BD%E6%B5%8A,HTTP 404: page does not exist,dayi,not_found,,no exact symptom result in search page,no,
182,倒饱嘈杂,duguji,not_found,https://baike.duguji.cn/baike/w/%E5%80%92%E9%A5%B1%E5%98%88%E6%9D%82,HTTP 404: page does not exist,dayi,not_found,,no exact symptom result in search page,no,
177,带下色黄质稠,duguji,not_found,https://baike.duguji.cn/baike/w/%E5%B8%A6%E4%B8%8B%E8%89%B2%E9%BB%84%E8%B4%A8%E7%A8%A0,HTTP 404: page does not exist,dayi,not_found,,no exact symptom result in search page,no,
188,癫痫痰多,duguji,not_found,https://baike.duguji.cn/baike/w/%E7%99%AB%E7%97%AB%E7%97%B0%E5%A4%9A,HTTP 404: page does not exist,dayi,not_found,,no exact symptom result in search page,no,
192,跌打瘀痛,duguji,not_found,https://baike.duguji.cn/baike/w/%E8%B7%8C%E6%89%93%E7%98%80%E7%97%9B,HTTP 404: page does not exist,dayi,not_found,,no exact symptom result in search page,no,
189,癲痫,duguji,not_found,https://baike.duguji.cn/baike/w/%E7%99%B2%E7%97%AB,HTTP 404: page does not exist,dayi,not_found,,no exact symptom result in search page,no,
203,毒蛇咬伤,duguji,ok,https://baike.duguji.cn/baike/w/%E6%AF%92%E8%9B%87%E5%92%AC%E4%BC%A4,,,skipped_first_source_success,,,yes,duguji
204,毒蛇咬伤,duguji,ok,https://baike.duguji.cn/baike/w/%E6%AF%92%E8%9B%87%E5%92%AC%E4%BC%A4,,,skipped_first_source_success,,,yes,duguji
193,跌打肿痛,duguji,not_found,https://baike.duguji.cn/baike/w/%E8%B7%8C%E6%89%93%E8%82%BF%E7%97%9B,HTTP 404: page does not exist,dayi,not_found,,no exact symptom result in search page,no,
194,跌扑伤痛,duguji,not_found,https://baike.duguji.cn/baike/w/%E8%B7%8C%E6%89%91%E4%BC%A4%E7%97%9B,HTTP 404: page does not exist,dayi,not_found,,no exact symptom result in search page,no,
190,跌打伤痛,duguji,not_found,https://baike.duguji.cn/baike/w/%E8%B7%8C%E6%89%93%E4%BC%A4%E7%97%9B,HTTP 404: page does not exist,dayi,not_found,,no exact symptom result in search page,no,
213,多食,duguji,ok,https://baike.duguji.cn/baike/w/%E5%A4%9A%E9%A3%9F,,,skipped_first_source_success,,,yes,duguji
196,跌扑肿痛,duguji,not_found,https://baike.duguji.cn/baike/w/%E8%B7%8C%E6%89%91%E8%82%BF%E7%97%9B,HTTP 404: page does not exist,dayi,not_found,,no exact symptom result in search page,no,
195,跌扑瘀肿,duguji,not_found,https://baike.duguji.cn/baike/w/%E8%B7%8C%E6%89%91%E7%98%80%E8%82%BF,HTTP 404: page does not exist,dayi,not_found,,no exact symptom result in search page,no,
198,疔疮肿痛,duguji,not_found,https://baike.duguji.cn/baike/w/%E7%96%94%E7%96%AE%E8%82%BF%E7%97%9B,HTTP 404: page does not exist,dayi,not_found,,no exact symptom result in search page,no,
197,疔疮痈肿初起,duguji,not_found,https://baike.duguji.cn/baike/w/%E7%96%94%E7%96%AE%E7%97%88%E8%82%BF%E5%88%9D%E8%B5%B7,HTTP 404: page does not exist,dayi,not_found,,no exact symptom result in search page,no,
215,多饮,duguji,ok,https://baike.duguji.cn/baike/w/%E5%A4%9A%E9%A5%AE,,,skipped_first_source_success,,,yes,duguji
223,耳道流脓,duguji,ok,https://baike.duguji.cn/baike/w/%E8%80%B3%E9%81%93%E6%B5%81%E8%84%93,,,skipped_first_source_success,,,yes,duguji
201,动辄汗出,duguji,not_found,https://baike.duguji.cn/baike/w/%E5%8A%A8%E8%BE%84%E6%B1%97%E5%87%BA,HTTP 404: page does not exist,dayi,not_found,,no exact symptom result in search page,no,
202,毒虫咬伤,duguji,not_found,https://baike.duguji.cn/baike/w/%E6%AF%92%E8%99%AB%E5%92%AC%E4%BC%A4,HTTP 404: page does not exist,dayi,not_found,,no exact symptom result in search page,no,
209,多泪,duguji,not_found,https://baike.duguji.cn/baike/w/%E5%A4%9A%E6%B3%AA,HTTP 404: page does not exist,dayi,not_found,,no exact symptom result in search page,no,
205,毒邪未尽,duguji,not_found,https://baike.duguji.cn/baike/w/%E6%AF%92%E9%82%AA%E6%9C%AA%E5%B0%BD,HTTP 404: page does not exist,dayi,not_found,,no exact symptom result in search page,no,
210,多泪羞明,duguji,not_found,https://baike.duguji.cn/baike/w/%E5%A4%9A%E6%B3%AA%E7%BE%9E%E6%98%8E,HTTP 404: page does not exist,dayi,not_found,,no exact symptom result in search page,no,
214,多涎,duguji,not_found,https://baike.duguji.cn/baike/w/%E5%A4%9A%E6%B6%8E,HTTP 404: page does not exist,dayi,ok,https://www.dayi.org.cn/symptom/1015462.html,,yes,dayi
218,恶风寒,duguji,not_found,https://baike.duguji.cn/baike/w/%E6%81%B6%E9%A3%8E%E5%AF%92,HTTP 404: page does not exist,dayi,not_found,,no exact symptom result in search page,no,
220,恶寒重,duguji,not_found,https://baike.duguji.cn/baike/w/%E6%81%B6%E5%AF%92%E9%87%8D,HTTP 404: page does not exist,dayi,not_found,,no exact symptom result in search page,no,
221,恶寒壮热,duguji,not_found,https://baike.duguji.cn/baike/w/%E6%81%B6%E5%AF%92%E5%A3%AE%E7%83%AD,HTTP 404: page does not exist,dayi,not_found,,no exact symptom result in search page,no,
228,耳下肿痛,duguji,not_found,https://baike.duguji.cn/baike/w/%E8%80%B3%E4%B8%8B%E8%82%BF%E7%97%9B,HTTP 404: page does not exist,dayi,not_found,,no exact symptom result in search page,no,
229,二便失禁,duguji,not_found,https://baike.duguji.cn/baike/w/%E4%BA%8C%E4%BE%BF%E5%A4%B1%E7%A6%81,HTTP 404: page does not exist,dayi,ok,https://www.dayi.org.cn/symptom/1142965.html,,yes,dayi
239,发疹,duguji,not_found,https://baike.duguji.cn/baike/w/%E5%8F%91%E7%96%B9,HTTP 404: page does not exist,dayi,not_found,,no exact symptom result in search page,no,
230,发斑,duguji,not_found,https://baike.duguji.cn/baike/w/%E5%8F%91%E6%96%91,HTTP 404: page does not exist,dayi,not_found,,no exact symptom result in search page,no,
235,发热重,duguji,not_found,https://baike.duguji.cn/baike/w/%E5%8F%91%E7%83%AD%E9%87%8D,HTTP 404: page does not exist,dayi,not_found,,no exact symptom result in search page,no,
232,发僵,duguji,not_found,https://baike.duguji.cn/baike/w/%E5%8F%91%E5%83%B5,HTTP 404: page does not exist,dayi,not_found,,no exact symptom result in search page,no,
241,烦倦,duguji,not_found,https://baike.duguji.cn/baike/w/%E7%83%A6%E5%80%A6,HTTP 404: page does not exist,dayi,not_found,,no exact symptom result in search page,no,
253,泛吐清水,duguji,ok,https://baike.duguji.cn/baike/w/%E6%B3%9B%E5%90%90%E6%B8%85%E6%B0%B4,,,skipped_first_source_success,,,yes,duguji
259,肺燥,duguji,ok,https://baike.duguji.cn/baike/w/%E8%82%BA%E7%87%A5,,,skipped_first_source_success,,,yes,duguji
246,烦躁不宁,duguji,not_found,https://baike.duguji.cn/baike/w/%E7%83%A6%E8%BA%81%E4%B8%8D%E5%AE%81,HTTP 404: page does not exist,dayi,not_found,,no exact symptom result in search page,no,
267,风湿关节痛,duguji,no_definition,https://baike.duguji.cn/baike/w/%E9%A3%8E%E6%B9%BF%E5%85%B3%E8%8A%82%E7%97%9B,raw page parsed but no definition found,dayi,not_found,,no exact symptom result in search page,no,
247,烦躁不适,duguji,not_found,https://baike.duguji.cn/baike/w/%E7%83%A6%E8%BA%81%E4%B8%8D%E9%80%82,HTTP 404: page does not exist,dayi,not_found,,no exact symptom result in search page,no,
248,烦躁易怒,duguji,not_found,https://baike.duguji.cn/baike/w/%E7%83%A6%E8%BA%81%E6%98%93%E6%80%92,HTTP 404: page does not exist,dayi,not_found,,no exact symptom result in search page,no,
249,烦躁谵语,duguji,not_found,https://baike.duguji.cn/baike/w/%E7%83%A6%E8%BA%81%E8%B0%B5%E8%AF%AD,HTTP 404: page does not exist,dayi,not_found,,no exact symptom result in search page,no,
255,肺气不畅,duguji,not_found,https://baike.duguji.cn/baike/w/%E8%82%BA%E6%B0%94%E4%B8%8D%E7%95%85,HTTP 404: page does not exist,dayi,not_found,,no exact symptom result in search page,no,
266,风湿痹痛,duguji,not_found,https://baike.duguji.cn/baike/w/%E9%A3%8E%E6%B9%BF%E7%97%B9%E7%97%9B,HTTP 404: page does not exist,dayi,not_found,,no exact symptom result in search page,no,
260,痱疹鲜红,duguji,not_found,https://baike.duguji.cn/baike/w/%E7%97%B1%E7%96%B9%E9%B2%9C%E7%BA%A2,HTTP 404: page does not exist,dayi,not_found,,no exact symptom result in search page,no,
277,风疹瘙痒,duguji,ok,https://baike.duguji.cn/baike/w/%E9%A3%8E%E7%96%B9%E7%98%99%E7%97%92,,,skipped_first_source_success,,,yes,duguji
262,粉剌疙瘩,duguji,not_found,https://baike.duguji.cn/baike/w/%E7%B2%89%E5%89%8C%E7%96%99%E7%98%A9,HTTP 404: page does not exist,dayi,not_found,,no exact symptom result in search page,no,
268,风湿疼痛,duguji,not_found,https://baike.duguji.cn/baike/w/%E9%A3%8E%E6%B9%BF%E7%96%BC%E7%97%9B,HTTP 404: page does not exist,dayi,not_found,,no exact symptom result in search page,no,
283,腹部不适,duguji,ok,https://baike.duguji.cn/baike/w/%E8%85%B9%E9%83%A8%E4%B8%8D%E9%80%82,,,skipped_first_source_success,,,yes,duguji
280,妇女痛经,duguji,no_definition,https://baike.duguji.cn/baike/w/%E5%A6%87%E5%A5%B3%E7%97%9B%E7%BB%8F,raw page parsed but no definition found,dayi,not_found,,no exact symptom result in search page,no,
269,风湿瘀痛,duguji,not_found,https://baike.duguji.cn/baike/w/%E9%A3%8E%E6%B9%BF%E7%98%80%E7%97%9B,HTTP 404: page does not exist,dayi,not_found,,no exact symptom result in search page,no,
270,风湿肢体关节痿软,duguji,not_found,https://baike.duguji.cn/baike/w/%E9%A3%8E%E6%B9%BF%E8%82%A2%E4%BD%93%E5%85%B3%E8%8A%82%E7%97%BF%E8%BD%AF,HTTP 404: page does not exist,dayi,not_found,,no exact symptom result in search page,no,
275,风眼烂弦,duguji,not_found,https://baike.duguji.cn/baike/w/%E9%A3%8E%E7%9C%BC%E7%83%82%E5%BC%A6,HTTP 404: page does not exist,dayi,not_found,,no exact symptom result in search page,no,
273,风痰瘀血痹阻脉络,duguji,not_found,https://baike.duguji.cn/baike/w/%E9%A3%8E%E7%97%B0%E7%98%80%E8%A1%80%E7%97%B9%E9%98%BB%E8%84%89%E7%BB%9C,HTTP 404: page does not exist,dayi,not_found,,no exact symptom result in search page,no,
276,风疹发红,duguji,not_found,https://baike.duguji.cn/baike/w/%E9%A3%8E%E7%96%B9%E5%8F%91%E7%BA%A2,HTTP 404: page does not exist,dayi,not_found,,no exact symptom result in search page,no,
282,腹暴痛,duguji,not_found,https://baike.duguji.cn/baike/w/%E8%85%B9%E6%9A%B4%E7%97%9B,HTTP 404: page does not exist,dayi,not_found,,no exact symptom result in search page,no,
279,腐肉不去,duguji,not_found,https://baike.duguji.cn/baike/w/%E8%85%90%E8%82%89%E4%B8%8D%E5%8E%BB,HTTP 404: page does not exist,dayi,not_found,,no exact symptom result in search page,no,
281,妇女癥瘕,duguji,not_found,https://baike.duguji.cn/baike/w/%E5%A6%87%E5%A5%B3%E7%99%A5%E7%98%95,HTTP 404: page does not exist,dayi,not_found,,no exact symptom result in search page,no,
285,腹部胀满,duguji,not_found,https://baike.duguji.cn/baike/w/%E8%85%B9%E9%83%A8%E8%83%80%E6%BB%A1,HTTP 404: page does not exist,dayi,not_found,,no exact symptom result in search page,no,
291,腹有癥块,duguji,not_found,https://baike.duguji.cn/baike/w/%E8%85%B9%E6%9C%89%E7%99%A5%E5%9D%97,HTTP 404: page does not exist,dayi,not_found,,no exact symptom result in search page,no,
284,腹部隐痛,duguji,not_found,https://baike.duguji.cn/baike/w/%E8%85%B9%E9%83%A8%E9%9A%90%E7%97%9B,HTTP 404: page does not exist,dayi,not_found,,no exact symptom result in search page,no,
286,腹部胀满不舒,duguji,not_found,https://baike.duguji.cn/baike/w/%E8%85%B9%E9%83%A8%E8%83%80%E6%BB%A1%E4%B8%8D%E8%88%92,HTTP 404: page does not exist,dayi,not_found,,no exact symptom result in search page,no,
289,腹痛绵绵,duguji,not_found,https://baike.duguji.cn/baike/w/%E8%85%B9%E7%97%9B%E7%BB%B5%E7%BB%B5,HTTP 404: page does not exist,dayi,not_found,,no exact symptom result in search page,no,
302,肝阳眩晕,duguji,ok,https://baike.duguji.cn/baike/w/%E8%82%9D%E9%98%B3%E7%9C%A9%E6%99%95,,,skipped_first_source_success,,,yes,duguji
303,肝脏肿大,duguji,ok,https://baike.duguji.cn/baike/w/%E8%82%9D%E8%84%8F%E8%82%BF%E5%A4%A7,,,skipped_first_source_success,,,yes,duguji
307,感冒夹惊,duguji,ok,https://baike.duguji.cn/baike/w/%E6%84%9F%E5%86%92%E5%A4%B9%E6%83%8A,,,skipped_first_source_success,,,yes,duguji
293,腹胀满,duguji,not_found,https://baike.duguji.cn/baike/w/%E8%85%B9%E8%83%80%E6%BB%A1,HTTP 404: page does not exist,dayi,not_found,,no exact symptom result in search page,no,
294,腹中冷痛,duguji,not_found,https://baike.duguji.cn/baike/w/%E8%85%B9%E4%B8%AD%E5%86%B7%E7%97%9B,HTTP 404: page does not exist,dayi,not_found,,no exact symptom result in search page,no,
297,肝火目赤,duguji,not_found,https://baike.duguji.cn/baike/w/%E8%82%9D%E7%81%AB%E7%9B%AE%E8%B5%A4,HTTP 404: page does not exist,dayi,not_found,,no exact symptom result in search page,no,
299,肝区胀痛,duguji,not_found,https://baike.duguji.cn/baike/w/%E8%82%9D%E5%8C%BA%E8%83%80%E7%97%9B,HTTP 404: page does not exist,dayi,not_found,,no exact symptom result in search page,no,
295,腹中胀满,duguji,not_found,https://baike.duguji.cn/baike/w/%E8%85%B9%E4%B8%AD%E8%83%80%E6%BB%A1,HTTP 404: page does not exist,dayi,not_found,,no exact symptom result in search page,no,
300,肝热目赤,duguji,not_found,https://baike.duguji.cn/baike/w/%E8%82%9D%E7%83%AD%E7%9B%AE%E8%B5%A4,HTTP 404: page does not exist,dayi,not_found,,no exact symptom result in search page,no,
301,肝痛,duguji,not_found,https://baike.duguji.cn/baike/w/%E8%82%9D%E7%97%9B,HTTP 404: page does not exist,dayi,not_found,,no exact symptom result in search page,no,
311,肛窦炎出血,duguji,not_found,https://baike.duguji.cn/baike/w/%E8%82%9B%E7%AA%A6%E7%82%8E%E5%87%BA%E8%A1%80,HTTP 404: page does not exist,dayi,not_found,,no exact symptom result in search page,no,
320,高热神昏,duguji,not_found,https://baike.duguji.cn/baike/w/%E9%AB%98%E7%83%AD%E7%A5%9E%E6%98%8F,HTTP 404: page does not exist,dayi,not_found,,no exact symptom result in search page,no,
308,干泾不舒,duguji,not_found,https://baike.duguji.cn/baike/w/%E5%B9%B2%E6%B3%BE%E4%B8%8D%E8%88%92,HTTP 404: page does not exist,dayi,not_found,,no exact symptom result in search page,no,
316,肛门灼热,duguji,not_found,https://baike.duguji.cn/baike/w/%E8%82%9B%E9%97%A8%E7%81%BC%E7%83%AD,HTTP 404: page does not exist,dayi,not_found,,no exact symptom result in search page,no,
321,高血压头痛,duguji,not_found,https://baike.duguji.cn/baike/w/%E9%AB%98%E8%A1%80%E5%8E%8B%E5%A4%B4%E7%97%9B,HTTP 404: page does not exist,dayi,not_found,,no exact symptom result in search page,no,
323,髙热,duguji,not_found,https://baike.duguji.cn/baike/w/%E9%AB%99%E7%83%AD,HTTP 404: page does not exist,dayi,not_found,,no exact symptom result in search page,no,
324,髙热不退,duguji,not_found,https://baike.duguji.cn/baike/w/%E9%AB%99%E7%83%AD%E4%B8%8D%E9%80%80,HTTP 404: page does not exist,dayi,not_found,,no exact symptom result in search page,no,
327,睾丸肿,duguji,not_found,https://baike.duguji.cn/baike/w/%E7%9D%BE%E4%B8%B8%E8%82%BF,HTTP 404: page does not exist,dayi,not_found,,no exact symptom result in search page,no,
325,睾丸偏坠,duguji,not_found,https://baike.duguji.cn/baike/w/%E7%9D%BE%E4%B8%B8%E5%81%8F%E5%9D%A0,HTTP 404: page does not exist,dayi,not_found,,no exact symptom result in search page,no,
337,咯吐不爽,duguji,ok,https://baike.duguji.cn/baike/w/%E5%92%AF%E5%90%90%E4%B8%8D%E7%88%BD,,,skipped_first_source_success,,,yes,duguji
328,睾丸坠胀疼痛,duguji,not_found,https://baike.duguji.cn/baike/w/%E7%9D%BE%E4%B8%B8%E5%9D%A0%E8%83%80%E7%96%BC%E7%97%9B,HTTP 404: page does not exist,dayi,not_found,,no exact symptom result in search page,no,
332,咯痰黄稠,duguji,not_found,https://baike.duguji.cn/baike/w/%E5%92%AF%E7%97%B0%E9%BB%84%E7%A8%A0,HTTP 404: page does not exist,dayi,not_found,,no exact symptom result in search page,no,
330,咯痰、血,duguji,not_found,https://baike.duguji.cn/baike/w/%E5%92%AF%E7%97%B0%E3%80%81%E8%A1%80,HTTP 404: page does not exist,dayi,not_found,,no exact symptom result in search page,no,
333,咯痰色白,duguji,not_found,https://baike.duguji.cn/baike/w/%E5%92%AF%E7%97%B0%E8%89%B2%E7%99%BD,HTTP 404: page does not exist,dayi,not_found,,no exact symptom result in search page,no,
331,咯痰不爽,duguji,not_found,https://baike.duguji.cn/baike/w/%E5%92%AF%E7%97%B0%E4%B8%8D%E7%88%BD,HTTP 404: page does not exist,dayi,not_found,,no exact symptom result in search page,no,
334,咯痰色黄,duguji,not_found,https://baike.duguji.cn/baike/w/%E5%92%AF%E7%97%B0%E8%89%B2%E9%BB%84,HTTP 404: page does not exist,dayi,not_found,,no exact symptom result in search page,no,
336,咯吐白痰,duguji,not_found,https://baike.duguji.cn/baike/w/%E5%92%AF%E5%90%90%E7%99%BD%E7%97%B0,HTTP 404: page does not exist,dayi,not_found,,no exact symptom result in search page,no,
335,咯痰稀白,duguji,not_found,https://baike.duguji.cn/baike/w/%E5%92%AF%E7%97%B0%E7%A8%80%E7%99%BD,HTTP 404: page does not exist,dayi,not_found,,no exact symptom result in search page,no,
339,各种中毒症,duguji,not_found,https://baike.duguji.cn/baike/w/%E5%90%84%E7%A7%8D%E4%B8%AD%E6%AF%92%E7%97%87,HTTP 404: page does not exist,dayi,not_found,,no exact symptom result in search page,no,
343,骨关节疼痛,duguji,not_found,https://baike.duguji.cn/baike/w/%E9%AA%A8%E5%85%B3%E8%8A%82%E7%96%BC%E7%97%9B,HTTP 404: page does not exist,dayi,not_found,,no exact symptom result in search page,no,
344,骨关节肿大,duguji,not_found,https://baike.duguji.cn/baike/w/%E9%AA%A8%E5%85%B3%E8%8A%82%E8%82%BF%E5%A4%A7,HTTP 404: page does not exist,dayi,not_found,,no exact symptom result in search page,no,
345,骨节酸痛,duguji,not_found,https://baike.duguji.cn/baike/w/%E9%AA%A8%E8%8A%82%E9%85%B8%E7%97%9B,HTTP 404: page does not exist,dayi,not_found,,no exact symptom result in search page,no,
349,骨折肿痛,duguji,not_found,https://baike.duguji.cn/baike/w/%E9%AA%A8%E6%8A%98%E8%82%BF%E7%97%9B,HTTP 404: page does not exist,dayi,not_found,,no exact symptom result in search page,no,
346,骨节疼痛,duguji,not_found,https://baike.duguji.cn/baike/w/%E9%AA%A8%E8%8A%82%E7%96%BC%E7%97%9B,HTTP 404: page does not exist,dayi,not_found,,no exact symptom result in search page,no,
347,骨扭伤,duguji,not_found,https://baike.duguji.cn/baike/w/%E9%AA%A8%E6%89%AD%E4%BC%A4,HTTP 404: page does not exist,dayi,not_found,,no exact symptom result in search page,no,
350,骨蒸劳热,duguji,not_found,https://baike.duguji.cn/baike/w/%E9%AA%A8%E8%92%B8%E5%8A%B3%E7%83%AD,HTTP 404: page does not exist,dayi,not_found,,no exact symptom result in search page,no,
354,关节痹痛,duguji,not_found,https://baike.duguji.cn/baike/w/%E5%85%B3%E8%8A%82%E7%97%B9%E7%97%9B,HTTP 404: page does not exist,dayi,not_found,,no exact symptom result in search page,no,
352,骨肿大,duguji,not_found,https://baike.duguji.cn/baike/w/%E9%AA%A8%E8%82%BF%E5%A4%A7,HTTP 404: page does not exist,dayi,not_found,,no exact symptom result in search page,no,
366,关节酸痛,duguji,ok,https://baike.duguji.cn/baike/w/%E5%85%B3%E8%8A%82%E9%85%B8%E7%97%9B,,,skipped_first_source_success,,,yes,duguji
355,关节不利,duguji,not_found,https://baike.duguji.cn/baike/w/%E5%85%B3%E8%8A%82%E4%B8%8D%E5%88%A9,HTTP 404: page does not exist,dayi,not_found,,no exact symptom result in search page,no,
356,关节刺痛,duguji,not_found,https://baike.duguji.cn/baike/w/%E5%85%B3%E8%8A%82%E5%88%BA%E7%97%9B,HTTP 404: page does not exist,dayi,not_found,,no exact symptom result in search page,no,
357,关节钝痛,duguji,not_found,https://baike.duguji.cn/baike/w/%E5%85%B3%E8%8A%82%E9%92%9D%E7%97%9B,HTTP 404: page does not exist,dayi,not_found,,no exact symptom result in search page,no,
371,关节肿大,duguji,ok,https://baike.duguji.cn/baike/w/%E5%85%B3%E8%8A%82%E8%82%BF%E5%A4%A7,,,skipped_first_source_success,,,yes,duguji
358,关节红肿热痛,duguji,not_found,https://baike.duguji.cn/baike/w/%E5%85%B3%E8%8A%82%E7%BA%A2%E8%82%BF%E7%83%AD%E7%97%9B,HTTP 404: page does not exist,dayi,not_found,,no exact symptom result in search page,no,
360,关节剧痛,duguji,not_found,https://baike.duguji.cn/baike/w/%E5%85%B3%E8%8A%82%E5%89%A7%E7%97%9B,HTTP 404: page does not exist,dayi,not_found,,no exact symptom result in search page,no,
361,关节冷痛,duguji,not_found,https://baike.duguji.cn/baike/w/%E5%85%B3%E8%8A%82%E5%86%B7%E7%97%9B,HTTP 404: page does not exist,dayi,not_found,,no exact symptom result in search page,no,
362,关节麻木,duguji,not_found,https://baike.duguji.cn/baike/w/%E5%85%B3%E8%8A%82%E9%BA%BB%E6%9C%A8,HTTP 404: page does not exist,dayi,not_found,,no exact symptom result in search page,no,
365,关节四肢疼痛,duguji,not_found,https://baike.duguji.cn/baike/w/%E5%85%B3%E8%8A%82%E5%9B%9B%E8%82%A2%E7%96%BC%E7%97%9B,HTTP 404: page does not exist,dayi,not_found,,no exact symptom result in search page,no,
364,关节屈伸不利,duguji,not_found,https://baike.duguji.cn/baike/w/%E5%85%B3%E8%8A%82%E5%B1%88%E4%BC%B8%E4%B8%8D%E5%88%A9,HTTP 404: page does not exist,dayi,not_found,,no exact symptom result in search page,no,
369,关节疼痈,duguji,not_found,https://baike.duguji.cn/baike/w/%E5%85%B3%E8%8A%82%E7%96%BC%E7%97%88,HTTP 404: page does not exist,dayi,not_found,,no exact symptom result in search page,no,
367,关节酸痛麻木,duguji,not_found,https://baike.duguji.cn/baike/w/%E5%85%B3%E8%8A%82%E9%85%B8%E7%97%9B%E9%BA%BB%E6%9C%A8,HTTP 404: page does not exist,dayi,not_found,,no exact symptom result in search page,no,
373,关节肿胀疼痛,duguji,not_found,https://baike.duguji.cn/baike/w/%E5%85%B3%E8%8A%82%E8%82%BF%E8%83%80%E7%96%BC%E7%97%9B,HTTP 404: page does not exist,dayi,not_found,,no exact symptom result in search page,no,
377,寒湿痹痛,duguji,not_found,https://baike.duguji.cn/baike/w/%E5%AF%92%E6%B9%BF%E7%97%B9%E7%97%9B,HTTP 404: page does not exist,dayi,not_found,,no exact symptom result in search page,no,
374,寒热头痛,duguji,not_found,https://baike.duguji.cn/baike/w/%E5%AF%92%E7%83%AD%E5%A4%B4%E7%97%9B,HTTP 404: page does not exist,dayi,not_found,,no exact symptom result in search page,no,
379,寒性腹泻,duguji,not_found,https://baike.duguji.cn/baike/w/%E5%AF%92%E6%80%A7%E8%85%B9%E6%B3%BB,HTTP 404: page does not exist,dayi,not_found,,no exact symptom result in search page,no,
381,汗出不畅,duguji,not_found,https://baike.duguji.cn/baike/w/%E6%B1%97%E5%87%BA%E4%B8%8D%E7%95%85,HTTP 404: page does not exist,dayi,not_found,,no exact symptom result in search page,no,
380,汗出,duguji,not_found,https://baike.duguji.cn/baike/w/%E6%B1%97%E5%87%BA,HTTP 404: page does not exist,dayi,not_found,,no exact symptom result in search page,no,
382,汗出不解,duguji,not_found,https://baike.duguji.cn/baike/w/%E6%B1%97%E5%87%BA%E4%B8%8D%E8%A7%A3,HTTP 404: page does not exist,dayi,not_found,,no exact symptom result in search page,no,
383,汗少,duguji,not_found,https://baike.duguji.cn/baike/w/%E6%B1%97%E5%B0%91,HTTP 404: page does not exist,dayi,not_found,,no exact symptom result in search page,no,
384,行步艰难,duguji,not_found,https://baike.duguji.cn/baike/w/%E8%A1%8C%E6%AD%A5%E8%89%B0%E9%9A%BE,HTTP 404: page does not exist,dayi,not_found,,no exact symptom result in search page,no,
385,行经腹痛,duguji,not_found,https://baike.duguji.cn/baike/w/%E8%A1%8C%E7%BB%8F%E8%85%B9%E7%97%9B,HTTP 404: page does not exist,dayi,not_found,,no exact symptom result in search page,no,
386,行经小腹冷痛,duguji,not_found,https://baike.duguji.cn/baike/w/%E8%A1%8C%E7%BB%8F%E5%B0%8F%E8%85%B9%E5%86%B7%E7%97%9B,HTTP 404: page does not exist,dayi,not_found,,no exact symptom result in search page,no,
398,喉痒,duguji,ok,https://baike.duguji.cn/baike/w/%E5%96%89%E7%97%92,,,skipped_first_source_success,,,yes,duguji
400,喉肿,duguji,ok,https://baike.duguji.cn/baike/w/%E5%96%89%E8%82%BF,,,skipped_first_source_success,,,yes,duguji
387,行走无力,duguji,not_found,https://baike.duguji.cn/baike/w/%E8%A1%8C%E8%B5%B0%E6%97%A0%E5%8A%9B,HTTP 404: page does not exist,dayi,not_found,,no exact symptom result in search page,no,
390,烘热,duguji,not_found,https://baike.duguji.cn/baike/w/%E7%83%98%E7%83%AD,HTTP 404: page does not exist,dayi,not_found,,no exact symptom result in search page,no,
394,喉核红肿,duguji,not_found,https://baike.duguji.cn/baike/w/%E5%96%89%E6%A0%B8%E7%BA%A2%E8%82%BF,HTTP 404: page does not exist,dayi,not_found,,no exact symptom result in search page,no,
395,喉核肿大,duguji,not_found,https://baike.duguji.cn/baike/w/%E5%96%89%E6%A0%B8%E8%82%BF%E5%A4%A7,HTTP 404: page does not exist,dayi,not_found,,no exact symptom result in search page,no,
396,喉间痰鸣,duguji,not_found,https://baike.duguji.cn/baike/w/%E5%96%89%E9%97%B4%E7%97%B0%E9%B8%A3,HTTP 404: page does not exist,dayi,not_found,,no exact symptom result in search page,no,
409,昏迷,duguji,ok,https://baike.duguji.cn/baike/w/%E6%98%8F%E8%BF%B7,,,skipped_first_source_success,,,yes,duguji
397,喉痛,duguji,not_found,https://baike.duguji.cn/baike/w/%E5%96%89%E7%97%9B,HTTP 404: page does not exist,dayi,not_found,,no exact symptom result in search page,no,
399,喉中作响,duguji,not_found,https://baike.duguji.cn/baike/w/%E5%96%89%E4%B8%AD%E4%BD%9C%E5%93%8D,HTTP 404: page does not exist,dayi,not_found,,no exact symptom result in search page,no,
401,呼吸道出血,duguji,not_found,https://baike.duguji.cn/baike/w/%E5%91%BC%E5%90%B8%E9%81%93%E5%87%BA%E8%A1%80,HTTP 404: page does not exist,dayi,not_found,,no exact symptom result in search page,no,
402,呼吸气促,duguji,not_found,https://baike.duguji.cn/baike/w/%E5%91%BC%E5%90%B8%E6%B0%94%E4%BF%83,HTTP 404: page does not exist,dayi,not_found,,no exact symptom result in search page,no,
406,黄痰,duguji,not_found,https://baike.duguji.cn/baike/w/%E9%BB%84%E7%97%B0,HTTP 404: page does not exist,dayi,not_found,,no exact symptom result in search page,no,
407,会阴少腹腰骶部疼痛,duguji,not_found,https://baike.duguji.cn/baike/w/%E4%BC%9A%E9%98%B4%E5%B0%91%E8%85%B9%E8%85%B0%E9%AA%B6%E9%83%A8%E7%96%BC%E7%97%9B,HTTP 404: page does not exist,dayi,not_found,,no exact symptom result in search page,no,
410,昏仆,duguji,not_found,https://baike.duguji.cn/baike/w/%E6%98%8F%E4%BB%86,HTTP 404: page does not exist,dayi,not_found,,no exact symptom result in search page,no,
413,活动障碍,duguji,not_found,https://baike.duguji.cn/baike/w/%E6%B4%BB%E5%8A%A8%E9%9A%9C%E7%A2%8D,HTTP 404: page does not exist,dayi,not_found,,no exact symptom result in search page,no,
414,肌肤红,duguji,not_found,https://baike.duguji.cn/baike/w/%E8%82%8C%E8%82%A4%E7%BA%A2,HTTP 404: page does not exist,dayi,not_found,,no exact symptom result in search page,no,
415,肌肤下肿块数处,duguji,not_found,https://baike.duguji.cn/baike/w/%E8%82%8C%E8%82%A4%E4%B8%8B%E8%82%BF%E5%9D%97%E6%95%B0%E5%A4%84,HTTP 404: page does not exist,dayi,not_found,,no exact symptom result in search page,no,
426,肌肉疼痛,duguji,ok,https://baike.duguji.cn/baike/w/%E8%82%8C%E8%82%89%E7%96%BC%E7%97%9B,,,skipped_first_source_success,,,yes,duguji
416,肌肤下肿块一处,duguji,not_found,https://baike.duguji.cn/baike/w/%E8%82%8C%E8%82%A4%E4%B8%8B%E8%82%BF%E5%9D%97%E4%B8%80%E5%A4%84,HTTP 404: page does not exist,dayi,not_found,,no exact symptom result in search page,no,
417,肌肤肿块数处,duguji,not_found,https://baike.duguji.cn/baike/w/%E8%82%8C%E8%82%A4%E8%82%BF%E5%9D%97%E6%95%B0%E5%A4%84,HTTP 404: page does not exist,dayi,not_found,,no exact symptom result in search page,no,
418,肌肤肿块一处 推之能动,duguji,not_found,https://baike.duguji.cn/baike/w/%E8%82%8C%E8%82%A4%E8%82%BF%E5%9D%97%E4%B8%80%E5%A4%84%20%E6%8E%A8%E4%B9%8B%E8%83%BD%E5%8A%A8,HTTP 404: page does not exist,dayi,not_found,,no exact symptom result in search page,no,
421,肌肉剧痛,duguji,not_found,https://baike.duguji.cn/baike/w/%E8%82%8C%E8%82%89%E5%89%A7%E7%97%9B,HTTP 404: page does not exist,dayi,not_found,,no exact symptom result in search page,no,
419,肌肉关节酸痛,duguji,not_found,https://baike.duguji.cn/baike/w/%E8%82%8C%E8%82%89%E5%85%B3%E8%8A%82%E9%85%B8%E7%97%9B,HTTP 404: page does not exist,dayi,not_found,,no exact symptom result in search page,no,
420,肌肉红肿热痛,duguji,not_found,https://baike.duguji.cn/baike/w/%E8%82%8C%E8%82%89%E7%BA%A2%E8%82%BF%E7%83%AD%E7%97%9B,HTTP 404: page does not exist,dayi,not_found,,no exact symptom result in search page,no,
424,肌肉酸麻,duguji,not_found,https://baike.duguji.cn/baike/w/%E8%82%8C%E8%82%89%E9%85%B8%E9%BA%BB,HTTP 404: page does not exist,dayi,not_found,,no exact symptom result in search page,no,
422,肌肉麻木,duguji,not_found,https://baike.duguji.cn/baike/w/%E8%82%8C%E8%82%89%E9%BA%BB%E6%9C%A8,HTTP 404: page does not exist,dayi,not_found,,no exact symptom result in search page,no,
437,急躁易怒,duguji,no_definition,https://baike.duguji.cn/baike/w/%E6%80%A5%E8%BA%81%E6%98%93%E6%80%92,raw page parsed but no definition found,dayi,not_found,,no exact symptom result in search page,no,
428,肌痩,duguji,not_found,https://baike.duguji.cn/baike/w/%E8%82%8C%E7%97%A9,HTTP 404: page does not exist,dayi,not_found,,no exact symptom result in search page,no,
429,肌痿无力,duguji,not_found,https://baike.duguji.cn/baike/w/%E8%82%8C%E7%97%BF%E6%97%A0%E5%8A%9B,HTTP 404: page does not exist,dayi,not_found,,no exact symptom result in search page,no,
430,积聚痞块,duguji,not_found,https://baike.duguji.cn/baike/w/%E7%A7%AF%E8%81%9A%E7%97%9E%E5%9D%97,HTTP 404: page does not exist,dayi,not_found,,no exact symptom result in search page,no,
447,健忘,duguji,ok,https://baike.duguji.cn/baike/w/%E5%81%A5%E5%BF%98,,,skipped_first_source_success,,,yes,duguji
433,积滞内停,duguji,not_found,https://baike.duguji.cn/baike/w/%E7%A7%AF%E6%BB%9E%E5%86%85%E5%81%9C,HTTP 404: page does not exist,dayi,not_found,,no exact symptom result in search page,no,
434,积滞胀满,duguji,not_found,https://baike.duguji.cn/baike/w/%E7%A7%AF%E6%BB%9E%E8%83%80%E6%BB%A1,HTTP 404: page does not exist,dayi,not_found,,no exact symptom result in search page,no,
432,积滞不消,duguji,not_found,https://baike.duguji.cn/baike/w/%E7%A7%AF%E6%BB%9E%E4%B8%8D%E6%B6%88,HTTP 404: page does not exist,dayi,not_found,,no exact symptom result in search page,no,
436,急性起并半身不遂,duguji,not_found,https://baike.duguji.cn/baike/w/%E6%80%A5%E6%80%A7%E8%B5%B7%E5%B9%B6%E5%8D%8A%E8%BA%AB%E4%B8%8D%E9%81%82,HTTP 404: page does not exist,dayi,not_found,,no exact symptom result in search page,no,
441,肩背酸痛,duguji,not_found,https://baike.duguji.cn/baike/w/%E8%82%A9%E8%83%8C%E9%85%B8%E7%97%9B,HTTP 404: page does not exist,dayi,not_found,,no exact symptom result in search page,no,
443,肩部疼痛重着,duguji,not_found,https://baike.duguji.cn/baike/w/%E8%82%A9%E9%83%A8%E7%96%BC%E7%97%9B%E9%87%8D%E7%9D%80,HTTP 404: page does not exist,dayi,not_found,,no exact symptom result in search page,no,
442,肩臂疼痛,duguji,not_found,https://baike.duguji.cn/baike/w/%E8%82%A9%E8%87%82%E7%96%BC%E7%97%9B,HTTP 404: page does not exist,dayi,not_found,,no exact symptom result in search page,no,
444,肩颈疼痛,duguji,not_found,https://baike.duguji.cn/baike/w/%E8%82%A9%E9%A2%88%E7%96%BC%E7%97%9B,HTTP 404: page does not exist,dayi,not_found,,no exact symptom result in search page,no,
445,肩疼痛,duguji,not_found,https://baike.duguji.cn/baike/w/%E8%82%A9%E7%96%BC%E7%97%9B,HTTP 404: page does not exist,dayi,not_found,,no exact symptom result in search page,no,
448,舰血,duguji,not_found,https://baike.duguji.cn/baike/w/%E8%88%B0%E8%A1%80,HTTP 404: page does not exist,dayi,not_found,,no exact symptom result in search page,no,
453,脚气浮肿,duguji,not_found,https://baike.duguji.cn/baike/w/%E8%84%9A%E6%B0%94%E6%B5%AE%E8%82%BF,HTTP 404: page does not exist,dayi,not_found,,no exact symptom result in search page,no,
450,僵硬畸形,duguji,not_found,https://baike.duguji.cn/baike/w/%E5%83%B5%E7%A1%AC%E7%95%B8%E5%BD%A2,HTTP 404: page does not exist,dayi,not_found,,no exact symptom result in search page,no,
458,疥癣瘙痒,duguji,not_found,https://baike.duguji.cn/baike/w/%E7%96%A5%E7%99%A3%E7%98%99%E7%97%92,HTTP 404: page does not exist,dayi,not_found,,no exact symptom result in search page,no,
454,脚重,duguji,not_found,https://baike.duguji.cn/baike/w/%E8%84%9A%E9%87%8D,HTTP 404: page does not exist,dayi,not_found,,no exact symptom result in search page,no,
459,津伤,duguji,not_found,https://baike.duguji.cn/baike/w/%E6%B4%A5%E4%BC%A4,HTTP 404: page does not exist,dayi,not_found,,no exact symptom result in search page,no,
461,筋骨疼痛,duguji,not_found,https://baike.duguji.cn/baike/w/%E7%AD%8B%E9%AA%A8%E7%96%BC%E7%97%9B,HTTP 404: page does not exist,dayi,not_found,,no exact symptom result in search page,no,
462,筋骨痿软,duguji,not_found,https://baike.duguji.cn/baike/w/%E7%AD%8B%E9%AA%A8%E7%97%BF%E8%BD%AF,HTTP 404: page does not exist,dayi,not_found,,no exact symptom result in search page,no,
463,筋骨无力,duguji,not_found,https://baike.duguji.cn/baike/w/%E7%AD%8B%E9%AA%A8%E6%97%A0%E5%8A%9B,HTTP 404: page does not exist,dayi,not_found,,no exact symptom result in search page,no,
464,筋骨瘀痛,duguji,not_found,https://baike.duguji.cn/baike/w/%E7%AD%8B%E9%AA%A8%E7%98%80%E7%97%9B,HTTP 404: page does not exist,dayi,not_found,,no exact symptom result in search page,no,
471,经初行不畅,duguji,not_found,https://baike.duguji.cn/baike/w/%E7%BB%8F%E5%88%9D%E8%A1%8C%E4%B8%8D%E7%95%85,HTTP 404: page does not exist,dayi,not_found,,no exact symptom result in search page,no,
467,筋扭伤,duguji,not_found,https://baike.duguji.cn/baike/w/%E7%AD%8B%E6%89%AD%E4%BC%A4,HTTP 404: page does not exist,dayi,not_found,,no exact symptom result in search page,no,
472,经寒不调,duguji,not_found,https://baike.duguji.cn/baike/w/%E7%BB%8F%E5%AF%92%E4%B8%8D%E8%B0%83,HTTP 404: page does not exist,dayi,not_found,,no exact symptom result in search page,no,
466,筋脉拘挛,duguji,not_found,https://baike.duguji.cn/baike/w/%E7%AD%8B%E8%84%89%E6%8B%98%E6%8C%9B,HTTP 404: page does not exist,dayi,not_found,,no exact symptom result in search page,no,
484,经前乳房胀痛,duguji,ok,https://baike.duguji.cn/baike/w/%E7%BB%8F%E5%89%8D%E4%B9%B3%E6%88%BF%E8%83%80%E7%97%9B,,,skipped_first_source_success,,,yes,duguji
477,经行小腹疼痛,duguji,not_found,https://baike.duguji.cn/baike/w/%E7%BB%8F%E8%A1%8C%E5%B0%8F%E8%85%B9%E7%96%BC%E7%97%9B,HTTP 404: page does not exist,dayi,not_found,,no exact symptom result in search page,no,
475,经行痛减,duguji,not_found,https://baike.duguji.cn/baike/w/%E7%BB%8F%E8%A1%8C%E7%97%9B%E5%87%8F,HTTP 404: page does not exist,dayi,not_found,,no exact symptom result in search page,no,
474,经行量少,duguji,not_found,https://baike.duguji.cn/baike/w/%E7%BB%8F%E8%A1%8C%E9%87%8F%E5%B0%91,HTTP 404: page does not exist,dayi,not_found,,no exact symptom result in search page,no,
476,经行小腹冷痛,duguji,not_found,https://baike.duguji.cn/baike/w/%E7%BB%8F%E8%A1%8C%E5%B0%8F%E8%85%B9%E5%86%B7%E7%97%9B,HTTP 404: page does not exist,dayi,not_found,,no exact symptom result in search page,no,
478,经行小腹喜热,duguji,not_found,https://baike.duguji.cn/baike/w/%E7%BB%8F%E8%A1%8C%E5%B0%8F%E8%85%B9%E5%96%9C%E7%83%AD,HTTP 404: page does not exist,dayi,not_found,,no exact symptom result in search page,no,
479,经行小腹胀痛,duguji,not_found,https://baike.duguji.cn/baike/w/%E7%BB%8F%E8%A1%8C%E5%B0%8F%E8%85%B9%E8%83%80%E7%97%9B,HTTP 404: page does not exist,dayi,not_found,,no exact symptom result in search page,no,
480,经量少有血块,duguji,not_found,https://baike.duguji.cn/baike/w/%E7%BB%8F%E9%87%8F%E5%B0%91%E6%9C%89%E8%A1%80%E5%9D%97,HTTP 404: page does not exist,dayi,not_found,,no exact symptom result in search page,no,
483,经前腹痛加剧,duguji,not_found,https://baike.duguji.cn/baike/w/%E7%BB%8F%E5%89%8D%E8%85%B9%E7%97%9B%E5%8A%A0%E5%89%A7,HTTP 404: page does not exist,dayi,not_found,,no exact symptom result in search page,no,
481,经期腹痛,duguji,not_found,https://baike.duguji.cn/baike/w/%E7%BB%8F%E6%9C%9F%E8%85%B9%E7%97%9B,HTTP 404: page does not exist,dayi,ok,https://www.dayi.org.cn/symptom/1153284.html,,yes,dayi
485,经前乳胀,duguji,not_found,https://baike.duguji.cn/baike/w/%E7%BB%8F%E5%89%8D%E4%B9%B3%E8%83%80,HTTP 404: page does not exist,dayi,not_found,,no exact symptom result in search page,no,
488,经前头痛,duguji,not_found,https://baike.duguji.cn/baike/w/%E7%BB%8F%E5%89%8D%E5%A4%B4%E7%97%9B,HTTP 404: page does not exist,dayi,not_found,,no exact symptom result in search page,no,
486,经前双乳胀痛,duguji,not_found,https://baike.duguji.cn/baike/w/%E7%BB%8F%E5%89%8D%E5%8F%8C%E4%B9%B3%E8%83%80%E7%97%9B,HTTP 404: page does not exist,dayi,not_found,,no exact symptom result in search page,no,
489,经前性情急躁,duguji,not_found,https://baike.duguji.cn/baike/w/%E7%BB%8F%E5%89%8D%E6%80%A7%E6%83%85%E6%80%A5%E8%BA%81,HTTP 404: page does not exist,dayi,not_found,,no exact symptom result in search page,no,
487,经前疼痛加重,duguji,not_found,https://baike.duguji.cn/baike/w/%E7%BB%8F%E5%89%8D%E7%96%BC%E7%97%9B%E5%8A%A0%E9%87%8D,HTTP 404: page does not exist,dayi,not_found,,no exact symptom result in search page,no,
490,经前胸闷,duguji,not_found,https://baike.duguji.cn/baike/w/%E7%BB%8F%E5%89%8D%E8%83%B8%E9%97%B7,HTTP 404: page does not exist,dayi,not_found,,no exact symptom result in search page,no,
491,经少色淡,duguji,not_found,https://baike.duguji.cn/baike/w/%E7%BB%8F%E5%B0%91%E8%89%B2%E6%B7%A1,HTTP 404: page does not exist,dayi,not_found,,no exact symptom result in search page,no,
493,经血紫暗,duguji,not_found,https://baike.duguji.cn/baike/w/%E7%BB%8F%E8%A1%80%E7%B4%AB%E6%9A%97,HTTP 404: page does not exist,dayi,not_found,,no exact symptom result in search page,no,
492,经水淋漓不净,duguji,not_found,https://baike.duguji.cn/baike/w/%E7%BB%8F%E6%B0%B4%E6%B7%8B%E6%BC%93%E4%B8%8D%E5%87%80,HTTP 404: page does not exist,dayi,not_found,,no exact symptom result in search page,no,
495,惊风抽搐,duguji,not_found,https://baike.duguji.cn/baike/w/%E6%83%8A%E9%A3%8E%E6%8A%BD%E6%90%90,HTTP 404: page does not exist,dayi,not_found,,no exact symptom result in search page,no,
498,惊悸不宁,duguji,not_found,https://baike.duguji.cn/baike/w/%E6%83%8A%E6%82%B8%E4%B8%8D%E5%AE%81,HTTP 404: page does not exist,dayi,not_found,,no exact symptom result in search page,no,
499,惊悸多梦,duguji,not_found,https://baike.duguji.cn/baike/w/%E6%83%8A%E6%82%B8%E5%A4%9A%E6%A2%A6,HTTP 404: page does not exist,dayi,not_found,,no exact symptom result in search page,no,
504,精亏,duguji,not_found,https://baike.duguji.cn/baike/w/%E7%B2%BE%E4%BA%8F,HTTP 404: page does not exist,dayi,not_found,,no exact symptom result in search page,no,
503,惊痫不安,duguji,not_found,https://baike.duguji.cn/baike/w/%E6%83%8A%E7%97%AB%E4%B8%8D%E5%AE%89,HTTP 404: page does not exist,dayi,not_found,,no exact symptom result in search page,no,
506,精气不足,duguji,not_found,https://baike.duguji.cn/baike/w/%E7%B2%BE%E6%B0%94%E4%B8%8D%E8%B6%B3,HTTP 404: page does not exist,dayi,not_found,,no exact symptom result in search page,no,
507,精神不振,duguji,not_found,https://baike.duguji.cn/baike/w/%E7%B2%BE%E7%A5%9E%E4%B8%8D%E6%8C%AF,HTTP 404: page does not exist,dayi,not_found,,no exact symptom result in search page,no,
510,精神忧郁,duguji,not_found,https://baike.duguji.cn/baike/w/%E7%B2%BE%E7%A5%9E%E5%BF%A7%E9%83%81,HTTP 404: page does not exist,dayi,not_found,,no exact symptom result in search page,no,
511,精溢,duguji,not_found,https://baike.duguji.cn/baike/w/%E7%B2%BE%E6%BA%A2,HTTP 404: page does not exist,dayi,not_found,,no exact symptom result in search page,no,
513,颈项活动不利,duguji,not_found,https://baike.duguji.cn/baike/w/%E9%A2%88%E9%A1%B9%E6%B4%BB%E5%8A%A8%E4%B8%8D%E5%88%A9,HTTP 404: page does not exist,dayi,not_found,,no exact symptom result in search page,no,
512,颈肩部僵硬,duguji,not_found,https://baike.duguji.cn/baike/w/%E9%A2%88%E8%82%A9%E9%83%A8%E5%83%B5%E7%A1%AC,HTTP 404: page does not exist,dayi,not_found,,no exact symptom result in search page,no,
514,颈项僵硬,duguji,not_found,https://baike.duguji.cn/baike/w/%E9%A2%88%E9%A1%B9%E5%83%B5%E7%A1%AC,HTTP 404: page does not exist,dayi,not_found,,no exact symptom result in search page,no,
515,颈项僵直,duguji,not_found,https://baike.duguji.cn/baike/w/%E9%A2%88%E9%A1%B9%E5%83%B5%E7%9B%B4,HTTP 404: page does not exist,dayi,not_found,,no exact symptom result in search page,no,
516,颈项紧张不舒,duguji,not_found,https://baike.duguji.cn/baike/w/%E9%A2%88%E9%A1%B9%E7%B4%A7%E5%BC%A0%E4%B8%8D%E8%88%92,HTTP 404: page does not exist,dayi,not_found,,no exact symptom result in search page,no,
529,久嗽,duguji,ok,https://baike.duguji.cn/baike/w/%E4%B9%85%E5%97%BD,,,skipped_first_source_success,,,yes,duguji
517,颈项疼痛,duguji,not_found,https://baike.duguji.cn/baike/w/%E9%A2%88%E9%A1%B9%E7%96%BC%E7%97%9B,HTTP 404: page does not exist,dayi,not_found,,no exact symptom result in search page,no,
520,胫膝酸软,duguji,not_found,https://baike.duguji.cn/baike/w/%E8%83%AB%E8%86%9D%E9%85%B8%E8%BD%AF,HTTP 404: page does not exist,dayi,not_found,,no exact symptom result in search page,no,
518,颈椎病型头痛,duguji,not_found,https://baike.duguji.cn/baike/w/%E9%A2%88%E6%A4%8E%E7%97%85%E5%9E%8B%E5%A4%B4%E7%97%9B,HTTP 404: page does not exist,dayi,not_found,,no exact symptom result in search page,no,
523,久病体弱,duguji,not_found,https://baike.duguji.cn/baike/w/%E4%B9%85%E7%97%85%E4%BD%93%E5%BC%B1,HTTP 404: page does not exist,dayi,not_found,,no exact symptom result in search page,no,
528,久疟体虚,duguji,not_found,https://baike.duguji.cn/baike/w/%E4%B9%85%E7%96%9F%E4%BD%93%E8%99%9A,HTTP 404: page does not exist,dayi,not_found,,no exact symptom result in search page,no,
525,久咳不止,duguji,not_found,https://baike.duguji.cn/baike/w/%E4%B9%85%E5%92%B3%E4%B8%8D%E6%AD%A2,HTTP 404: page does not exist,dayi,not_found,,no exact symptom result in search page,no,
527,久痢不止,duguji,not_found,https://baike.duguji.cn/baike/w/%E4%B9%85%E7%97%A2%E4%B8%8D%E6%AD%A2,HTTP 404: page does not exist,dayi,not_found,,no exact symptom result in search page,no,
532,久泻不止,duguji,not_found,https://baike.duguji.cn/baike/w/%E4%B9%85%E6%B3%BB%E4%B8%8D%E6%AD%A2,HTTP 404: page does not exist,dayi,not_found,,no exact symptom result in search page,no,
533,久泻久痢,duguji,not_found,https://baike.duguji.cn/baike/w/%E4%B9%85%E6%B3%BB%E4%B9%85%E7%97%A2,HTTP 404: page does not exist,dayi,not_found,,no exact symptom result in search page,no,
535,拘挛麻木,duguji,not_found,https://baike.duguji.cn/baike/w/%E6%8B%98%E6%8C%9B%E9%BA%BB%E6%9C%A8,HTTP 404: page does not exist,dayi,not_found,,no exact symptom result in search page,no,
530,久嗽不止,duguji,not_found,https://baike.duguji.cn/baike/w/%E4%B9%85%E5%97%BD%E4%B8%8D%E6%AD%A2,HTTP 404: page does not exist,dayi,not_found,,no exact symptom result in search page,no,
534,久泻脱肛,duguji,not_found,https://baike.duguji.cn/baike/w/%E4%B9%85%E6%B3%BB%E8%84%B1%E8%82%9B,HTTP 404: page does not exist,dayi,not_found,,no exact symptom result in search page,no,
536,局部恶寒,duguji,not_found,https://baike.duguji.cn/baike/w/%E5%B1%80%E9%83%A8%E6%81%B6%E5%AF%92,HTTP 404: page does not exist,dayi,not_found,,no exact symptom result in search page,no,
537,局部红肿,duguji,not_found,https://baike.duguji.cn/baike/w/%E5%B1%80%E9%83%A8%E7%BA%A2%E8%82%BF,HTTP 404: page does not exist,dayi,not_found,,no exact symptom result in search page,no,
539,局部畏风寒,duguji,not_found,https://baike.duguji.cn/baike/w/%E5%B1%80%E9%83%A8%E7%95%8F%E9%A3%8E%E5%AF%92,HTTP 404: page does not exist,dayi,not_found,,no exact symptom result in search page,no,
538,局部畏恶风寒,duguji,not_found,https://baike.duguji.cn/baike/w/%E5%B1%80%E9%83%A8%E7%95%8F%E6%81%B6%E9%A3%8E%E5%AF%92,HTTP 404: page does not exist,dayi,not_found,,no exact symptom result in search page,no,
540,局部畏寒,duguji,not_found,https://baike.duguji.cn/baike/w/%E5%B1%80%E9%83%A8%E7%95%8F%E5%AF%92,HTTP 404: page does not exist,dayi,not_found,,no exact symptom result in search page,no,
541,局部肿痛,duguji,not_found,https://baike.duguji.cn/baike/w/%E5%B1%80%E9%83%A8%E8%82%BF%E7%97%9B,HTTP 404: page does not exist,dayi,not_found,,no exact symptom result in search page,no,
546,咳喘痛甚,duguji,not_found,https://baike.duguji.cn/baike/w/%E5%92%B3%E5%96%98%E7%97%9B%E7%94%9A,HTTP 404: page does not exist,dayi,not_found,,no exact symptom result in search page,no,
547,咳呛阵作,duguji,not_found,https://baike.duguji.cn/baike/w/%E5%92%B3%E5%91%9B%E9%98%B5%E4%BD%9C,HTTP 404: page does not exist,dayi,not_found,,no exact symptom result in search page,no,
548,咳甚而喘,duguji,not_found,https://baike.duguji.cn/baike/w/%E5%92%B3%E7%94%9A%E8%80%8C%E5%96%98,HTTP 404: page does not exist,dayi,not_found,,no exact symptom result in search page,no,
543,倦怠乏力,duguji,not_found,https://baike.duguji.cn/baike/w/%E5%80%A6%E6%80%A0%E4%B9%8F%E5%8A%9B,HTTP 404: page does not exist,dayi,not_found,,no exact symptom result in search page,no,
550,咳嗽频作,duguji,not_found,https://baike.duguji.cn/baike/w/%E5%92%B3%E5%97%BD%E9%A2%91%E4%BD%9C,HTTP 404: page does not exist,dayi,not_found,,no exact symptom result in search page,no,
551,咳嗽日久,duguji,not_found,https://baike.duguji.cn/baike/w/%E5%92%B3%E5%97%BD%E6%97%A5%E4%B9%85,HTTP 404: page does not exist,dayi,not_found,,no exact symptom result in search page,no,
562,渴,duguji,ok,https://baike.duguji.cn/baike/w/%E6%B8%B4,,,skipped_first_source_success,,,yes,duguji
553,咳嗽痰盛,duguji,not_found,https://baike.duguji.cn/baike/w/%E5%92%B3%E5%97%BD%E7%97%B0%E7%9B%9B,HTTP 404: page does not exist,dayi,not_found,,no exact symptom result in search page,no,
557,咳痰不已,duguji,not_found,https://baike.duguji.cn/baike/w/%E5%92%B3%E7%97%B0%E4%B8%8D%E5%B7%B2,HTTP 404: page does not exist,dayi,not_found,,no exact symptom result in search page,no,
556,咳痰不爽,duguji,not_found,https://baike.duguji.cn/baike/w/%E5%92%B3%E7%97%B0%E4%B8%8D%E7%88%BD,HTTP 404: page does not exist,dayi,not_found,,no exact symptom result in search page,no,
555,咳嗽阵作,duguji,not_found,https://baike.duguji.cn/baike/w/%E5%92%B3%E5%97%BD%E9%98%B5%E4%BD%9C,HTTP 404: page does not exist,dayi,not_found,,no exact symptom result in search page,no,
554,咳嗽有痰,duguji,not_found,https://baike.duguji.cn/baike/w/%E5%92%B3%E5%97%BD%E6%9C%89%E7%97%B0,HTTP 404: page does not exist,dayi,not_found,,no exact symptom result in search page,no,
558,咳痰带血,duguji,not_found,https://baike.duguji.cn/baike/w/%E5%92%B3%E7%97%B0%E5%B8%A6%E8%A1%80,HTTP 404: page does not exist,dayi,not_found,,no exact symptom result in search page,no,
573,口干,duguji,ok,https://baike.duguji.cn/baike/w/%E5%8F%A3%E5%B9%B2,,,skipped_first_source_success,,,yes,duguji
575,口角流涎,duguji,ok,https://baike.duguji.cn/baike/w/%E5%8F%A3%E8%A7%92%E6%B5%81%E6%B6%8E,,,skipped_first_source_success,,,yes,duguji
559,咳痰色白,duguji,not_found,https://baike.duguji.cn/baike/w/%E5%92%B3%E7%97%B0%E8%89%B2%E7%99%BD,HTTP 404: page does not exist,dayi,not_found,,no exact symptom result in search page,no,
560,咳吐不爽,duguji,not_found,https://baike.duguji.cn/baike/w/%E5%92%B3%E5%90%90%E4%B8%8D%E7%88%BD,HTTP 404: page does not exist,dayi,not_found,,no exact symptom result in search page,no,
577,口渴,duguji,ok,https://baike.duguji.cn/baike/w/%E5%8F%A3%E6%B8%B4,,,skipped_first_source_success,,,yes,duguji
580,口苦,duguji,ok,https://baike.duguji.cn/baike/w/%E5%8F%A3%E8%8B%A6,,,skipped_first_source_success,,,yes,duguji
579,口渴喜饮,duguji,ok,https://baike.duguji.cn/baike/w/%E5%8F%A3%E6%B8%B4%E5%96%9C%E9%A5%AE,,,skipped_first_source_success,,,yes,duguji
563,渴不思饮,duguji,not_found,https://baike.duguji.cn/baike/w/%E6%B8%B4%E4%B8%8D%E6%80%9D%E9%A5%AE,HTTP 404: page does not exist,dayi,not_found,,no exact symptom result in search page,no,
570,口唇紫绀,duguji,not_found,https://baike.duguji.cn/baike/w/%E5%8F%A3%E5%94%87%E7%B4%AB%E7%BB%80,HTTP 404: page does not exist,dayi,not_found,,no exact symptom result in search page,no,
568,口疮肿痛,duguji,not_found,https://baike.duguji.cn/baike/w/%E5%8F%A3%E7%96%AE%E8%82%BF%E7%97%9B,HTTP 404: page does not exist,dayi,not_found,,no exact symptom result in search page,no,
571,口淡乏味,duguji,not_found,https://baike.duguji.cn/baike/w/%E5%8F%A3%E6%B7%A1%E4%B9%8F%E5%91%B3,HTTP 404: page does not exist,dayi,not_found,,no exact symptom result in search page,no,
572,口多唾涎,duguji,not_found,https://baike.duguji.cn/baike/w/%E5%8F%A3%E5%A4%9A%E5%94%BE%E6%B6%8E,HTTP 404: page does not exist,dayi,not_found,,no exact symptom result in search page,no,
574,口角流诞,duguji,not_found,https://baike.duguji.cn/baike/w/%E5%8F%A3%E8%A7%92%E6%B5%81%E8%AF%9E,HTTP 404: page does not exist,dayi,not_found,,no exact symptom result in search page,no,
581,口糜烂,duguji,not_found,https://baike.duguji.cn/baike/w/%E5%8F%A3%E7%B3%9C%E7%83%82,HTTP 404: page does not exist,dayi,not_found,,no exact symptom result in search page,no,
582,口黏,duguji,not_found,https://baike.duguji.cn/baike/w/%E5%8F%A3%E9%BB%8F,HTTP 404: page does not exist,dayi,not_found,,no exact symptom result in search page,no,
586,口舌干燥,duguji,not_found,https://baike.duguji.cn/baike/w/%E5%8F%A3%E8%88%8C%E5%B9%B2%E7%87%A5,HTTP 404: page does not exist,dayi,not_found,,no exact symptom result in search page,no,
584,口腔溃疡久不收敛,duguji,not_found,https://baike.duguji.cn/baike/w/%E5%8F%A3%E8%85%94%E6%BA%83%E7%96%A1%E4%B9%85%E4%B8%8D%E6%94%B6%E6%95%9B,HTTP 404: page does not exist,dayi,not_found,,no exact symptom result in search page,no,
588,口舌歪斜,duguji,not_found,https://baike.duguji.cn/baike/w/%E5%8F%A3%E8%88%8C%E6%AD%AA%E6%96%9C,HTTP 404: page does not exist,dayi,not_found,,no exact symptom result in search page,no,
590,口生疮,duguji,not_found,https://baike.duguji.cn/baike/w/%E5%8F%A3%E7%94%9F%E7%96%AE,HTTP 404: page does not exist,dayi,not_found,,no exact symptom result in search page,no,
589,口舌肿痛,duguji,not_found,https://baike.duguji.cn/baike/w/%E5%8F%A3%E8%88%8C%E8%82%BF%E7%97%9B,HTTP 404: page does not exist,dayi,not_found,,no exact symptom result in search page,no,
591,口吐涎沫,duguji,not_found,https://baike.duguji.cn/baike/w/%E5%8F%A3%E5%90%90%E6%B6%8E%E6%B2%AB,HTTP 404: page does not exist,dayi,not_found,,no exact symptom result in search page,no,
592,口喎,duguji,not_found,https://baike.duguji.cn/baike/w/%E5%8F%A3%E5%96%8E,HTTP 404: page does not exist,dayi,not_found,,no exact symptom result in search page,no,
593,口眼涡斜,duguji,not_found,https://baike.duguji.cn/baike/w/%E5%8F%A3%E7%9C%BC%E6%B6%A1%E6%96%9C,HTTP 404: page does not exist,dayi,not_found,,no exact symptom result in search page,no,
595,口燥,duguji,not_found,https://baike.duguji.cn/baike/w/%E5%8F%A3%E7%87%A5,HTTP 404: page does not exist,dayi,not_found,,no exact symptom result in search page,no,
594,口喁,duguji,not_found,https://baike.duguji.cn/baike/w/%E5%8F%A3%E5%96%81,HTTP 404: page does not exist,dayi,not_found,,no exact symptom result in search page,no,
609,冷喘,duguji,ok,https://baike.duguji.cn/baike/w/%E5%86%B7%E5%96%98,,,skipped_first_source_success,,,yes,duguji
596,口中甜腻,duguji,not_found,https://baike.duguji.cn/baike/w/%E5%8F%A3%E4%B8%AD%E7%94%9C%E8%85%BB,HTTP 404: page does not exist,dayi,not_found,,no exact symptom result in search page,no,
598,溃疡不敛,duguji,not_found,https://baike.duguji.cn/baike/w/%E6%BA%83%E7%96%A1%E4%B8%8D%E6%95%9B,HTTP 404: page does not exist,dayi,not_found,,no exact symptom result in search page,no,
613,冷泻,duguji,ok,https://baike.duguji.cn/baike/w/%E5%86%B7%E6%B3%BB,,,skipped_first_source_success,,,yes,duguji
599,剌痛,duguji,not_found,https://baike.duguji.cn/baike/w/%E5%89%8C%E7%97%9B,HTTP 404: page does not exist,dayi,not_found,,no exact symptom result in search page,no,
600,懒言,duguji,not_found,https://baike.duguji.cn/baike/w/%E6%87%92%E8%A8%80,HTTP 404: page does not exist,dayi,not_found,,no exact symptom result in search page,no,
603,劳嗽咯血,duguji,not_found,https://baike.duguji.cn/baike/w/%E5%8A%B3%E5%97%BD%E5%92%AF%E8%A1%80,HTTP 404: page does not exist,dayi,not_found,,no exact symptom result in search page,no,
605,老年轻度认知障碍,duguji,not_found,https://baike.duguji.cn/baike/w/%E8%80%81%E5%B9%B4%E8%BD%BB%E5%BA%A6%E8%AE%A4%E7%9F%A5%E9%9A%9C%E7%A2%8D,HTTP 404: page does not exist,dayi,not_found,,no exact symptom result in search page,no,
606,老年腰膝酸软,duguji,not_found,https://baike.duguji.cn/baike/w/%E8%80%81%E5%B9%B4%E8%85%B0%E8%86%9D%E9%85%B8%E8%BD%AF,HTTP 404: page does not exist,dayi,not_found,,no exact symptom result in search page,no,
622,两眼刺痛,duguji,ok,https://baike.duguji.cn/baike/w/%E4%B8%A4%E7%9C%BC%E5%88%BA%E7%97%9B,,,skipped_first_source_success,,,yes,duguji
610,冷汗自出,duguji,not_found,https://baike.duguji.cn/baike/w/%E5%86%B7%E6%B1%97%E8%87%AA%E5%87%BA,HTTP 404: page does not exist,dayi,not_found,,no exact symptom result in search page,no,
618,两腮肿,duguji,not_found,https://baike.duguji.cn/baike/w/%E4%B8%A4%E8%85%AE%E8%82%BF,HTTP 404: page does not exist,dayi,not_found,,no exact symptom result in search page,no,
617,两腮痛,duguji,not_found,https://baike.duguji.cn/baike/w/%E4%B8%A4%E8%85%AE%E7%97%9B,HTTP 404: page does not exist,dayi,not_found,,no exact symptom result in search page,no,
620,两胁疼痛,duguji,not_found,https://baike.duguji.cn/baike/w/%E4%B8%A4%E8%83%81%E7%96%BC%E7%97%9B,HTTP 404: page does not exist,dayi,not_found,,no exact symptom result in search page,no,
616,臁疮糜烂,duguji,not_found,https://baike.duguji.cn/baike/w/%E8%87%81%E7%96%AE%E7%B3%9C%E7%83%82,HTTP 404: page does not exist,dayi,not_found,,no exact symptom result in search page,no,
621,两胁胀痛,duguji,not_found,https://baike.duguji.cn/baike/w/%E4%B8%A4%E8%83%81%E8%83%80%E7%97%9B,HTTP 404: page does not exist,dayi,not_found,,no exact symptom result in search page,no,
619,两腮肿痛,duguji,not_found,https://baike.duguji.cn/baike/w/%E4%B8%A4%E8%85%AE%E8%82%BF%E7%97%9B,HTTP 404: page does not exist,dayi,not_found,,no exact symptom result in search page,no,
637,流清涕,duguji,ok,https://baike.duguji.cn/baike/w/%E6%B5%81%E6%B8%85%E6%B6%95,,,skipped_first_source_success,,,yes,duguji
638,流涕,duguji,ok,https://baike.duguji.cn/baike/w/%E6%B5%81%E6%B6%95,,,skipped_first_source_success,,,yes,duguji
623,淋沥疼痛,duguji,not_found,https://baike.duguji.cn/baike/w/%E6%B7%8B%E6%B2%A5%E7%96%BC%E7%97%9B,HTTP 404: page does not exist,dayi,not_found,,no exact symptom result in search page,no,
625,淋证涩痛,duguji,not_found,https://baike.duguji.cn/baike/w/%E6%B7%8B%E8%AF%81%E6%B6%A9%E7%97%9B,HTTP 404: page does not exist,dayi,not_found,,no exact symptom result in search page,no,
628,鳞屑多,duguji,not_found,https://baike.duguji.cn/baike/w/%E9%B3%9E%E5%B1%91%E5%A4%9A,HTTP 404: page does not exist,dayi,not_found,,no exact symptom result in search page,no,
629,流产后出血,duguji,not_found,https://baike.duguji.cn/baike/w/%E6%B5%81%E4%BA%A7%E5%90%8E%E5%87%BA%E8%A1%80,HTTP 404: page does not exist,dayi,not_found,,no exact symptom result in search page,no,
630,流产后宫缩不良,duguji,not_found,https://baike.duguji.cn/baike/w/%E6%B5%81%E4%BA%A7%E5%90%8E%E5%AE%AB%E7%BC%A9%E4%B8%8D%E8%89%AF,HTTP 404: page does not exist,dayi,not_found,,no exact symptom result in search page,no,
631,流黄稠涕,duguji,not_found,https://baike.duguji.cn/baike/w/%E6%B5%81%E9%BB%84%E7%A8%A0%E6%B6%95,HTTP 404: page does not exist,dayi,not_found,,no exact symptom result in search page,no,
647,麻木,duguji,ok,https://baike.duguji.cn/baike/w/%E9%BA%BB%E6%9C%A8,,,skipped_first_source_success,,,yes,duguji
636,流脓涕,duguji,not_found,https://baike.duguji.cn/baike/w/%E6%B5%81%E8%84%93%E6%B6%95,HTTP 404: page does not exist,dayi,not_found,,no exact symptom result in search page,no,
632,流黄涕,duguji,not_found,https://baike.duguji.cn/baike/w/%E6%B5%81%E9%BB%84%E6%B6%95,HTTP 404: page does not exist,dayi,not_found,,no exact symptom result in search page,no,
633,流黄浊涕,duguji,not_found,https://baike.duguji.cn/baike/w/%E6%B5%81%E9%BB%84%E6%B5%8A%E6%B6%95,HTTP 404: page does not exist,dayi,not_found,,no exact symptom result in search page,no,
641,流浊涕,duguji,not_found,https://baike.duguji.cn/baike/w/%E6%B5%81%E6%B5%8A%E6%B6%95,HTTP 404: page does not exist,dayi,not_found,,no exact symptom result in search page,no,
639,流涕黏白,duguji,not_found,https://baike.duguji.cn/baike/w/%E6%B5%81%E6%B6%95%E9%BB%8F%E7%99%BD,HTTP 404: page does not exist,dayi,not_found,,no exact symptom result in search page,no,
643,瘰疬未溃,duguji,not_found,https://baike.duguji.cn/baike/w/%E7%98%B0%E7%96%AC%E6%9C%AA%E6%BA%83,HTTP 404: page does not exist,dayi,not_found,,no exact symptom result in search page,no,
659,慢性支气管炎急性发作,duguji,ok,https://baike.duguji.cn/baike/w/%E6%85%A2%E6%80%A7%E6%94%AF%E6%B0%94%E7%AE%A1%E7%82%8E%E6%80%A5%E6%80%A7%E5%8F%91%E4%BD%9C,,,skipped_first_source_success,,,yes,duguji
645,屡经流产,duguji,not_found,https://baike.duguji.cn/baike/w/%E5%B1%A1%E7%BB%8F%E6%B5%81%E4%BA%A7,HTTP 404: page does not exist,dayi,not_found,,no exact symptom result in search page,no,
646,麻痹瘙痒,duguji,not_found,https://baike.duguji.cn/baike/w/%E9%BA%BB%E7%97%B9%E7%98%99%E7%97%92,HTTP 404: page does not exist,dayi,not_found,,no exact symptom result in search page,no,
649,麻木瘫痪,duguji,not_found,https://baike.duguji.cn/baike/w/%E9%BA%BB%E6%9C%A8%E7%98%AB%E7%97%AA,HTTP 404: page does not exist,dayi,not_found,,no exact symptom result in search page,no,
648,麻木拘挛,duguji,not_found,https://baike.duguji.cn/baike/w/%E9%BA%BB%E6%9C%A8%E6%8B%98%E6%8C%9B,HTTP 404: page does not exist,dayi,not_found,,no exact symptom result in search page,no,
650,麻疹不透,duguji,not_found,https://baike.duguji.cn/baike/w/%E9%BA%BB%E7%96%B9%E4%B8%8D%E9%80%8F,HTTP 404: page does not exist,dayi,not_found,,no exact symptom result in search page,no,
653,脉细弱,duguji,not_found,https://baike.duguji.cn/baike/w/%E8%84%89%E7%BB%86%E5%BC%B1,HTTP 404: page does not exist,dayi,not_found,,no exact symptom result in search page,no,
654,脉细涩,duguji,not_found,https://baike.duguji.cn/baike/w/%E8%84%89%E7%BB%86%E6%B6%A9,HTTP 404: page does not exist,dayi,not_found,,no exact symptom result in search page,no,
651,脉沉细,duguji,not_found,https://baike.duguji.cn/baike/w/%E8%84%89%E6%B2%89%E7%BB%86,HTTP 404: page does not exist,dayi,ok,https://www.dayi.org.cn/symptom/1153742.html,,yes,dayi
656,脉细弦,duguji,not_found,https://baike.duguji.cn/baike/w/%E8%84%89%E7%BB%86%E5%BC%A6,HTTP 404: page does not exist,dayi,not_found,,no exact symptom result in search page,no,
668,面赤,duguji,ok,https://baike.duguji.cn/baike/w/%E9%9D%A2%E8%B5%A4,,,skipped_first_source_success,,,yes,duguji
671,面黄,duguji,ok,https://baike.duguji.cn/baike/w/%E9%9D%A2%E9%BB%84,,,skipped_first_source_success,,,yes,duguji
660,毛发成片脱落,duguji,not_found,https://baike.duguji.cn/baike/w/%E6%AF%9B%E5%8F%91%E6%88%90%E7%89%87%E8%84%B1%E8%90%BD,HTTP 404: page does not exist,dayi,not_found,,no exact symptom result in search page,no,
661,毛发呈稀疏状脱落,duguji,not_found,https://baike.duguji.cn/baike/w/%E6%AF%9B%E5%8F%91%E5%91%88%E7%A8%80%E7%96%8F%E7%8A%B6%E8%84%B1%E8%90%BD,HTTP 404: page does not exist,dayi,not_found,,no exact symptom result in search page,no,
662,毛发干燥,duguji,not_found,https://baike.duguji.cn/baike/w/%E6%AF%9B%E5%8F%91%E5%B9%B2%E7%87%A5,HTTP 404: page does not exist,dayi,not_found,,no exact symptom result in search page,no,
663,毛发松动,duguji,not_found,https://baike.duguji.cn/baike/w/%E6%AF%9B%E5%8F%91%E6%9D%BE%E5%8A%A8,HTTP 404: page does not exist,dayi,not_found,,no exact symptom result in search page,no,
664,毛发油腻,duguji,not_found,https://baike.duguji.cn/baike/w/%E6%AF%9B%E5%8F%91%E6%B2%B9%E8%85%BB,HTTP 404: page does not exist,dayi,not_found,,no exact symptom result in search page,no,
669,面浮肿,duguji,not_found,https://baike.duguji.cn/baike/w/%E9%9D%A2%E6%B5%AE%E8%82%BF,HTTP 404: page does not exist,dayi,not_found,,no exact symptom result in search page,no,
667,眠差,duguji,not_found,https://baike.duguji.cn/baike/w/%E7%9C%A0%E5%B7%AE,HTTP 404: page does not exist,dayi,not_found,,no exact symptom result in search page,no,
685,目暗不明,duguji,ok,https://baike.duguji.cn/baike/w/%E7%9B%AE%E6%9A%97%E4%B8%8D%E6%98%8E,,,skipped_first_source_success,,,yes,duguji
672,面目悉黄,duguji,not_found,https://baike.duguji.cn/baike/w/%E9%9D%A2%E7%9B%AE%E6%82%89%E9%BB%84,HTTP 404: page does not exist,dayi,not_found,,no exact symptom result in search page,no,
677,面色恍白,duguji,not_found,https://baike.duguji.cn/baike/w/%E9%9D%A2%E8%89%B2%E6%81%8D%E7%99%BD,HTTP 404: page does not exist,dayi,not_found,,no exact symptom result in search page,no,
674,面色不华,duguji,not_found,https://baike.duguji.cn/baike/w/%E9%9D%A2%E8%89%B2%E4%B8%8D%E5%8D%8E,HTTP 404: page does not exist,dayi,not_found,,no exact symptom result in search page,no,
673,面目虚涪,duguji,not_found,https://baike.duguji.cn/baike/w/%E9%9D%A2%E7%9B%AE%E8%99%9A%E6%B6%AA,HTTP 404: page does not exist,dayi,not_found,,no exact symptom result in search page,no,
678,面色晄白,duguji,not_found,https://baike.duguji.cn/baike/w/%E9%9D%A2%E8%89%B2%E6%99%84%E7%99%BD,HTTP 404: page does not exist,dayi,not_found,,no exact symptom result in search page,no,
679,面色黢黑,duguji,not_found,https://baike.duguji.cn/baike/w/%E9%9D%A2%E8%89%B2%E9%BB%A2%E9%BB%91,HTTP 404: page does not exist,dayi,not_found,,no exact symptom result in search page,no,
680,面色少华,duguji,not_found,https://baike.duguji.cn/baike/w/%E9%9D%A2%E8%89%B2%E5%B0%91%E5%8D%8E,HTTP 404: page does not exist,dayi,not_found,,no exact symptom result in search page,no,
695,目黄,duguji,ok,https://baike.duguji.cn/baike/w/%E7%9B%AE%E9%BB%84,,,skipped_first_source_success,,,yes,duguji
682,面色无华,duguji,not_found,https://baike.duguji.cn/baike/w/%E9%9D%A2%E8%89%B2%E6%97%A0%E5%8D%8E,HTTP 404: page does not exist,dayi,not_found,,no exact symptom result in search page,no,
684,面肢浮肿,duguji,not_found,https://baike.duguji.cn/baike/w/%E9%9D%A2%E8%82%A2%E6%B5%AE%E8%82%BF,HTTP 404: page does not exist,dayi,not_found,,no exact symptom result in search page,no,
698,目涩,duguji,ok,https://baike.duguji.cn/baike/w/%E7%9B%AE%E6%B6%A9,,,skipped_first_source_success,,,yes,duguji
689,目赤红肿,duguji,not_found,https://baike.duguji.cn/baike/w/%E7%9B%AE%E8%B5%A4%E7%BA%A2%E8%82%BF,HTTP 404: page does not exist,dayi,not_found,,no exact symptom result in search page,no,
686,目暗昏花,duguji,not_found,https://baike.duguji.cn/baike/w/%E7%9B%AE%E6%9A%97%E6%98%8F%E8%8A%B1,HTTP 404: page does not exist,dayi,not_found,,no exact symptom result in search page,no,
702,目痒,duguji,ok,https://baike.duguji.cn/baike/w/%E7%9B%AE%E7%97%92,,,skipped_first_source_success,,,yes,duguji
687,目暗羞明,duguji,not_found,https://baike.duguji.cn/baike/w/%E7%9B%AE%E6%9A%97%E7%BE%9E%E6%98%8E,HTTP 404: page does not exist,dayi,not_found,,no exact symptom result in search page,no,
690,目赤昏花,duguji,not_found,https://baike.duguji.cn/baike/w/%E7%9B%AE%E8%B5%A4%E6%98%8F%E8%8A%B1,HTTP 404: page does not exist,dayi,not_found,,no exact symptom result in search page,no,
691,目赤翳障,duguji,not_found,https://baike.duguji.cn/baike/w/%E7%9B%AE%E8%B5%A4%E7%BF%B3%E9%9A%9C,HTTP 404: page does not exist,dayi,not_found,,no exact symptom result in search page,no,
693,目发黄,duguji,not_found,https://baike.duguji.cn/baike/w/%E7%9B%AE%E5%8F%91%E9%BB%84,HTTP 404: page does not exist,dayi,not_found,,no exact symptom result in search page,no,
694,目花,duguji,not_found,https://baike.duguji.cn/baike/w/%E7%9B%AE%E8%8A%B1,HTTP 404: page does not exist,dayi,not_found,,no exact symptom result in search page,no,
699,目生翳膜,duguji,not_found,https://baike.duguji.cn/baike/w/%E7%9B%AE%E7%94%9F%E7%BF%B3%E8%86%9C,HTTP 404: page does not exist,dayi,not_found,,no exact symptom result in search page,no,
697,目昏不明,duguji,not_found,https://baike.duguji.cn/baike/w/%E7%9B%AE%E6%98%8F%E4%B8%8D%E6%98%8E,HTTP 404: page does not exist,dayi,not_found,,no exact symptom result in search page,no,
700,目生云翳,duguji,not_found,https://baike.duguji.cn/baike/w/%E7%9B%AE%E7%94%9F%E4%BA%91%E7%BF%B3,HTTP 404: page does not exist,dayi,not_found,,no exact symptom result in search page,no,
705,目珠夜痛,duguji,not_found,https://baike.duguji.cn/baike/w/%E7%9B%AE%E7%8F%A0%E5%A4%9C%E7%97%9B,HTTP 404: page does not exist,dayi,not_found,,no exact symptom result in search page,no,
710,纳少嘈杂,duguji,not_found,https://baike.duguji.cn/baike/w/%E7%BA%B3%E5%B0%91%E5%98%88%E6%9D%82,HTTP 404: page does not exist,dayi,not_found,,no exact symptom result in search page,no,
703,目淫羞明,duguji,not_found,https://baike.duguji.cn/baike/w/%E7%9B%AE%E6%B7%AB%E7%BE%9E%E6%98%8E,HTTP 404: page does not exist,dayi,not_found,,no exact symptom result in search page,no,
704,目胀,duguji,not_found,https://baike.duguji.cn/baike/w/%E7%9B%AE%E8%83%80,HTTP 404: page does not exist,dayi,not_found,,no exact symptom result in search page,no,
712,脑部疼痛,duguji,not_found,https://baike.duguji.cn/baike/w/%E8%84%91%E9%83%A8%E7%96%BC%E7%97%9B,HTTP 404: page does not exist,dayi,not_found,,no exact symptom result in search page,no,
721,尿赤,duguji,ok,https://baike.duguji.cn/baike/w/%E5%B0%BF%E8%B5%A4,,,skipped_first_source_success,,,yes,duguji
725,尿后滴沥,duguji,ok,https://baike.duguji.cn/baike/w/%E5%B0%BF%E5%90%8E%E6%BB%B4%E6%B2%A5,,,skipped_first_source_success,,,yes,duguji
713,脑功能减退,duguji,not_found,https://baike.duguji.cn/baike/w/%E8%84%91%E5%8A%9F%E8%83%BD%E5%87%8F%E9%80%80,HTTP 404: page does not exist,dayi,not_found,,no exact symptom result in search page,no,
714,脑络瘀阻,duguji,not_found,https://baike.duguji.cn/baike/w/%E8%84%91%E7%BB%9C%E7%98%80%E9%98%BB,HTTP 404: page does not exist,dayi,not_found,,no exact symptom result in search page,no,
715,内外伤出血,duguji,not_found,https://baike.duguji.cn/baike/w/%E5%86%85%E5%A4%96%E4%BC%A4%E5%87%BA%E8%A1%80,HTTP 404: page does not exist,dayi,not_found,,no exact symptom result in search page,no,
718,年老气喘,duguji,not_found,https://baike.duguji.cn/baike/w/%E5%B9%B4%E8%80%81%E6%B0%94%E5%96%98,HTTP 404: page does not exist,dayi,not_found,,no exact symptom result in search page,no,
716,内障目暗,duguji,not_found,https://baike.duguji.cn/baike/w/%E5%86%85%E9%9A%9C%E7%9B%AE%E6%9A%97,HTTP 404: page does not exist,dayi,not_found,,no exact symptom result in search page,no,
719,年老哮喘,duguji,not_found,https://baike.duguji.cn/baike/w/%E5%B9%B4%E8%80%81%E5%93%AE%E5%96%98,HTTP 404: page does not exist,dayi,not_found,,no exact symptom result in search page,no,
722,尿道涩痛,duguji,not_found,https://baike.duguji.cn/baike/w/%E5%B0%BF%E9%81%93%E6%B6%A9%E7%97%9B,HTTP 404: page does not exist,dayi,not_found,,no exact symptom result in search page,no,
724,尿点滴而下,duguji,not_found,https://baike.duguji.cn/baike/w/%E5%B0%BF%E7%82%B9%E6%BB%B4%E8%80%8C%E4%B8%8B,HTTP 404: page does not exist,dayi,not_found,,no exact symptom result in search page,no,
723,尿道灼热,duguji,not_found,https://baike.duguji.cn/baike/w/%E5%B0%BF%E9%81%93%E7%81%BC%E7%83%AD,HTTP 404: page does not exist,dayi,not_found,,no exact symptom result in search page,no,
737,尿涩,duguji,ok,https://baike.duguji.cn/baike/w/%E5%B0%BF%E6%B6%A9,,,skipped_first_source_success,,,yes,duguji
726,尿后余沥不尽,duguji,not_found,https://baike.duguji.cn/baike/w/%E5%B0%BF%E5%90%8E%E4%BD%99%E6%B2%A5%E4%B8%8D%E5%B0%BD,HTTP 404: page does not exist,dayi,not_found,,no exact symptom result in search page,no,
739,尿少,duguji,no_definition,https://baike.duguji.cn/baike/w/%E5%B0%BF%E5%B0%91,raw page parsed but no definition found,dayi,not_found,,no exact symptom result in search page,no,
728,尿黄如茶,duguji,not_found,https://baike.duguji.cn/baike/w/%E5%B0%BF%E9%BB%84%E5%A6%82%E8%8C%B6,HTTP 404: page does not exist,dayi,not_found,,no exact symptom result in search page,no,
729,尿混浊,duguji,not_found,https://baike.duguji.cn/baike/w/%E5%B0%BF%E6%B7%B7%E6%B5%8A,HTTP 404: page does not exist,dayi,not_found,,no exact symptom result in search page,no,
727,尿黄,duguji,not_found,https://baike.duguji.cn/baike/w/%E5%B0%BF%E9%BB%84,HTTP 404: page does not exist,dayi,ok,https://www.dayi.org.cn/symptom/1153080.html,,yes,dayi
733,尿频数,duguji,not_found,https://baike.duguji.cn/baike/w/%E5%B0%BF%E9%A2%91%E6%95%B0,HTTP 404: page does not exist,dayi,not_found,,no exact symptom result in search page,no,
734,尿热,duguji,not_found,https://baike.duguji.cn/baike/w/%E5%B0%BF%E7%83%AD,HTTP 404: page does not exist,dayi,not_found,,no exact symptom result in search page,no,
754,呕逆,duguji,ok,https://baike.duguji.cn/baike/w/%E5%91%95%E9%80%86,,,skipped_first_source_success,,,yes,duguji
735,尿色赤黄,duguji,not_found,https://baike.duguji.cn/baike/w/%E5%B0%BF%E8%89%B2%E8%B5%A4%E9%BB%84,HTTP 404: page does not exist,dayi,not_found,,no exact symptom result in search page,no,
736,尿色偏黄,duguji,not_found,https://baike.duguji.cn/baike/w/%E5%B0%BF%E8%89%B2%E5%81%8F%E9%BB%84,HTTP 404: page does not exist,dayi,not_found,,no exact symptom result in search page,no,
738,尿涩痛,duguji,not_found,https://baike.duguji.cn/baike/w/%E5%B0%BF%E6%B6%A9%E7%97%9B,HTTP 404: page does not exist,dayi,not_found,,no exact symptom result in search page,no,
743,尿血血色鲜红,duguji,not_found,https://baike.duguji.cn/baike/w/%E5%B0%BF%E8%A1%80%E8%A1%80%E8%89%B2%E9%B2%9C%E7%BA%A2,HTTP 404: page does not exist,dayi,not_found,,no exact symptom result in search page,no,
741,尿线细,duguji,not_found,https://baike.duguji.cn/baike/w/%E5%B0%BF%E7%BA%BF%E7%BB%86,HTTP 404: page does not exist,dayi,not_found,,no exact symptom result in search page,no,
746,脓成不溃,duguji,not_found,https://baike.duguji.cn/baike/w/%E8%84%93%E6%88%90%E4%B8%8D%E6%BA%83,HTTP 404: page does not exist,dayi,not_found,,no exact symptom result in search page,no,
744,尿血血色紫红,duguji,not_found,https://baike.duguji.cn/baike/w/%E5%B0%BF%E8%A1%80%E8%A1%80%E8%89%B2%E7%B4%AB%E7%BA%A2,HTTP 404: page does not exist,dayi,not_found,,no exact symptom result in search page,no,
763,喷嚏,duguji,no_definition,https://baike.duguji.cn/baike/w/%E5%96%B7%E5%9A%8F,raw page parsed but no definition found,dayi,not_found,,no exact symptom result in search page,no,
747,脓腐将荆,duguji,not_found,https://baike.duguji.cn/baike/w/%E8%84%93%E8%85%90%E5%B0%86%E8%8D%86,HTTP 404: page does not exist,dayi,not_found,,no exact symptom result in search page,no,
769,皮肤皲裂,duguji,ok,https://baike.duguji.cn/baike/w/%E7%9A%AE%E8%82%A4%E7%9A%B2%E8%A3%82,,,skipped_first_source_success,,,yes,duguji
756,呕吐清水,duguji,not_found,https://baike.duguji.cn/baike/w/%E5%91%95%E5%90%90%E6%B8%85%E6%B0%B4,HTTP 404: page does not exist,dayi,not_found,,no exact symptom result in search page,no,
749,脓水,duguji,not_found,https://baike.duguji.cn/baike/w/%E8%84%93%E6%B0%B4,HTTP 404: page does not exist,dayi,not_found,,no exact symptom result in search page,no,
757,呕吐乳食,duguji,not_found,https://baike.duguji.cn/baike/w/%E5%91%95%E5%90%90%E4%B9%B3%E9%A3%9F,HTTP 404: page does not exist,dayi,not_found,,no exact symptom result in search page,no,
759,呕吐吞酸,duguji,not_found,https://baike.duguji.cn/baike/w/%E5%91%95%E5%90%90%E5%90%9E%E9%85%B8,HTTP 404: page does not exist,dayi,not_found,,no exact symptom result in search page,no,
758,呕吐痰涎,duguji,not_found,https://baike.duguji.cn/baike/w/%E5%91%95%E5%90%90%E7%97%B0%E6%B6%8E,HTTP 404: page does not exist,dayi,not_found,,no exact symptom result in search page,no,
760,排便乏力,duguji,not_found,https://baike.duguji.cn/baike/w/%E6%8E%92%E4%BE%BF%E4%B9%8F%E5%8A%9B,HTTP 404: page does not exist,dayi,not_found,,no exact symptom result in search page,no,
761,排尿滴沥不尽,duguji,not_found,https://baike.duguji.cn/baike/w/%E6%8E%92%E5%B0%BF%E6%BB%B4%E6%B2%A5%E4%B8%8D%E5%B0%BD,HTTP 404: page does not exist,dayi,not_found,,no exact symptom result in search page,no,
778,皮肤瘀斑,duguji,ok,https://baike.duguji.cn/baike/w/%E7%9A%AE%E8%82%A4%E7%98%80%E6%96%91,,,skipped_first_source_success,,,yes,duguji
765,皮肤风团色红,duguji,not_found,https://baike.duguji.cn/baike/w/%E7%9A%AE%E8%82%A4%E9%A3%8E%E5%9B%A2%E8%89%B2%E7%BA%A2,HTTP 404: page does not exist,dayi,not_found,,no exact symptom result in search page,no,
768,皮肤黄染,duguji,not_found,https://baike.duguji.cn/baike/w/%E7%9A%AE%E8%82%A4%E9%BB%84%E6%9F%93,HTTP 404: page does not exist,dayi,not_found,,no exact symptom result in search page,no,
781,皮肤紫癜,duguji,ok,https://baike.duguji.cn/baike/w/%E7%9A%AE%E8%82%A4%E7%B4%AB%E7%99%9C,,,skipped_first_source_success,,,yes,duguji
770,皮肤潰疡,duguji,not_found,https://baike.duguji.cn/baike/w/%E7%9A%AE%E8%82%A4%E6%BD%B0%E7%96%A1,HTTP 404: page does not exist,dayi,not_found,,no exact symptom result in search page,no,
772,皮肤黏膜破溃,duguji,not_found,https://baike.duguji.cn/baike/w/%E7%9A%AE%E8%82%A4%E9%BB%8F%E8%86%9C%E7%A0%B4%E6%BA%83,HTTP 404: page does not exist,dayi,not_found,,no exact symptom result in search page,no,
771,皮肤糜烂,duguji,not_found,https://baike.duguji.cn/baike/w/%E7%9A%AE%E8%82%A4%E7%B3%9C%E7%83%82,HTTP 404: page does not exist,dayi,not_found,,no exact symptom result in search page,no,
775,皮肤色斑,duguji,not_found,https://baike.duguji.cn/baike/w/%E7%9A%AE%E8%82%A4%E8%89%B2%E6%96%91,HTTP 404: page does not exist,dayi,not_found,,no exact symptom result in search page,no,
773,皮肤青紫,duguji,not_found,https://baike.duguji.cn/baike/w/%E7%9A%AE%E8%82%A4%E9%9D%92%E7%B4%AB,HTTP 404: page does not exist,dayi,not_found,,no exact symptom result in search page,no,
776,皮肤湿烂,duguji,not_found,https://baike.duguji.cn/baike/w/%E7%9A%AE%E8%82%A4%E6%B9%BF%E7%83%82,HTTP 404: page does not exist,dayi,not_found,,no exact symptom result in search page,no,
777,皮肤湿疹,duguji,not_found,https://baike.duguji.cn/baike/w/%E7%9A%AE%E8%82%A4%E6%B9%BF%E7%96%B9,HTTP 404: page does not exist,dayi,not_found,,no exact symptom result in search page,no,
780,皮肤紫斑,duguji,not_found,https://baike.duguji.cn/baike/w/%E7%9A%AE%E8%82%A4%E7%B4%AB%E6%96%91,HTTP 404: page does not exist,dayi,not_found,,no exact symptom result in search page,no,
779,皮肤肿痛,duguji,not_found,https://baike.duguji.cn/baike/w/%E7%9A%AE%E8%82%A4%E8%82%BF%E7%97%9B,HTTP 404: page does not exist,dayi,not_found,,no exact symptom result in search page,no,
782,皮损呈红斑湿润,duguji,not_found,https://baike.duguji.cn/baike/w/%E7%9A%AE%E6%8D%9F%E5%91%88%E7%BA%A2%E6%96%91%E6%B9%BF%E6%B6%A6,HTTP 404: page does not exist,dayi,not_found,,no exact symptom result in search page,no,
783,皮下结块,duguji,not_found,https://baike.duguji.cn/baike/w/%E7%9A%AE%E4%B8%8B%E7%BB%93%E5%9D%97,HTTP 404: page does not exist,dayi,not_found,,no exact symptom result in search page,no,
795,痞闷,duguji,ok,https://baike.duguji.cn/baike/w/%E7%97%9E%E9%97%B7,,,skipped_first_source_success,,,yes,duguji
784,皮下紫斑,duguji,not_found,https://baike.duguji.cn/baike/w/%E7%9A%AE%E4%B8%8B%E7%B4%AB%E6%96%91,HTTP 404: page does not exist,dayi,not_found,,no exact symptom result in search page,no,
785,皮疹表面覆有较厚的银白色鳞屑,duguji,not_found,https://baike.duguji.cn/baike/w/%E7%9A%AE%E7%96%B9%E8%A1%A8%E9%9D%A2%E8%A6%86%E6%9C%89%E8%BE%83%E5%8E%9A%E7%9A%84%E9%93%B6%E7%99%BD%E8%89%B2%E9%B3%9E%E5%B1%91,HTTP 404: page does not exist,dayi,not_found,,no exact symptom result in search page,no,
786,皮疹色鲜红,duguji,not_found,https://baike.duguji.cn/baike/w/%E7%9A%AE%E7%96%B9%E8%89%B2%E9%B2%9C%E7%BA%A2,HTTP 404: page does not exist,dayi,not_found,,no exact symptom result in search page,no,
787,皮疹为点滴状,duguji,not_found,https://baike.duguji.cn/baike/w/%E7%9A%AE%E7%96%B9%E4%B8%BA%E7%82%B9%E6%BB%B4%E7%8A%B6,HTTP 404: page does not exist,dayi,not_found,,no exact symptom result in search page,no,
788,皮疹圆形,duguji,not_found,https://baike.duguji.cn/baike/w/%E7%9A%AE%E7%96%B9%E5%9C%86%E5%BD%A2,HTTP 404: page does not exist,dayi,not_found,,no exact symptom result in search page,no,
791,脾胃气滞,duguji,not_found,https://baike.duguji.cn/baike/w/%E8%84%BE%E8%83%83%E6%B0%94%E6%BB%9E,HTTP 404: page does not exist,dayi,not_found,,no exact symptom result in search page,no,
789,疲乏无力,duguji,not_found,https://baike.duguji.cn/baike/w/%E7%96%B2%E4%B9%8F%E6%97%A0%E5%8A%9B,HTTP 404: page does not exist,dayi,not_found,,no exact symptom result in search page,no,
800,脐腹胀痛,duguji,not_found,https://baike.duguji.cn/baike/w/%E8%84%90%E8%85%B9%E8%83%80%E7%97%9B,HTTP 404: page does not exist,dayi,not_found,,no exact symptom result in search page,no,
801,起坐不利,duguji,not_found,https://baike.duguji.cn/baike/w/%E8%B5%B7%E5%9D%90%E4%B8%8D%E5%88%A9,HTTP 404: page does not exist,dayi,not_found,,no exact symptom result in search page,no,
816,前额头痛,duguji,ok,https://baike.duguji.cn/baike/w/%E5%89%8D%E9%A2%9D%E5%A4%B4%E7%97%9B,,,skipped_first_source_success,,,yes,duguji
802,气闭昏厥,duguji,not_found,https://baike.duguji.cn/baike/w/%E6%B0%94%E9%97%AD%E6%98%8F%E5%8E%A5,HTTP 404: page does not exist,dayi,not_found,,no exact symptom result in search page,no,
805,气粗,duguji,not_found,https://baike.duguji.cn/baike/w/%E6%B0%94%E7%B2%97,HTTP 404: page does not exist,dayi,not_found,,no exact symptom result in search page,no,
804,气喘咳嗽,duguji,not_found,https://baike.duguji.cn/baike/w/%E6%B0%94%E5%96%98%E5%92%B3%E5%97%BD,HTTP 404: page does not exist,dayi,not_found,,no exact symptom result in search page,no,
807,气促喘息,duguji,not_found,https://baike.duguji.cn/baike/w/%E6%B0%94%E4%BF%83%E5%96%98%E6%81%AF,HTTP 404: page does not exist,dayi,not_found,,no exact symptom result in search page,no,
822,轻度烧伤,duguji,ok,https://baike.duguji.cn/baike/w/%E8%BD%BB%E5%BA%A6%E7%83%A7%E4%BC%A4,,,skipped_first_source_success,,,yes,duguji
811,气逆喘急,duguji,not_found,https://baike.duguji.cn/baike/w/%E6%B0%94%E9%80%86%E5%96%98%E6%80%A5,HTTP 404: page does not exist,dayi,not_found,,no exact symptom result in search page,no,
812,气逆喘咳,duguji,not_found,https://baike.duguji.cn/baike/w/%E6%B0%94%E9%80%86%E5%96%98%E5%92%B3,HTTP 404: page does not exist,dayi,not_found,,no exact symptom result in search page,no,
815,气滞胃痛,duguji,not_found,https://baike.duguji.cn/baike/w/%E6%B0%94%E6%BB%9E%E8%83%83%E7%97%9B,HTTP 404: page does not exist,dayi,not_found,,no exact symptom result in search page,no,
827,屈伸不利,duguji,ok,https://baike.duguji.cn/baike/w/%E5%B1%88%E4%BC%B8%E4%B8%8D%E5%88%A9,,,skipped_first_source_success,,,yes,duguji
817,前额压痛,duguji,not_found,https://baike.duguji.cn/baike/w/%E5%89%8D%E9%A2%9D%E5%8E%8B%E7%97%9B,HTTP 404: page does not exist,dayi,not_found,,no exact symptom result in search page,no,
819,浅表脓疱,duguji,not_found,https://baike.duguji.cn/baike/w/%E6%B5%85%E8%A1%A8%E8%84%93%E7%96%B1,HTTP 404: page does not exist,dayi,not_found,,no exact symptom result in search page,no,
821,靑少年远视力下降,duguji,not_found,https://baike.duguji.cn/baike/w/%E9%9D%91%E5%B0%91%E5%B9%B4%E8%BF%9C%E8%A7%86%E5%8A%9B%E4%B8%8B%E9%99%8D,HTTP 404: page does not exist,dayi,not_found,,no exact symptom result in search page,no,
820,青盲雀目,duguji,not_found,https://baike.duguji.cn/baike/w/%E9%9D%92%E7%9B%B2%E9%9B%80%E7%9B%AE,HTTP 404: page does not exist,dayi,not_found,,no exact symptom result in search page,no,
823,轻度视力下降,duguji,not_found,https://baike.duguji.cn/baike/w/%E8%BD%BB%E5%BA%A6%E8%A7%86%E5%8A%9B%E4%B8%8B%E9%99%8D,HTTP 404: page does not exist,dayi,not_found,,no exact symptom result in search page,no,
824,轻度烫伤（表皮未破),duguji,not_found,https://baike.duguji.cn/baike/w/%E8%BD%BB%E5%BA%A6%E7%83%AB%E4%BC%A4%EF%BC%88%E8%A1%A8%E7%9A%AE%E6%9C%AA%E7%A0%B4%29,HTTP 404: page does not exist,dayi,not_found,,no exact symptom result in search page,no,
825,情志不畅,duguji,not_found,https://baike.duguji.cn/baike/w/%E6%83%85%E5%BF%97%E4%B8%8D%E7%95%85,HTTP 404: page does not exist,dayi,not_found,,no exact symptom result in search page,no,
826,情志抑郁,duguji,not_found,https://baike.duguji.cn/baike/w/%E6%83%85%E5%BF%97%E6%8A%91%E9%83%81,HTTP 404: page does not exist,dayi,not_found,,no exact symptom result in search page,no,
828,龋齿疼痛,duguji,not_found,https://baike.duguji.cn/baike/w/%E9%BE%8B%E9%BD%BF%E7%96%BC%E7%97%9B,HTTP 404: page does not exist,dayi,not_found,,no exact symptom result in search page,no,
832,热痹疼痛,duguji,not_found,https://baike.duguji.cn/baike/w/%E7%83%AD%E7%97%B9%E7%96%BC%E7%97%9B,HTTP 404: page does not exist,dayi,not_found,,no exact symptom result in search page,no,
830,全身酸疼,duguji,not_found,https://baike.duguji.cn/baike/w/%E5%85%A8%E8%BA%AB%E9%85%B8%E7%96%BC,HTTP 404: page does not exist,dayi,not_found,,no exact symptom result in search page,no,
831,颧骨部压痛,duguji,not_found,https://baike.duguji.cn/baike/w/%E9%A2%A7%E9%AA%A8%E9%83%A8%E5%8E%8B%E7%97%9B,HTTP 404: page does not exist,dayi,not_found,,no exact symptom result in search page,no,
845,妊娠呕吐,duguji,ok,https://baike.duguji.cn/baike/w/%E5%A6%8A%E5%A8%A0%E5%91%95%E5%90%90,,,skipped_first_source_success,,,yes,duguji
833,热病发热,duguji,not_found,https://baike.duguji.cn/baike/w/%E7%83%AD%E7%97%85%E5%8F%91%E7%83%AD,HTTP 404: page does not exist,dayi,not_found,,no exact symptom result in search page,no,
834,热病发烧,duguji,not_found,https://baike.duguji.cn/baike/w/%E7%83%AD%E7%97%85%E5%8F%91%E7%83%A7,HTTP 404: page does not exist,dayi,not_found,,no exact symptom result in search page,no,
836,热毒泻痢,duguji,not_found,https://baike.duguji.cn/baike/w/%E7%83%AD%E6%AF%92%E6%B3%BB%E7%97%A2,HTTP 404: page does not exist,dayi,not_found,,no exact symptom result in search page,no,
835,热病烦渴,duguji,not_found,https://baike.duguji.cn/baike/w/%E7%83%AD%E7%97%85%E7%83%A6%E6%B8%B4,HTTP 404: page does not exist,dayi,not_found,,no exact symptom result in search page,no,
847,妊娠下血,duguji,ok,https://baike.duguji.cn/baike/w/%E5%A6%8A%E5%A8%A0%E4%B8%8B%E8%A1%80,,,skipped_first_source_success,,,yes,duguji
851,乳房胀痛,duguji,ok,https://baike.duguji.cn/baike/w/%E4%B9%B3%E6%88%BF%E8%83%80%E7%97%9B,,,skipped_first_source_success,,,yes,duguji
837,热毒血痢,duguji,not_found,https://baike.duguji.cn/baike/w/%E7%83%AD%E6%AF%92%E8%A1%80%E7%97%A2,HTTP 404: page does not exist,dayi,not_found,,no exact symptom result in search page,no,
839,热淋涩痛,duguji,not_found,https://baike.duguji.cn/baike/w/%E7%83%AD%E6%B7%8B%E6%B6%A9%E7%97%9B,HTTP 404: page does not exist,dayi,not_found,,no exact symptom result in search page,no,
840,热淋证,duguji,not_found,https://baike.duguji.cn/baike/w/%E7%83%AD%E6%B7%8B%E8%AF%81,HTTP 404: page does not exist,dayi,not_found,,no exact symptom result in search page,no,
846,妊娠胎漏,duguji,not_found,https://baike.duguji.cn/baike/w/%E5%A6%8A%E5%A8%A0%E8%83%8E%E6%BC%8F,HTTP 404: page does not exist,dayi,not_found,,no exact symptom result in search page,no,
844,妊娠漏血,duguji,not_found,https://baike.duguji.cn/baike/w/%E5%A6%8A%E5%A8%A0%E6%BC%8F%E8%A1%80,HTTP 404: page does not exist,dayi,not_found,,no exact symptom result in search page,no,
848,乳房结节,duguji,not_found,https://baike.duguji.cn/baike/w/%E4%B9%B3%E6%88%BF%E7%BB%93%E8%8A%82,HTTP 404: page does not exist,dayi,not_found,,no exact symptom result in search page,no,
850,乳房有块,duguji,not_found,https://baike.duguji.cn/baike/w/%E4%B9%B3%E6%88%BF%E6%9C%89%E5%9D%97,HTTP 404: page does not exist,dayi,not_found,,no exact symptom result in search page,no,
858,乳痈初起,duguji,not_found,https://baike.duguji.cn/baike/w/%E4%B9%B3%E7%97%88%E5%88%9D%E8%B5%B7,HTTP 404: page does not exist,dayi,not_found,,no exact symptom result in search page,no,
859,乳胀痛,duguji,not_found,https://baike.duguji.cn/baike/w/%E4%B9%B3%E8%83%80%E7%97%9B,HTTP 404: page does not exist,dayi,not_found,,no exact symptom result in search page,no,
862,乳汁郁积,duguji,not_found,https://baike.duguji.cn/baike/w/%E4%B9%B3%E6%B1%81%E9%83%81%E7%A7%AF,HTTP 404: page does not exist,dayi,not_found,,no exact symptom result in search page,no,
861,乳汁不下,duguji,not_found,https://baike.duguji.cn/baike/w/%E4%B9%B3%E6%B1%81%E4%B8%8D%E4%B8%8B,HTTP 404: page does not exist,dayi,not_found,,no exact symptom result in search page,no,
880,善太息,duguji,ok,https://baike.duguji.cn/baike/w/%E5%96%84%E5%A4%AA%E6%81%AF,,,skipped_first_source_success,,,yes,duguji
863,乳肿痛,duguji,not_found,https://baike.duguji.cn/baike/w/%E4%B9%B3%E8%82%BF%E7%97%9B,HTTP 404: page does not exist,dayi,not_found,,no exact symptom result in search page,no,
883,伤口感染,duguji,ok,https://baike.duguji.cn/baike/w/%E4%BC%A4%E5%8F%A3%E6%84%9F%E6%9F%93,,,skipped_first_source_success,,,yes,duguji
870,瘙痒明显,duguji,not_found,https://baike.duguji.cn/baike/w/%E7%98%99%E7%97%92%E6%98%8E%E6%98%BE,HTTP 404: page does not exist,dayi,not_found,,no exact symptom result in search page,no,
886,上肢麻木,duguji,ok,https://baike.duguji.cn/baike/w/%E4%B8%8A%E8%82%A2%E9%BA%BB%E6%9C%A8,,,skipped_first_source_success,,,yes,duguji
867,腮腺炎肿痛,duguji,not_found,https://baike.duguji.cn/baike/w/%E8%85%AE%E8%85%BA%E7%82%8E%E8%82%BF%E7%97%9B,HTTP 404: page does not exist,dayi,not_found,,no exact symptom result in search page,no,
865,褥疮肿痛,duguji,not_found,https://baike.duguji.cn/baike/w/%E8%A4%A5%E7%96%AE%E8%82%BF%E7%97%9B,HTTP 404: page does not exist,dayi,not_found,,no exact symptom result in search page,no,
871,瘙痒难忍,duguji,not_found,https://baike.duguji.cn/baike/w/%E7%98%99%E7%97%92%E9%9A%BE%E5%BF%8D,HTTP 404: page does not exist,dayi,not_found,,no exact symptom result in search page,no,
873,涩痛,duguji,not_found,https://baike.duguji.cn/baike/w/%E6%B6%A9%E7%97%9B,HTTP 404: page does not exist,dayi,not_found,,no exact symptom result in search page,no,
876,筛状出血明显,duguji,not_found,https://baike.duguji.cn/baike/w/%E7%AD%9B%E7%8A%B6%E5%87%BA%E8%A1%80%E6%98%8E%E6%98%BE,HTTP 404: page does not exist,dayi,not_found,,no exact symptom result in search page,no,
881,伤处瘀肿疼痛,duguji,not_found,https://baike.duguji.cn/baike/w/%E4%BC%A4%E5%A4%84%E7%98%80%E8%82%BF%E7%96%BC%E7%97%9B,HTTP 404: page does not exist,dayi,not_found,,no exact symptom result in search page,no,
877,闪腰挫气,duguji,not_found,https://baike.duguji.cn/baike/w/%E9%97%AA%E8%85%B0%E6%8C%AB%E6%B0%94,HTTP 404: page does not exist,dayi,not_found,,no exact symptom result in search page,no,
884,上下肢 偏身麻木,duguji,not_found,https://baike.duguji.cn/baike/w/%E4%B8%8A%E4%B8%8B%E8%82%A2%20%E5%81%8F%E8%BA%AB%E9%BA%BB%E6%9C%A8,HTTP 404: page does not exist,dayi,not_found,,no exact symptom result in search page,no,
885,上消化道出血量多,duguji,not_found,https://baike.duguji.cn/baike/w/%E4%B8%8A%E6%B6%88%E5%8C%96%E9%81%93%E5%87%BA%E8%A1%80%E9%87%8F%E5%A4%9A,HTTP 404: page does not exist,dayi,not_found,,no exact symptom result in search page,no,
887,上肢疼痛,duguji,not_found,https://baike.duguji.cn/baike/w/%E4%B8%8A%E8%82%A2%E7%96%BC%E7%97%9B,HTTP 404: page does not exist,dayi,not_found,,no exact symptom result in search page,no,
892,少腹坠胀,duguji,not_found,https://baike.duguji.cn/baike/w/%E5%B0%91%E8%85%B9%E5%9D%A0%E8%83%80,HTTP 404: page does not exist,dayi,not_found,,no exact symptom result in search page,no,
889,少腹冷痛,duguji,not_found,https://baike.duguji.cn/baike/w/%E5%B0%91%E8%85%B9%E5%86%B7%E7%97%9B,HTTP 404: page does not exist,dayi,not_found,,no exact symptom result in search page,no,
890,少腹疼痛,duguji,not_found,https://baike.duguji.cn/baike/w/%E5%B0%91%E8%85%B9%E7%96%BC%E7%97%9B,HTTP 404: page does not exist,dayi,not_found,,no exact symptom result in search page,no,
898,舌暗,duguji,ok,https://baike.duguji.cn/baike/w/%E8%88%8C%E6%9A%97,,,skipped_first_source_success,,,yes,duguji
888,少腹拒按,duguji,not_found,https://baike.duguji.cn/baike/w/%E5%B0%91%E8%85%B9%E6%8B%92%E6%8C%89,HTTP 404: page does not exist,dayi,not_found,,no exact symptom result in search page,no,
906,舌红苔黄腻,duguji,no_definition,https://baike.duguji.cn/baike/w/%E8%88%8C%E7%BA%A2%E8%8B%94%E9%BB%84%E8%85%BB,raw page parsed but no definition found,dayi,not_found,,no exact symptom result in search page,no,
897,少痰,duguji,not_found,https://baike.duguji.cn/baike/w/%E5%B0%91%E7%97%B0,HTTP 404: page does not exist,dayi,not_found,,no exact symptom result in search page,no,
893,少津,duguji,not_found,https://baike.duguji.cn/baike/w/%E5%B0%91%E6%B4%A5,HTTP 404: page does not exist,dayi,not_found,,no exact symptom result in search page,no,
896,少食,duguji,not_found,https://baike.duguji.cn/baike/w/%E5%B0%91%E9%A3%9F,HTTP 404: page does not exist,dayi,not_found,,no exact symptom result in search page,no,
894,少寐,duguji,not_found,https://baike.duguji.cn/baike/w/%E5%B0%91%E5%AF%90,HTTP 404: page does not exist,dayi,not_found,,no exact symptom result in search page,no,
911,舌胖,duguji,ok,https://baike.duguji.cn/baike/w/%E8%88%8C%E8%83%96,,,skipped_first_source_success,,,yes,duguji
914,舌强不语,duguji,ok,https://baike.duguji.cn/baike/w/%E8%88%8C%E5%BC%BA%E4%B8%8D%E8%AF%AD,,,skipped_first_source_success,,,yes,duguji
915,舌生疮,duguji,ok,https://baike.duguji.cn/baike/w/%E8%88%8C%E7%94%9F%E7%96%AE,,,skipped_first_source_success,,,yes,duguji
899,舌暗红,duguji,not_found,https://baike.duguji.cn/baike/w/%E8%88%8C%E6%9A%97%E7%BA%A2,HTTP 404: page does not exist,dayi,not_found,,no exact symptom result in search page,no,
900,舌边尖有瘀斑,duguji,not_found,https://baike.duguji.cn/baike/w/%E8%88%8C%E8%BE%B9%E5%B0%96%E6%9C%89%E7%98%80%E6%96%91,HTTP 404: page does not exist,dayi,not_found,,no exact symptom result in search page,no,
902,舌赤,duguji,not_found,https://baike.duguji.cn/baike/w/%E8%88%8C%E8%B5%A4,HTTP 404: page does not exist,dayi,not_found,,no exact symptom result in search page,no,
901,舌部疲斑,duguji,not_found,https://baike.duguji.cn/baike/w/%E8%88%8C%E9%83%A8%E7%96%B2%E6%96%91,HTTP 404: page does not exist,dayi,not_found,,no exact symptom result in search page,no,
907,舌尖边有瘀点,duguji,not_found,https://baike.duguji.cn/baike/w/%E8%88%8C%E5%B0%96%E8%BE%B9%E6%9C%89%E7%98%80%E7%82%B9,HTTP 404: page does not exist,dayi,not_found,,no exact symptom result in search page,no,
919,舌有瘀斑,duguji,ok,https://baike.duguji.cn/baike/w/%E8%88%8C%E6%9C%89%E7%98%80%E6%96%91,,,skipped_first_source_success,,,yes,duguji
908,舌尖红,duguji,not_found,https://baike.duguji.cn/baike/w/%E8%88%8C%E5%B0%96%E7%BA%A2,HTTP 404: page does not exist,dayi,not_found,,no exact symptom result in search page,no,
910,舌糜烂,duguji,not_found,https://baike.duguji.cn/baike/w/%E8%88%8C%E7%B3%9C%E7%83%82,HTTP 404: page does not exist,dayi,not_found,,no exact symptom result in search page,no,
922,舌质暗红,duguji,ok,https://baike.duguji.cn/baike/w/%E8%88%8C%E8%B4%A8%E6%9A%97%E7%BA%A2,,,skipped_first_source_success,,,yes,duguji
912,舌偏红,duguji,not_found,https://baike.duguji.cn/baike/w/%E8%88%8C%E5%81%8F%E7%BA%A2,HTTP 404: page does not exist,dayi,not_found,,no exact symptom result in search page,no,
916,舌体胖大,duguji,not_found,https://baike.duguji.cn/baike/w/%E8%88%8C%E4%BD%93%E8%83%96%E5%A4%A7,HTTP 404: page does not exist,dayi,not_found,,no exact symptom result in search page,no,
917,舌体肿,duguji,not_found,https://baike.duguji.cn/baike/w/%E8%88%8C%E4%BD%93%E8%82%BF,HTTP 404: page does not exist,dayi,not_found,,no exact symptom result in search page,no,
918,舌有齿痕,duguji,not_found,https://baike.duguji.cn/baike/w/%E8%88%8C%E6%9C%89%E9%BD%BF%E7%97%95,HTTP 404: page does not exist,dayi,not_found,,no exact symptom result in search page,no,
920,舌有瘀点瘀斑,duguji,not_found,https://baike.duguji.cn/baike/w/%E8%88%8C%E6%9C%89%E7%98%80%E7%82%B9%E7%98%80%E6%96%91,HTTP 404: page does not exist,dayi,not_found,,no exact symptom result in search page,no,
921,舌瘀斑,duguji,not_found,https://baike.duguji.cn/baike/w/%E8%88%8C%E7%98%80%E6%96%91,HTTP 404: page does not exist,dayi,not_found,,no exact symptom result in search page,no,
923,舌质黯,duguji,not_found,https://baike.duguji.cn/baike/w/%E8%88%8C%E8%B4%A8%E9%BB%AF,HTTP 404: page does not exist,dayi,not_found,,no exact symptom result in search page,no,
924,舌质淡暗,duguji,not_found,https://baike.duguji.cn/baike/w/%E8%88%8C%E8%B4%A8%E6%B7%A1%E6%9A%97,HTTP 404: page does not exist,dayi,not_found,,no exact symptom result in search page,no,
925,舌质红少津,duguji,not_found,https://baike.duguji.cn/baike/w/%E8%88%8C%E8%B4%A8%E7%BA%A2%E5%B0%91%E6%B4%A5,HTTP 404: page does not exist,dayi,not_found,,no exact symptom result in search page,no,
926,舌质红少苔,duguji,not_found,https://baike.duguji.cn/baike/w/%E8%88%8C%E8%B4%A8%E7%BA%A2%E5%B0%91%E8%8B%94,HTTP 404: page does not exist,dayi,not_found,,no exact symptom result in search page,no,
927,舌质有瘀斑,duguji,not_found,https://baike.duguji.cn/baike/w/%E8%88%8C%E8%B4%A8%E6%9C%89%E7%98%80%E6%96%91,HTTP 404: page does not exist,dayi,not_found,,no exact symptom result in search page,no,
928,舌质紫暗,duguji,not_found,https://baike.duguji.cn/baike/w/%E8%88%8C%E8%B4%A8%E7%B4%AB%E6%9A%97,HTTP 404: page does not exist,dayi,not_found,,no exact symptom result in search page,no,
930,蛇虫咬伤,duguji,not_found,https://baike.duguji.cn/baike/w/%E8%9B%87%E8%99%AB%E5%92%AC%E4%BC%A4,HTTP 404: page does not exist,dayi,not_found,,no exact symptom result in search page,no,
929,舌紫暗,duguji,not_found,https://baike.duguji.cn/baike/w/%E8%88%8C%E7%B4%AB%E6%9A%97,HTTP 404: page does not exist,dayi,not_found,,no exact symptom result in search page,no,
941,身体瘦弱,duguji,ok,https://baike.duguji.cn/baike/w/%E8%BA%AB%E4%BD%93%E7%98%A6%E5%BC%B1,,,skipped_first_source_success,,,yes,duguji
931,身黄,duguji,not_found,https://baike.duguji.cn/baike/w/%E8%BA%AB%E9%BB%84,HTTP 404: page does not exist,dayi,not_found,,no exact symptom result in search page,no,
932,身倦,duguji,not_found,https://baike.duguji.cn/baike/w/%E8%BA%AB%E5%80%A6,HTTP 404: page does not exist,dayi,not_found,,no exact symptom result in search page,no,
933,身困重,duguji,not_found,https://baike.duguji.cn/baike/w/%E8%BA%AB%E5%9B%B0%E9%87%8D,HTTP 404: page does not exist,dayi,not_found,,no exact symptom result in search page,no,
934,身目发黄,duguji,not_found,https://baike.duguji.cn/baike/w/%E8%BA%AB%E7%9B%AE%E5%8F%91%E9%BB%84,HTTP 404: page does not exist,dayi,not_found,,no exact symptom result in search page,no,
936,身瘦,duguji,not_found,https://baike.duguji.cn/baike/w/%E8%BA%AB%E7%98%A6,HTTP 404: page does not exist,dayi,not_found,,no exact symptom result in search page,no,
950,神经性疼痛,duguji,ok,https://baike.duguji.cn/baike/w/%E7%A5%9E%E7%BB%8F%E6%80%A7%E7%96%BC%E7%97%9B,,,skipped_first_source_success,,,yes,duguji
957,神志淡漠,duguji,ok,https://baike.duguji.cn/baike/w/%E7%A5%9E%E5%BF%97%E6%B7%A1%E6%BC%A0,,,skipped_first_source_success,,,yes,duguji
938,身体倦懒,duguji,not_found,https://baike.duguji.cn/baike/w/%E8%BA%AB%E4%BD%93%E5%80%A6%E6%87%92,HTTP 404: page does not exist,dayi,not_found,,no exact symptom result in search page,no,
959,神志昏蒙,duguji,ok,https://baike.duguji.cn/baike/w/%E7%A5%9E%E5%BF%97%E6%98%8F%E8%92%99,,,skipped_first_source_success,,,yes,duguji
939,身体麻木,duguji,not_found,https://baike.duguji.cn/baike/w/%E8%BA%AB%E4%BD%93%E9%BA%BB%E6%9C%A8,HTTP 404: page does not exist,dayi,not_found,,no exact symptom result in search page,no,
940,身体痩弱,duguji,not_found,https://baike.duguji.cn/baike/w/%E8%BA%AB%E4%BD%93%E7%97%A9%E5%BC%B1,HTTP 404: page does not exist,dayi,not_found,,no exact symptom result in search page,no,
963,肾区叩击痛,duguji,ok,https://baike.duguji.cn/baike/w/%E8%82%BE%E5%8C%BA%E5%8F%A9%E5%87%BB%E7%97%9B,,,skipped_first_source_success,,,yes,duguji
943,身痛痉挛,duguji,not_found,https://baike.duguji.cn/baike/w/%E8%BA%AB%E7%97%9B%E7%97%89%E6%8C%9B,HTTP 404: page does not exist,dayi,not_found,,no exact symptom result in search page,no,
970,失眠,duguji,ok,https://baike.duguji.cn/baike/w/%E5%A4%B1%E7%9C%A0,,,skipped_first_source_success,,,yes,duguji
945,神昏不语,duguji,not_found,https://baike.duguji.cn/baike/w/%E7%A5%9E%E6%98%8F%E4%B8%8D%E8%AF%AD,HTTP 404: page does not exist,dayi,not_found,,no exact symptom result in search page,no,
946,神昏狂躁,duguji,not_found,https://baike.duguji.cn/baike/w/%E7%A5%9E%E6%98%8F%E7%8B%82%E8%BA%81,HTTP 404: page does not exist,dayi,not_found,,no exact symptom result in search page,no,
953,神倦懒言,duguji,not_found,https://baike.duguji.cn/baike/w/%E7%A5%9E%E5%80%A6%E6%87%92%E8%A8%80,HTTP 404: page does not exist,dayi,not_found,,no exact symptom result in search page,no,
955,神情呆滞,duguji,not_found,https://baike.duguji.cn/baike/w/%E7%A5%9E%E6%83%85%E5%91%86%E6%BB%9E,HTTP 404: page does not exist,dayi,not_found,,no exact symptom result in search page,no,
947,神昏谵语,duguji,not_found,https://baike.duguji.cn/baike/w/%E7%A5%9E%E6%98%8F%E8%B0%B5%E8%AF%AD,HTTP 404: page does not exist,dayi,ok,https://www.dayi.org.cn/symptom/1153706.html,,yes,dayi
980,十二指肠溃疡出血,duguji,no_definition,https://baike.duguji.cn/baike/w/%E5%8D%81%E4%BA%8C%E6%8C%87%E8%82%A0%E6%BA%83%E7%96%A1%E5%87%BA%E8%A1%80,raw page parsed but no definition found,dayi,not_found,,no exact symptom result in search page,no,
961,神志混乱,duguji,not_found,https://baike.duguji.cn/baike/w/%E7%A5%9E%E5%BF%97%E6%B7%B7%E4%B9%B1,HTTP 404: page does not exist,dayi,not_found,,no exact symptom result in search page,no,
960,神志昏迷,duguji,not_found,https://baike.duguji.cn/baike/w/%E7%A5%9E%E5%BF%97%E6%98%8F%E8%BF%B7,HTTP 404: page does not exist,dayi,not_found,,no exact symptom result in search page,no,
964,肾区冷痛、,duguji,not_found,https://baike.duguji.cn/baike/w/%E8%82%BE%E5%8C%BA%E5%86%B7%E7%97%9B%E3%80%81,HTTP 404: page does not exist,dayi,not_found,,no exact symptom result in search page,no,
965,声带充血,duguji,not_found,https://baike.duguji.cn/baike/w/%E5%A3%B0%E5%B8%A6%E5%85%85%E8%A1%80,HTTP 404: page does not exist,dayi,not_found,,no exact symptom result in search page,no,
975,湿疮脓水浸淫,duguji,not_found,https://baike.duguji.cn/baike/w/%E6%B9%BF%E7%96%AE%E8%84%93%E6%B0%B4%E6%B5%B8%E6%B7%AB,HTTP 404: page does not exist,dayi,not_found,,no exact symptom result in search page,no,
973,湿痹拘挛,duguji,not_found,https://baike.duguji.cn/baike/w/%E6%B9%BF%E7%97%B9%E6%8B%98%E6%8C%9B,HTTP 404: page does not exist,dayi,not_found,,no exact symptom result in search page,no,
979,湿疹瘙痒,duguji,not_found,https://baike.duguji.cn/baike/w/%E6%B9%BF%E7%96%B9%E7%98%99%E7%97%92,HTTP 404: page does not exist,dayi,not_found,,no exact symptom result in search page,no,
976,湿热毒邪聚结肌肤,duguji,not_found,https://baike.duguji.cn/baike/w/%E6%B9%BF%E7%83%AD%E6%AF%92%E9%82%AA%E8%81%9A%E7%BB%93%E8%82%8C%E8%82%A4,HTTP 404: page does not exist,dayi,not_found,,no exact symptom result in search page,no,
982,石淋涩痛,duguji,not_found,https://baike.duguji.cn/baike/w/%E7%9F%B3%E6%B7%8B%E6%B6%A9%E7%97%9B,HTTP 404: page does not exist,dayi,not_found,,no exact symptom result in search page,no,
984,食后腹胀拒按,duguji,not_found,https://baike.duguji.cn/baike/w/%E9%A3%9F%E5%90%8E%E8%85%B9%E8%83%80%E6%8B%92%E6%8C%89,HTTP 404: page does not exist,dayi,not_found,,no exact symptom result in search page,no,
983,时有隐痛,duguji,not_found,https://baike.duguji.cn/baike/w/%E6%97%B6%E6%9C%89%E9%9A%90%E7%97%9B,HTTP 404: page does not exist,dayi,not_found,,no exact symptom result in search page,no,
985,食后胀痛,duguji,not_found,https://baike.duguji.cn/baike/w/%E9%A3%9F%E5%90%8E%E8%83%80%E7%97%9B,HTTP 404: page does not exist,dayi,not_found,,no exact symptom result in search page,no,
997,食滞,duguji,ok,https://baike.duguji.cn/baike/w/%E9%A3%9F%E6%BB%9E,,,skipped_first_source_success,,,yes,duguji
1000,视觉异常,duguji,no_definition,https://baike.duguji.cn/baike/w/%E8%A7%86%E8%A7%89%E5%BC%82%E5%B8%B8,raw page parsed but no definition found,dayi,not_found,,no exact symptom result in search page,no,
1001,视力减退,duguji,no_definition,https://baike.duguji.cn/baike/w/%E8%A7%86%E5%8A%9B%E5%87%8F%E9%80%80,raw page parsed but no definition found,dayi,not_found,,no exact symptom result in search page,no,
987,食积不消,duguji,not_found,https://baike.duguji.cn/baike/w/%E9%A3%9F%E7%A7%AF%E4%B8%8D%E6%B6%88,HTTP 404: page does not exist,dayi,not_found,,no exact symptom result in search page,no,
988,食积胀满,duguji,not_found,https://baike.duguji.cn/baike/w/%E9%A3%9F%E7%A7%AF%E8%83%80%E6%BB%A1,HTTP 404: page does not exist,dayi,not_found,,no exact symptom result in search page,no,
993,食少腹胀,duguji,not_found,https://baike.duguji.cn/baike/w/%E9%A3%9F%E5%B0%91%E8%85%B9%E8%83%80,HTTP 404: page does not exist,dayi,not_found,,no exact symptom result in search page,no,
992,食少乏力,duguji,not_found,https://baike.duguji.cn/baike/w/%E9%A3%9F%E5%B0%91%E4%B9%8F%E5%8A%9B,HTTP 404: page does not exist,dayi,not_found,,no exact symptom result in search page,no,
989,食乳不化,duguji,not_found,https://baike.duguji.cn/baike/w/%E9%A3%9F%E4%B9%B3%E4%B8%8D%E5%8C%96,HTTP 404: page does not exist,dayi,not_found,,no exact symptom result in search page,no,
991,食少不化,duguji,not_found,https://baike.duguji.cn/baike/w/%E9%A3%9F%E5%B0%91%E4%B8%8D%E5%8C%96,HTTP 404: page does not exist,dayi,not_found,,no exact symptom result in search page,no,
994,食物积滞,duguji,not_found,https://baike.duguji.cn/baike/w/%E9%A3%9F%E7%89%A9%E7%A7%AF%E6%BB%9E,HTTP 404: page does not exist,dayi,not_found,,no exact symptom result in search page,no,
998,食滞不化,duguji,not_found,https://baike.duguji.cn/baike/w/%E9%A3%9F%E6%BB%9E%E4%B8%8D%E5%8C%96,HTTP 404: page does not exist,dayi,not_found,,no exact symptom result in search page,no,
999,食滞化热,duguji,not_found,https://baike.duguji.cn/baike/w/%E9%A3%9F%E6%BB%9E%E5%8C%96%E7%83%AD,HTTP 404: page does not exist,dayi,not_found,,no exact symptom result in search page,no,
1004,视物不清,duguji,not_found,https://baike.duguji.cn/baike/w/%E8%A7%86%E7%89%A9%E4%B8%8D%E6%B8%85,HTTP 404: page does not exist,dayi,not_found,,no exact symptom result in search page,no,
1016,手足不温,duguji,no_definition,https://baike.duguji.cn/baike/w/%E6%89%8B%E8%B6%B3%E4%B8%8D%E6%B8%A9,raw page parsed but no definition found,dayi,not_found,,no exact symptom result in search page,no,
1005,视物昏暗,duguji,not_found,https://baike.duguji.cn/baike/w/%E8%A7%86%E7%89%A9%E6%98%8F%E6%9A%97,HTTP 404: page does not exist,dayi,not_found,,no exact symptom result in search page,no,
1003,视力下降,duguji,not_found,https://baike.duguji.cn/baike/w/%E8%A7%86%E5%8A%9B%E4%B8%8B%E9%99%8D,HTTP 404: page does not exist,dayi,ok,https://www.dayi.org.cn/symptom/1153650.html,,yes,dayi
1009,手抽搐,duguji,not_found,https://baike.duguji.cn/baike/w/%E6%89%8B%E6%8A%BD%E6%90%90,HTTP 404: page does not exist,dayi,not_found,,no exact symptom result in search page,no,
1010,手拘挛,duguji,not_found,https://baike.duguji.cn/baike/w/%E6%89%8B%E6%8B%98%E6%8C%9B,HTTP 404: page does not exist,dayi,not_found,,no exact symptom result in search page,no,
1011,手麻木,duguji,not_found,https://baike.duguji.cn/baike/w/%E6%89%8B%E9%BA%BB%E6%9C%A8,HTTP 404: page does not exist,dayi,not_found,,no exact symptom result in search page,no,
1012,手术出血,duguji,not_found,https://baike.duguji.cn/baike/w/%E6%89%8B%E6%9C%AF%E5%87%BA%E8%A1%80,HTTP 404: page does not exist,dayi,not_found,,no exact symptom result in search page,no,
1022,术后疼痛,duguji,ok,https://baike.duguji.cn/baike/w/%E6%9C%AF%E5%90%8E%E7%96%BC%E7%97%9B,,,skipped_first_source_success,,,yes,duguji
1014,手肿胀,duguji,not_found,https://baike.duguji.cn/baike/w/%E6%89%8B%E8%82%BF%E8%83%80,HTTP 404: page does not exist,dayi,ok,https://www.dayi.org.cn/symptom/1153641.html,,yes,dayi
1015,手足不遂,duguji,not_found,https://baike.duguji.cn/baike/w/%E6%89%8B%E8%B6%B3%E4%B8%8D%E9%81%82,HTTP 404: page does not exist,dayi,not_found,,no exact symptom result in search page,no,
1031,四肢不温,duguji,ok,https://baike.duguji.cn/baike/w/%E5%9B%9B%E8%82%A2%E4%B8%8D%E6%B8%A9,,,skipped_first_source_success,,,yes,duguji
1017,手足发凉,duguji,not_found,https://baike.duguji.cn/baike/w/%E6%89%8B%E8%B6%B3%E5%8F%91%E5%87%89,HTTP 404: page does not exist,dayi,not_found,,no exact symptom result in search page,no,
1018,手足麻木症,duguji,not_found,https://baike.duguji.cn/baike/w/%E6%89%8B%E8%B6%B3%E9%BA%BB%E6%9C%A8%E7%97%87,HTTP 404: page does not exist,dayi,not_found,,no exact symptom result in search page,no,
1021,暑邪发热,duguji,not_found,https://baike.duguji.cn/baike/w/%E6%9A%91%E9%82%AA%E5%8F%91%E7%83%AD,HTTP 404: page does not exist,dayi,not_found,,no exact symptom result in search page,no,
1019,手足瘈疲,duguji,not_found,https://baike.duguji.cn/baike/w/%E6%89%8B%E8%B6%B3%E7%98%88%E7%96%B2,HTTP 404: page does not exist,dayi,not_found,,no exact symptom result in search page,no,
1036,四肢倦怠,duguji,ok,https://baike.duguji.cn/baike/w/%E5%9B%9B%E8%82%A2%E5%80%A6%E6%80%A0,,,skipped_first_source_success,,,yes,duguji
1024,双乳痛,duguji,not_found,https://baike.duguji.cn/baike/w/%E5%8F%8C%E4%B9%B3%E7%97%9B,HTTP 404: page does not exist,dayi,not_found,,no exact symptom result in search page,no,
1025,水浆难下,duguji,not_found,https://baike.duguji.cn/baike/w/%E6%B0%B4%E6%B5%86%E9%9A%BE%E4%B8%8B,HTTP 404: page does not exist,dayi,not_found,,no exact symptom result in search page,no,
1023,双目上吊,duguji,not_found,https://baike.duguji.cn/baike/w/%E5%8F%8C%E7%9B%AE%E4%B8%8A%E5%90%8A,HTTP 404: page does not exist,dayi,not_found,,no exact symptom result in search page,no,
1038,四肢厥逆,duguji,no_definition,https://baike.duguji.cn/baike/w/%E5%9B%9B%E8%82%A2%E5%8E%A5%E9%80%86,raw page parsed but no definition found,dayi,not_found,,no exact symptom result in search page,no,
1028,睡卧不安,duguji,not_found,https://baike.duguji.cn/baike/w/%E7%9D%A1%E5%8D%A7%E4%B8%8D%E5%AE%89,HTTP 404: page does not exist,dayi,not_found,,no exact symptom result in search page,no,
1046,四肢酸痛,duguji,ok,https://baike.duguji.cn/baike/w/%E5%9B%9B%E8%82%A2%E9%85%B8%E7%97%9B,,,skipped_first_source_success,,,yes,duguji
1032,四肢乏力,duguji,not_found,https://baike.duguji.cn/baike/w/%E5%9B%9B%E8%82%A2%E4%B9%8F%E5%8A%9B,HTTP 404: page does not exist,dayi,ok,https://www.dayi.org.cn/symptom/1153754.html,,yes,dayi
1033,四肢浮肿,duguji,not_found,https://baike.duguji.cn/baike/w/%E5%9B%9B%E8%82%A2%E6%B5%AE%E8%82%BF,HTTP 404: page does not exist,dayi,not_found,,no exact symptom result in search page,no,
1048,四肢无力,duguji,no_definition,https://baike.duguji.cn/baike/w/%E5%9B%9B%E8%82%A2%E6%97%A0%E5%8A%9B,raw page parsed but no definition found,dayi,not_found,,no exact symptom result in search page,no,
1034,四肢关节冷痛,duguji,not_found,https://baike.duguji.cn/baike/w/%E5%9B%9B%E8%82%A2%E5%85%B3%E8%8A%82%E5%86%B7%E7%97%9B,HTTP 404: page does not exist,dayi,not_found,,no exact symptom result in search page,no,
1050,溲黄,duguji,ok,https://baike.duguji.cn/baike/w/%E6%BA%B2%E9%BB%84,,,skipped_first_source_success,,,yes,duguji
1041,四肢麻痹,duguji,not_found,https://baike.duguji.cn/baike/w/%E5%9B%9B%E8%82%A2%E9%BA%BB%E7%97%B9,HTTP 404: page does not exist,dayi,not_found,,no exact symptom result in search page,no,
1037,四肢倦乏,duguji,not_found,https://baike.duguji.cn/baike/w/%E5%9B%9B%E8%82%A2%E5%80%A6%E4%B9%8F,HTTP 404: page does not exist,dayi,not_found,,no exact symptom result in search page,no,
1039,四肢挛急,duguji,not_found,https://baike.duguji.cn/baike/w/%E5%9B%9B%E8%82%A2%E6%8C%9B%E6%80%A5,HTTP 404: page does not exist,dayi,not_found,,no exact symptom result in search page,no,
1040,四肢挛痛,duguji,not_found,https://baike.duguji.cn/baike/w/%E5%9B%9B%E8%82%A2%E6%8C%9B%E7%97%9B,HTTP 404: page does not exist,dayi,not_found,,no exact symptom result in search page,no,
1044,四肢酸,duguji,not_found,https://baike.duguji.cn/baike/w/%E5%9B%9B%E8%82%A2%E9%85%B8,HTTP 404: page does not exist,dayi,not_found,,no exact symptom result in search page,no,
1045,四肢酸懒,duguji,not_found,https://baike.duguji.cn/baike/w/%E5%9B%9B%E8%82%A2%E9%85%B8%E6%87%92,HTTP 404: page does not exist,dayi,not_found,,no exact symptom result in search page,no,
1063,痰多,duguji,ok,https://baike.duguji.cn/baike/w/%E7%97%B0%E5%A4%9A,,,skipped_first_source_success,,,yes,duguji
1049,嗖痛,duguji,error,,RuntimeError: TimeoutError: The read operation timed out,dayi,not_found,,no exact symptom result in search page,no,
1053,胎漏下血,duguji,error,,RuntimeError: TimeoutError: The read operation timed out,dayi,not_found,,no exact symptom result in search page,no,
1054,胎盘不下,duguji,error,,RuntimeError: TimeoutError: The read operation timed out,dayi,not_found,,no exact symptom result in search page,no,
1058,痰不易出,duguji,error,,RuntimeError: TimeoutError: The read operation timed out,dayi,not_found,,no exact symptom result in search page,no,
1057,痰白质稀,duguji,error,,RuntimeError: TimeoutError: The read operation timed out,dayi,not_found,,no exact symptom result in search page,no,
1056,痰白,duguji,error,,RuntimeError: TimeoutError: The read operation timed out,dayi,not_found,,no exact symptom result in search page,no,
1061,痰稠难出,duguji,error,,RuntimeError: TimeoutError: The read operation timed out,dayi,not_found,,no exact symptom result in search page,no,
1060,痰稠黄,duguji,error,,RuntimeError: TimeoutError: The read operation timed out,dayi,not_found,,no exact symptom result in search page,no,
1059,痰稠,duguji,error,,RuntimeError: TimeoutError: The read operation timed out,dayi,not_found,,no exact symptom result in search page,no,
1064,痰多黄稠,duguji,error,,RuntimeError: TimeoutError: The read operation timed out,dayi,not_found,,no exact symptom result in search page,no,
1066,痰多淸稀,duguji,not_found,https://baike.duguji.cn/baike/w/%E7%97%B0%E5%A4%9A%E6%B7%B8%E7%A8%80,HTTP 404: page does not exist,dayi,not_found,,no exact symptom result in search page,no,
1068,痰多作喘,duguji,not_found,https://baike.duguji.cn/baike/w/%E7%97%B0%E5%A4%9A%E4%BD%9C%E5%96%98,HTTP 404: page does not exist,dayi,not_found,,no exact symptom result in search page,no,
1065,痰多咳嗽,duguji,not_found,https://baike.duguji.cn/baike/w/%E7%97%B0%E5%A4%9A%E5%92%B3%E5%97%BD,HTTP 404: page does not exist,dayi,not_found,,no exact symptom result in search page,no,
1067,痰多上气,duguji,error,,RuntimeError: TimeoutError: The read operation timed out,dayi,not_found,,no exact symptom result in search page,no,
1069,痰核痞块,duguji,error,,RuntimeError: TimeoutError: The read operation timed out,dayi,not_found,,no exact symptom result in search page,no,
1079,痰黏稠,duguji,ok,https://baike.duguji.cn/baike/w/%E7%97%B0%E9%BB%8F%E7%A8%A0,,,skipped_first_source_success,,,yes,duguji
1072,痰黄稠黏,duguji,not_found,https://baike.duguji.cn/baike/w/%E7%97%B0%E9%BB%84%E7%A8%A0%E9%BB%8F,HTTP 404: page does not exist,dayi,not_found,,no exact symptom result in search page,no,
1073,痰黄黏稠,duguji,error,,RuntimeError: TimeoutError: The read operation timed out,dayi,not_found,,no exact symptom result in search page,no,
1071,痰黄稠,duguji,error,,RuntimeError: TimeoutError: The read operation timed out,dayi,not_found,,no exact symptom result in search page,no,
1070,痰黄,duguji,error,,RuntimeError: TimeoutError: The read operation timed out,dayi,ok,https://www.dayi.org.cn/symptom/1153671.html,,yes,dayi
1076,痰鸣,duguji,error,,RuntimeError: TimeoutError: The read operation timed out,dayi,not_found,,no exact symptom result in search page,no,
1081,痰热喘咳,duguji,not_found,https://baike.duguji.cn/baike/w/%E7%97%B0%E7%83%AD%E5%96%98%E5%92%B3,HTTP 404: page does not exist,dayi,not_found,,no exact symptom result in search page,no,
1077,痰鸣如吼,duguji,not_found,https://baike.duguji.cn/baike/w/%E7%97%B0%E9%B8%A3%E5%A6%82%E5%90%BC,HTTP 404: page does not exist,dayi,not_found,,no exact symptom result in search page,no,
1080,痰热,duguji,not_found,https://baike.duguji.cn/baike/w/%E7%97%B0%E7%83%AD,HTTP 404: page does not exist,dayi,not_found,,no exact symptom result in search page,no,
1078,痰黏,duguji,not_found,https://baike.duguji.cn/baike/w/%E7%97%B0%E9%BB%8F,HTTP 404: page does not exist,dayi,not_found,,no exact symptom result in search page,no,
1092,痰中带血,duguji,ok,https://baike.duguji.cn/baike/w/%E7%97%B0%E4%B8%AD%E5%B8%A6%E8%A1%80,,,skipped_first_source_success,,,yes,duguji
1094,疼痛,duguji,ok,https://baike.duguji.cn/baike/w/%E7%96%BC%E7%97%9B,,,skipped_first_source_success,,,yes,duguji
1085,痰稀,duguji,not_found,https://baike.duguji.cn/baike/w/%E7%97%B0%E7%A8%80,HTTP 404: page does not exist,dayi,not_found,,no exact symptom result in search page,no,
1084,痰盛,duguji,not_found,https://baike.duguji.cn/baike/w/%E7%97%B0%E7%9B%9B,HTTP 404: page does not exist,dayi,not_found,,no exact symptom result in search page,no,
1086,痰涎壅盛,duguji,not_found,https://baike.duguji.cn/baike/w/%E7%97%B0%E6%B6%8E%E5%A3%85%E7%9B%9B,HTTP 404: page does not exist,dayi,not_found,,no exact symptom result in search page,no,
1090,痰壅,duguji,not_found,https://baike.duguji.cn/baike/w/%E7%97%B0%E5%A3%85,HTTP 404: page does not exist,dayi,not_found,,no exact symptom result in search page,no,
1083,痰少,duguji,not_found,https://baike.duguji.cn/baike/w/%E7%97%B0%E5%B0%91,HTTP 404: page does not exist,dayi,not_found,,no exact symptom result in search page,no,
1089,痰饮咳喘,duguji,not_found,https://baike.duguji.cn/baike/w/%E7%97%B0%E9%A5%AE%E5%92%B3%E5%96%98,HTTP 404: page does not exist,dayi,not_found,,no exact symptom result in search page,no,
1093,痰浊黄稠,duguji,not_found,https://baike.duguji.cn/baike/w/%E7%97%B0%E6%B5%8A%E9%BB%84%E7%A8%A0,HTTP 404: page does not exist,dayi,not_found,,no exact symptom result in search page,no,
1096,体乏,duguji,not_found,https://baike.duguji.cn/baike/w/%E4%BD%93%E4%B9%8F,HTTP 404: page does not exist,dayi,not_found,,no exact symptom result in search page,no,
1095,疼痛夜甚,duguji,not_found,https://baike.duguji.cn/baike/w/%E7%96%BC%E7%97%9B%E5%A4%9C%E7%94%9A,HTTP 404: page does not exist,dayi,not_found,,no exact symptom result in search page,no,
1097,体乏无力,duguji,not_found,https://baike.duguji.cn/baike/w/%E4%BD%93%E4%B9%8F%E6%97%A0%E5%8A%9B,HTTP 404: page does not exist,dayi,not_found,,no exact symptom result in search page,no,
1098,体倦,duguji,not_found,https://baike.duguji.cn/baike/w/%E4%BD%93%E5%80%A6,HTTP 404: page does not exist,dayi,not_found,,no exact symptom result in search page,no,
1099,体疲,duguji,not_found,https://baike.duguji.cn/baike/w/%E4%BD%93%E7%96%B2,HTTP 404: page does not exist,dayi,not_found,,no exact symptom result in search page,no,
1100,体弱,duguji,not_found,https://baike.duguji.cn/baike/w/%E4%BD%93%E5%BC%B1,HTTP 404: page does not exist,dayi,not_found,,no exact symptom result in search page,no,
1113,瞳孔散大,duguji,ok,https://baike.duguji.cn/baike/w/%E7%9E%B3%E5%AD%94%E6%95%A3%E5%A4%A7,,,skipped_first_source_success,,,yes,duguji
1104,体虚欲脱,duguji,not_found,https://baike.duguji.cn/baike/w/%E4%BD%93%E8%99%9A%E6%AC%B2%E8%84%B1,HTTP 404: page does not exist,dayi,not_found,,no exact symptom result in search page,no,
1103,体虚乏力,duguji,not_found,https://baike.duguji.cn/baike/w/%E4%BD%93%E8%99%9A%E4%B9%8F%E5%8A%9B,HTTP 404: page does not exist,dayi,not_found,,no exact symptom result in search page,no,
1102,体虚多汗,duguji,not_found,https://baike.duguji.cn/baike/w/%E4%BD%93%E8%99%9A%E5%A4%9A%E6%B1%97,HTTP 404: page does not exist,dayi,not_found,,no exact symptom result in search page,no,
1114,痛,duguji,no_definition,https://baike.duguji.cn/baike/w/%E7%97%9B,raw page parsed but no definition found,dayi,not_found,,no exact symptom result in search page,no,
1105,体虛,duguji,not_found,https://baike.duguji.cn/baike/w/%E4%BD%93%E8%99%9B,HTTP 404: page does not exist,dayi,not_found,,no exact symptom result in search page,no,
1107,涕中带血,duguji,not_found,https://baike.duguji.cn/baike/w/%E6%B6%95%E4%B8%AD%E5%B8%A6%E8%A1%80,HTTP 404: page does not exist,dayi,not_found,,no exact symptom result in search page,no,
1106,涕黄稠,duguji,not_found,https://baike.duguji.cn/baike/w/%E6%B6%95%E9%BB%84%E7%A8%A0,HTTP 404: page does not exist,dayi,not_found,,no exact symptom result in search page,no,
1109,听衰,duguji,not_found,https://baike.duguji.cn/baike/w/%E5%90%AC%E8%A1%B0,HTTP 404: page does not exist,dayi,not_found,,no exact symptom result in search page,no,
1111,停乳,duguji,not_found,https://baike.duguji.cn/baike/w/%E5%81%9C%E4%B9%B3,HTTP 404: page does not exist,dayi,not_found,,no exact symptom result in search page,no,
1115,痛处拒按,duguji,not_found,https://baike.duguji.cn/baike/w/%E7%97%9B%E5%A4%84%E6%8B%92%E6%8C%89,HTTP 404: page does not exist,dayi,not_found,,no exact symptom result in search page,no,
1121,头部剌痛,duguji,not_found,https://baike.duguji.cn/baike/w/%E5%A4%B4%E9%83%A8%E5%89%8C%E7%97%9B,HTTP 404: page does not exist,dayi,not_found,,no exact symptom result in search page,no,
1120,头部疖肿,duguji,not_found,https://baike.duguji.cn/baike/w/%E5%A4%B4%E9%83%A8%E7%96%96%E8%82%BF,HTTP 404: page does not exist,dayi,not_found,,no exact symptom result in search page,no,
1118,痛甚,duguji,not_found,https://baike.duguji.cn/baike/w/%E7%97%9B%E7%94%9A,HTTP 404: page does not exist,dayi,not_found,,no exact symptom result in search page,no,
1122,头部胀痛,duguji,not_found,https://baike.duguji.cn/baike/w/%E5%A4%B4%E9%83%A8%E8%83%80%E7%97%9B,HTTP 404: page does not exist,dayi,not_found,,no exact symptom result in search page,no,
1123,头发早白,duguji,not_found,https://baike.duguji.cn/baike/w/%E5%A4%B4%E5%8F%91%E6%97%A9%E7%99%BD,HTTP 404: page does not exist,dayi,not_found,,no exact symptom result in search page,no,
1125,头剌痛,duguji,not_found,https://baike.duguji.cn/baike/w/%E5%A4%B4%E5%89%8C%E7%97%9B,HTTP 404: page does not exist,dayi,not_found,,no exact symptom result in search page,no,
1126,头面部神经痛,duguji,not_found,https://baike.duguji.cn/baike/w/%E5%A4%B4%E9%9D%A2%E9%83%A8%E7%A5%9E%E7%BB%8F%E7%97%9B,HTTP 404: page does not exist,dayi,not_found,,no exact symptom result in search page,no,
1127,头面疼痛,duguji,not_found,https://baike.duguji.cn/baike/w/%E5%A4%B4%E9%9D%A2%E7%96%BC%E7%97%9B,HTTP 404: page does not exist,dayi,not_found,,no exact symptom result in search page,no,
1128,头目不清,duguji,not_found,https://baike.duguji.cn/baike/w/%E5%A4%B4%E7%9B%AE%E4%B8%8D%E6%B8%85,HTTP 404: page does not exist,dayi,not_found,,no exact symptom result in search page,no,
1129,头皮光亮,duguji,not_found,https://baike.duguji.cn/baike/w/%E5%A4%B4%E7%9A%AE%E5%85%89%E4%BA%AE,HTTP 404: page does not exist,dayi,not_found,,no exact symptom result in search page,no,
1131,头身困重,duguji,not_found,https://baike.duguji.cn/baike/w/%E5%A4%B4%E8%BA%AB%E5%9B%B0%E9%87%8D,HTTP 404: page does not exist,dayi,not_found,,no exact symptom result in search page,no,
1132,头疼痛,duguji,not_found,https://baike.duguji.cn/baike/w/%E5%A4%B4%E7%96%BC%E7%97%9B,HTTP 404: page does not exist,dayi,not_found,,no exact symptom result in search page,no,
1135,头痛如裹,duguji,not_found,https://baike.duguji.cn/baike/w/%E5%A4%B4%E7%97%9B%E5%A6%82%E8%A3%B9,HTTP 404: page does not exist,dayi,not_found,,no exact symptom result in search page,no,
1136,头项强,duguji,not_found,https://baike.duguji.cn/baike/w/%E5%A4%B4%E9%A1%B9%E5%BC%BA,HTTP 404: page does not exist,dayi,not_found,,no exact symptom result in search page,no,
1134,头痛日久,duguji,not_found,https://baike.duguji.cn/baike/w/%E5%A4%B4%E7%97%9B%E6%97%A5%E4%B9%85,HTTP 404: page does not exist,dayi,not_found,,no exact symptom result in search page,no,
1137,头项痛,duguji,not_found,https://baike.duguji.cn/baike/w/%E5%A4%B4%E9%A1%B9%E7%97%9B,HTTP 404: page does not exist,dayi,not_found,,no exact symptom result in search page,no,
1139,头痈,duguji,not_found,https://baike.duguji.cn/baike/w/%E5%A4%B4%E7%97%88,HTTP 404: page does not exist,dayi,not_found,,no exact symptom result in search page,no,
1146,吐脓,duguji,not_found,https://baike.duguji.cn/baike/w/%E5%90%90%E8%84%93,HTTP 404: page does not exist,dayi,not_found,,no exact symptom result in search page,no,
1147,吐衄,duguji,not_found,https://baike.duguji.cn/baike/w/%E5%90%90%E8%A1%84,HTTP 404: page does not exist,dayi,not_found,,no exact symptom result in search page,no,
1148,吐痰,duguji,not_found,https://baike.duguji.cn/baike/w/%E5%90%90%E7%97%B0,HTTP 404: page does not exist,dayi,not_found,,no exact symptom result in search page,no,
1149,吐痰清稀,duguji,not_found,https://baike.duguji.cn/baike/w/%E5%90%90%E7%97%B0%E6%B8%85%E7%A8%80,HTTP 404: page does not exist,dayi,not_found,,no exact symptom result in search page,no,
1151,吐泻腹痛,duguji,not_found,https://baike.duguji.cn/baike/w/%E5%90%90%E6%B3%BB%E8%85%B9%E7%97%9B,HTTP 404: page does not exist,dayi,not_found,,no exact symptom result in search page,no,
1153,腿疲软,duguji,not_found,https://baike.duguji.cn/baike/w/%E8%85%BF%E7%96%B2%E8%BD%AF,HTTP 404: page does not exist,dayi,not_found,,no exact symptom result in search page,no,
1154,腿疲痛,duguji,not_found,https://baike.duguji.cn/baike/w/%E8%85%BF%E7%96%B2%E7%97%9B,HTTP 404: page does not exist,dayi,not_found,,no exact symptom result in search page,no,
1155,腿软,duguji,not_found,https://baike.duguji.cn/baike/w/%E8%85%BF%E8%BD%AF,HTTP 404: page does not exist,dayi,not_found,,no exact symptom result in search page,no,
1156,腿疼痛，重者痛剧不能转侧,duguji,not_found,https://baike.duguji.cn/baike/w/%E8%85%BF%E7%96%BC%E7%97%9B%EF%BC%8C%E9%87%8D%E8%80%85%E7%97%9B%E5%89%A7%E4%B8%8D%E8%83%BD%E8%BD%AC%E4%BE%A7,HTTP 404: page does not exist,dayi,not_found,,no exact symptom result in search page,no,
1162,椭圆形红斑,duguji,not_found,https://baike.duguji.cn/baike/w/%E6%A4%AD%E5%9C%86%E5%BD%A2%E7%BA%A2%E6%96%91,HTTP 404: page does not exist,dayi,not_found,,no exact symptom result in search page,no,
1163,外伤发炎,duguji,not_found,https://baike.duguji.cn/baike/w/%E5%A4%96%E4%BC%A4%E5%8F%91%E7%82%8E,HTTP 404: page does not exist,dayi,not_found,,no exact symptom result in search page,no,
1164,外伤红肿,duguji,not_found,https://baike.duguji.cn/baike/w/%E5%A4%96%E4%BC%A4%E7%BA%A2%E8%82%BF,HTTP 404: page does not exist,dayi,not_found,,no exact symptom result in search page,no,
1173,脘腹痞闷,duguji,ok,https://baike.duguji.cn/baike/w/%E8%84%98%E8%85%B9%E7%97%9E%E9%97%B7,,,skipped_first_source_success,,,yes,duguji
1165,外伤破溃,duguji,not_found,https://baike.duguji.cn/baike/w/%E5%A4%96%E4%BC%A4%E7%A0%B4%E6%BA%83,HTTP 404: page does not exist,dayi,not_found,,no exact symptom result in search page,no,
1166,外阴红肿,duguji,not_found,https://baike.duguji.cn/baike/w/%E5%A4%96%E9%98%B4%E7%BA%A2%E8%82%BF,HTTP 404: page does not exist,dayi,ok,https://www.dayi.org.cn/symptom/1152968.html,,yes,dayi
1172,脘腹痞满,duguji,not_found,https://baike.duguji.cn/baike/w/%E8%84%98%E8%85%B9%E7%97%9E%E6%BB%A1,HTTP 404: page does not exist,dayi,not_found,,no exact symptom result in search page,no,
1169,脘腹刺痛,duguji,not_found,https://baike.duguji.cn/baike/w/%E8%84%98%E8%85%B9%E5%88%BA%E7%97%9B,HTTP 404: page does not exist,dayi,not_found,,no exact symptom result in search page,no,
1170,脘腹冷,duguji,not_found,https://baike.duguji.cn/baike/w/%E8%84%98%E8%85%B9%E5%86%B7,HTTP 404: page does not exist,dayi,not_found,,no exact symptom result in search page,no,
1171,脘腹冷痛,duguji,not_found,https://baike.duguji.cn/baike/w/%E8%84%98%E8%85%B9%E5%86%B7%E7%97%9B,HTTP 404: page does not exist,dayi,ok,https://www.dayi.org.cn/symptom/1153689.html,,yes,dayi
1176,脘腹胁痛,duguji,not_found,https://baike.duguji.cn/baike/w/%E8%84%98%E8%85%B9%E8%83%81%E7%97%9B,HTTP 404: page does not exist,dayi,not_found,,no exact symptom result in search page,no,
1177,脘腹隐痛,duguji,not_found,https://baike.duguji.cn/baike/w/%E8%84%98%E8%85%B9%E9%9A%90%E7%97%9B,HTTP 404: page does not exist,dayi,ok,https://www.dayi.org.cn/symptom/1153686.html,,yes,dayi
1181,脘闷,duguji,not_found,https://baike.duguji.cn/baike/w/%E8%84%98%E9%97%B7,HTTP 404: page does not exist,dayi,not_found,,no exact symptom result in search page,no,
1179,脘腹胀闷,duguji,not_found,https://baike.duguji.cn/baike/w/%E8%84%98%E8%85%B9%E8%83%80%E9%97%B7,HTTP 404: page does not exist,dayi,not_found,,no exact symptom result in search page,no,
1192,畏热,duguji,ok,https://baike.duguji.cn/baike/w/%E7%95%8F%E7%83%AD,,,skipped_first_source_success,,,yes,duguji
1182,脘闷不舒,duguji,not_found,https://baike.duguji.cn/baike/w/%E8%84%98%E9%97%B7%E4%B8%8D%E8%88%92,HTTP 404: page does not exist,dayi,not_found,,no exact symptom result in search page,no,
1184,脘痞不饥,duguji,not_found,https://baike.duguji.cn/baike/w/%E8%84%98%E7%97%9E%E4%B8%8D%E9%A5%A5,HTTP 404: page does not exist,dayi,not_found,,no exact symptom result in search page,no,
1185,脘痞呕吐,duguji,not_found,https://baike.duguji.cn/baike/w/%E8%84%98%E7%97%9E%E5%91%95%E5%90%90,HTTP 404: page does not exist,dayi,not_found,,no exact symptom result in search page,no,
1188,微恶风寒,duguji,not_found,https://baike.duguji.cn/baike/w/%E5%BE%AE%E6%81%B6%E9%A3%8E%E5%AF%92,HTTP 404: page does not exist,dayi,not_found,,no exact symptom result in search page,no,
1186,脘胁疼痛,duguji,not_found,https://baike.duguji.cn/baike/w/%E8%84%98%E8%83%81%E7%96%BC%E7%97%9B,HTTP 404: page does not exist,dayi,not_found,,no exact symptom result in search page,no,
1187,脘胁胀痛,duguji,not_found,https://baike.duguji.cn/baike/w/%E8%84%98%E8%83%81%E8%83%80%E7%97%9B,HTTP 404: page does not exist,dayi,not_found,,no exact symptom result in search page,no,
1189,微渴,duguji,not_found,https://baike.duguji.cn/baike/w/%E5%BE%AE%E6%B8%B4,HTTP 404: page does not exist,dayi,not_found,,no exact symptom result in search page,no,
1194,胃肠积热,duguji,not_found,https://baike.duguji.cn/baike/w/%E8%83%83%E8%82%A0%E7%A7%AF%E7%83%AD,HTTP 404: page does not exist,dayi,not_found,,no exact symptom result in search page,no,
1195,胃肠术后腹胀,duguji,not_found,https://baike.duguji.cn/baike/w/%E8%83%83%E8%82%A0%E6%9C%AF%E5%90%8E%E8%85%B9%E8%83%80,HTTP 404: page does not exist,dayi,not_found,,no exact symptom result in search page,no,
1196,胃肠衰弱,duguji,not_found,https://baike.duguji.cn/baike/w/%E8%83%83%E8%82%A0%E8%A1%B0%E5%BC%B1,HTTP 404: page does not exist,dayi,not_found,,no exact symptom result in search page,no,
1201,胃溃疡出血、十二指肠溃疡出血,duguji,not_found,https://baike.duguji.cn/baike/w/%E8%83%83%E6%BA%83%E7%96%A1%E5%87%BA%E8%A1%80%E3%80%81%E5%8D%81%E4%BA%8C%E6%8C%87%E8%82%A0%E6%BA%83%E7%96%A1%E5%87%BA%E8%A1%80,HTTP 404: page does not exist,dayi,not_found,,no exact symptom result in search page,no,
1199,胃绞痛,duguji,not_found,https://baike.duguji.cn/baike/w/%E8%83%83%E7%BB%9E%E7%97%9B,HTTP 404: page does not exist,dayi,ok,https://www.dayi.org.cn/symptom/1153440.html,,yes,dayi
1206,胃痛绵绵,duguji,not_found,https://baike.duguji.cn/baike/w/%E8%83%83%E7%97%9B%E7%BB%B5%E7%BB%B5,HTTP 404: page does not exist,dayi,not_found,,no exact symptom result in search page,no,
1205,胃痛拘急,duguji,not_found,https://baike.duguji.cn/baike/w/%E8%83%83%E7%97%9B%E6%8B%98%E6%80%A5,HTTP 404: page does not exist,dayi,not_found,,no exact symptom result in search page,no,
1207,胃痛隐隐,duguji,not_found,https://baike.duguji.cn/baike/w/%E8%83%83%E7%97%9B%E9%9A%90%E9%9A%90,HTTP 404: page does not exist,dayi,not_found,,no exact symptom result in search page,no,
1209,胃脘不舒,duguji,not_found,https://baike.duguji.cn/baike/w/%E8%83%83%E8%84%98%E4%B8%8D%E8%88%92,HTTP 404: page does not exist,dayi,not_found,,no exact symptom result in search page,no,
1211,胃脘嘈杂不适,duguji,not_found,https://baike.duguji.cn/baike/w/%E8%83%83%E8%84%98%E5%98%88%E6%9D%82%E4%B8%8D%E9%80%82,HTTP 404: page does not exist,dayi,not_found,,no exact symptom result in search page,no,
1210,胃脘嘈杂,duguji,not_found,https://baike.duguji.cn/baike/w/%E8%83%83%E8%84%98%E5%98%88%E6%9D%82,HTTP 404: page does not exist,dayi,not_found,,no exact symptom result in search page,no,
1212,胃脘刺痛,duguji,not_found,https://baike.duguji.cn/baike/w/%E8%83%83%E8%84%98%E5%88%BA%E7%97%9B,HTTP 404: page does not exist,dayi,not_found,,no exact symptom result in search page,no,
1213,胃脘剌痛,duguji,not_found,https://baike.duguji.cn/baike/w/%E8%83%83%E8%84%98%E5%89%8C%E7%97%9B,HTTP 404: page does not exist,dayi,not_found,,no exact symptom result in search page,no,
1215,胃脘挛痛,duguji,not_found,https://baike.duguji.cn/baike/w/%E8%83%83%E8%84%98%E6%8C%9B%E7%97%9B,HTTP 404: page does not exist,dayi,not_found,,no exact symptom result in search page,no,
1216,胃脘痞满,duguji,not_found,https://baike.duguji.cn/baike/w/%E8%83%83%E8%84%98%E7%97%9E%E6%BB%A1,HTTP 404: page does not exist,dayi,not_found,,no exact symptom result in search page,no,
1214,胃脘冷痛,duguji,not_found,https://baike.duguji.cn/baike/w/%E8%83%83%E8%84%98%E5%86%B7%E7%97%9B,HTTP 404: page does not exist,dayi,ok,https://www.dayi.org.cn/symptom/1153690.html,,yes,dayi
1217,胃脘痞闷,duguji,not_found,https://baike.duguji.cn/baike/w/%E8%83%83%E8%84%98%E7%97%9E%E9%97%B7,HTTP 404: page does not exist,dayi,not_found,,no exact symptom result in search page,no,
1219,胃脘烧灼感,duguji,not_found,https://baike.duguji.cn/baike/w/%E8%83%83%E8%84%98%E7%83%A7%E7%81%BC%E6%84%9F,HTTP 404: page does not exist,dayi,not_found,,no exact symptom result in search page,no,
1218,胃脘痞塞,duguji,not_found,https://baike.duguji.cn/baike/w/%E8%83%83%E8%84%98%E7%97%9E%E5%A1%9E,HTTP 404: page does not exist,dayi,not_found,,no exact symptom result in search page,no,
1220,胃脘疼痛,duguji,not_found,https://baike.duguji.cn/baike/w/%E8%83%83%E8%84%98%E7%96%BC%E7%97%9B,HTTP 404: page does not exist,dayi,not_found,,no exact symptom result in search page,no,
1222,胃脘胀满,duguji,not_found,https://baike.duguji.cn/baike/w/%E8%83%83%E8%84%98%E8%83%80%E6%BB%A1,HTTP 404: page does not exist,dayi,not_found,,no exact symptom result in search page,no,
1226,胃胀满,duguji,not_found,https://baike.duguji.cn/baike/w/%E8%83%83%E8%83%80%E6%BB%A1,HTTP 404: page does not exist,dayi,not_found,,no exact symptom result in search page,no,
1221,胃脘隐痛,duguji,not_found,https://baike.duguji.cn/baike/w/%E8%83%83%E8%84%98%E9%9A%90%E7%97%9B,HTTP 404: page does not exist,dayi,ok,https://www.dayi.org.cn/symptom/1153699.html,,yes,dayi
1223,胃脘胀痛,duguji,not_found,https://baike.duguji.cn/baike/w/%E8%83%83%E8%84%98%E8%83%80%E7%97%9B,HTTP 404: page does not exist,dayi,ok,https://www.dayi.org.cn/symptom/1153691.html,,yes,dayi
1241,下腹胀痛,duguji,ok,https://baike.duguji.cn/baike/w/%E4%B8%8B%E8%85%B9%E8%83%80%E7%97%9B,,,skipped_first_source_success,,,yes,duguji
1227,胃中灼热,duguji,not_found,https://baike.duguji.cn/baike/w/%E8%83%83%E4%B8%AD%E7%81%BC%E7%83%AD,HTTP 404: page does not exist,dayi,not_found,,no exact symptom result in search page,no,
1229,瘟疫发热,duguji,not_found,https://baike.duguji.cn/baike/w/%E7%98%9F%E7%96%AB%E5%8F%91%E7%83%AD,HTTP 404: page does not exist,dayi,not_found,,no exact symptom result in search page,no,
1232,无乳,duguji,not_found,https://baike.duguji.cn/baike/w/%E6%97%A0%E4%B9%B3,HTTP 404: page does not exist,dayi,not_found,,no exact symptom result in search page,no,
1231,无名肿痛,duguji,not_found,https://baike.duguji.cn/baike/w/%E6%97%A0%E5%90%8D%E8%82%BF%E7%97%9B,HTTP 404: page does not exist,dayi,not_found,,no exact symptom result in search page,no,
1233,五更溏泻,duguji,not_found,https://baike.duguji.cn/baike/w/%E4%BA%94%E6%9B%B4%E6%BA%8F%E6%B3%BB,HTTP 404: page does not exist,dayi,not_found,,no exact symptom result in search page,no,
1237,膝部痿软,duguji,not_found,https://baike.duguji.cn/baike/w/%E8%86%9D%E9%83%A8%E7%97%BF%E8%BD%AF,HTTP 404: page does not exist,dayi,not_found,,no exact symptom result in search page,no,
1240,喜暖,duguji,not_found,https://baike.duguji.cn/baike/w/%E5%96%9C%E6%9A%96,HTTP 404: page does not exist,dayi,not_found,,no exact symptom result in search page,no,
1239,膝酸痛,duguji,not_found,https://baike.duguji.cn/baike/w/%E8%86%9D%E9%85%B8%E7%97%9B,HTTP 404: page does not exist,dayi,not_found,,no exact symptom result in search page,no,
1238,膝软乏力,duguji,not_found,https://baike.duguji.cn/baike/w/%E8%86%9D%E8%BD%AF%E4%B9%8F%E5%8A%9B,HTTP 404: page does not exist,dayi,not_found,,no exact symptom result in search page,no,
1252,下肢无力,duguji,ok,https://baike.duguji.cn/baike/w/%E4%B8%8B%E8%82%A2%E6%97%A0%E5%8A%9B,,,skipped_first_source_success,,,yes,duguji
1244,下痢脓血,duguji,not_found,https://baike.duguji.cn/baike/w/%E4%B8%8B%E7%97%A2%E8%84%93%E8%A1%80,HTTP 404: page does not exist,dayi,not_found,,no exact symptom result in search page,no,
1243,下痢臭秽,duguji,not_found,https://baike.duguji.cn/baike/w/%E4%B8%8B%E7%97%A2%E8%87%AD%E7%A7%BD,HTTP 404: page does not exist,dayi,not_found,,no exact symptom result in search page,no,
1245,下气甚痛,duguji,not_found,https://baike.duguji.cn/baike/w/%E4%B8%8B%E6%B0%94%E7%94%9A%E7%97%9B,HTTP 404: page does not exist,dayi,not_found,,no exact symptom result in search page,no,
1249,下肢浮肿,duguji,not_found,https://baike.duguji.cn/baike/w/%E4%B8%8B%E8%82%A2%E6%B5%AE%E8%82%BF,HTTP 404: page does not exist,dayi,not_found,,no exact symptom result in search page,no,
1247,下元虚冷,duguji,not_found,https://baike.duguji.cn/baike/w/%E4%B8%8B%E5%85%83%E8%99%9A%E5%86%B7,HTTP 404: page does not exist,dayi,not_found,,no exact symptom result in search page,no,
1250,下肢痿软,duguji,not_found,https://baike.duguji.cn/baike/w/%E4%B8%8B%E8%82%A2%E7%97%BF%E8%BD%AF,HTTP 404: page does not exist,dayi,not_found,,no exact symptom result in search page,no,
1248,下肢沉重,duguji,not_found,https://baike.duguji.cn/baike/w/%E4%B8%8B%E8%82%A2%E6%B2%89%E9%87%8D,HTTP 404: page does not exist,dayi,not_found,,no exact symptom result in search page,no,
1251,下肢痿弱,duguji,not_found,https://baike.duguji.cn/baike/w/%E4%B8%8B%E8%82%A2%E7%97%BF%E5%BC%B1,HTTP 404: page does not exist,dayi,not_found,,no exact symptom result in search page,no,
1253,夏令中恶昏厥,duguji,not_found,https://baike.duguji.cn/baike/w/%E5%A4%8F%E4%BB%A4%E4%B8%AD%E6%81%B6%E6%98%8F%E5%8E%A5,HTTP 404: page does not exist,dayi,not_found,,no exact symptom result in search page,no,
1254,项背强急不舒,duguji,not_found,https://baike.duguji.cn/baike/w/%E9%A1%B9%E8%83%8C%E5%BC%BA%E6%80%A5%E4%B8%8D%E8%88%92,HTTP 404: page does not exist,dayi,not_found,,no exact symptom result in search page,no,
1261,消痩,duguji,not_found,https://baike.duguji.cn/baike/w/%E6%B6%88%E7%97%A9,HTTP 404: page does not exist,dayi,not_found,,no exact symptom result in search page,no,
1255,项背强痛,duguji,not_found,https://baike.duguji.cn/baike/w/%E9%A1%B9%E8%83%8C%E5%BC%BA%E7%97%9B,HTTP 404: page does not exist,dayi,not_found,,no exact symptom result in search page,no,
1256,项背强直,duguji,not_found,https://baike.duguji.cn/baike/w/%E9%A1%B9%E8%83%8C%E5%BC%BA%E7%9B%B4,HTTP 404: page does not exist,dayi,not_found,,no exact symptom result in search page,no,
1264,小便白浊,duguji,not_found,https://baike.duguji.cn/baike/w/%E5%B0%8F%E4%BE%BF%E7%99%BD%E6%B5%8A,HTTP 404: page does not exist,dayi,not_found,,no exact symptom result in search page,no,
1263,魈血,duguji,not_found,https://baike.duguji.cn/baike/w/%E9%AD%88%E8%A1%80,HTTP 404: page does not exist,dayi,not_found,,no exact symptom result in search page,no,
1266,小便不爽,duguji,not_found,https://baike.duguji.cn/baike/w/%E5%B0%8F%E4%BE%BF%E4%B8%8D%E7%88%BD,HTTP 404: page does not exist,dayi,not_found,,no exact symptom result in search page,no,
1271,小便短少,duguji,not_found,https://baike.duguji.cn/baike/w/%E5%B0%8F%E4%BE%BF%E7%9F%AD%E5%B0%91,HTTP 404: page does not exist,dayi,not_found,,no exact symptom result in search page,no,
1269,小便滴沥不净,duguji,not_found,https://baike.duguji.cn/baike/w/%E5%B0%8F%E4%BE%BF%E6%BB%B4%E6%B2%A5%E4%B8%8D%E5%87%80,HTTP 404: page does not exist,dayi,not_found,,no exact symptom result in search page,no,
1272,小便黄,duguji,not_found,https://baike.duguji.cn/baike/w/%E5%B0%8F%E4%BE%BF%E9%BB%84,HTTP 404: page does not exist,dayi,not_found,,no exact symptom result in search page,no,
1274,小便黄少,duguji,not_found,https://baike.duguji.cn/baike/w/%E5%B0%8F%E4%BE%BF%E9%BB%84%E5%B0%91,HTTP 404: page does not exist,dayi,not_found,,no exact symptom result in search page,no,
1277,小便淋浊,duguji,not_found,https://baike.duguji.cn/baike/w/%E5%B0%8F%E4%BE%BF%E6%B7%8B%E6%B5%8A,HTTP 404: page does not exist,dayi,not_found,,no exact symptom result in search page,no,
1276,小便淋漓不尽,duguji,not_found,https://baike.duguji.cn/baike/w/%E5%B0%8F%E4%BE%BF%E6%B7%8B%E6%BC%93%E4%B8%8D%E5%B0%BD,HTTP 404: page does not exist,dayi,not_found,,no exact symptom result in search page,no,
1278,小便频急,duguji,not_found,https://baike.duguji.cn/baike/w/%E5%B0%8F%E4%BE%BF%E9%A2%91%E6%80%A5,HTTP 404: page does not exist,dayi,not_found,,no exact symptom result in search page,no,
1282,小便热,duguji,not_found,https://baike.duguji.cn/baike/w/%E5%B0%8F%E4%BE%BF%E7%83%AD,HTTP 404: page does not exist,dayi,not_found,,no exact symptom result in search page,no,
1280,小便频数短涩,duguji,not_found,https://baike.duguji.cn/baike/w/%E5%B0%8F%E4%BE%BF%E9%A2%91%E6%95%B0%E7%9F%AD%E6%B6%A9,HTTP 404: page does not exist,dayi,not_found,,no exact symptom result in search page,no,
1284,小便痛,duguji,not_found,https://baike.duguji.cn/baike/w/%E5%B0%8F%E4%BE%BF%E7%97%9B,HTTP 404: page does not exist,dayi,not_found,,no exact symptom result in search page,no,
1285,小儿顿咳,duguji,not_found,https://baike.duguji.cn/baike/w/%E5%B0%8F%E5%84%BF%E9%A1%BF%E5%92%B3,HTTP 404: page does not exist,dayi,not_found,,no exact symptom result in search page,no,
1286,小儿多汗,duguji,not_found,https://baike.duguji.cn/baike/w/%E5%B0%8F%E5%84%BF%E5%A4%9A%E6%B1%97,HTTP 404: page does not exist,dayi,not_found,,no exact symptom result in search page,no,
1297,小腹冷痛,duguji,ok,https://baike.duguji.cn/baike/w/%E5%B0%8F%E8%85%B9%E5%86%B7%E7%97%9B,,,skipped_first_source_success,,,yes,duguji
1290,小儿行迟,duguji,not_found,https://baike.duguji.cn/baike/w/%E5%B0%8F%E5%84%BF%E8%A1%8C%E8%BF%9F,HTTP 404: page does not exist,dayi,not_found,,no exact symptom result in search page,no,
1287,小儿疳积发热,duguji,not_found,https://baike.duguji.cn/baike/w/%E5%B0%8F%E5%84%BF%E7%96%B3%E7%A7%AF%E5%8F%91%E7%83%AD,HTTP 404: page does not exist,dayi,not_found,,no exact symptom result in search page,no,
1293,小儿急热惊风,duguji,not_found,https://baike.duguji.cn/baike/w/%E5%B0%8F%E5%84%BF%E6%80%A5%E7%83%AD%E6%83%8A%E9%A3%8E,HTTP 404: page does not exist,dayi,not_found,,no exact symptom result in search page,no,
1292,小儿急惊,duguji,not_found,https://baike.duguji.cn/baike/w/%E5%B0%8F%E5%84%BF%E6%80%A5%E6%83%8A,HTTP 404: page does not exist,dayi,not_found,,no exact symptom result in search page,no,
1291,小儿积滞化热,duguji,not_found,https://baike.duguji.cn/baike/w/%E5%B0%8F%E5%84%BF%E7%A7%AF%E6%BB%9E%E5%8C%96%E7%83%AD,HTTP 404: page does not exist,dayi,not_found,,no exact symptom result in search page,no,
1294,小儿秋季腹泻,duguji,not_found,https://baike.duguji.cn/baike/w/%E5%B0%8F%E5%84%BF%E7%A7%8B%E5%AD%A3%E8%85%B9%E6%B3%BB,HTTP 404: page does not exist,dayi,not_found,,no exact symptom result in search page,no,
1295,小儿饮食积滞,duguji,not_found,https://baike.duguji.cn/baike/w/%E5%B0%8F%E5%84%BF%E9%A5%AE%E9%A3%9F%E7%A7%AF%E6%BB%9E,HTTP 404: page does not exist,dayi,not_found,,no exact symptom result in search page,no,
1296,小腹拘急,duguji,not_found,https://baike.duguji.cn/baike/w/%E5%B0%8F%E8%85%B9%E6%8B%98%E6%80%A5,HTTP 404: page does not exist,dayi,not_found,,no exact symptom result in search page,no,
1298,小腹两侧胀痛,duguji,not_found,https://baike.duguji.cn/baike/w/%E5%B0%8F%E8%85%B9%E4%B8%A4%E4%BE%A7%E8%83%80%E7%97%9B,HTTP 404: page does not exist,dayi,not_found,,no exact symptom result in search page,no,
1302,小腹喜热,duguji,not_found,https://baike.duguji.cn/baike/w/%E5%B0%8F%E8%85%B9%E5%96%9C%E7%83%AD,HTTP 404: page does not exist,dayi,not_found,,no exact symptom result in search page,no,
1303,小腹下坠,duguji,not_found,https://baike.duguji.cn/baike/w/%E5%B0%8F%E8%85%B9%E4%B8%8B%E5%9D%A0,HTTP 404: page does not exist,dayi,not_found,,no exact symptom result in search page,no,
1304,小腹隐痛,duguji,not_found,https://baike.duguji.cn/baike/w/%E5%B0%8F%E8%85%B9%E9%9A%90%E7%97%9B,HTTP 404: page does not exist,dayi,not_found,,no exact symptom result in search page,no,
1307,小腹坠痛,duguji,not_found,https://baike.duguji.cn/baike/w/%E5%B0%8F%E8%85%B9%E5%9D%A0%E7%97%9B,HTTP 404: page does not exist,dayi,not_found,,no exact symptom result in search page,no,
1305,小腹胀,duguji,not_found,https://baike.duguji.cn/baike/w/%E5%B0%8F%E8%85%B9%E8%83%80,HTTP 404: page does not exist,dayi,ok,https://www.dayi.org.cn/symptom/1153340.html,,yes,dayi
1310,胁肋不舒,duguji,not_found,https://baike.duguji.cn/baike/w/%E8%83%81%E8%82%8B%E4%B8%8D%E8%88%92,HTTP 404: page does not exist,dayi,not_found,,no exact symptom result in search page,no,
1311,胁肋部疼痛,duguji,not_found,https://baike.duguji.cn/baike/w/%E8%83%81%E8%82%8B%E9%83%A8%E7%96%BC%E7%97%9B,HTTP 404: page does not exist,dayi,not_found,,no exact symptom result in search page,no,
1308,小腹坠胀,duguji,not_found,https://baike.duguji.cn/baike/w/%E5%B0%8F%E8%85%B9%E5%9D%A0%E8%83%80,HTTP 404: page does not exist,dayi,ok,https://www.dayi.org.cn/symptom/1153653.html,,yes,dayi
1312,胁肋刺痛,duguji,not_found,https://baike.duguji.cn/baike/w/%E8%83%81%E8%82%8B%E5%88%BA%E7%97%9B,HTTP 404: page does not exist,dayi,not_found,,no exact symptom result in search page,no,
1314,胁肋隐痛,duguji,not_found,https://baike.duguji.cn/baike/w/%E8%83%81%E8%82%8B%E9%9A%90%E7%97%9B,HTTP 404: page does not exist,dayi,not_found,,no exact symptom result in search page,no,
1313,胁肋疼痛,duguji,not_found,https://baike.duguji.cn/baike/w/%E8%83%81%E8%82%8B%E7%96%BC%E7%97%9B,HTTP 404: page does not exist,dayi,not_found,,no exact symptom result in search page,no,
1317,胁下痞块,duguji,not_found,https://baike.duguji.cn/baike/w/%E8%83%81%E4%B8%8B%E7%97%9E%E5%9D%97,HTTP 404: page does not exist,dayi,not_found,,no exact symptom result in search page,no,
1319,泄泻急迫,duguji,not_found,https://baike.duguji.cn/baike/w/%E6%B3%84%E6%B3%BB%E6%80%A5%E8%BF%AB,HTTP 404: page does not exist,dayi,not_found,,no exact symptom result in search page,no,
1320,泻而不爽,duguji,not_found,https://baike.duguji.cn/baike/w/%E6%B3%BB%E8%80%8C%E4%B8%8D%E7%88%BD,HTTP 404: page does not exist,dayi,not_found,,no exact symptom result in search page,no,
1323,心暴痛,duguji,not_found,https://baike.duguji.cn/baike/w/%E5%BF%83%E6%9A%B4%E7%97%9B,HTTP 404: page does not exist,dayi,not_found,,no exact symptom result in search page,no,
1322,泻痢不爽,duguji,not_found,https://baike.duguji.cn/baike/w/%E6%B3%BB%E7%97%A2%E4%B8%8D%E7%88%BD,HTTP 404: page does not exist,dayi,not_found,,no exact symptom result in search page,no,
1326,心烦不宁,duguji,not_found,https://baike.duguji.cn/baike/w/%E5%BF%83%E7%83%A6%E4%B8%8D%E5%AE%81,HTTP 404: page does not exist,dayi,not_found,,no exact symptom result in search page,no,
1325,心烦不寐,duguji,not_found,https://baike.duguji.cn/baike/w/%E5%BF%83%E7%83%A6%E4%B8%8D%E5%AF%90,HTTP 404: page does not exist,dayi,not_found,,no exact symptom result in search page,no,
1327,心烦难寐,duguji,not_found,https://baike.duguji.cn/baike/w/%E5%BF%83%E7%83%A6%E9%9A%BE%E5%AF%90,HTTP 404: page does not exist,dayi,not_found,,no exact symptom result in search page,no,
1328,心烦喜呕,duguji,not_found,https://baike.duguji.cn/baike/w/%E5%BF%83%E7%83%A6%E5%96%9C%E5%91%95,HTTP 404: page does not exist,dayi,not_found,,no exact symptom result in search page,no,
1329,心腹刺痛,duguji,not_found,https://baike.duguji.cn/baike/w/%E5%BF%83%E8%85%B9%E5%88%BA%E7%97%9B,HTTP 404: page does not exist,dayi,not_found,,no exact symptom result in search page,no,
1330,心腹冷痛,duguji,not_found,https://baike.duguji.cn/baike/w/%E5%BF%83%E8%85%B9%E5%86%B7%E7%97%9B,HTTP 404: page does not exist,dayi,not_found,,no exact symptom result in search page,no,
1334,心悸不安,duguji,not_found,https://baike.duguji.cn/baike/w/%E5%BF%83%E6%82%B8%E4%B8%8D%E5%AE%89,HTTP 404: page does not exist,dayi,not_found,,no exact symptom result in search page,no,
1335,心悸不宁,duguji,not_found,https://baike.duguji.cn/baike/w/%E5%BF%83%E6%82%B8%E4%B8%8D%E5%AE%81,HTTP 404: page does not exist,dayi,not_found,,no exact symptom result in search page,no,
1355,兴奋,duguji,ok,https://baike.duguji.cn/baike/w/%E5%85%B4%E5%A5%8B,,,skipped_first_source_success,,,yes,duguji
1341,心前区刺痛,duguji,not_found,https://baike.duguji.cn/baike/w/%E5%BF%83%E5%89%8D%E5%8C%BA%E5%88%BA%E7%97%9B,HTTP 404: page does not exist,dayi,not_found,,no exact symptom result in search page,no,
1357,性功能障碍,duguji,ok,https://baike.duguji.cn/baike/w/%E6%80%A7%E5%8A%9F%E8%83%BD%E9%9A%9C%E7%A2%8D,,,skipped_first_source_success,,,yes,duguji
1339,心气痛,duguji,not_found,https://baike.duguji.cn/baike/w/%E5%BF%83%E6%B0%94%E7%97%9B,HTTP 404: page does not exist,dayi,not_found,,no exact symptom result in search page,no,
1340,心气虚损,duguji,not_found,https://baike.duguji.cn/baike/w/%E5%BF%83%E6%B0%94%E8%99%9A%E6%8D%9F,HTTP 404: page does not exist,dayi,not_found,,no exact symptom result in search page,no,
1342,心前区剌痛,duguji,not_found,https://baike.duguji.cn/baike/w/%E5%BF%83%E5%89%8D%E5%8C%BA%E5%89%8C%E7%97%9B,HTTP 404: page does not exist,dayi,not_found,,no exact symptom result in search page,no,
1350,新旧瘀痛,duguji,not_found,https://baike.duguji.cn/baike/w/%E6%96%B0%E6%97%A7%E7%98%80%E7%97%9B,HTTP 404: page does not exist,dayi,not_found,,no exact symptom result in search page,no,
1348,心胸烦热,duguji,not_found,https://baike.duguji.cn/baike/w/%E5%BF%83%E8%83%B8%E7%83%A6%E7%83%AD,HTTP 404: page does not exist,dayi,not_found,,no exact symptom result in search page,no,
1354,形体消瘦,duguji,not_found,https://baike.duguji.cn/baike/w/%E5%BD%A2%E4%BD%93%E6%B6%88%E7%98%A6,HTTP 404: page does not exist,dayi,not_found,,no exact symptom result in search page,no,
1352,形瘦,duguji,not_found,https://baike.duguji.cn/baike/w/%E5%BD%A2%E7%98%A6,HTTP 404: page does not exist,dayi,not_found,,no exact symptom result in search page,no,
1353,形体肥胖,duguji,not_found,https://baike.duguji.cn/baike/w/%E5%BD%A2%E4%BD%93%E8%82%A5%E8%83%96,HTTP 404: page does not exist,dayi,not_found,,no exact symptom result in search page,no,
1361,胸痹作痛,duguji,not_found,https://baike.duguji.cn/baike/w/%E8%83%B8%E7%97%B9%E4%BD%9C%E7%97%9B,HTTP 404: page does not exist,dayi,not_found,,no exact symptom result in search page,no,
1364,胸部闷痛,duguji,not_found,https://baike.duguji.cn/baike/w/%E8%83%B8%E9%83%A8%E9%97%B7%E7%97%9B,HTTP 404: page does not exist,dayi,not_found,,no exact symptom result in search page,no,
1362,胸部憋闷,duguji,not_found,https://baike.duguji.cn/baike/w/%E8%83%B8%E9%83%A8%E6%86%8B%E9%97%B7,HTTP 404: page does not exist,dayi,not_found,,no exact symptom result in search page,no,
1365,胸部疼痛,duguji,not_found,https://baike.duguji.cn/baike/w/%E8%83%B8%E9%83%A8%E7%96%BC%E7%97%9B,HTTP 404: page does not exist,dayi,not_found,,no exact symptom result in search page,no,
1367,胸腹积水,duguji,not_found,https://baike.duguji.cn/baike/w/%E8%83%B8%E8%85%B9%E7%A7%AF%E6%B0%B4,HTTP 404: page does not exist,dayi,not_found,,no exact symptom result in search page,no,
1368,胸腹冷痛,duguji,not_found,https://baike.duguji.cn/baike/w/%E8%83%B8%E8%85%B9%E5%86%B7%E7%97%9B,HTTP 404: page does not exist,dayi,not_found,,no exact symptom result in search page,no,
1366,胸腹刺痛,duguji,not_found,https://baike.duguji.cn/baike/w/%E8%83%B8%E8%85%B9%E5%88%BA%E7%97%9B,HTTP 404: page does not exist,dayi,not_found,,no exact symptom result in search page,no,
1369,胸腹满闷,duguji,not_found,https://baike.duguji.cn/baike/w/%E8%83%B8%E8%85%B9%E6%BB%A1%E9%97%B7,HTTP 404: page does not exist,dayi,not_found,,no exact symptom result in search page,no,
1370,胸腹闷胀,duguji,not_found,https://baike.duguji.cn/baike/w/%E8%83%B8%E8%85%B9%E9%97%B7%E8%83%80,HTTP 404: page does not exist,dayi,not_found,,no exact symptom result in search page,no,
1371,胸腹水肿,duguji,not_found,https://baike.duguji.cn/baike/w/%E8%83%B8%E8%85%B9%E6%B0%B4%E8%82%BF,HTTP 404: page does not exist,dayi,not_found,,no exact symptom result in search page,no,
1372,胸腹疼痛,duguji,not_found,https://baike.duguji.cn/baike/w/%E8%83%B8%E8%85%B9%E7%96%BC%E7%97%9B,HTTP 404: page does not exist,dayi,not_found,,no exact symptom result in search page,no,
1373,胸腹胀满,duguji,not_found,https://baike.duguji.cn/baike/w/%E8%83%B8%E8%85%B9%E8%83%80%E6%BB%A1,HTTP 404: page does not exist,dayi,not_found,,no exact symptom result in search page,no,
1374,胸腹胀闷,duguji,not_found,https://baike.duguji.cn/baike/w/%E8%83%B8%E8%85%B9%E8%83%80%E9%97%B7,HTTP 404: page does not exist,dayi,not_found,,no exact symptom result in search page,no,
1375,胸腹胀痛,duguji,not_found,https://baike.duguji.cn/baike/w/%E8%83%B8%E8%85%B9%E8%83%80%E7%97%9B,HTTP 404: page does not exist,dayi,not_found,,no exact symptom result in search page,no,
1377,胸膈满闷,duguji,not_found,https://baike.duguji.cn/baike/w/%E8%83%B8%E8%86%88%E6%BB%A1%E9%97%B7,HTTP 404: page does not exist,dayi,not_found,,no exact symptom result in search page,no,
1379,胸膈痞闷,duguji,not_found,https://baike.duguji.cn/baike/w/%E8%83%B8%E8%86%88%E7%97%9E%E9%97%B7,HTTP 404: page does not exist,dayi,ok,https://www.dayi.org.cn/symptom/1153737.html,,yes,dayi
1378,胸膈痞满,duguji,not_found,https://baike.duguji.cn/baike/w/%E8%83%B8%E8%86%88%E7%97%9E%E6%BB%A1,HTTP 404: page does not exist,dayi,not_found,,no exact symptom result in search page,no,
1380,胸膈痞塞,duguji,not_found,https://baike.duguji.cn/baike/w/%E8%83%B8%E8%86%88%E7%97%9E%E5%A1%9E,HTTP 404: page does not exist,dayi,not_found,,no exact symptom result in search page,no,
1381,胸膈胀满,duguji,not_found,https://baike.duguji.cn/baike/w/%E8%83%B8%E8%86%88%E8%83%80%E6%BB%A1,HTTP 404: page does not exist,dayi,not_found,,no exact symptom result in search page,no,
1383,胸满郁闷,duguji,not_found,https://baike.duguji.cn/baike/w/%E8%83%B8%E6%BB%A1%E9%83%81%E9%97%B7,HTTP 404: page does not exist,dayi,not_found,,no exact symptom result in search page,no,
1385,胸闷不畅,duguji,not_found,https://baike.duguji.cn/baike/w/%E8%83%B8%E9%97%B7%E4%B8%8D%E7%95%85,HTTP 404: page does not exist,dayi,not_found,,no exact symptom result in search page,no,
1386,胸闷不适,duguji,not_found,https://baike.duguji.cn/baike/w/%E8%83%B8%E9%97%B7%E4%B8%8D%E9%80%82,HTTP 404: page does not exist,dayi,not_found,,no exact symptom result in search page,no,
1387,胸闷不舒,duguji,not_found,https://baike.duguji.cn/baike/w/%E8%83%B8%E9%97%B7%E4%B8%8D%E8%88%92,HTTP 404: page does not exist,dayi,not_found,,no exact symptom result in search page,no,
1388,胸闷作痛,duguji,not_found,https://baike.duguji.cn/baike/w/%E8%83%B8%E9%97%B7%E4%BD%9C%E7%97%9B,HTTP 404: page does not exist,dayi,not_found,,no exact symptom result in search page,no,
1392,胸痛彻背,duguji,not_found,https://baike.duguji.cn/baike/w/%E8%83%B8%E7%97%9B%E5%BD%BB%E8%83%8C,HTTP 404: page does not exist,dayi,not_found,,no exact symptom result in search page,no,
1394,胸脘痞闷,duguji,not_found,https://baike.duguji.cn/baike/w/%E8%83%B8%E8%84%98%E7%97%9E%E9%97%B7,HTTP 404: page does not exist,dayi,not_found,,no exact symptom result in search page,no,
1393,胸脘满闷,duguji,not_found,https://baike.duguji.cn/baike/w/%E8%83%B8%E8%84%98%E6%BB%A1%E9%97%B7,HTTP 404: page does not exist,dayi,ok,https://www.dayi.org.cn/symptom/1153701.html,,yes,dayi
1395,胸脘胀满,duguji,not_found,https://baike.duguji.cn/baike/w/%E8%83%B8%E8%84%98%E8%83%80%E6%BB%A1,HTTP 404: page does not exist,dayi,not_found,,no exact symptom result in search page,no,
1396,胸脘胀闷,duguji,not_found,https://baike.duguji.cn/baike/w/%E8%83%B8%E8%84%98%E8%83%80%E9%97%B7,HTTP 404: page does not exist,dayi,not_found,,no exact symptom result in search page,no,
1397,胸胁刺痛,duguji,not_found,https://baike.duguji.cn/baike/w/%E8%83%B8%E8%83%81%E5%88%BA%E7%97%9B,HTTP 404: page does not exist,dayi,not_found,,no exact symptom result in search page,no,
1398,胸胁挫伤,duguji,not_found,https://baike.duguji.cn/baike/w/%E8%83%B8%E8%83%81%E6%8C%AB%E4%BC%A4,HTTP 404: page does not exist,dayi,not_found,,no exact symptom result in search page,no,
1400,胸胁剌痛,duguji,not_found,https://baike.duguji.cn/baike/w/%E8%83%B8%E8%83%81%E5%89%8C%E7%97%9B,HTTP 404: page does not exist,dayi,not_found,,no exact symptom result in search page,no,
1401,胸胁闷痛,duguji,not_found,https://baike.duguji.cn/baike/w/%E8%83%B8%E8%83%81%E9%97%B7%E7%97%9B,HTTP 404: page does not exist,dayi,not_found,,no exact symptom result in search page,no,
1402,胸胁痞闷,duguji,not_found,https://baike.duguji.cn/baike/w/%E8%83%B8%E8%83%81%E7%97%9E%E9%97%B7,HTTP 404: page does not exist,dayi,not_found,,no exact symptom result in search page,no,
1403,胸胁气滞,duguji,not_found,https://baike.duguji.cn/baike/w/%E8%83%B8%E8%83%81%E6%B0%94%E6%BB%9E,HTTP 404: page does not exist,dayi,not_found,,no exact symptom result in search page,no,
1404,胸胁疼痛,duguji,not_found,https://baike.duguji.cn/baike/w/%E8%83%B8%E8%83%81%E7%96%BC%E7%97%9B,HTTP 404: page does not exist,dayi,not_found,,no exact symptom result in search page,no,
1406,胸胁隐痛,duguji,not_found,https://baike.duguji.cn/baike/w/%E8%83%B8%E8%83%81%E9%9A%90%E7%97%9B,HTTP 404: page does not exist,dayi,not_found,,no exact symptom result in search page,no,
1407,胸胁胀,duguji,not_found,https://baike.duguji.cn/baike/w/%E8%83%B8%E8%83%81%E8%83%80,HTTP 404: page does not exist,dayi,not_found,,no exact symptom result in search page,no,
1408,胸胁胀满,duguji,not_found,https://baike.duguji.cn/baike/w/%E8%83%B8%E8%83%81%E8%83%80%E6%BB%A1,HTTP 404: page does not exist,dayi,not_found,,no exact symptom result in search page,no,
1409,胸胁胀闷,duguji,not_found,https://baike.duguji.cn/baike/w/%E8%83%B8%E8%83%81%E8%83%80%E9%97%B7,HTTP 404: page does not exist,dayi,not_found,,no exact symptom result in search page,no,
1412,胸胀满,duguji,not_found,https://baike.duguji.cn/baike/w/%E8%83%B8%E8%83%80%E6%BB%A1,HTTP 404: page does not exist,dayi,not_found,,no exact symptom result in search page,no,
1413,胸胀痛,duguji,not_found,https://baike.duguji.cn/baike/w/%E8%83%B8%E8%83%80%E7%97%9B,HTTP 404: page does not exist,dayi,not_found,,no exact symptom result in search page,no,
1410,胸胁胀痛,duguji,not_found,https://baike.duguji.cn/baike/w/%E8%83%B8%E8%83%81%E8%83%80%E7%97%9B,HTTP 404: page does not exist,dayi,not_found,,no exact symptom result in search page,no,
1411,胸胁作痛,duguji,not_found,https://baike.duguji.cn/baike/w/%E8%83%B8%E8%83%81%E4%BD%9C%E7%97%9B,HTTP 404: page does not exist,dayi,not_found,,no exact symptom result in search page,no,
1416,胸中闷热,duguji,not_found,https://baike.duguji.cn/baike/w/%E8%83%B8%E4%B8%AD%E9%97%B7%E7%83%AD,HTTP 404: page does not exist,dayi,not_found,,no exact symptom result in search page,no,
1414,胸中憋闷,duguji,not_found,https://baike.duguji.cn/baike/w/%E8%83%B8%E4%B8%AD%E6%86%8B%E9%97%B7,HTTP 404: page does not exist,dayi,not_found,,no exact symptom result in search page,no,
1415,胸中满闷,duguji,not_found,https://baike.duguji.cn/baike/w/%E8%83%B8%E4%B8%AD%E6%BB%A1%E9%97%B7,HTTP 404: page does not exist,dayi,not_found,,no exact symptom result in search page,no,
1417,胸中闷痛,duguji,not_found,https://baike.duguji.cn/baike/w/%E8%83%B8%E4%B8%AD%E9%97%B7%E7%97%9B,HTTP 404: page does not exist,dayi,not_found,,no exact symptom result in search page,no,
1434,虚劳咳嗽,duguji,ok,https://baike.duguji.cn/baike/w/%E8%99%9A%E5%8A%B3%E5%92%B3%E5%97%BD,,,skipped_first_source_success,,,yes,duguji
1420,羞明流泪,duguji,not_found,https://baike.duguji.cn/baike/w/%E7%BE%9E%E6%98%8E%E6%B5%81%E6%B3%AA,HTTP 404: page does not exist,dayi,not_found,,no exact symptom result in search page,no,
1419,羞明多眵,duguji,not_found,https://baike.duguji.cn/baike/w/%E7%BE%9E%E6%98%8E%E5%A4%9A%E7%9C%B5,HTTP 404: page does not exist,dayi,not_found,,no exact symptom result in search page,no,
1444,血尿,duguji,ok,https://baike.duguji.cn/baike/w/%E8%A1%80%E5%B0%BF,,,skipped_first_source_success,,,yes,duguji
1423,嗅觉迟钝,duguji,not_found,https://baike.duguji.cn/baike/w/%E5%97%85%E8%A7%89%E8%BF%9F%E9%92%9D,HTTP 404: page does not exist,dayi,not_found,,no exact symptom result in search page,no,
1428,虚烦不眠,duguji,not_found,https://baike.duguji.cn/baike/w/%E8%99%9A%E7%83%A6%E4%B8%8D%E7%9C%A0,HTTP 404: page does not exist,dayi,not_found,,no exact symptom result in search page,no,
1422,嗅觉不灵,duguji,not_found,https://baike.duguji.cn/baike/w/%E5%97%85%E8%A7%89%E4%B8%8D%E7%81%B5,HTTP 404: page does not exist,dayi,not_found,,no exact symptom result in search page,no,
1421,羞明畏光,duguji,not_found,https://baike.duguji.cn/baike/w/%E7%BE%9E%E6%98%8E%E7%95%8F%E5%85%89,HTTP 404: page does not exist,dayi,not_found,,no exact symptom result in search page,no,
1454,牙齿松动,duguji,ok,https://baike.duguji.cn/baike/w/%E7%89%99%E9%BD%BF%E6%9D%BE%E5%8A%A8,,,skipped_first_source_success,,,yes,duguji
1457,牙痛,duguji,ok,https://baike.duguji.cn/baike/w/%E7%89%99%E7%97%9B,,,skipped_first_source_success,,,yes,duguji
1430,虚寒性出血,duguji,not_found,https://baike.duguji.cn/baike/w/%E8%99%9A%E5%AF%92%E6%80%A7%E5%87%BA%E8%A1%80,HTTP 404: page does not exist,dayi,not_found,,no exact symptom result in search page,no,
1433,虚劳咳喘,duguji,not_found,https://baike.duguji.cn/baike/w/%E8%99%9A%E5%8A%B3%E5%92%B3%E5%96%98,HTTP 404: page does not exist,dayi,not_found,,no exact symptom result in search page,no,
1460,牙龈痛,duguji,ok,https://baike.duguji.cn/baike/w/%E7%89%99%E9%BE%88%E7%97%9B,,,skipped_first_source_success,,,yes,duguji
1432,虚劳久咳,duguji,not_found,https://baike.duguji.cn/baike/w/%E8%99%9A%E5%8A%B3%E4%B9%85%E5%92%B3,HTTP 404: page does not exist,dayi,not_found,,no exact symptom result in search page,no,
1465,咽部充血,duguji,ok,https://baike.duguji.cn/baike/w/%E5%92%BD%E9%83%A8%E5%85%85%E8%A1%80,,,skipped_first_source_success,,,yes,duguji
1463,牙龈肿胀,duguji,ok,https://baike.duguji.cn/baike/w/%E7%89%99%E9%BE%88%E8%82%BF%E8%83%80,,,skipped_first_source_success,,,yes,duguji
1436,虚热不退,duguji,not_found,https://baike.duguji.cn/baike/w/%E8%99%9A%E7%83%AD%E4%B8%8D%E9%80%80,HTTP 404: page does not exist,dayi,not_found,,no exact symptom result in search page,no,
1450,血压偏高,duguji,not_found,https://baike.duguji.cn/baike/w/%E8%A1%80%E5%8E%8B%E5%81%8F%E9%AB%98,HTTP 404: page does not exist,dayi,not_found,,no exact symptom result in search page,no,
1441,血管神经性头痛,duguji,not_found,https://baike.duguji.cn/baike/w/%E8%A1%80%E7%AE%A1%E7%A5%9E%E7%BB%8F%E6%80%A7%E5%A4%B4%E7%97%9B,HTTP 404: page does not exist,dayi,not_found,,no exact symptom result in search page,no,
1447,血热吐衄,duguji,not_found,https://baike.duguji.cn/baike/w/%E8%A1%80%E7%83%AD%E5%90%90%E8%A1%84,HTTP 404: page does not exist,dayi,not_found,,no exact symptom result in search page,no,
1453,血肿疼痛,duguji,not_found,https://baike.duguji.cn/baike/w/%E8%A1%80%E8%82%BF%E7%96%BC%E7%97%9B,HTTP 404: page does not exist,dayi,not_found,,no exact symptom result in search page,no,
1446,血热吐紐,duguji,not_found,https://baike.duguji.cn/baike/w/%E8%A1%80%E7%83%AD%E5%90%90%E7%B4%90,HTTP 404: page does not exist,dayi,not_found,,no exact symptom result in search page,no,
1461,牙龈肿,duguji,not_found,https://baike.duguji.cn/baike/w/%E7%89%99%E9%BE%88%E8%82%BF,HTTP 404: page does not exist,dayi,not_found,,no exact symptom result in search page,no,
1466,咽部红,duguji,not_found,https://baike.duguji.cn/baike/w/%E5%92%BD%E9%83%A8%E7%BA%A2,HTTP 404: page does not exist,dayi,not_found,,no exact symptom result in search page,no,
1468,咽部肿,duguji,not_found,https://baike.duguji.cn/baike/w/%E5%92%BD%E9%83%A8%E8%82%BF,HTTP 404: page does not exist,dayi,not_found,,no exact symptom result in search page,no,
1464,咽部不适,duguji,not_found,https://baike.duguji.cn/baike/w/%E5%92%BD%E9%83%A8%E4%B8%8D%E9%80%82,HTTP 404: page does not exist,dayi,not_found,,no exact symptom result in search page,no,
1467,咽部红肿,duguji,not_found,https://baike.duguji.cn/baike/w/%E5%92%BD%E9%83%A8%E7%BA%A2%E8%82%BF,HTTP 404: page does not exist,dayi,not_found,,no exact symptom result in search page,no,
1469,咽部肿痛,duguji,not_found,https://baike.duguji.cn/baike/w/%E5%92%BD%E9%83%A8%E8%82%BF%E7%97%9B,HTTP 404: page does not exist,dayi,not_found,,no exact symptom result in search page,no,
1471,咽干喉痛,duguji,not_found,https://baike.duguji.cn/baike/w/%E5%92%BD%E5%B9%B2%E5%96%89%E7%97%9B,HTTP 404: page does not exist,dayi,not_found,,no exact symptom result in search page,no,
1472,咽干燥,duguji,not_found,https://baike.duguji.cn/baike/w/%E5%92%BD%E5%B9%B2%E7%87%A5,HTTP 404: page does not exist,dayi,not_found,,no exact symptom result in search page,no,
1473,咽干灼热,duguji,not_found,https://baike.duguji.cn/baike/w/%E5%92%BD%E5%B9%B2%E7%81%BC%E7%83%AD,HTTP 404: page does not exist,dayi,not_found,,no exact symptom result in search page,no,
1480,咽喉红肿,duguji,ok,https://baike.duguji.cn/baike/w/%E5%92%BD%E5%96%89%E7%BA%A2%E8%82%BF,,,skipped_first_source_success,,,yes,duguji
1482,咽喉痛,duguji,no_definition,https://baike.duguji.cn/baike/w/%E5%92%BD%E5%96%89%E7%97%9B,raw page parsed but no definition found,dayi,not_found,,no exact symptom result in search page,no,
1474,咽膈不利,duguji,not_found,https://baike.duguji.cn/baike/w/%E5%92%BD%E8%86%88%E4%B8%8D%E5%88%A9,HTTP 404: page does not exist,dayi,not_found,,no exact symptom result in search page,no,
1485,咽喉肿痛,duguji,ok,https://baike.duguji.cn/baike/w/%E5%92%BD%E5%96%89%E8%82%BF%E7%97%9B,,,skipped_first_source_success,,,yes,duguji
1475,咽红,duguji,not_found,https://baike.duguji.cn/baike/w/%E5%92%BD%E7%BA%A2,HTTP 404: page does not exist,dayi,not_found,,no exact symptom result in search page,no,
1476,咽红肿痛,duguji,not_found,https://baike.duguji.cn/baike/w/%E5%92%BD%E7%BA%A2%E8%82%BF%E7%97%9B,HTTP 404: page does not exist,dayi,not_found,,no exact symptom result in search page,no,
1478,咽喉干,duguji,not_found,https://baike.duguji.cn/baike/w/%E5%92%BD%E5%96%89%E5%B9%B2,HTTP 404: page does not exist,dayi,not_found,,no exact symptom result in search page,no,
1477,咽喉不利,duguji,ok,https://baike.duguji.cn/baike/w/%E5%92%BD%E5%96%89%E4%B8%8D%E5%88%A9,,,skipped_first_source_success,,,yes,duguji
1479,咽喉干燥,duguji,not_found,https://baike.duguji.cn/baike/w/%E5%92%BD%E5%96%89%E5%B9%B2%E7%87%A5,HTTP 404: page does not exist,dayi,not_found,,no exact symptom result in search page,no,
1484,咽喉肿,duguji,not_found,https://baike.duguji.cn/baike/w/%E5%92%BD%E5%96%89%E8%82%BF,HTTP 404: page does not exist,dayi,not_found,,no exact symptom result in search page,no,
1487,咽喉灼热,duguji,not_found,https://baike.duguji.cn/baike/w/%E5%92%BD%E5%96%89%E7%81%BC%E7%83%AD,HTTP 404: page does not exist,dayi,not_found,,no exact symptom result in search page,no,
1486,咽喉肿痈,duguji,not_found,https://baike.duguji.cn/baike/w/%E5%92%BD%E5%96%89%E8%82%BF%E7%97%88,HTTP 404: page does not exist,dayi,not_found,,no exact symptom result in search page,no,
1488,咽黏膜充血,duguji,not_found,https://baike.duguji.cn/baike/w/%E5%92%BD%E9%BB%8F%E8%86%9C%E5%85%85%E8%A1%80,HTTP 404: page does not exist,dayi,not_found,,no exact symptom result in search page,no,
1492,咽痈,duguji,not_found,https://baike.duguji.cn/baike/w/%E5%92%BD%E7%97%88,HTTP 404: page does not exist,dayi,not_found,,no exact symptom result in search page,no,
1490,咽下不利,duguji,not_found,https://baike.duguji.cn/baike/w/%E5%92%BD%E4%B8%8B%E4%B8%8D%E5%88%A9,HTTP 404: page does not exist,dayi,not_found,,no exact symptom result in search page,no,
1495,咽灼热感,duguji,not_found,https://baike.duguji.cn/baike/w/%E5%92%BD%E7%81%BC%E7%83%AD%E6%84%9F,HTTP 404: page does not exist,dayi,not_found,,no exact symptom result in search page,no,
1494,咽中有痰,duguji,not_found,https://baike.duguji.cn/baike/w/%E5%92%BD%E4%B8%AD%E6%9C%89%E7%97%B0,HTTP 404: page does not exist,dayi,not_found,,no exact symptom result in search page,no,
1493,咽燥,duguji,not_found,https://baike.duguji.cn/baike/w/%E5%92%BD%E7%87%A5,HTTP 404: page does not exist,dayi,not_found,,no exact symptom result in search page,no,
1497,言语不清,duguji,not_found,https://baike.duguji.cn/baike/w/%E8%A8%80%E8%AF%AD%E4%B8%8D%E6%B8%85,HTTP 404: page does not exist,dayi,not_found,,no exact symptom result in search page,no,
1499,言语謇涩,duguji,not_found,https://baike.duguji.cn/baike/w/%E8%A8%80%E8%AF%AD%E8%AC%87%E6%B6%A9,HTTP 404: page does not exist,dayi,not_found,,no exact symptom result in search page,no,
1500,颜面部红斑,duguji,not_found,https://baike.duguji.cn/baike/w/%E9%A2%9C%E9%9D%A2%E9%83%A8%E7%BA%A2%E6%96%91,HTTP 404: page does not exist,dayi,not_found,,no exact symptom result in search page,no,
1491,咽痒,duguji,error,,RuntimeError: URLError: <urlopen error [SSL: UNEXPECTED_EOF_WHILE_READING] EOF occurred in violation of protocol (_ssl.c:1000)>,dayi,ok,https://www.dayi.org.cn/symptom/1153651.html,,yes,dayi
1498,言语不淸,duguji,not_found,https://baike.duguji.cn/baike/w/%E8%A8%80%E8%AF%AD%E4%B8%8D%E6%B7%B8,HTTP 404: page does not exist,dayi,not_found,,no exact symptom result in search page,no,
1501,颜面皮肤光亮油腻,duguji,not_found,https://baike.duguji.cn/baike/w/%E9%A2%9C%E9%9D%A2%E7%9A%AE%E8%82%A4%E5%85%89%E4%BA%AE%E6%B2%B9%E8%85%BB,HTTP 404: page does not exist,dayi,not_found,,no exact symptom result in search page,no,
1513,眼痛,duguji,ok,https://baike.duguji.cn/baike/w/%E7%9C%BC%E7%97%9B,,,skipped_first_source_success,,,yes,duguji
1502,眼边刺痒,duguji,not_found,https://baike.duguji.cn/baike/w/%E7%9C%BC%E8%BE%B9%E5%88%BA%E7%97%92,HTTP 404: page does not exist,dayi,not_found,,no exact symptom result in search page,no,
1503,眼底瘀血,duguji,not_found,https://baike.duguji.cn/baike/w/%E7%9C%BC%E5%BA%95%E7%98%80%E8%A1%80,HTTP 404: page does not exist,dayi,not_found,,no exact symptom result in search page,no,
1517,阳虚血瘀,duguji,ok,https://baike.duguji.cn/baike/w/%E9%98%B3%E8%99%9A%E8%A1%80%E7%98%80,,,skipped_first_source_success,,,yes,duguji
1515,阳痿,duguji,no_definition,https://baike.duguji.cn/baike/w/%E9%98%B3%E7%97%BF,raw page parsed but no definition found,dayi,not_found,,no exact symptom result in search page,no,
1506,眼睑红烂,duguji,not_found,https://baike.duguji.cn/baike/w/%E7%9C%BC%E7%9D%91%E7%BA%A2%E7%83%82,HTTP 404: page does not exist,dayi,not_found,,no exact symptom result in search page,no,
1505,眼睑赤烂,duguji,not_found,https://baike.duguji.cn/baike/w/%E7%9C%BC%E7%9D%91%E8%B5%A4%E7%83%82,HTTP 404: page does not exist,dayi,not_found,,no exact symptom result in search page,no,
1519,痒,duguji,ok,https://baike.duguji.cn/baike/w/%E7%97%92,,,skipped_first_source_success,,,yes,duguji
1520,腰背痛,duguji,ok,https://baike.duguji.cn/baike/w/%E8%85%B0%E8%83%8C%E7%97%9B,,,skipped_first_source_success,,,yes,duguji
1510,眼目昏花,duguji,not_found,https://baike.duguji.cn/baike/w/%E7%9C%BC%E7%9B%AE%E6%98%8F%E8%8A%B1,HTTP 404: page does not exist,dayi,not_found,,no exact symptom result in search page,no,
1512,眼生翳膜,duguji,not_found,https://baike.duguji.cn/baike/w/%E7%9C%BC%E7%94%9F%E7%BF%B3%E8%86%9C,HTTP 404: page does not exist,dayi,not_found,,no exact symptom result in search page,no,
1508,眼睛痛痒,duguji,not_found,https://baike.duguji.cn/baike/w/%E7%9C%BC%E7%9D%9B%E7%97%9B%E7%97%92,HTTP 404: page does not exist,dayi,not_found,,no exact symptom result in search page,no,
1511,眼目昏涩,duguji,not_found,https://baike.duguji.cn/baike/w/%E7%9C%BC%E7%9B%AE%E6%98%8F%E6%B6%A9,HTTP 404: page does not exist,dayi,not_found,,no exact symptom result in search page,no,
1527,腰肌劳损,duguji,ok,https://baike.duguji.cn/baike/w/%E8%85%B0%E8%82%8C%E5%8A%B3%E6%8D%9F,,,skipped_first_source_success,,,yes,duguji
1509,眼睛肿痛,duguji,not_found,https://baike.duguji.cn/baike/w/%E7%9C%BC%E7%9D%9B%E8%82%BF%E7%97%9B,HTTP 404: page does not exist,dayi,ok,https://www.dayi.org.cn/symptom/1153233.html,,yes,dayi
1518,阳虚欲脱,duguji,not_found,https://baike.duguji.cn/baike/w/%E9%98%B3%E8%99%9A%E6%AC%B2%E8%84%B1,HTTP 404: page does not exist,dayi,not_found,,no exact symptom result in search page,no,
1521,腰部疼痛,duguji,not_found,https://baike.duguji.cn/baike/w/%E8%85%B0%E9%83%A8%E7%96%BC%E7%97%9B,HTTP 404: page does not exist,dayi,not_found,,no exact symptom result in search page,no,
1522,腰部痿软,duguji,not_found,https://baike.duguji.cn/baike/w/%E8%85%B0%E9%83%A8%E7%97%BF%E8%BD%AF,HTTP 404: page does not exist,dayi,not_found,,no exact symptom result in search page,no,
1523,腰骶酸痛,duguji,not_found,https://baike.duguji.cn/baike/w/%E8%85%B0%E9%AA%B6%E9%85%B8%E7%97%9B,HTTP 404: page does not exist,dayi,not_found,,no exact symptom result in search page,no,
1524,腰骶痛,duguji,not_found,https://baike.duguji.cn/baike/w/%E8%85%B0%E9%AA%B6%E7%97%9B,HTTP 404: page does not exist,dayi,not_found,,no exact symptom result in search page,no,
1525,腰骶胀痛,duguji,not_found,https://baike.duguji.cn/baike/w/%E8%85%B0%E9%AA%B6%E8%83%80%E7%97%9B,HTTP 404: page does not exist,dayi,not_found,,no exact symptom result in search page,no,
1528,腰脊冷痛,duguji,not_found,https://baike.duguji.cn/baike/w/%E8%85%B0%E8%84%8A%E5%86%B7%E7%97%9B,HTTP 404: page does not exist,dayi,not_found,,no exact symptom result in search page,no,
1526,腰腹疼痛,duguji,not_found,https://baike.duguji.cn/baike/w/%E8%85%B0%E8%85%B9%E7%96%BC%E7%97%9B,HTTP 404: page does not exist,dayi,not_found,,no exact symptom result in search page,no,
1530,腰脊疼痛,duguji,not_found,https://baike.duguji.cn/baike/w/%E8%85%B0%E8%84%8A%E7%96%BC%E7%97%9B,HTTP 404: page does not exist,dayi,not_found,,no exact symptom result in search page,no,
1529,腰脊酸痛,duguji,not_found,https://baike.duguji.cn/baike/w/%E8%85%B0%E8%84%8A%E9%85%B8%E7%97%9B,HTTP 404: page does not exist,dayi,not_found,,no exact symptom result in search page,no,
1534,腰腿酸痛,duguji,not_found,https://baike.duguji.cn/baike/w/%E8%85%B0%E8%85%BF%E9%85%B8%E7%97%9B,HTTP 404: page does not exist,dayi,ok,https://www.dayi.org.cn/symptom/1153387.html,,yes,dayi
1537,腰膝关节酸重,duguji,not_found,https://baike.duguji.cn/baike/w/%E8%85%B0%E8%86%9D%E5%85%B3%E8%8A%82%E9%85%B8%E9%87%8D,HTTP 404: page does not exist,dayi,not_found,,no exact symptom result in search page,no,
1535,腰腿疼痛重着,duguji,not_found,https://baike.duguji.cn/baike/w/%E8%85%B0%E8%85%BF%E7%96%BC%E7%97%9B%E9%87%8D%E7%9D%80,HTTP 404: page does not exist,dayi,not_found,,no exact symptom result in search page,no,
1533,腰腿酸软,duguji,not_found,https://baike.duguji.cn/baike/w/%E8%85%B0%E8%85%BF%E9%85%B8%E8%BD%AF,HTTP 404: page does not exist,dayi,not_found,,no exact symptom result in search page,no,
1538,腰膝关节疼痛,duguji,not_found,https://baike.duguji.cn/baike/w/%E8%85%B0%E8%86%9D%E5%85%B3%E8%8A%82%E7%96%BC%E7%97%9B,HTTP 404: page does not exist,dayi,not_found,,no exact symptom result in search page,no,
1539,腰膝冷痛,duguji,not_found,https://baike.duguji.cn/baike/w/%E8%85%B0%E8%86%9D%E5%86%B7%E7%97%9B,HTTP 404: page does not exist,dayi,not_found,,no exact symptom result in search page,no,
1540,腰膝痠软,duguji,not_found,https://baike.duguji.cn/baike/w/%E8%85%B0%E8%86%9D%E7%97%A0%E8%BD%AF,HTTP 404: page does not exist,dayi,not_found,,no exact symptom result in search page,no,
1544,腰膝酸重,duguji,not_found,https://baike.duguji.cn/baike/w/%E8%85%B0%E8%86%9D%E9%85%B8%E9%87%8D,HTTP 404: page does not exist,dayi,not_found,,no exact symptom result in search page,no,
1541,腰膝酸冷,duguji,not_found,https://baike.duguji.cn/baike/w/%E8%85%B0%E8%86%9D%E9%85%B8%E5%86%B7,HTTP 404: page does not exist,dayi,not_found,,no exact symptom result in search page,no,
1543,腰膝酸痛,duguji,not_found,https://baike.duguji.cn/baike/w/%E8%85%B0%E8%86%9D%E9%85%B8%E7%97%9B,HTTP 404: page does not exist,dayi,not_found,,no exact symptom result in search page,no,
1545,腰膝疼痛,duguji,not_found,https://baike.duguji.cn/baike/w/%E8%85%B0%E8%86%9D%E7%96%BC%E7%97%9B,HTTP 404: page does not exist,dayi,not_found,,no exact symptom result in search page,no,
1550,夜盲昏花,duguji,not_found,https://baike.duguji.cn/baike/w/%E5%A4%9C%E7%9B%B2%E6%98%8F%E8%8A%B1,HTTP 404: page does not exist,dayi,not_found,,no exact symptom result in search page,no,
1557,夜尿清长,duguji,ok,https://baike.duguji.cn/baike/w/%E5%A4%9C%E5%B0%BF%E6%B8%85%E9%95%BF,,,skipped_first_source_success,,,yes,duguji
1548,夜间遗尿,duguji,not_found,https://baike.duguji.cn/baike/w/%E5%A4%9C%E9%97%B4%E9%81%97%E5%B0%BF,HTTP 404: page does not exist,dayi,not_found,,no exact symptom result in search page,no,
1547,药食中毒,duguji,not_found,https://baike.duguji.cn/baike/w/%E8%8D%AF%E9%A3%9F%E4%B8%AD%E6%AF%92,HTTP 404: page does not exist,dayi,not_found,,no exact symptom result in search page,no,
1561,遗精,duguji,ok,https://baike.duguji.cn/baike/w/%E9%81%97%E7%B2%BE,,,skipped_first_source_success,,,yes,duguji
1564,易感,duguji,ok,https://baike.duguji.cn/baike/w/%E6%98%93%E6%84%9F,,,skipped_first_source_success,,,yes,duguji
1551,夜寐不安,duguji,not_found,https://baike.duguji.cn/baike/w/%E5%A4%9C%E5%AF%90%E4%B8%8D%E5%AE%89,HTTP 404: page does not exist,dayi,not_found,,no exact symptom result in search page,no,
1563,抑郁,duguji,no_definition,https://baike.duguji.cn/baike/w/%E6%8A%91%E9%83%81,raw page parsed but no definition found,dayi,not_found,,no exact symptom result in search page,no,
1552,夜梦,duguji,not_found,https://baike.duguji.cn/baike/w/%E5%A4%9C%E6%A2%A6,HTTP 404: page does not exist,dayi,not_found,,no exact symptom result in search page,no,
1570,阴道出血,duguji,ok,https://baike.duguji.cn/baike/w/%E9%98%B4%E9%81%93%E5%87%BA%E8%A1%80,,,skipped_first_source_success,,,yes,duguji
1555,夜尿频,duguji,not_found,https://baike.duguji.cn/baike/w/%E5%A4%9C%E5%B0%BF%E9%A2%91,HTTP 404: page does not exist,dayi,not_found,,no exact symptom result in search page,no,
1554,夜眠不宁,duguji,not_found,https://baike.duguji.cn/baike/w/%E5%A4%9C%E7%9C%A0%E4%B8%8D%E5%AE%81,HTTP 404: page does not exist,dayi,not_found,,no exact symptom result in search page,no,
1553,夜眠不安,duguji,not_found,https://baike.duguji.cn/baike/w/%E5%A4%9C%E7%9C%A0%E4%B8%8D%E5%AE%89,HTTP 404: page does not exist,dayi,not_found,,no exact symptom result in search page,no,
1556,夜尿频多,duguji,not_found,https://baike.duguji.cn/baike/w/%E5%A4%9C%E5%B0%BF%E9%A2%91%E5%A4%9A,HTTP 404: page does not exist,dayi,not_found,,no exact symptom result in search page,no,
1572,阴疽,duguji,ok,https://baike.duguji.cn/baike/w/%E9%98%B4%E7%96%BD,,,skipped_first_source_success,,,yes,duguji
1567,易惊,duguji,not_found,https://baike.duguji.cn/baike/w/%E6%98%93%E6%83%8A,HTTP 404: page does not exist,dayi,not_found,,no exact symptom result in search page,no,
1565,易感风邪,duguji,not_found,https://baike.duguji.cn/baike/w/%E6%98%93%E6%84%9F%E9%A3%8E%E9%82%AA,HTTP 404: page does not exist,dayi,not_found,,no exact symptom result in search page,no,
1569,翳膜遮睛,duguji,not_found,https://baike.duguji.cn/baike/w/%E7%BF%B3%E8%86%9C%E9%81%AE%E7%9D%9B,HTTP 404: page does not exist,dayi,not_found,,no exact symptom result in search page,no,
1568,易怒,duguji,not_found,https://baike.duguji.cn/baike/w/%E6%98%93%E6%80%92,HTTP 404: page does not exist,dayi,not_found,,no exact symptom result in search page,no,
1566,易饥,duguji,not_found,https://baike.duguji.cn/baike/w/%E6%98%93%E9%A5%A5,HTTP 404: page does not exist,dayi,not_found,,no exact symptom result in search page,no,
1586,隐痛,duguji,ok,https://baike.duguji.cn/baike/w/%E9%9A%90%E7%97%9B,,,skipped_first_source_success,,,yes,duguji
1571,阴道干燥,duguji,not_found,https://baike.duguji.cn/baike/w/%E9%98%B4%E9%81%93%E5%B9%B2%E7%87%A5,HTTP 404: page does not exist,dayi,not_found,,no exact symptom result in search page,no,
1588,迎风流泪,duguji,ok,https://baike.duguji.cn/baike/w/%E8%BF%8E%E9%A3%8E%E6%B5%81%E6%B3%AA,,,skipped_first_source_success,,,yes,duguji
1573,阴疽不敛,duguji,not_found,https://baike.duguji.cn/baike/w/%E9%98%B4%E7%96%BD%E4%B8%8D%E6%95%9B,HTTP 404: page does not exist,dayi,not_found,,no exact symptom result in search page,no,
1575,阴疽肿痛,duguji,not_found,https://baike.duguji.cn/baike/w/%E9%98%B4%E7%96%BD%E8%82%BF%E7%97%9B,HTTP 404: page does not exist,dayi,not_found,,no exact symptom result in search page,no,
1589,营养不良,duguji,ok,https://baike.duguji.cn/baike/w/%E8%90%A5%E5%85%BB%E4%B8%8D%E8%89%AF,,,skipped_first_source_success,,,yes,duguji
1576,阴囊湿痒,duguji,not_found,https://baike.duguji.cn/baike/w/%E9%98%B4%E5%9B%8A%E6%B9%BF%E7%97%92,HTTP 404: page does not exist,dayi,not_found,,no exact symptom result in search page,no,
1574,阴疽初起,duguji,not_found,https://baike.duguji.cn/baike/w/%E9%98%B4%E7%96%BD%E5%88%9D%E8%B5%B7,HTTP 404: page does not exist,dayi,not_found,,no exact symptom result in search page,no,
1580,饮酒过多,duguji,not_found,https://baike.duguji.cn/baike/w/%E9%A5%AE%E9%85%92%E8%BF%87%E5%A4%9A,HTTP 404: page does not exist,dayi,not_found,,no exact symptom result in search page,no,
1584,饮食少进,duguji,not_found,https://baike.duguji.cn/baike/w/%E9%A5%AE%E9%A3%9F%E5%B0%91%E8%BF%9B,HTTP 404: page does not exist,dayi,not_found,,no exact symptom result in search page,no,
1579,音哑,duguji,not_found,https://baike.duguji.cn/baike/w/%E9%9F%B3%E5%93%91,HTTP 404: page does not exist,dayi,not_found,,no exact symptom result in search page,no,
1581,饮食不化,duguji,not_found,https://baike.duguji.cn/baike/w/%E9%A5%AE%E9%A3%9F%E4%B8%8D%E5%8C%96,HTTP 404: page does not exist,dayi,not_found,,no exact symptom result in search page,no,
1587,阴部肿块,duguji,not_found,https://baike.duguji.cn/baike/w/%E9%98%B4%E9%83%A8%E8%82%BF%E5%9D%97,HTTP 404: page does not exist,dayi,not_found,,no exact symptom result in search page,no,
1595,痈疽疔毒,duguji,not_found,https://baike.duguji.cn/baike/w/%E7%97%88%E7%96%BD%E7%96%94%E6%AF%92,HTTP 404: page does not exist,dayi,not_found,,no exact symptom result in search page,no,
1591,癭瘤初起,duguji,not_found,https://baike.duguji.cn/baike/w/%E7%99%AD%E7%98%A4%E5%88%9D%E8%B5%B7,HTTP 404: page does not exist,dayi,not_found,,no exact symptom result in search page,no,
1596,痈疽难溃,duguji,not_found,https://baike.duguji.cn/baike/w/%E7%97%88%E7%96%BD%E9%9A%BE%E6%BA%83,HTTP 404: page does not exist,dayi,not_found,,no exact symptom result in search page,no,
1594,痈疽不溃,duguji,not_found,https://baike.duguji.cn/baike/w/%E7%97%88%E7%96%BD%E4%B8%8D%E6%BA%83,HTTP 404: page does not exist,dayi,not_found,,no exact symptom result in search page,no,
1590,嬴瘦,duguji,not_found,https://baike.duguji.cn/baike/w/%E5%AC%B4%E7%98%A6,HTTP 404: page does not exist,dayi,not_found,,no exact symptom result in search page,no,
1597,痈疽肿毒,duguji,not_found,https://baike.duguji.cn/baike/w/%E7%97%88%E7%96%BD%E8%82%BF%E6%AF%92,HTTP 404: page does not exist,dayi,not_found,,no exact symptom result in search page,no,
1601,痈肿溃烂,duguji,not_found,https://baike.duguji.cn/baike/w/%E7%97%88%E8%82%BF%E6%BA%83%E7%83%82,HTTP 404: page does not exist,dayi,not_found,,no exact symptom result in search page,no,
1598,痈疽肿痛,duguji,not_found,https://baike.duguji.cn/baike/w/%E7%97%88%E7%96%BD%E8%82%BF%E7%97%9B,HTTP 404: page does not exist,dayi,not_found,,no exact symptom result in search page,no,
1600,痈肿疮疡,duguji,not_found,https://baike.duguji.cn/baike/w/%E7%97%88%E8%82%BF%E7%96%AE%E7%96%A1,HTTP 404: page does not exist,dayi,not_found,,no exact symptom result in search page,no,
1602,涌吐痰涎,duguji,not_found,https://baike.duguji.cn/baike/w/%E6%B6%8C%E5%90%90%E7%97%B0%E6%B6%8E,HTTP 404: page does not exist,dayi,not_found,,no exact symptom result in search page,no,
1605,右上腹隐隐作痛,duguji,not_found,https://baike.duguji.cn/baike/w/%E5%8F%B3%E4%B8%8A%E8%85%B9%E9%9A%90%E9%9A%90%E4%BD%9C%E7%97%9B,HTTP 404: page does not exist,dayi,not_found,,no exact symptom result in search page,no,
1604,有血块,duguji,not_found,https://baike.duguji.cn/baike/w/%E6%9C%89%E8%A1%80%E5%9D%97,HTTP 404: page does not exist,dayi,not_found,,no exact symptom result in search page,no,
1609,瘀血肿胀,duguji,not_found,https://baike.duguji.cn/baike/w/%E7%98%80%E8%A1%80%E8%82%BF%E8%83%80,HTTP 404: page does not exist,dayi,not_found,,no exact symptom result in search page,no,
1608,瘀血不尽,duguji,not_found,https://baike.duguji.cn/baike/w/%E7%98%80%E8%A1%80%E4%B8%8D%E5%B0%BD,HTTP 404: page does not exist,dayi,not_found,,no exact symptom result in search page,no,
1619,月经量多,duguji,ok,https://baike.duguji.cn/baike/w/%E6%9C%88%E7%BB%8F%E9%87%8F%E5%A4%9A,,,skipped_first_source_success,,,yes,duguji
1606,右胁胀满,duguji,not_found,https://baike.duguji.cn/baike/w/%E5%8F%B3%E8%83%81%E8%83%80%E6%BB%A1,HTTP 404: page does not exist,dayi,not_found,,no exact symptom result in search page,no,
1624,晕车,duguji,ok,https://baike.duguji.cn/baike/w/%E6%99%95%E8%BD%A6,,,skipped_first_source_success,,,yes,duguji
1625,晕船,duguji,no_definition,https://baike.duguji.cn/baike/w/%E6%99%95%E8%88%B9,raw page parsed but no definition found,dayi,not_found,,no exact symptom result in search page,no,
1626,晕眩,duguji,no_definition,https://baike.duguji.cn/baike/w/%E6%99%95%E7%9C%A9,raw page parsed but no definition found,dayi,not_found,,no exact symptom result in search page,no,
1611,瘀阻经闭,duguji,not_found,https://baike.duguji.cn/baike/w/%E7%98%80%E9%98%BB%E7%BB%8F%E9%97%AD,HTTP 404: page does not exist,dayi,not_found,,no exact symptom result in search page,no,
1612,鱼蟹中毒,duguji,not_found,https://baike.duguji.cn/baike/w/%E9%B1%BC%E8%9F%B9%E4%B8%AD%E6%AF%92,HTTP 404: page does not exist,dayi,not_found,,no exact symptom result in search page,no,
1613,语言不利,duguji,not_found,https://baike.duguji.cn/baike/w/%E8%AF%AD%E8%A8%80%E4%B8%8D%E5%88%A9,HTTP 404: page does not exist,dayi,not_found,,no exact symptom result in search page,no,
1631,早泄,duguji,ok,https://baike.duguji.cn/baike/w/%E6%97%A9%E6%B3%84,,,skipped_first_source_success,,,yes,duguji
1635,燥热,duguji,ok,https://baike.duguji.cn/baike/w/%E7%87%A5%E7%83%AD,,,skipped_first_source_success,,,yes,duguji
1615,郁闷心烦,duguji,not_found,https://baike.duguji.cn/baike/w/%E9%83%81%E9%97%B7%E5%BF%83%E7%83%A6,HTTP 404: page does not exist,dayi,not_found,,no exact symptom result in search page,no,
1641,胀满,duguji,ok,https://baike.duguji.cn/baike/w/%E8%83%80%E6%BB%A1,,,skipped_first_source_success,,,yes,duguji
1618,月经后错,duguji,not_found,https://baike.duguji.cn/baike/w/%E6%9C%88%E7%BB%8F%E5%90%8E%E9%94%99,HTTP 404: page does not exist,dayi,not_found,,no exact symptom result in search page,no,
1620,月经量多，味臭,duguji,not_found,https://baike.duguji.cn/baike/w/%E6%9C%88%E7%BB%8F%E9%87%8F%E5%A4%9A%EF%BC%8C%E5%91%B3%E8%87%AD,HTTP 404: page does not exist,dayi,not_found,,no exact symptom result in search page,no,
1623,月经先后不定期,duguji,not_found,https://baike.duguji.cn/baike/w/%E6%9C%88%E7%BB%8F%E5%85%88%E5%90%8E%E4%B8%8D%E5%AE%9A%E6%9C%9F,HTTP 404: page does not exist,dayi,not_found,,no exact symptom result in search page,no,
1646,癥瘕,duguji,ok,https://baike.duguji.cn/baike/w/%E7%99%A5%E7%98%95,,,skipped_first_source_success,,,yes,duguji
1627,运动劳损,duguji,not_found,https://baike.duguji.cn/baike/w/%E8%BF%90%E5%8A%A8%E5%8A%B3%E6%8D%9F,HTTP 404: page does not exist,dayi,not_found,,no exact symptom result in search page,no,
1629,脏血,duguji,not_found,https://baike.duguji.cn/baike/w/%E8%84%8F%E8%A1%80,HTTP 404: page does not exist,dayi,not_found,,no exact symptom result in search page,no,
1628,脏器下垂,duguji,not_found,https://baike.duguji.cn/baike/w/%E8%84%8F%E5%99%A8%E4%B8%8B%E5%9E%82,HTTP 404: page does not exist,dayi,not_found,,no exact symptom result in search page,no,
1634,燥渴,duguji,not_found,https://baike.duguji.cn/baike/w/%E7%87%A5%E6%B8%B4,HTTP 404: page does not exist,dayi,not_found,,no exact symptom result in search page,no,
1633,燥咳少痰,duguji,not_found,https://baike.duguji.cn/baike/w/%E7%87%A5%E5%92%B3%E5%B0%91%E7%97%B0,HTTP 404: page does not exist,dayi,not_found,,no exact symptom result in search page,no,
1639,谵狂,duguji,not_found,https://baike.duguji.cn/baike/w/%E8%B0%B5%E7%8B%82,HTTP 404: page does not exist,dayi,not_found,,no exact symptom result in search page,no,
1645,癥积,duguji,not_found,https://baike.duguji.cn/baike/w/%E7%99%A5%E7%A7%AF,HTTP 404: page does not exist,dayi,not_found,,no exact symptom result in search page,no,
1643,真元不足,duguji,not_found,https://baike.duguji.cn/baike/w/%E7%9C%9F%E5%85%83%E4%B8%8D%E8%B6%B3,HTTP 404: page does not exist,dayi,not_found,,no exact symptom result in search page,no,
1648,癥瘕痞块,duguji,not_found,https://baike.duguji.cn/baike/w/%E7%99%A5%E7%98%95%E7%97%9E%E5%9D%97,HTTP 404: page does not exist,dayi,not_found,,no exact symptom result in search page,no,
1649,癥块,duguji,not_found,https://baike.duguji.cn/baike/w/%E7%99%A5%E5%9D%97,HTTP 404: page does not exist,dayi,not_found,,no exact symptom result in search page,no,
1647,癥瘕腹痛,duguji,not_found,https://baike.duguji.cn/baike/w/%E7%99%A5%E7%98%95%E8%85%B9%E7%97%9B,HTTP 404: page does not exist,dayi,not_found,,no exact symptom result in search page,no,
1651,支气管扩张出血,duguji,not_found,https://baike.duguji.cn/baike/w/%E6%94%AF%E6%B0%94%E7%AE%A1%E6%89%A9%E5%BC%A0%E5%87%BA%E8%A1%80,HTTP 404: page does not exist,dayi,not_found,,no exact symptom result in search page,no,
1652,肢浮肿,duguji,not_found,https://baike.duguji.cn/baike/w/%E8%82%A2%E6%B5%AE%E8%82%BF,HTTP 404: page does not exist,dayi,not_found,,no exact symptom result in search page,no,
1653,肢节疼痛,duguji,not_found,https://baike.duguji.cn/baike/w/%E8%82%A2%E8%8A%82%E7%96%BC%E7%97%9B,HTTP 404: page does not exist,dayi,not_found,,no exact symptom result in search page,no,
1655,肢冷,duguji,not_found,https://baike.duguji.cn/baike/w/%E8%82%A2%E5%86%B7,HTTP 404: page does not exist,dayi,not_found,,no exact symptom result in search page,no,
1654,肢倦乏力,duguji,not_found,https://baike.duguji.cn/baike/w/%E8%82%A2%E5%80%A6%E4%B9%8F%E5%8A%9B,HTTP 404: page does not exist,dayi,not_found,,no exact symptom result in search page,no,
1657,肢酸,duguji,not_found,https://baike.duguji.cn/baike/w/%E8%82%A2%E9%85%B8,HTTP 404: page does not exist,dayi,not_found,,no exact symptom result in search page,no,
1656,肢麻,duguji,not_found,https://baike.duguji.cn/baike/w/%E8%82%A2%E9%BA%BB,HTTP 404: page does not exist,dayi,not_found,,no exact symptom result in search page,no,
1667,肢体困重,duguji,no_definition,https://baike.duguji.cn/baike/w/%E8%82%A2%E4%BD%93%E5%9B%B0%E9%87%8D,raw page parsed but no definition found,dayi,not_found,,no exact symptom result in search page,no,
1660,肢体沉重,duguji,not_found,https://baike.duguji.cn/baike/w/%E8%82%A2%E4%BD%93%E6%B2%89%E9%87%8D,HTTP 404: page does not exist,dayi,not_found,,no exact symptom result in search page,no,
1658,肢体不利,duguji,not_found,https://baike.duguji.cn/baike/w/%E8%82%A2%E4%BD%93%E4%B8%8D%E5%88%A9,HTTP 404: page does not exist,dayi,not_found,,no exact symptom result in search page,no,
1659,肢体不用,duguji,not_found,https://baike.duguji.cn/baike/w/%E8%82%A2%E4%BD%93%E4%B8%8D%E7%94%A8,HTTP 404: page does not exist,dayi,not_found,,no exact symptom result in search page,no,
1662,肢体浮肿,duguji,not_found,https://baike.duguji.cn/baike/w/%E8%82%A2%E4%BD%93%E6%B5%AE%E8%82%BF,HTTP 404: page does not exist,dayi,not_found,,no exact symptom result in search page,no,
1673,肢体疼痛,duguji,ok,https://baike.duguji.cn/baike/w/%E8%82%A2%E4%BD%93%E7%96%BC%E7%97%9B,,,skipped_first_source_success,,,yes,duguji
1661,肢体乏力,duguji,not_found,https://baike.duguji.cn/baike/w/%E8%82%A2%E4%BD%93%E4%B9%8F%E5%8A%9B,HTTP 404: page does not exist,dayi,not_found,,no exact symptom result in search page,no,
1675,脂溢性脱发,duguji,ok,https://baike.duguji.cn/baike/w/%E8%84%82%E6%BA%A2%E6%80%A7%E8%84%B1%E5%8F%91,,,skipped_first_source_success,,,yes,duguji
1663,肢体关节疼痛,duguji,not_found,https://baike.duguji.cn/baike/w/%E8%82%A2%E4%BD%93%E5%85%B3%E8%8A%82%E7%96%BC%E7%97%9B,HTTP 404: page does not exist,dayi,not_found,,no exact symptom result in search page,no,
1665,肢体肌肉萎缩,duguji,not_found,https://baike.duguji.cn/baike/w/%E8%82%A2%E4%BD%93%E8%82%8C%E8%82%89%E8%90%8E%E7%BC%A9,HTTP 404: page does not exist,dayi,not_found,,no exact symptom result in search page,no,
1664,肢体活动受限,duguji,not_found,https://baike.duguji.cn/baike/w/%E8%82%A2%E4%BD%93%E6%B4%BB%E5%8A%A8%E5%8F%97%E9%99%90,HTTP 404: page does not exist,dayi,not_found,,no exact symptom result in search page,no,
1666,肢体拘挛,duguji,not_found,https://baike.duguji.cn/baike/w/%E8%82%A2%E4%BD%93%E6%8B%98%E6%8C%9B,HTTP 404: page does not exist,dayi,not_found,,no exact symptom result in search page,no,
1668,肢体剌痛,duguji,not_found,https://baike.duguji.cn/baike/w/%E8%82%A2%E4%BD%93%E5%89%8C%E7%97%9B,HTTP 404: page does not exist,dayi,not_found,,no exact symptom result in search page,no,
1670,肢体麻木拘挛,duguji,not_found,https://baike.duguji.cn/baike/w/%E8%82%A2%E4%BD%93%E9%BA%BB%E6%9C%A8%E6%8B%98%E6%8C%9B,HTTP 404: page does not exist,dayi,not_found,,no exact symptom result in search page,no,
1671,肢体酸痛,duguji,not_found,https://baike.duguji.cn/baike/w/%E8%82%A2%E4%BD%93%E9%85%B8%E7%97%9B,HTTP 404: page does not exist,dayi,not_found,,no exact symptom result in search page,no,
1672,肢体酸重,duguji,not_found,https://baike.duguji.cn/baike/w/%E8%82%A2%E4%BD%93%E9%85%B8%E9%87%8D,HTTP 404: page does not exist,dayi,not_found,,no exact symptom result in search page,no,
1674,肢体胸痛,duguji,not_found,https://baike.duguji.cn/baike/w/%E8%82%A2%E4%BD%93%E8%83%B8%E7%97%9B,HTTP 404: page does not exist,dayi,not_found,,no exact symptom result in search page,no,
1676,痔疮出血,duguji,not_found,https://baike.duguji.cn/baike/w/%E7%97%94%E7%96%AE%E5%87%BA%E8%A1%80,HTTP 404: page does not exist,dayi,ok,https://www.dayi.org.cn/symptom/1153634.html,,yes,dayi
1692,周身不适,duguji,ok,https://baike.duguji.cn/baike/w/%E5%91%A8%E8%BA%AB%E4%B8%8D%E9%80%82,,,skipped_first_source_success,,,yes,duguji
1678,痔疮肿,duguji,not_found,https://baike.duguji.cn/baike/w/%E7%97%94%E7%96%AE%E8%82%BF,HTTP 404: page does not exist,dayi,not_found,,no exact symptom result in search page,no,
1677,痔疮痛,duguji,not_found,https://baike.duguji.cn/baike/w/%E7%97%94%E7%96%AE%E7%97%9B,HTTP 404: page does not exist,dayi,ok,https://www.dayi.org.cn/symptom/1153223.html,,yes,dayi
1679,痔疮肿痛,duguji,not_found,https://baike.duguji.cn/baike/w/%E7%97%94%E7%96%AE%E8%82%BF%E7%97%9B,HTTP 404: page does not exist,dayi,ok,https://www.dayi.org.cn/symptom/1153678.html,,yes,dayi
1680,痔血,duguji,not_found,https://baike.duguji.cn/baike/w/%E7%97%94%E8%A1%80,HTTP 404: page does not exist,dayi,not_found,,no exact symptom result in search page,no,
1697,灼热,duguji,ok,https://baike.duguji.cn/baike/w/%E7%81%BC%E7%83%AD,,,skipped_first_source_success,,,yes,duguji
1702,子宫出血,duguji,ok,https://baike.duguji.cn/baike/w/%E5%AD%90%E5%AE%AB%E5%87%BA%E8%A1%80,,,skipped_first_source_success,,,yes,duguji
1686,肿毒,duguji,not_found,https://baike.duguji.cn/baike/w/%E8%82%BF%E6%AF%92,HTTP 404: page does not exist,dayi,not_found,,no exact symptom result in search page,no,
1681,痔肿,duguji,not_found,https://baike.duguji.cn/baike/w/%E7%97%94%E8%82%BF,HTTP 404: page does not exist,dayi,not_found,,no exact symptom result in search page,no,
1689,肿硬作痛,duguji,not_found,https://baike.duguji.cn/baike/w/%E8%82%BF%E7%A1%AC%E4%BD%9C%E7%97%9B,HTTP 404: page does not exist,dayi,not_found,,no exact symptom result in search page,no,
1688,肿痛羞明,duguji,not_found,https://baike.duguji.cn/baike/w/%E8%82%BF%E7%97%9B%E7%BE%9E%E6%98%8E,HTTP 404: page does not exist,dayi,not_found,,no exact symptom result in search page,no,
1691,肿胀麻木,duguji,not_found,https://baike.duguji.cn/baike/w/%E8%82%BF%E8%83%80%E9%BA%BB%E6%9C%A8,HTTP 404: page does not exist,dayi,not_found,,no exact symptom result in search page,no,
1693,周身乏力,duguji,not_found,https://baike.duguji.cn/baike/w/%E5%91%A8%E8%BA%AB%E4%B9%8F%E5%8A%9B,HTTP 404: page does not exist,dayi,not_found,,no exact symptom result in search page,no,
1694,转筋挛急,duguji,not_found,https://baike.duguji.cn/baike/w/%E8%BD%AC%E7%AD%8B%E6%8C%9B%E6%80%A5,HTTP 404: page does not exist,dayi,not_found,,no exact symptom result in search page,no,
1695,转筋挛痛,duguji,not_found,https://baike.duguji.cn/baike/w/%E8%BD%AC%E7%AD%8B%E6%8C%9B%E7%97%9B,HTTP 404: page does not exist,dayi,not_found,,no exact symptom result in search page,no,
1700,浊涕臭气,duguji,not_found,https://baike.duguji.cn/baike/w/%E6%B5%8A%E6%B6%95%E8%87%AD%E6%B0%94,HTTP 404: page does not exist,dayi,not_found,,no exact symptom result in search page,no,
1708,足抽搐,duguji,not_found,https://baike.duguji.cn/baike/w/%E8%B6%B3%E6%8A%BD%E6%90%90,HTTP 404: page does not exist,dayi,not_found,,no exact symptom result in search page,no,
1705,子痫抽搐,duguji,not_found,https://baike.duguji.cn/baike/w/%E5%AD%90%E7%97%AB%E6%8A%BD%E6%90%90,HTTP 404: page does not exist,dayi,not_found,,no exact symptom result in search page,no,
1703,子宫功能性出血,duguji,not_found,https://baike.duguji.cn/baike/w/%E5%AD%90%E5%AE%AB%E5%8A%9F%E8%83%BD%E6%80%A7%E5%87%BA%E8%A1%80,HTTP 404: page does not exist,dayi,not_found,,no exact symptom result in search page,no,
1709,足跟疼痛,duguji,not_found,https://baike.duguji.cn/baike/w/%E8%B6%B3%E8%B7%9F%E7%96%BC%E7%97%9B,HTTP 404: page does not exist,dayi,not_found,,no exact symptom result in search page,no,
1718,下疳,duguji,ok,https://baike.duguji.cn/baike/w/%E4%B8%8B%E7%96%B3,,,skipped_first_source_success,,,yes,duguji
1710,足胫红肿热痛,duguji,not_found,https://baike.duguji.cn/baike/w/%E8%B6%B3%E8%83%AB%E7%BA%A2%E8%82%BF%E7%83%AD%E7%97%9B,HTTP 404: page does not exist,dayi,not_found,,no exact symptom result in search page,no,
1711,足拘挛,duguji,not_found,https://baike.duguji.cn/baike/w/%E8%B6%B3%E6%8B%98%E6%8C%9B,HTTP 404: page does not exist,dayi,not_found,,no exact symptom result in search page,no,
1719,下痢,duguji,ok,https://baike.duguji.cn/baike/w/%E4%B8%8B%E7%97%A2,,,skipped_first_source_success,,,yes,duguji
1712,足冷,duguji,not_found,https://baike.duguji.cn/baike/w/%E8%B6%B3%E5%86%B7,HTTP 404: page does not exist,dayi,not_found,,no exact symptom result in search page,no,
1714,足痿筋挛,duguji,not_found,https://baike.duguji.cn/baike/w/%E8%B6%B3%E7%97%BF%E7%AD%8B%E6%8C%9B,HTTP 404: page does not exist,dayi,not_found,,no exact symptom result in search page,no,
1713,足麻木,duguji,not_found,https://baike.duguji.cn/baike/w/%E8%B6%B3%E9%BA%BB%E6%9C%A8,HTTP 404: page does not exist,dayi,not_found,,no exact symptom result in search page,no,
1717,足肿胀,duguji,not_found,https://baike.duguji.cn/baike/w/%E8%B6%B3%E8%82%BF%E8%83%80,HTTP 404: page does not exist,dayi,not_found,,no exact symptom result in search page,no,
1715,足膝红肿,duguji,not_found,https://baike.duguji.cn/baike/w/%E8%B6%B3%E8%86%9D%E7%BA%A2%E8%82%BF,HTTP 404: page does not exist,dayi,not_found,,no exact symptom result in search page,no,
1716,足膝红肿热痛,duguji,not_found,https://baike.duguji.cn/baike/w/%E8%B6%B3%E8%86%9D%E7%BA%A2%E8%82%BF%E7%83%AD%E7%97%9B,HTTP 404: page does not exist,dayi,not_found,,no exact symptom result in search page,no,
1724,丝虫病,duguji,ok,https://baike.duguji.cn/baike/w/%E4%B8%9D%E8%99%AB%E7%97%85,,,skipped_first_source_success,,,yes,duguji
1720,不得平卧,duguji,not_found,https://baike.duguji.cn/baike/w/%E4%B8%8D%E5%BE%97%E5%B9%B3%E5%8D%A7,HTTP 404: page does not exist,dayi,not_found,,no exact symptom result in search page,no,
1723,不饥食少,duguji,not_found,https://baike.duguji.cn/baike/w/%E4%B8%8D%E9%A5%A5%E9%A3%9F%E5%B0%91,HTTP 404: page does not exist,dayi,not_found,,no exact symptom result in search page,no,
1721,不眠,duguji,not_found,https://baike.duguji.cn/baike/w/%E4%B8%8D%E7%9C%A0,HTTP 404: page does not exist,dayi,not_found,,no exact symptom result in search page,no,
1722,不语,duguji,not_found,https://baike.duguji.cn/baike/w/%E4%B8%8D%E8%AF%AD,HTTP 404: page does not exist,dayi,not_found,,no exact symptom result in search page,no,
1731,久疟,duguji,ok,https://baike.duguji.cn/baike/w/%E4%B9%85%E7%96%9F,,,skipped_first_source_success,,,yes,duguji
1735,乳腺炎,duguji,ok,https://baike.duguji.cn/baike/w/%E4%B9%B3%E8%85%BA%E7%82%8E,,,skipped_first_source_success,,,yes,duguji
1734,乳糜尿,duguji,ok,https://baike.duguji.cn/baike/w/%E4%B9%B3%E7%B3%9C%E5%B0%BF,,,skipped_first_source_success,,,yes,duguji
1725,中恶昏迷,duguji,not_found,https://baike.duguji.cn/baike/w/%E4%B8%AD%E6%81%B6%E6%98%8F%E8%BF%B7,HTTP 404: page does not exist,dayi,not_found,,no exact symptom result in search page,no,
1727,中风痰迷,duguji,not_found,https://baike.duguji.cn/baike/w/%E4%B8%AD%E9%A3%8E%E7%97%B0%E8%BF%B7,HTTP 404: page does not exist,dayi,not_found,,no exact symptom result in search page,no,
1728,久不收口,duguji,not_found,https://baike.duguji.cn/baike/w/%E4%B9%85%E4%B8%8D%E6%94%B6%E5%8F%A3,HTTP 404: page does not exist,dayi,not_found,,no exact symptom result in search page,no,
1729,久咳胸痛,duguji,not_found,https://baike.duguji.cn/baike/w/%E4%B9%85%E5%92%B3%E8%83%B8%E7%97%9B,HTTP 404: page does not exist,dayi,not_found,,no exact symptom result in search page,no,
1740,二便不通,duguji,ok,https://baike.duguji.cn/baike/w/%E4%BA%8C%E4%BE%BF%E4%B8%8D%E9%80%9A,,,skipped_first_source_success,,,yes,duguji
1726,中暑发痧,duguji,not_found,https://baike.duguji.cn/baike/w/%E4%B8%AD%E6%9A%91%E5%8F%91%E7%97%A7,HTTP 404: page does not exist,dayi,not_found,,no exact symptom result in search page,no,
1730,久溃不敛,duguji,not_found,https://baike.duguji.cn/baike/w/%E4%B9%85%E6%BA%83%E4%B8%8D%E6%95%9B,HTTP 404: page does not exist,dayi,not_found,,no exact symptom result in search page,no,
1733,乳痈肿痛,duguji,not_found,https://baike.duguji.cn/baike/w/%E4%B9%B3%E7%97%88%E8%82%BF%E7%97%9B,HTTP 404: page does not exist,dayi,not_found,,no exact symptom result in search page,no,
1732,乳房结块,duguji,not_found,https://baike.duguji.cn/baike/w/%E4%B9%B3%E6%88%BF%E7%BB%93%E5%9D%97,HTTP 404: page does not exist,dayi,not_found,,no exact symptom result in search page,no,
1739,二便不利,duguji,not_found,https://baike.duguji.cn/baike/w/%E4%BA%8C%E4%BE%BF%E4%B8%8D%E5%88%A9,HTTP 404: page does not exist,dayi,not_found,,no exact symptom result in search page,no,
1738,乳闭,duguji,not_found,https://baike.duguji.cn/baike/w/%E4%B9%B3%E9%97%AD,HTTP 404: page does not exist,dayi,not_found,,no exact symptom result in search page,no,
1745,产后淤阻,duguji,not_found,https://baike.duguji.cn/baike/w/%E4%BA%A7%E5%90%8E%E6%B7%A4%E9%98%BB,HTTP 404: page does not exist,dayi,not_found,,no exact symptom result in search page,no,
1741,亦气疼痛,duguji,not_found,https://baike.duguji.cn/baike/w/%E4%BA%A6%E6%B0%94%E7%96%BC%E7%97%9B,HTTP 404: page does not exist,dayi,not_found,,no exact symptom result in search page,no,
1746,产后瘀滞,duguji,not_found,https://baike.duguji.cn/baike/w/%E4%BA%A7%E5%90%8E%E7%98%80%E6%BB%9E,HTTP 404: page does not exist,dayi,not_found,,no exact symptom result in search page,no,
1754,伤酒,duguji,ok,https://baike.duguji.cn/baike/w/%E4%BC%A4%E9%85%92,,,skipped_first_source_success,,,yes,duguji
1743,产后手足浮肿,duguji,not_found,https://baike.duguji.cn/baike/w/%E4%BA%A7%E5%90%8E%E6%89%8B%E8%B6%B3%E6%B5%AE%E8%82%BF,HTTP 404: page does not exist,dayi,not_found,,no exact symptom result in search page,no,
1748,产后瘀血,duguji,not_found,https://baike.duguji.cn/baike/w/%E4%BA%A7%E5%90%8E%E7%98%80%E8%A1%80,HTTP 404: page does not exist,dayi,not_found,,no exact symptom result in search page,no,
1756,伤酒吐血,duguji,ok,https://baike.duguji.cn/baike/w/%E4%BC%A4%E9%85%92%E5%90%90%E8%A1%80,,,skipped_first_source_success,,,yes,duguji
1747,产后瘀滞腹痛,duguji,not_found,https://baike.duguji.cn/baike/w/%E4%BA%A7%E5%90%8E%E7%98%80%E6%BB%9E%E8%85%B9%E7%97%9B,HTTP 404: page does not exist,dayi,not_found,,no exact symptom result in search page,no,
1757,伤食,duguji,ok,https://baike.duguji.cn/baike/w/%E4%BC%A4%E9%A3%9F,,,skipped_first_source_success,,,yes,duguji
1759,体倦乏力,duguji,no_definition,https://baike.duguji.cn/baike/w/%E4%BD%93%E5%80%A6%E4%B9%8F%E5%8A%9B,raw page parsed but no definition found,dayi,not_found,,no exact symptom result in search page,no,
1760,体虱,duguji,ok,https://baike.duguji.cn/baike/w/%E4%BD%93%E8%99%B1,,,skipped_first_source_success,,,yes,duguji
1763,偏正头痛,duguji,no_definition,https://baike.duguji.cn/baike/w/%E5%81%8F%E6%AD%A3%E5%A4%B4%E7%97%9B,raw page parsed but no definition found,dayi,not_found,,no exact symptom result in search page,no,
1750,产后瘀阻,duguji,not_found,https://baike.duguji.cn/baike/w/%E4%BA%A7%E5%90%8E%E7%98%80%E9%98%BB,HTTP 404: page does not exist,dayi,not_found,,no exact symptom result in search page,no,
1749,产后瘀血腹痛,duguji,not_found,https://baike.duguji.cn/baike/w/%E4%BA%A7%E5%90%8E%E7%98%80%E8%A1%80%E8%85%B9%E7%97%9B,HTTP 404: page does not exist,dayi,not_found,,no exact symptom result in search page,no,
1751,产后瘀阻腹痛,duguji,not_found,https://baike.duguji.cn/baike/w/%E4%BA%A7%E5%90%8E%E7%98%80%E9%98%BB%E8%85%B9%E7%97%9B,HTTP 404: page does not exist,dayi,not_found,,no exact symptom result in search page,no,
1767,关节肿胀,duguji,ok,https://baike.duguji.cn/baike/w/%E5%85%B3%E8%8A%82%E8%82%BF%E8%83%80,,,skipped_first_source_success,,,yes,duguji
1753,产后血虚发热,duguji,not_found,https://baike.duguji.cn/baike/w/%E4%BA%A7%E5%90%8E%E8%A1%80%E8%99%9A%E5%8F%91%E7%83%AD,HTTP 404: page does not exist,dayi,not_found,,no exact symptom result in search page,no,
1755,伤酒口渴,duguji,not_found,https://baike.duguji.cn/baike/w/%E4%BC%A4%E9%85%92%E5%8F%A3%E6%B8%B4,HTTP 404: page does not exist,dayi,not_found,,no exact symptom result in search page,no,
1770,冻疮,duguji,ok,https://baike.duguji.cn/baike/w/%E5%86%BB%E7%96%AE,,,skipped_first_source_success,,,yes,duguji
1758,伤食腹痛腹泻,duguji,not_found,https://baike.duguji.cn/baike/w/%E4%BC%A4%E9%A3%9F%E8%85%B9%E7%97%9B%E8%85%B9%E6%B3%BB,HTTP 404: page does not exist,dayi,not_found,,no exact symptom result in search page,no,
1772,创伤,duguji,ok,https://baike.duguji.cn/baike/w/%E5%88%9B%E4%BC%A4,,,skipped_first_source_success,,,yes,duguji
1762,便塘,duguji,not_found,https://baike.duguji.cn/baike/w/%E4%BE%BF%E5%A1%98,HTTP 404: page does not exist,dayi,not_found,,no exact symptom result in search page,no,
1761,作喘,duguji,not_found,https://baike.duguji.cn/baike/w/%E4%BD%9C%E5%96%98,HTTP 404: page does not exist,dayi,not_found,,no exact symptom result in search page,no,
1774,劳热,duguji,ok,https://baike.duguji.cn/baike/w/%E5%8A%B3%E7%83%AD,,,skipped_first_source_success,,,yes,duguji
1764,健忘多梦,duguji,not_found,https://baike.duguji.cn/baike/w/%E5%81%A5%E5%BF%98%E5%A4%9A%E6%A2%A6,HTTP 404: page does not exist,dayi,not_found,,no exact symptom result in search page,no,
1765,关窍不通,duguji,not_found,https://baike.duguji.cn/baike/w/%E5%85%B3%E7%AA%8D%E4%B8%8D%E9%80%9A,HTTP 404: page does not exist,dayi,not_found,,no exact symptom result in search page,no,
1779,发背,duguji,ok,https://baike.duguji.cn/baike/w/%E5%8F%91%E8%83%8C,,,skipped_first_source_success,,,yes,duguji
1777,原发性血小板减少性紫癜,duguji,ok,https://baike.duguji.cn/baike/w/%E5%8E%9F%E5%8F%91%E6%80%A7%E8%A1%80%E5%B0%8F%E6%9D%BF%E5%87%8F%E5%B0%91%E6%80%A7%E7%B4%AB%E7%99%9C,,,skipped_first_source_success,,,yes,duguji
1766,关节痿软,duguji,not_found,https://baike.duguji.cn/baike/w/%E5%85%B3%E8%8A%82%E7%97%BF%E8%BD%AF,HTTP 404: page does not exist,dayi,not_found,,no exact symptom result in search page,no,
1769,内伤出血,duguji,not_found,https://baike.duguji.cn/baike/w/%E5%86%85%E4%BC%A4%E5%87%BA%E8%A1%80,HTTP 404: page does not exist,dayi,not_found,,no exact symptom result in search page,no,
1768,关节酸,duguji,not_found,https://baike.duguji.cn/baike/w/%E5%85%B3%E8%8A%82%E9%85%B8,HTTP 404: page does not exist,dayi,not_found,,no exact symptom result in search page,no,
1771,冻疮.,duguji,not_found,https://baike.duguji.cn/baike/w/%E5%86%BB%E7%96%AE.,HTTP 404: page does not exist,dayi,not_found,,no exact symptom result in search page,no,
1785,口,duguji,ok,https://baike.duguji.cn/baike/w/%E5%8F%A3%EE%A0%9F,,,skipped_first_source_success,,,yes,duguji
1786,后重,duguji,ok,https://baike.duguji.cn/baike/w/%E5%90%8E%E9%87%8D,,,skipped_first_source_success,,,yes,duguji
1775,历节痹痛,duguji,not_found,https://baike.duguji.cn/baike/w/%E5%8E%86%E8%8A%82%E7%97%B9%E7%97%9B,HTTP 404: page does not exist,dayi,not_found,,no exact symptom result in search page,no,
1773,劳伤腰痛,duguji,not_found,https://baike.duguji.cn/baike/w/%E5%8A%B3%E4%BC%A4%E8%85%B0%E7%97%9B,HTTP 404: page does not exist,dayi,not_found,,no exact symptom result in search page,no,
1776,历节风痛,duguji,not_found,https://baike.duguji.cn/baike/w/%E5%8E%86%E8%8A%82%E9%A3%8E%E7%97%9B,HTTP 404: page does not exist,dayi,not_found,,no exact symptom result in search page,no,
1778,发痧,duguji,not_found,https://baike.duguji.cn/baike/w/%E5%8F%91%E7%97%A7,HTTP 404: page does not exist,dayi,not_found,,no exact symptom result in search page,no,
1781,口眼㖞斜,duguji,not_found,https://baike.duguji.cn/baike/w/%E5%8F%A3%E7%9C%BC%E3%96%9E%E6%96%9C,HTTP 404: page does not exist,dayi,not_found,,no exact symptom result in search page,no,
1780,口㖞,duguji,not_found,https://baike.duguji.cn/baike/w/%E5%8F%A3%E3%96%9E,HTTP 404: page does not exist,dayi,not_found,,no exact symptom result in search page,no,
1782,口眼喝斜,duguji,not_found,https://baike.duguji.cn/baike/w/%E5%8F%A3%E7%9C%BC%E5%96%9D%E6%96%9C,HTTP 404: page does not exist,dayi,not_found,,no exact symptom result in search page,no,
1784,口蜗,duguji,not_found,https://baike.duguji.cn/baike/w/%E5%8F%A3%E8%9C%97,HTTP 404: page does not exist,dayi,not_found,,no exact symptom result in search page,no,
1783,口眼干燥综合征,duguji,not_found,https://baike.duguji.cn/baike/w/%E5%8F%A3%E7%9C%BC%E5%B9%B2%E7%87%A5%E7%BB%BC%E5%90%88%E5%BE%81,HTTP 404: page does not exist,dayi,not_found,,no exact symptom result in search page,no,
1795,咳嗽气喘,duguji,no_definition,https://baike.duguji.cn/baike/w/%E5%92%B3%E5%97%BD%E6%B0%94%E5%96%98,raw page parsed but no definition found,dayi,not_found,,no exact symptom result in search page,no,
1797,咳逆,duguji,ok,https://baike.duguji.cn/baike/w/%E5%92%B3%E9%80%86,,,skipped_first_source_success,,,yes,duguji
1796,咳痰,duguji,ok,https://baike.duguji.cn/baike/w/%E5%92%B3%E7%97%B0,,,skipped_first_source_success,,,yes,duguji
1800,咽肿,duguji,ok,https://baike.duguji.cn/baike/w/%E5%92%BD%E8%82%BF,,,skipped_first_source_success,,,yes,duguji
1799,咽喉炎,duguji,ok,https://baike.duguji.cn/baike/w/%E5%92%BD%E5%96%89%E7%82%8E,,,skipped_first_source_success,,,yes,duguji
1787,吐泻转筋,duguji,not_found,https://baike.duguji.cn/baike/w/%E5%90%90%E6%B3%BB%E8%BD%AC%E7%AD%8B,HTTP 404: page does not exist,dayi,not_found,,no exact symptom result in search page,no,
1789,呕吐呃逆,duguji,not_found,https://baike.duguji.cn/baike/w/%E5%91%95%E5%90%90%E5%91%83%E9%80%86,HTTP 404: page does not exist,dayi,not_found,,no exact symptom result in search page,no,
1790,呕吐腹痛,duguji,not_found,https://baike.duguji.cn/baike/w/%E5%91%95%E5%90%90%E8%85%B9%E7%97%9B,HTTP 404: page does not exist,dayi,not_found,,no exact symptom result in search page,no,
1792,呕逆吐酸,duguji,not_found,https://baike.duguji.cn/baike/w/%E5%91%95%E9%80%86%E5%90%90%E9%85%B8,HTTP 404: page does not exist,dayi,not_found,,no exact symptom result in search page,no,
1804,喉风,duguji,ok,https://baike.duguji.cn/baike/w/%E5%96%89%E9%A3%8E,,,skipped_first_source_success,,,yes,duguji
1791,呕哕,duguji,not_found,https://baike.duguji.cn/baike/w/%E5%91%95%E5%93%95,HTTP 404: page does not exist,dayi,not_found,,no exact symptom result in search page,no,
1807,四肢抽搐,duguji,ok,https://baike.duguji.cn/baike/w/%E5%9B%9B%E8%82%A2%E6%8A%BD%E6%90%90,,,skipped_first_source_success,,,yes,duguji
1806,噤口,duguji,ok,https://baike.duguji.cn/baike/w/%E5%99%A4%E5%8F%A3,,,skipped_first_source_success,,,yes,duguji
1793,咯吐不出,duguji,not_found,https://baike.duguji.cn/baike/w/%E5%92%AF%E5%90%90%E4%B8%8D%E5%87%BA,HTTP 404: page does not exist,dayi,not_found,,no exact symptom result in search page,no,
1811,声哑,duguji,ok,https://baike.duguji.cn/baike/w/%E5%A3%B0%E5%93%91,,,skipped_first_source_success,,,yes,duguji
1794,咳喘痰多,duguji,not_found,https://baike.duguji.cn/baike/w/%E5%92%B3%E5%96%98%E7%97%B0%E5%A4%9A,HTTP 404: page does not exist,dayi,not_found,,no exact symptom result in search page,no,
1798,咽喉干痛,duguji,not_found,https://baike.duguji.cn/baike/w/%E5%92%BD%E5%96%89%E5%B9%B2%E7%97%9B,HTTP 404: page does not exist,dayi,not_found,,no exact symptom result in search page,no,
1802,喉痹肿痛,duguji,not_found,https://baike.duguji.cn/baike/w/%E5%96%89%E7%97%B9%E8%82%BF%E7%97%9B,HTTP 404: page does not exist,dayi,not_found,,no exact symptom result in search page,no,
1801,喉痹乳蛾,duguji,not_found,https://baike.duguji.cn/baike/w/%E5%96%89%E7%97%B9%E4%B9%B3%E8%9B%BE,HTTP 404: page does not exist,dayi,not_found,,no exact symptom result in search page,no,
1816,外感热病,duguji,ok,https://baike.duguji.cn/baike/w/%E5%A4%96%E6%84%9F%E7%83%AD%E7%97%85,,,skipped_first_source_success,,,yes,duguji
1817,夜盲,duguji,ok,https://baike.duguji.cn/baike/w/%E5%A4%9C%E7%9B%B2,,,skipped_first_source_success,,,yes,duguji
1803,喉肿痛,duguji,not_found,https://baike.duguji.cn/baike/w/%E5%96%89%E8%82%BF%E7%97%9B,HTTP 404: page does not exist,dayi,not_found,,no exact symptom result in search page,no,
1819,大汗,duguji,ok,https://baike.duguji.cn/baike/w/%E5%A4%A7%E6%B1%97,,,skipped_first_source_success,,,yes,duguji
1820,天疱疮,duguji,ok,https://baike.duguji.cn/baike/w/%E5%A4%A9%E7%96%B1%E7%96%AE,,,skipped_first_source_success,,,yes,duguji
1812,夏伤暑湿,duguji,not_found,https://baike.duguji.cn/baike/w/%E5%A4%8F%E4%BC%A4%E6%9A%91%E6%B9%BF,HTTP 404: page does not exist,dayi,not_found,,no exact symptom result in search page,no,
1809,四肢痿软,duguji,not_found,https://baike.duguji.cn/baike/w/%E5%9B%9B%E8%82%A2%E7%97%BF%E8%BD%AF,HTTP 404: page does not exist,dayi,not_found,,no exact symptom result in search page,no,
1821,失精,duguji,ok,https://baike.duguji.cn/baike/w/%E5%A4%B1%E7%B2%BE,,,skipped_first_source_success,,,yes,duguji
1810,壮热烦渴,duguji,not_found,https://baike.duguji.cn/baike/w/%E5%A3%AE%E7%83%AD%E7%83%A6%E6%B8%B4,HTTP 404: page does not exist,dayi,not_found,,no exact symptom result in search page,no,
1808,四肢挛急疼痛,duguji,not_found,https://baike.duguji.cn/baike/w/%E5%9B%9B%E8%82%A2%E6%8C%9B%E6%80%A5%E7%96%BC%E7%97%9B,HTTP 404: page does not exist,dayi,not_found,,no exact symptom result in search page,no,
1822,失血,duguji,ok,https://baike.duguji.cn/baike/w/%E5%A4%B1%E8%A1%80,,,skipped_first_source_success,,,yes,duguji
1814,外伤肿痛,duguji,not_found,https://baike.duguji.cn/baike/w/%E5%A4%96%E4%BC%A4%E8%82%BF%E7%97%9B,HTTP 404: page does not exist,dayi,not_found,,no exact symptom result in search page,no,
1826,头虱,duguji,ok,https://baike.duguji.cn/baike/w/%E5%A4%B4%E8%99%B1,,,skipped_first_source_success,,,yes,duguji
1825,头癣,duguji,ok,https://baike.duguji.cn/baike/w/%E5%A4%B4%E7%99%A3,,,skipped_first_source_success,,,yes,duguji
1834,姜片虫病,duguji,ok,https://baike.duguji.cn/baike/w/%E5%A7%9C%E7%89%87%E8%99%AB%E7%97%85,,,skipped_first_source_success,,,yes,duguji
1813,外伤出血,duguji,not_found,https://baike.duguji.cn/baike/w/%E5%A4%96%E4%BC%A4%E5%87%BA%E8%A1%80,HTTP 404: page does not exist,dayi,not_found,,no exact symptom result in search page,no,
1838,宫冷不孕,duguji,ok,https://baike.duguji.cn/baike/w/%E5%AE%AB%E5%86%B7%E4%B8%8D%E5%AD%95,,,skipped_first_source_success,,,yes,duguji
1836,子宫颈癌,duguji,no_definition,https://baike.duguji.cn/baike/w/%E5%AD%90%E5%AE%AB%E9%A2%88%E7%99%8C,raw page parsed but no definition found,dayi,not_found,,no exact symptom result in search page,no,
1840,寒湿脚气,duguji,ok,https://baike.duguji.cn/baike/w/%E5%AF%92%E6%B9%BF%E8%84%9A%E6%B0%94,,,skipped_first_source_success,,,yes,duguji
1815,外感发热,duguji,not_found,https://baike.duguji.cn/baike/w/%E5%A4%96%E6%84%9F%E5%8F%91%E7%83%AD,HTTP 404: page does not exist,dayi,not_found,,no exact symptom result in search page,no,
1841,寒热,duguji,ok,https://baike.duguji.cn/baike/w/%E5%AF%92%E7%83%AD,,,skipped_first_source_success,,,yes,duguji
1818,大头瘟疫,duguji,not_found,https://baike.duguji.cn/baike/w/%E5%A4%A7%E5%A4%B4%E7%98%9F%E7%96%AB,HTTP 404: page does not exist,dayi,not_found,,no exact symptom result in search page,no,
1843,寒痹,duguji,ok,https://baike.duguji.cn/baike/w/%E5%AF%92%E7%97%B9,,,skipped_first_source_success,,,yes,duguji
1846,小便淋漓,duguji,ok,https://baike.duguji.cn/baike/w/%E5%B0%8F%E4%BE%BF%E6%B7%8B%E6%BC%93,,,skipped_first_source_success,,,yes,duguji
1823,头痛头晕,duguji,not_found,https://baike.duguji.cn/baike/w/%E5%A4%B4%E7%97%9B%E5%A4%B4%E6%99%95,HTTP 404: page does not exist,dayi,not_found,,no exact symptom result in search page,no,
1827,头身疼痛,duguji,not_found,https://baike.duguji.cn/baike/w/%E5%A4%B4%E8%BA%AB%E7%96%BC%E7%97%9B,HTTP 404: page does not exist,dayi,not_found,,no exact symptom result in search page,no,
1830,妇女断乳,duguji,not_found,https://baike.duguji.cn/baike/w/%E5%A6%87%E5%A5%B3%E6%96%AD%E4%B9%B3,HTTP 404: page does not exist,dayi,not_found,,no exact symptom result in search page,no,
1831,妇女湿热带下,duguji,not_found,https://baike.duguji.cn/baike/w/%E5%A6%87%E5%A5%B3%E6%B9%BF%E7%83%AD%E5%B8%A6%E4%B8%8B,HTTP 404: page does not exist,dayi,not_found,,no exact symptom result in search page,no,
1824,头痛目赤,duguji,not_found,https://baike.duguji.cn/baike/w/%E5%A4%B4%E7%97%9B%E7%9B%AE%E8%B5%A4,HTTP 404: page does not exist,dayi,not_found,,no exact symptom result in search page,no,
1856,小儿惊风,duguji,ok,https://baike.duguji.cn/baike/w/%E5%B0%8F%E5%84%BF%E6%83%8A%E9%A3%8E,,,skipped_first_source_success,,,yes,duguji
1839,寒湿呕逆,duguji,not_found,https://baike.duguji.cn/baike/w/%E5%AF%92%E6%B9%BF%E5%91%95%E9%80%86,HTTP 404: page does not exist,dayi,not_found,,no exact symptom result in search page,no,
1837,实热积滞便秘,duguji,not_found,https://baike.duguji.cn/baike/w/%E5%AE%9E%E7%83%AD%E7%A7%AF%E6%BB%9E%E4%BE%BF%E7%A7%98,HTTP 404: page does not exist,dayi,not_found,,no exact symptom result in search page,no,
1842,寒疝腹痛,duguji,not_found,https://baike.duguji.cn/baike/w/%E5%AF%92%E7%96%9D%E8%85%B9%E7%97%9B,HTTP 404: page does not exist,dayi,not_found,,no exact symptom result in search page,no,
1844,寒积便秘,duguji,not_found,https://baike.duguji.cn/baike/w/%E5%AF%92%E7%A7%AF%E4%BE%BF%E7%A7%98,HTTP 404: page does not exist,dayi,not_found,,no exact symptom result in search page,no,
1848,小便短赤涩痛,duguji,not_found,https://baike.duguji.cn/baike/w/%E5%B0%8F%E4%BE%BF%E7%9F%AD%E8%B5%A4%E6%B6%A9%E7%97%9B,HTTP 404: page does not exist,dayi,not_found,,no exact symptom result in search page,no,
1850,小便赤,duguji,not_found,https://baike.duguji.cn/baike/w/%E5%B0%8F%E4%BE%BF%E8%B5%A4,HTTP 404: page does not exist,dayi,not_found,,no exact symptom result in search page,no,
1851,小便遗沥,duguji,not_found,https://baike.duguji.cn/baike/w/%E5%B0%8F%E4%BE%BF%E9%81%97%E6%B2%A5,HTTP 404: page does not exist,dayi,not_found,,no exact symptom result in search page,no,
1865,尿路感染,duguji,ok,https://baike.duguji.cn/baike/w/%E5%B0%BF%E8%B7%AF%E6%84%9F%E6%9F%93,,,skipped_first_source_success,,,yes,duguji
1854,小儿惊啼,duguji,not_found,https://baike.duguji.cn/baike/w/%E5%B0%8F%E5%84%BF%E6%83%8A%E5%95%BC,HTTP 404: page does not exist,dayi,not_found,,no exact symptom result in search page,no,
1866,尿闭,duguji,no_definition,https://baike.duguji.cn/baike/w/%E5%B0%BF%E9%97%AD,raw page parsed but no definition found,dayi,not_found,,no exact symptom result in search page,no,
1857,小儿慢惊,duguji,not_found,https://baike.duguji.cn/baike/w/%E5%B0%8F%E5%84%BF%E6%85%A2%E6%83%8A,HTTP 404: page does not exist,dayi,not_found,,no exact symptom result in search page,no,
1860,小儿痰热惊痫,duguji,not_found,https://baike.duguji.cn/baike/w/%E5%B0%8F%E5%84%BF%E7%97%B0%E7%83%AD%E6%83%8A%E7%97%AB,HTTP 404: page does not exist,dayi,not_found,,no exact symptom result in search page,no,
1858,小儿疳热,duguji,not_found,https://baike.duguji.cn/baike/w/%E5%B0%8F%E5%84%BF%E7%96%B3%E7%83%AD,HTTP 404: page does not exist,dayi,not_found,,no exact symptom result in search page,no,
1879,强中,duguji,ok,https://baike.duguji.cn/baike/w/%E5%BC%BA%E4%B8%AD,,,skipped_first_source_success,,,yes,duguji
1880,心动悸,duguji,ok,https://baike.duguji.cn/baike/w/%E5%BF%83%E5%8A%A8%E6%82%B8,,,skipped_first_source_success,,,yes,duguji
1863,尿少涩痛,duguji,not_found,https://baike.duguji.cn/baike/w/%E5%B0%BF%E5%B0%91%E6%B6%A9%E7%97%9B,HTTP 404: page does not exist,dayi,not_found,,no exact symptom result in search page,no,
1862,少阴伏风头痛,duguji,not_found,https://baike.duguji.cn/baike/w/%E5%B0%91%E9%98%B4%E4%BC%8F%E9%A3%8E%E5%A4%B4%E7%97%9B,HTTP 404: page does not exist,dayi,not_found,,no exact symptom result in search page,no,
1861,小儿高热抽搐,duguji,not_found,https://baike.duguji.cn/baike/w/%E5%B0%8F%E5%84%BF%E9%AB%98%E7%83%AD%E6%8A%BD%E6%90%90,HTTP 404: page does not exist,dayi,not_found,,no exact symptom result in search page,no,
1889,忧郁,duguji,ok,https://baike.duguji.cn/baike/w/%E5%BF%A7%E9%83%81,,,skipped_first_source_success,,,yes,duguji
1891,急性淋巴管炎,duguji,ok,https://baike.duguji.cn/baike/w/%E6%80%A5%E6%80%A7%E6%B7%8B%E5%B7%B4%E7%AE%A1%E7%82%8E,,,skipped_first_source_success,,,yes,duguji
1864,尿热涩痛,duguji,not_found,https://baike.duguji.cn/baike/w/%E5%B0%BF%E7%83%AD%E6%B6%A9%E7%97%9B,HTTP 404: page does not exist,dayi,not_found,,no exact symptom result in search page,no,
1896,恶露不尽,duguji,ok,https://baike.duguji.cn/baike/w/%E6%81%B6%E9%9C%B2%E4%B8%8D%E5%B0%BD,,,skipped_first_source_success,,,yes,duguji
1869,崩漏下血,duguji,not_found,https://baike.duguji.cn/baike/w/%E5%B4%A9%E6%BC%8F%E4%B8%8B%E8%A1%80,HTTP 404: page does not exist,dayi,not_found,,no exact symptom result in search page,no,
1872,带下阴痒,duguji,not_found,https://baike.duguji.cn/baike/w/%E5%B8%A6%E4%B8%8B%E9%98%B4%E7%97%92,HTTP 404: page does not exist,dayi,not_found,,no exact symptom result in search page,no,
1877,庁肿,duguji,not_found,https://baike.duguji.cn/baike/w/%E5%BA%81%E8%82%BF,HTTP 404: page does not exist,dayi,not_found,,no exact symptom result in search page,no,
1878,弛缓胃肌,duguji,not_found,https://baike.duguji.cn/baike/w/%E5%BC%9B%E7%BC%93%E8%83%83%E8%82%8C,HTTP 404: page does not exist,dayi,not_found,,no exact symptom result in search page,no,
1885,心胸郁闷,duguji,not_found,https://baike.duguji.cn/baike/w/%E5%BF%83%E8%83%B8%E9%83%81%E9%97%B7,HTTP 404: page does not exist,dayi,not_found,,no exact symptom result in search page,no,
1910,手足麻木,duguji,ok,https://baike.duguji.cn/baike/w/%E6%89%8B%E8%B6%B3%E9%BA%BB%E6%9C%A8,,,skipped_first_source_success,,,yes,duguji
1886,心腹暴痛,duguji,not_found,https://baike.duguji.cn/baike/w/%E5%BF%83%E8%85%B9%E6%9A%B4%E7%97%9B,HTTP 404: page does not exist,dayi,not_found,,no exact symptom result in search page,no,
1887,心腹疼痛,duguji,not_found,https://baike.duguji.cn/baike/w/%E5%BF%83%E8%85%B9%E7%96%BC%E7%97%9B,HTTP 404: page does not exist,dayi,not_found,,no exact symptom result in search page,no,
1913,挛急,duguji,ok,https://baike.duguji.cn/baike/w/%E6%8C%9B%E6%80%A5,,,skipped_first_source_success,,,yes,duguji
1912,拘挛,duguji,ok,https://baike.duguji.cn/baike/w/%E6%8B%98%E6%8C%9B,,,skipped_first_source_success,,,yes,duguji
1888,心腹瘀痛,duguji,not_found,https://baike.duguji.cn/baike/w/%E5%BF%83%E8%85%B9%E7%98%80%E7%97%9B,HTTP 404: page does not exist,dayi,not_found,,no exact symptom result in search page,no,
1921,无名肿毒,duguji,ok,https://baike.duguji.cn/baike/w/%E6%97%A0%E5%90%8D%E8%82%BF%E6%AF%92,,,skipped_first_source_success,,,yes,duguji
1898,惊痛,duguji,not_found,https://baike.duguji.cn/baike/w/%E6%83%8A%E7%97%9B,HTTP 404: page does not exist,dayi,not_found,,no exact symptom result in search page,no,
1893,急性鼓膜炎,duguji,not_found,https://baike.duguji.cn/baike/w/%E6%80%A5%E6%80%A7%E9%BC%93%E8%86%9C%E7%82%8E,HTTP 404: page does not exist,dayi,not_found,,no exact symptom result in search page,no,
1924,早衰,duguji,ok,https://baike.duguji.cn/baike/w/%E6%97%A9%E8%A1%B0,,,skipped_first_source_success,,,yes,duguji
1925,时疫,duguji,ok,https://baike.duguji.cn/baike/w/%E6%97%B6%E7%96%AB,,,skipped_first_source_success,,,yes,duguji
1897,恶露不行,duguji,not_found,https://baike.duguji.cn/baike/w/%E6%81%B6%E9%9C%B2%E4%B8%8D%E8%A1%8C,HTTP 404: page does not exist,dayi,not_found,,no exact symptom result in search page,no,
1903,感冒风寒,duguji,not_found,https://baike.duguji.cn/baike/w/%E6%84%9F%E5%86%92%E9%A3%8E%E5%AF%92,HTTP 404: page does not exist,dayi,not_found,,no exact symptom result in search page,no,
1928,昏迷不醒,duguji,no_definition,https://baike.duguji.cn/baike/w/%E6%98%8F%E8%BF%B7%E4%B8%8D%E9%86%92,raw page parsed but no definition found,dayi,not_found,,no exact symptom result in search page,no,
1909,手足瘈疭,duguji,not_found,https://baike.duguji.cn/baike/w/%E6%89%8B%E8%B6%B3%E7%98%88%E7%96%AD,HTTP 404: page does not exist,dayi,not_found,,no exact symptom result in search page,no,
1933,杨梅疮,duguji,no_definition,https://baike.duguji.cn/baike/w/%E6%9D%A8%E6%A2%85%E7%96%AE,raw page parsed but no definition found,dayi,not_found,,no exact symptom result in search page,no,
1935,梅毒,duguji,ok,https://baike.duguji.cn/baike/w/%E6%A2%85%E6%AF%92,,,skipped_first_source_success,,,yes,duguji
1914,挛痛,duguji,not_found,https://baike.duguji.cn/baike/w/%E6%8C%9B%E7%97%9B,HTTP 404: page does not exist,dayi,not_found,,no exact symptom result in search page,no,
1936,死肌,duguji,ok,https://baike.duguji.cn/baike/w/%E6%AD%BB%E8%82%8C,,,skipped_first_source_success,,,yes,duguji
1911,扭挫伤痛,duguji,not_found,https://baike.duguji.cn/baike/w/%E6%89%AD%E6%8C%AB%E4%BC%A4%E7%97%9B,HTTP 404: page does not exist,dayi,not_found,,no exact symptom result in search page,no,
1915,损伤出血,duguji,not_found,https://baike.duguji.cn/baike/w/%E6%8D%9F%E4%BC%A4%E5%87%BA%E8%A1%80,HTTP 404: page does not exist,dayi,not_found,,no exact symptom result in search page,no,
1922,无痰,duguji,not_found,https://baike.duguji.cn/baike/w/%E6%97%A0%E7%97%B0,HTTP 404: page does not exist,dayi,not_found,,no exact symptom result in search page,no,
1947,泛酸,duguji,no_definition,https://baike.duguji.cn/baike/w/%E6%B3%9B%E9%85%B8,raw page parsed but no definition found,dayi,not_found,,no exact symptom result in search page,no,
1953,淋巴结炎,duguji,ok,https://baike.duguji.cn/baike/w/%E6%B7%8B%E5%B7%B4%E7%BB%93%E7%82%8E,,,skipped_first_source_success,,,yes,duguji
1952,淋巴结核,duguji,ok,https://baike.duguji.cn/baike/w/%E6%B7%8B%E5%B7%B4%E7%BB%93%E6%A0%B8,,,skipped_first_source_success,,,yes,duguji
1923,早期肝硬化,duguji,not_found,https://baike.duguji.cn/baike/w/%E6%97%A9%E6%9C%9F%E8%82%9D%E7%A1%AC%E5%8C%96,HTTP 404: page does not exist,dayi,not_found,,no exact symptom result in search page,no,
1954,淋巴结结核,duguji,ok,https://baike.duguji.cn/baike/w/%E6%B7%8B%E5%B7%B4%E7%BB%93%E7%BB%93%E6%A0%B8,,,skipped_first_source_success,,,yes,duguji
1927,昏花,duguji,not_found,https://baike.duguji.cn/baike/w/%E6%98%8F%E8%8A%B1,HTTP 404: page does not exist,dayi,not_found,,no exact symptom result in search page,no,
1926,时疫感冒,duguji,not_found,https://baike.duguji.cn/baike/w/%E6%97%B6%E7%96%AB%E6%84%9F%E5%86%92,HTTP 404: page does not exist,dayi,not_found,,no exact symptom result in search page,no,
1960,温病,duguji,ok,https://baike.duguji.cn/baike/w/%E6%B8%A9%E7%97%85,,,skipped_first_source_success,,,yes,duguji
1929,晐嗽,duguji,not_found,https://baike.duguji.cn/baike/w/%E6%99%90%E5%97%BD,HTTP 404: page does not exist,dayi,not_found,,no exact symptom result in search page,no,
1938,气喘痰多,duguji,not_found,https://baike.duguji.cn/baike/w/%E6%B0%94%E5%96%98%E7%97%B0%E5%A4%9A,HTTP 404: page does not exist,dayi,not_found,,no exact symptom result in search page,no,
1944,水肿胀满尿少,duguji,not_found,https://baike.duguji.cn/baike/w/%E6%B0%B4%E8%82%BF%E8%83%80%E6%BB%A1%E5%B0%BF%E5%B0%91,HTTP 404: page does not exist,dayi,not_found,,no exact symptom result in search page,no,
1948,泻痢后重,duguji,not_found,https://baike.duguji.cn/baike/w/%E6%B3%BB%E7%97%A2%E5%90%8E%E9%87%8D,HTTP 404: page does not exist,dayi,not_found,,no exact symptom result in search page,no,
1943,水肿胀满,duguji,not_found,https://baike.duguji.cn/baike/w/%E6%B0%B4%E8%82%BF%E8%83%80%E6%BB%A1,HTTP 404: page does not exist,dayi,not_found,,no exact symptom result in search page,no,
1970,溃疡,duguji,ok,https://baike.duguji.cn/baike/w/%E6%BA%83%E7%96%A1,,,skipped_first_source_success,,,yes,duguji
1955,淋巴结肿痛,duguji,not_found,https://baike.duguji.cn/baike/w/%E6%B7%8B%E5%B7%B4%E7%BB%93%E8%82%BF%E7%97%9B,HTTP 404: page does not exist,dayi,not_found,,no exact symptom result in search page,no,
1976,炭疽,duguji,ok,https://baike.duguji.cn/baike/w/%E7%82%AD%E7%96%BD,,,skipped_first_source_success,,,yes,duguji
1956,淋沥涩痛,duguji,not_found,https://baike.duguji.cn/baike/w/%E6%B7%8B%E6%B2%A5%E6%B6%A9%E7%97%9B,HTTP 404: page does not exist,dayi,not_found,,no exact symptom result in search page,no,
1975,炎症,duguji,ok,https://baike.duguji.cn/baike/w/%E7%82%8E%E7%97%87,,,skipped_first_source_success,,,yes,duguji
1983,热毒疮疡,duguji,ok,https://baike.duguji.cn/baike/w/%E7%83%AD%E6%AF%92%E7%96%AE%E7%96%A1,,,skipped_first_source_success,,,yes,duguji
1981,烫伤,duguji,ok,https://baike.duguji.cn/baike/w/%E7%83%AB%E4%BC%A4,,,skipped_first_source_success,,,yes,duguji
1959,温疫时毒,duguji,not_found,https://baike.duguji.cn/baike/w/%E6%B8%A9%E7%96%AB%E6%97%B6%E6%AF%92,HTTP 404: page does not exist,dayi,not_found,,no exact symptom result in search page,no,
1988,热痹,duguji,ok,https://baike.duguji.cn/baike/w/%E7%83%AD%E7%97%B9,,,skipped_first_source_success,,,yes,duguji
1994,牛皮癣,duguji,ok,https://baike.duguji.cn/baike/w/%E7%89%9B%E7%9A%AE%E7%99%A3,,,skipped_first_source_success,,,yes,duguji
1963,湿热淋证,duguji,not_found,https://baike.duguji.cn/baike/w/%E6%B9%BF%E7%83%AD%E6%B7%8B%E8%AF%81,HTTP 404: page does not exist,dayi,not_found,,no exact symptom result in search page,no,
1964,湿热疮满,duguji,not_found,https://baike.duguji.cn/baike/w/%E6%B9%BF%E7%83%AD%E7%96%AE%E6%BB%A1,HTTP 404: page does not exist,dayi,not_found,,no exact symptom result in search page,no,
1973,澹语,duguji,not_found,https://baike.duguji.cn/baike/w/%E6%BE%B9%E8%AF%AD,HTTP 404: page does not exist,dayi,not_found,,no exact symptom result in search page,no,
1965,湿热痢疾,duguji,not_found,https://baike.duguji.cn/baike/w/%E6%B9%BF%E7%83%AD%E7%97%A2%E7%96%BE,HTTP 404: page does not exist,dayi,not_found,,no exact symptom result in search page,no,
1969,湿痹病,duguji,not_found,https://baike.duguji.cn/baike/w/%E6%B9%BF%E7%97%B9%E7%97%85,HTTP 404: page does not exist,dayi,not_found,,no exact symptom result in search page,no,
2006,疟母,duguji,ok,https://baike.duguji.cn/baike/w/%E7%96%9F%E6%AF%8D,,,skipped_first_source_success,,,yes,duguji
1974,火毒疮疡,duguji,not_found,https://baike.duguji.cn/baike/w/%E7%81%AB%E6%AF%92%E7%96%AE%E7%96%A1,HTTP 404: page does not exist,dayi,not_found,,no exact symptom result in search page,no,
2016,疮疖,duguji,ok,https://baike.duguji.cn/baike/w/%E7%96%AE%E7%96%96,,,skipped_first_source_success,,,yes,duguji
1990,焮肿,duguji,not_found,https://baike.duguji.cn/baike/w/%E7%84%AE%E8%82%BF,HTTP 404: page does not exist,dayi,not_found,,no exact symptom result in search page,no,
2002,疗疮,duguji,not_found,https://baike.duguji.cn/baike/w/%E7%96%97%E7%96%AE,HTTP 404: page does not exist,dayi,not_found,,no exact symptom result in search page,no,
1993,牙龈肿痛出血,duguji,not_found,https://baike.duguji.cn/baike/w/%E7%89%99%E9%BE%88%E8%82%BF%E7%97%9B%E5%87%BA%E8%A1%80,HTTP 404: page does not exist,dayi,not_found,,no exact symptom result in search page,no,
2003,疝气疼痛,duguji,not_found,https://baike.duguji.cn/baike/w/%E7%96%9D%E6%B0%94%E7%96%BC%E7%97%9B,HTTP 404: page does not exist,dayi,not_found,,no exact symptom result in search page,no,
2004,疝气痛,duguji,not_found,https://baike.duguji.cn/baike/w/%E7%96%9D%E6%B0%94%E7%97%9B,HTTP 404: page does not exist,dayi,not_found,,no exact symptom result in search page,no,
2001,疗毒,duguji,not_found,https://baike.duguji.cn/baike/w/%E7%96%97%E6%AF%92,HTTP 404: page does not exist,dayi,not_found,,no exact symptom result in search page,no,
2014,疫毒感冒,duguji,not_found,https://baike.duguji.cn/baike/w/%E7%96%AB%E6%AF%92%E6%84%9F%E5%86%92,HTTP 404: page does not exist,dayi,not_found,,no exact symptom result in search page,no,
2015,疮满,duguji,not_found,https://baike.duguji.cn/baike/w/%E7%96%AE%E6%BB%A1,HTTP 404: page does not exist,dayi,not_found,,no exact symptom result in search page,no,
2008,疟疾寒热,duguji,not_found,https://baike.duguji.cn/baike/w/%E7%96%9F%E7%96%BE%E5%AF%92%E7%83%AD,HTTP 404: page does not exist,dayi,not_found,,no exact symptom result in search page,no,
2019,疮疡痈肿,duguji,not_found,https://baike.duguji.cn/baike/w/%E7%96%AE%E7%96%A1%E7%97%88%E8%82%BF,HTTP 404: page does not exist,dayi,not_found,,no exact symptom result in search page,no,
2021,疮疳,duguji,not_found,https://baike.duguji.cn/baike/w/%E7%96%AE%E7%96%B3,HTTP 404: page does not exist,dayi,not_found,,no exact symptom result in search page,no,
2022,疮痈,duguji,not_found,https://baike.duguji.cn/baike/w/%E7%96%AE%E7%97%88,HTTP 404: page does not exist,dayi,not_found,,no exact symptom result in search page,no,
2032,痈疮,duguji,ok,https://baike.duguji.cn/baike/w/%E7%97%88%E7%96%AE,,,skipped_first_source_success,,,yes,duguji
2020,疮疡肿毒,duguji,not_found,https://baike.duguji.cn/baike/w/%E7%96%AE%E7%96%A1%E8%82%BF%E6%AF%92,HTTP 404: page does not exist,dayi,not_found,,no exact symptom result in search page,no,
2024,疮癞,duguji,not_found,https://baike.duguji.cn/baike/w/%E7%96%AE%E7%99%9E,HTTP 404: page does not exist,dayi,not_found,,no exact symptom result in search page,no,
2023,疮痈肿毒,duguji,not_found,https://baike.duguji.cn/baike/w/%E7%96%AE%E7%97%88%E8%82%BF%E6%AF%92,HTTP 404: page does not exist,dayi,not_found,,no exact symptom result in search page,no,
2043,痔疮,duguji,ok,https://baike.duguji.cn/baike/w/%E7%97%94%E7%96%AE,,,skipped_first_source_success,,,yes,duguji
2025,疳肿,duguji,not_found,https://baike.duguji.cn/baike/w/%E7%96%B3%E8%82%BF,HTTP 404: page does not exist,dayi,not_found,,no exact symptom result in search page,no,
2046,痞块,duguji,ok,https://baike.duguji.cn/baike/w/%E7%97%9E%E5%9D%97,,,skipped_first_source_success,,,yes,duguji
2044,痔瘘,duguji,ok,https://baike.duguji.cn/baike/w/%E7%97%94%E7%98%98,,,skipped_first_source_success,,,yes,duguji
2049,痤疮,duguji,ok,https://baike.duguji.cn/baike/w/%E7%97%A4%E7%96%AE,,,skipped_first_source_success,,,yes,duguji
2050,痧,duguji,ok,https://baike.duguji.cn/baike/w/%E7%97%A7,,,skipped_first_source_success,,,yes,duguji
2027,疼痛麻木,duguji,not_found,https://baike.duguji.cn/baike/w/%E7%96%BC%E7%97%9B%E9%BA%BB%E6%9C%A8,HTTP 404: page does not exist,dayi,not_found,,no exact symptom result in search page,no,
2030,痈疖,duguji,not_found,https://baike.duguji.cn/baike/w/%E7%97%88%E7%96%96,HTTP 404: page does not exist,dayi,not_found,,no exact symptom result in search page,no,
2028,病后虚热不退,duguji,not_found,https://baike.duguji.cn/baike/w/%E7%97%85%E5%90%8E%E8%99%9A%E7%83%AD%E4%B8%8D%E9%80%80,HTTP 404: page does not exist,dayi,not_found,,no exact symptom result in search page,no,
2060,痱子,duguji,ok,https://baike.duguji.cn/baike/w/%E7%97%B1%E5%AD%90,,,skipped_first_source_success,,,yes,duguji
2063,痿躄,duguji,ok,https://baike.duguji.cn/baike/w/%E7%97%BF%E8%BA%84,,,skipped_first_source_success,,,yes,duguji
2031,痈疖肿毒,duguji,not_found,https://baike.duguji.cn/baike/w/%E7%97%88%E7%96%96%E8%82%BF%E6%AF%92,HTTP 404: page does not exist,dayi,not_found,,no exact symptom result in search page,no,
2064,瘟疫,duguji,no_definition,https://baike.duguji.cn/baike/w/%E7%98%9F%E7%96%AB,raw page parsed but no definition found,dayi,not_found,,no exact symptom result in search page,no,
2036,痈疽疮疡,duguji,not_found,https://baike.duguji.cn/baike/w/%E7%97%88%E7%96%BD%E7%96%AE%E7%96%A1,HTTP 404: page does not exist,dayi,not_found,,no exact symptom result in search page,no,
2035,痈疽疮毒,duguji,not_found,https://baike.duguji.cn/baike/w/%E7%97%88%E7%96%BD%E7%96%AE%E6%AF%92,HTTP 404: page does not exist,dayi,not_found,,no exact symptom result in search page,no,
2033,痈疮肿毒,duguji,not_found,https://baike.duguji.cn/baike/w/%E7%97%88%E7%96%AE%E8%82%BF%E6%AF%92,HTTP 404: page does not exist,dayi,not_found,,no exact symptom result in search page,no,
2039,痈肿疮毒,duguji,not_found,https://baike.duguji.cn/baike/w/%E7%97%88%E8%82%BF%E7%96%AE%E6%AF%92,HTTP 404: page does not exist,dayi,not_found,,no exact symptom result in search page,no,
2051,痧胀腹痛吐泻,duguji,not_found,https://baike.duguji.cn/baike/w/%E7%97%A7%E8%83%80%E8%85%B9%E7%97%9B%E5%90%90%E6%B3%BB,HTTP 404: page does not exist,dayi,not_found,,no exact symptom result in search page,no,
2061,痹疽,duguji,not_found,https://baike.duguji.cn/baike/w/%E7%97%B9%E7%96%BD,HTTP 404: page does not exist,dayi,not_found,,no exact symptom result in search page,no,
2058,痰热喘嗽,duguji,not_found,https://baike.duguji.cn/baike/w/%E7%97%B0%E7%83%AD%E5%96%98%E5%97%BD,HTTP 404: page does not exist,dayi,not_found,,no exact symptom result in search page,no,
2069,療疬,duguji,not_found,https://baike.duguji.cn/baike/w/%E7%99%82%E7%96%AC,HTTP 404: page does not exist,dayi,not_found,,no exact symptom result in search page,no,
2070,療痂,duguji,not_found,https://baike.duguji.cn/baike/w/%E7%99%82%E7%97%82,HTTP 404: page does not exist,dayi,not_found,,no exact symptom result in search page,no,
2071,癌痕,duguji,not_found,https://baike.duguji.cn/baike/w/%E7%99%8C%E7%97%95,HTTP 404: page does not exist,dayi,not_found,,no exact symptom result in search page,no,
2075,癣疮,duguji,not_found,https://baike.duguji.cn/baike/w/%E7%99%A3%E7%96%AE,HTTP 404: page does not exist,dayi,not_found,,no exact symptom result in search page,no,
2089,白癜风,duguji,ok,https://baike.duguji.cn/baike/w/%E7%99%BD%E7%99%9C%E9%A3%8E,,,skipped_first_source_success,,,yes,duguji
2072,癌肿,duguji,not_found,https://baike.duguji.cn/baike/w/%E7%99%8C%E8%82%BF,HTTP 404: page does not exist,dayi,not_found,,no exact symptom result in search page,no,
2092,皮炎,duguji,ok,https://baike.duguji.cn/baike/w/%E7%9A%AE%E7%82%8E,,,skipped_first_source_success,,,yes,duguji
2090,白细胞减少症,duguji,no_definition,https://baike.duguji.cn/baike/w/%E7%99%BD%E7%BB%86%E8%83%9E%E5%87%8F%E5%B0%91%E7%97%87,raw page parsed but no definition found,dayi,not_found,,no exact symptom result in search page,no,
2094,皮肤溃疡,duguji,ok,https://baike.duguji.cn/baike/w/%E7%9A%AE%E8%82%A4%E6%BA%83%E7%96%A1,,,skipped_first_source_success,,,yes,duguji
2076,癣疾,duguji,not_found,https://baike.duguji.cn/baike/w/%E7%99%A3%E7%96%BE,HTTP 404: page does not exist,dayi,not_found,,no exact symptom result in search page,no,
2077,癥瘕结块,duguji,not_found,https://baike.duguji.cn/baike/w/%E7%99%A5%E7%98%95%E7%BB%93%E5%9D%97,HTTP 404: page does not exist,dayi,not_found,,no exact symptom result in search page,no,
2105,眼底出血,duguji,ok,https://baike.duguji.cn/baike/w/%E7%9C%BC%E5%BA%95%E5%87%BA%E8%A1%80,,,skipped_first_source_success,,,yes,duguji
2108,破伤风,duguji,ok,https://baike.duguji.cn/baike/w/%E7%A0%B4%E4%BC%A4%E9%A3%8E,,,skipped_first_source_success,,,yes,duguji
2109,秃疮,duguji,ok,https://baike.duguji.cn/baike/w/%E7%A7%83%E7%96%AE,,,skipped_first_source_success,,,yes,duguji
2081,癲狂,duguji,not_found,https://baike.duguji.cn/baike/w/%E7%99%B2%E7%8B%82,HTTP 404: page does not exist,dayi,not_found,,no exact symptom result in search page,no,
2113,筋挛,duguji,ok,https://baike.duguji.cn/baike/w/%E7%AD%8B%E6%8C%9B,,,skipped_first_source_success,,,yes,duguji
2086,白浊带下,duguji,not_found,https://baike.duguji.cn/baike/w/%E7%99%BD%E6%B5%8A%E5%B8%A6%E4%B8%8B,HTTP 404: page does not exist,dayi,not_found,,no exact symptom result in search page,no,
2085,白带过多,duguji,not_found,https://baike.duguji.cn/baike/w/%E7%99%BD%E5%B8%A6%E8%BF%87%E5%A4%9A,HTTP 404: page does not exist,dayi,not_found,,no exact symptom result in search page,no,
2097,目暗,duguji,not_found,https://baike.duguji.cn/baike/w/%E7%9B%AE%E6%9A%97,HTTP 404: page does not exist,dayi,not_found,,no exact symptom result in search page,no,
2096,皮肤顽癣,duguji,not_found,https://baike.duguji.cn/baike/w/%E7%9A%AE%E8%82%A4%E9%A1%BD%E7%99%A3,HTTP 404: page does not exist,dayi,not_found,,no exact symptom result in search page,no,
2098,目涩痛,duguji,not_found,https://baike.duguji.cn/baike/w/%E7%9B%AE%E6%B6%A9%E7%97%9B,HTTP 404: page does not exist,dayi,not_found,,no exact symptom result in search page,no,
2104,眩悸,duguji,not_found,https://baike.duguji.cn/baike/w/%E7%9C%A9%E6%82%B8,HTTP 404: page does not exist,dayi,not_found,,no exact symptom result in search page,no,
2107,睾丸肿痛,duguji,not_found,https://baike.duguji.cn/baike/w/%E7%9D%BE%E4%B8%B8%E8%82%BF%E7%97%9B,HTTP 404: page does not exist,dayi,not_found,,no exact symptom result in search page,no,
2106,眼结膜炎,duguji,not_found,https://baike.duguji.cn/baike/w/%E7%9C%BC%E7%BB%93%E8%86%9C%E7%82%8E,HTTP 404: page does not exist,dayi,not_found,,no exact symptom result in search page,no,
2120,类风湿性关节炎,duguji,ok,https://baike.duguji.cn/baike/w/%E7%B1%BB%E9%A3%8E%E6%B9%BF%E6%80%A7%E5%85%B3%E8%8A%82%E7%82%8E,,,skipped_first_source_success,,,yes,duguji
2121,红斑狼疮,duguji,ok,https://baike.duguji.cn/baike/w/%E7%BA%A2%E6%96%91%E7%8B%BC%E7%96%AE,,,skipped_first_source_success,,,yes,duguji
2122,红疹,duguji,ok,https://baike.duguji.cn/baike/w/%E7%BA%A2%E7%96%B9,,,skipped_first_source_success,,,yes,duguji
2123,细菌性感染,duguji,no_definition,https://baike.duguji.cn/baike/w/%E7%BB%86%E8%8F%8C%E6%80%A7%E6%84%9F%E6%9F%93,raw page parsed but no definition found,dayi,not_found,,no exact symptom result in search page,no,
2112,筋伤骨折,duguji,not_found,https://baike.duguji.cn/baike/w/%E7%AD%8B%E4%BC%A4%E9%AA%A8%E6%8A%98,HTTP 404: page does not exist,dayi,not_found,,no exact symptom result in search page,no,
2114,筋骨折伤,duguji,not_found,https://baike.duguji.cn/baike/w/%E7%AD%8B%E9%AA%A8%E6%8A%98%E4%BC%A4,HTTP 404: page does not exist,dayi,not_found,,no exact symptom result in search page,no,
2116,筋骨痛,duguji,not_found,https://baike.duguji.cn/baike/w/%E7%AD%8B%E9%AA%A8%E7%97%9B,HTTP 404: page does not exist,dayi,not_found,,no exact symptom result in search page,no,
2129,结核,duguji,ok,https://baike.duguji.cn/baike/w/%E7%BB%93%E6%A0%B8,,,skipped_first_source_success,,,yes,duguji
2131,结胸,duguji,ok,https://baike.duguji.cn/baike/w/%E7%BB%93%E8%83%B8,,,skipped_first_source_success,,,yes,duguji
2117,筋骨痪软,duguji,not_found,https://baike.duguji.cn/baike/w/%E7%AD%8B%E9%AA%A8%E7%97%AA%E8%BD%AF,HTTP 404: page does not exist,dayi,not_found,,no exact symptom result in search page,no,
2119,类血友病,duguji,not_found,https://baike.duguji.cn/baike/w/%E7%B1%BB%E8%A1%80%E5%8F%8B%E7%97%85,HTTP 404: page does not exist,dayi,not_found,,no exact symptom result in search page,no,
2118,筋骨痰软,duguji,not_found,https://baike.duguji.cn/baike/w/%E7%AD%8B%E9%AA%A8%E7%97%B0%E8%BD%AF,HTTP 404: page does not exist,dayi,not_found,,no exact symptom result in search page,no,
2134,绦虫病,duguji,ok,https://baike.duguji.cn/baike/w/%E7%BB%A6%E8%99%AB%E7%97%85,,,skipped_first_source_success,,,yes,duguji
2135,继发性血小板减少性紫癜,duguji,no_definition,https://baike.duguji.cn/baike/w/%E7%BB%A7%E5%8F%91%E6%80%A7%E8%A1%80%E5%B0%8F%E6%9D%BF%E5%87%8F%E5%B0%91%E6%80%A7%E7%B4%AB%E7%99%9C,raw page parsed but no definition found,dayi,not_found,,no exact symptom result in search page,no,
2137,翳障,duguji,ok,https://baike.duguji.cn/baike/w/%E7%BF%B3%E9%9A%9C,,,skipped_first_source_success,,,yes,duguji
2125,经多,duguji,not_found,https://baike.duguji.cn/baike/w/%E7%BB%8F%E5%A4%9A,HTTP 404: page does not exist,dayi,not_found,,no exact symptom result in search page,no,
2124,细菌性感染引起炎症肿毒,duguji,not_found,https://baike.duguji.cn/baike/w/%E7%BB%86%E8%8F%8C%E6%80%A7%E6%84%9F%E6%9F%93%E5%BC%95%E8%B5%B7%E7%82%8E%E7%97%87%E8%82%BF%E6%AF%92,HTTP 404: page does not exist,dayi,not_found,,no exact symptom result in search page,no,
2126,经络气滞,duguji,not_found,https://baike.duguji.cn/baike/w/%E7%BB%8F%E7%BB%9C%E6%B0%94%E6%BB%9E,HTTP 404: page does not exist,dayi,not_found,,no exact symptom result in search page,no,
2139,聤耳,duguji,ok,https://baike.duguji.cn/baike/w/%E8%81%A4%E8%80%B3,,,skipped_first_source_success,,,yes,duguji
2127,经闭痛经,duguji,not_found,https://baike.duguji.cn/baike/w/%E7%BB%8F%E9%97%AD%E7%97%9B%E7%BB%8F,HTTP 404: page does not exist,dayi,not_found,,no exact symptom result in search page,no,
2143,肝炎,duguji,ok,https://baike.duguji.cn/baike/w/%E8%82%9D%E7%82%8E,,,skipped_first_source_success,,,yes,duguji
2142,肝火眩晕,duguji,ok,https://baike.duguji.cn/baike/w/%E8%82%9D%E7%81%AB%E7%9C%A9%E6%99%95,,,skipped_first_source_success,,,yes,duguji
2130,结核性瘘管,duguji,not_found,https://baike.duguji.cn/baike/w/%E7%BB%93%E6%A0%B8%E6%80%A7%E7%98%98%E7%AE%A1,HTTP 404: page does not exist,dayi,not_found,,no exact symptom result in search page,no,
2128,结块,duguji,not_found,https://baike.duguji.cn/baike/w/%E7%BB%93%E5%9D%97,HTTP 404: page does not exist,dayi,not_found,,no exact symptom result in search page,no,
2146,肝硬化,duguji,ok,https://baike.duguji.cn/baike/w/%E8%82%9D%E7%A1%AC%E5%8C%96,,,skipped_first_source_success,,,yes,duguji
2132,结胸痞满,duguji,not_found,https://baike.duguji.cn/baike/w/%E7%BB%93%E8%83%B8%E7%97%9E%E6%BB%A1,HTTP 404: page does not exist,dayi,not_found,,no exact symptom result in search page,no,
2136,缠身蛇丹,duguji,not_found,https://baike.duguji.cn/baike/w/%E7%BC%A0%E8%BA%AB%E8%9B%87%E4%B8%B9,HTTP 404: page does not exist,dayi,not_found,,no exact symptom result in search page,no,
2150,肝胃气痛,duguji,ok,https://baike.duguji.cn/baike/w/%E8%82%9D%E8%83%83%E6%B0%94%E7%97%9B,,,skipped_first_source_success,,,yes,duguji
2133,绝经期眩晕,duguji,not_found,https://baike.duguji.cn/baike/w/%E7%BB%9D%E7%BB%8F%E6%9C%9F%E7%9C%A9%E6%99%95,HTTP 404: page does not exist,dayi,not_found,,no exact symptom result in search page,no,
2152,肝脾肿大,duguji,ok,https://baike.duguji.cn/baike/w/%E8%82%9D%E8%84%BE%E8%82%BF%E5%A4%A7,,,skipped_first_source_success,,,yes,duguji
2153,肠出血,duguji,ok,https://baike.duguji.cn/baike/w/%E8%82%A0%E5%87%BA%E8%A1%80,,,skipped_first_source_success,,,yes,duguji
2138,聘耳流脓,duguji,not_found,https://baike.duguji.cn/baike/w/%E8%81%98%E8%80%B3%E6%B5%81%E8%84%93,HTTP 404: page does not exist,dayi,not_found,,no exact symptom result in search page,no,
2154,肠炎,duguji,ok,https://baike.duguji.cn/baike/w/%E8%82%A0%E7%82%8E,,,skipped_first_source_success,,,yes,duguji
2141,肉暗紫黑,duguji,not_found,https://baike.duguji.cn/baike/w/%E8%82%89%E6%9A%97%E7%B4%AB%E9%BB%91,HTTP 404: page does not exist,dayi,not_found,,no exact symptom result in search page,no,
2158,肠绞痛,duguji,ok,https://baike.duguji.cn/baike/w/%E8%82%A0%E7%BB%9E%E7%97%9B,,,skipped_first_source_success,,,yes,duguji
2140,聤耳流脓,duguji,not_found,https://baike.duguji.cn/baike/w/%E8%81%A4%E8%80%B3%E6%B5%81%E8%84%93,HTTP 404: page does not exist,dayi,not_found,,no exact symptom result in search page,no,
2145,肝病出血,duguji,not_found,https://baike.duguji.cn/baike/w/%E8%82%9D%E7%97%85%E5%87%BA%E8%A1%80,HTTP 404: page does not exist,dayi,not_found,,no exact symptom result in search page,no,
2144,肝热头晕,duguji,not_found,https://baike.duguji.cn/baike/w/%E8%82%9D%E7%83%AD%E5%A4%B4%E6%99%95,HTTP 404: page does not exist,dayi,not_found,,no exact symptom result in search page,no,
2159,肠风,duguji,ok,https://baike.duguji.cn/baike/w/%E8%82%A0%E9%A3%8E,,,skipped_first_source_success,,,yes,duguji
2147,肝肾不足腰膝酸冷,duguji,not_found,https://baike.duguji.cn/baike/w/%E8%82%9D%E8%82%BE%E4%B8%8D%E8%B6%B3%E8%85%B0%E8%86%9D%E9%85%B8%E5%86%B7,HTTP 404: page does not exist,dayi,not_found,,no exact symptom result in search page,no,
2148,肝肾阴虚眩晕,duguji,not_found,https://baike.duguji.cn/baike/w/%E8%82%9D%E8%82%BE%E9%98%B4%E8%99%9A%E7%9C%A9%E6%99%95,HTTP 404: page does not exist,dayi,not_found,,no exact symptom result in search page,no,
2149,肝肾阴虚眩晕耳鸣,duguji,not_found,https://baike.duguji.cn/baike/w/%E8%82%9D%E8%82%BE%E9%98%B4%E8%99%9A%E7%9C%A9%E6%99%95%E8%80%B3%E9%B8%A3,HTTP 404: page does not exist,dayi,not_found,,no exact symptom result in search page,no,
2151,肝胆病,duguji,not_found,https://baike.duguji.cn/baike/w/%E8%82%9D%E8%83%86%E7%97%85,HTTP 404: page does not exist,dayi,not_found,,no exact symptom result in search page,no,
2155,肠燥便秘,duguji,not_found,https://baike.duguji.cn/baike/w/%E8%82%A0%E7%87%A5%E4%BE%BF%E7%A7%98,HTTP 404: page does not exist,dayi,not_found,,no exact symptom result in search page,no,
2157,肠痈肿痛,duguji,not_found,https://baike.duguji.cn/baike/w/%E8%82%A0%E7%97%88%E8%82%BF%E7%97%9B,HTTP 404: page does not exist,dayi,not_found,,no exact symptom result in search page,no,
2160,肠风泻血,duguji,not_found,https://baike.duguji.cn/baike/w/%E8%82%A0%E9%A3%8E%E6%B3%BB%E8%A1%80,HTTP 404: page does not exist,dayi,not_found,,no exact symptom result in search page,no,
2161,肢体不遂,duguji,not_found,https://baike.duguji.cn/baike/w/%E8%82%A2%E4%BD%93%E4%B8%8D%E9%81%82,HTTP 404: page does not exist,dayi,not_found,,no exact symptom result in search page,no,
2163,肢体酸,duguji,not_found,https://baike.duguji.cn/baike/w/%E8%82%A2%E4%BD%93%E9%85%B8,HTTP 404: page does not exist,dayi,not_found,,no exact symptom result in search page,no,
2164,肢体重,duguji,not_found,https://baike.duguji.cn/baike/w/%E8%82%A2%E4%BD%93%E9%87%8D,HTTP 404: page does not exist,dayi,not_found,,no exact symptom result in search page,no,
2172,肺炎,duguji,ok,https://baike.duguji.cn/baike/w/%E8%82%BA%E7%82%8E,,,skipped_first_source_success,,,yes,duguji
2162,肢体痿软,duguji,not_found,https://baike.duguji.cn/baike/w/%E8%82%A2%E4%BD%93%E7%97%BF%E8%BD%AF,HTTP 404: page does not exist,dayi,not_found,,no exact symptom result in search page,no,
2176,肺燥咳嗽,duguji,ok,https://baike.duguji.cn/baike/w/%E8%82%BA%E7%87%A5%E5%92%B3%E5%97%BD,,,skipped_first_source_success,,,yes,duguji
2165,肢节拘挛,duguji,not_found,https://baike.duguji.cn/baike/w/%E8%82%A2%E8%8A%82%E6%8B%98%E6%8C%9B,HTTP 404: page does not exist,dayi,not_found,,no exact symptom result in search page,no,
2166,肩臂痛,duguji,not_found,https://baike.duguji.cn/baike/w/%E8%82%A9%E8%87%82%E7%97%9B,HTTP 404: page does not exist,dayi,not_found,,no exact symptom result in search page,no,
2167,肩臂酸,duguji,not_found,https://baike.duguji.cn/baike/w/%E8%82%A9%E8%87%82%E9%85%B8,HTTP 404: page does not exist,dayi,not_found,,no exact symptom result in search page,no,
2168,肩臂酸痛麻木,duguji,not_found,https://baike.duguji.cn/baike/w/%E8%82%A9%E8%87%82%E9%85%B8%E7%97%9B%E9%BA%BB%E6%9C%A8,HTTP 404: page does not exist,dayi,not_found,,no exact symptom result in search page,no,
2181,肺虚咳嗽,duguji,ok,https://baike.duguji.cn/baike/w/%E8%82%BA%E8%99%9A%E5%92%B3%E5%97%BD,,,skipped_first_source_success,,,yes,duguji
2170,肺出血,duguji,not_found,https://baike.duguji.cn/baike/w/%E8%82%BA%E5%87%BA%E8%A1%80,HTTP 404: page does not exist,dayi,not_found,,no exact symptom result in search page,no,
2171,肺捞,duguji,not_found,https://baike.duguji.cn/baike/w/%E8%82%BA%E6%8D%9E,HTTP 404: page does not exist,dayi,not_found,,no exact symptom result in search page,no,
2173,肺热咳喘,duguji,not_found,https://baike.duguji.cn/baike/w/%E8%82%BA%E7%83%AD%E5%92%B3%E5%96%98,HTTP 404: page does not exist,dayi,not_found,,no exact symptom result in search page,no,
2185,肾小球肾炎,duguji,ok,https://baike.duguji.cn/baike/w/%E8%82%BE%E5%B0%8F%E7%90%83%E8%82%BE%E7%82%8E,,,skipped_first_source_success,,,yes,duguji
2186,肾炎,duguji,ok,https://baike.duguji.cn/baike/w/%E8%82%BE%E7%82%8E,,,skipped_first_source_success,,,yes,duguji
2175,肺热痰壅,duguji,not_found,https://baike.duguji.cn/baike/w/%E8%82%BA%E7%83%AD%E7%97%B0%E5%A3%85,HTTP 404: page does not exist,dayi,not_found,,no exact symptom result in search page,no,
2177,肺痈吐脓,duguji,not_found,https://baike.duguji.cn/baike/w/%E8%82%BA%E7%97%88%E5%90%90%E8%84%93,HTTP 404: page does not exist,dayi,not_found,,no exact symptom result in search page,no,
2174,肺热喘嗽,duguji,not_found,https://baike.duguji.cn/baike/w/%E8%82%BA%E7%83%AD%E5%96%98%E5%97%BD,HTTP 404: page does not exist,dayi,not_found,,no exact symptom result in search page,no,
2188,肾病综合征,duguji,ok,https://baike.duguji.cn/baike/w/%E8%82%BE%E7%97%85%E7%BB%BC%E5%90%88%E5%BE%81,,,skipped_first_source_success,,,yes,duguji
2178,肺痨咳血,duguji,not_found,https://baike.duguji.cn/baike/w/%E8%82%BA%E7%97%A8%E5%92%B3%E8%A1%80,HTTP 404: page does not exist,dayi,not_found,,no exact symptom result in search page,no,
2189,肾绞痛,duguji,ok,https://baike.duguji.cn/baike/w/%E8%82%BE%E7%BB%9E%E7%97%9B,,,skipped_first_source_success,,,yes,duguji
2180,肺结核咳嗽,duguji,not_found,https://baike.duguji.cn/baike/w/%E8%82%BA%E7%BB%93%E6%A0%B8%E5%92%B3%E5%97%BD,HTTP 404: page does not exist,dayi,not_found,,no exact symptom result in search page,no,
2192,肿瘤,duguji,ok,https://baike.duguji.cn/baike/w/%E8%82%BF%E7%98%A4,,,skipped_first_source_success,,,yes,duguji
2195,胃癌,duguji,ok,https://baike.duguji.cn/baike/w/%E8%83%83%E7%99%8C,,,skipped_first_source_success,,,yes,duguji
2194,胃火牙痛,duguji,ok,https://baike.duguji.cn/baike/w/%E8%83%83%E7%81%AB%E7%89%99%E7%97%9B,,,skipped_first_source_success,,,yes,duguji
2197,胆囊炎,duguji,ok,https://baike.duguji.cn/baike/w/%E8%83%86%E5%9B%8A%E7%82%8E,,,skipped_first_source_success,,,yes,duguji
2198,胆石症,duguji,no_definition,https://baike.duguji.cn/baike/w/%E8%83%86%E7%9F%B3%E7%97%87,raw page parsed but no definition found,dayi,not_found,,no exact symptom result in search page,no,
2199,胆绞痛,duguji,ok,https://baike.duguji.cn/baike/w/%E8%83%86%E7%BB%9E%E7%97%9B,,,skipped_first_source_success,,,yes,duguji
2182,肺虚咳血,duguji,not_found,https://baike.duguji.cn/baike/w/%E8%82%BA%E8%99%9A%E5%92%B3%E8%A1%80,HTTP 404: page does not exist,dayi,not_found,,no exact symptom result in search page,no,
2183,肾与小腹冷痛,duguji,not_found,https://baike.duguji.cn/baike/w/%E8%82%BE%E4%B8%8E%E5%B0%8F%E8%85%B9%E5%86%B7%E7%97%9B,HTTP 404: page does not exist,dayi,not_found,,no exact symptom result in search page,no,
2187,肾炎水肿,duguji,not_found,https://baike.duguji.cn/baike/w/%E8%82%BE%E7%82%8E%E6%B0%B4%E8%82%BF,HTTP 404: page does not exist,dayi,not_found,,no exact symptom result in search page,no,
2184,肾冷痛,duguji,not_found,https://baike.duguji.cn/baike/w/%E8%82%BE%E5%86%B7%E7%97%9B,HTTP 404: page does not exist,dayi,not_found,,no exact symptom result in search page,no,
2190,肾虚腰膝酸痛,duguji,not_found,https://baike.duguji.cn/baike/w/%E8%82%BE%E8%99%9A%E8%85%B0%E8%86%9D%E9%85%B8%E7%97%9B,HTTP 404: page does not exist,dayi,not_found,,no exact symptom result in search page,no,
2193,胀满疼痛,duguji,not_found,https://baike.duguji.cn/baike/w/%E8%83%80%E6%BB%A1%E7%96%BC%E7%97%9B,HTTP 404: page does not exist,dayi,not_found,,no exact symptom result in search page,no,
2191,肾虚阳痿,duguji,not_found,https://baike.duguji.cn/baike/w/%E8%82%BE%E8%99%9A%E9%98%B3%E7%97%BF,HTTP 404: page does not exist,dayi,not_found,,no exact symptom result in search page,no,
2196,胃肠道肿瘤,duguji,not_found,https://baike.duguji.cn/baike/w/%E8%83%83%E8%82%A0%E9%81%93%E8%82%BF%E7%98%A4,HTTP 404: page does not exist,dayi,not_found,,no exact symptom result in search page,no,
2200,胸中痞闷,duguji,not_found,https://baike.duguji.cn/baike/w/%E8%83%B8%E4%B8%AD%E7%97%9E%E9%97%B7,HTTP 404: page does not exist,dayi,not_found,,no exact symptom result in search page,no,
2202,胸脘痞闷胀满,duguji,not_found,https://baike.duguji.cn/baike/w/%E8%83%B8%E8%84%98%E7%97%9E%E9%97%B7%E8%83%80%E6%BB%A1,HTTP 404: page does not exist,dayi,not_found,,no exact symptom result in search page,no,
2201,胸痹刺痛,duguji,not_found,https://baike.duguji.cn/baike/w/%E8%83%B8%E7%97%B9%E5%88%BA%E7%97%9B,HTTP 404: page does not exist,dayi,not_found,,no exact symptom result in search page,no,
2204,胸腹胀闷疼痛,duguji,not_found,https://baike.duguji.cn/baike/w/%E8%83%B8%E8%85%B9%E8%83%80%E9%97%B7%E7%96%BC%E7%97%9B,HTTP 404: page does not exist,dayi,not_found,,no exact symptom result in search page,no,
2203,胸腔积水,duguji,not_found,https://baike.duguji.cn/baike/w/%E8%83%B8%E8%85%94%E7%A7%AF%E6%B0%B4,HTTP 404: page does not exist,dayi,not_found,,no exact symptom result in search page,no,
2205,胸膈不舒,duguji,not_found,https://baike.duguji.cn/baike/w/%E8%83%B8%E8%86%88%E4%B8%8D%E8%88%92,HTTP 404: page does not exist,dayi,not_found,,no exact symptom result in search page,no,
2207,脉结代,duguji,not_found,https://baike.duguji.cn/baike/w/%E8%84%89%E7%BB%93%E4%BB%A3,HTTP 404: page does not exist,dayi,not_found,,no exact symptom result in search page,no,
2208,脓水淋漓,duguji,not_found,https://baike.duguji.cn/baike/w/%E8%84%93%E6%B0%B4%E6%B7%8B%E6%BC%93,HTTP 404: page does not exist,dayi,not_found,,no exact symptom result in search page,no,
2209,脘痛,duguji,not_found,https://baike.duguji.cn/baike/w/%E8%84%98%E7%97%9B,HTTP 404: page does not exist,dayi,not_found,,no exact symptom result in search page,no,
2210,脘痞吐泻,duguji,not_found,https://baike.duguji.cn/baike/w/%E8%84%98%E7%97%9E%E5%90%90%E6%B3%BB,HTTP 404: page does not exist,dayi,not_found,,no exact symptom result in search page,no,
2219,脚癣,duguji,no_definition,https://baike.duguji.cn/baike/w/%E8%84%9A%E7%99%A3,raw page parsed but no definition found,dayi,not_found,,no exact symptom result in search page,no,
2211,脘痞呕恶,duguji,not_found,https://baike.duguji.cn/baike/w/%E8%84%98%E7%97%9E%E5%91%95%E6%81%B6,HTTP 404: page does not exist,dayi,not_found,,no exact symptom result in search page,no,
2212,脘腹挛急疼痛,duguji,not_found,https://baike.duguji.cn/baike/w/%E8%84%98%E8%85%B9%E6%8C%9B%E6%80%A5%E7%96%BC%E7%97%9B,HTTP 404: page does not exist,dayi,not_found,,no exact symptom result in search page,no,
2213,脘腹痞满胀痛,duguji,not_found,https://baike.duguji.cn/baike/w/%E8%84%98%E8%85%B9%E7%97%9E%E6%BB%A1%E8%83%80%E7%97%9B,HTTP 404: page does not exist,dayi,not_found,,no exact symptom result in search page,no,
2222,脾虚泄泻,duguji,ok,https://baike.duguji.cn/baike/w/%E8%84%BE%E8%99%9A%E6%B3%84%E6%B3%BB,,,skipped_first_source_success,,,yes,duguji
2214,脘腹胀满冷痛,duguji,not_found,https://baike.duguji.cn/baike/w/%E8%84%98%E8%85%B9%E8%83%80%E6%BB%A1%E5%86%B7%E7%97%9B,HTTP 404: page does not exist,dayi,not_found,,no exact symptom result in search page,no,
2215,脘腹胁肋疼痛,duguji,not_found,https://baike.duguji.cn/baike/w/%E8%84%98%E8%85%B9%E8%83%81%E8%82%8B%E7%96%BC%E7%97%9B,HTTP 404: page does not exist,dayi,not_found,,no exact symptom result in search page,no,
2216,脘腹虛痛,duguji,not_found,https://baike.duguji.cn/baike/w/%E8%84%98%E8%85%B9%E8%99%9B%E7%97%9B,HTTP 404: page does not exist,dayi,not_found,,no exact symptom result in search page,no,
2224,腮腺炎,duguji,ok,https://baike.duguji.cn/baike/w/%E8%85%AE%E8%85%BA%E7%82%8E,,,skipped_first_source_success,,,yes,duguji
2217,脚气肿毒,duguji,not_found,https://baike.duguji.cn/baike/w/%E8%84%9A%E6%B0%94%E8%82%BF%E6%AF%92,HTTP 404: page does not exist,dayi,not_found,,no exact symptom result in search page,no,
2218,脚气肿胀,duguji,not_found,https://baike.duguji.cn/baike/w/%E8%84%9A%E6%B0%94%E8%82%BF%E8%83%80,HTTP 404: page does not exist,dayi,not_found,,no exact symptom result in search page,no,
2232,腹中痞块,duguji,ok,https://baike.duguji.cn/baike/w/%E8%85%B9%E4%B8%AD%E7%97%9E%E5%9D%97,,,skipped_first_source_success,,,yes,duguji
2220,脱力劳伤,duguji,not_found,https://baike.duguji.cn/baike/w/%E8%84%B1%E5%8A%9B%E5%8A%B3%E4%BC%A4,HTTP 404: page does not exist,dayi,not_found,,no exact symptom result in search page,no,
2233,腹满,duguji,ok,https://baike.duguji.cn/baike/w/%E8%85%B9%E6%BB%A1,,,skipped_first_source_success,,,yes,duguji
2221,脾肾虚泻,duguji,not_found,https://baike.duguji.cn/baike/w/%E8%84%BE%E8%82%BE%E8%99%9A%E6%B3%BB,HTTP 404: page does not exist,dayi,not_found,,no exact symptom result in search page,no,
2223,脾虚食少,duguji,not_found,https://baike.duguji.cn/baike/w/%E8%84%BE%E8%99%9A%E9%A3%9F%E5%B0%91,HTTP 404: page does not exist,dayi,not_found,,no exact symptom result in search page,no,
2236,腿痛,duguji,ok,https://baike.duguji.cn/baike/w/%E8%85%BF%E7%97%9B,,,skipped_first_source_success,,,yes,duguji
2237,膏淋,duguji,ok,https://baike.duguji.cn/baike/w/%E8%86%8F%E6%B7%8B,,,skipped_first_source_success,,,yes,duguji
2225,腰冷痛,duguji,not_found,https://baike.duguji.cn/baike/w/%E8%85%B0%E5%86%B7%E7%97%9B,HTTP 404: page does not exist,dayi,not_found,,no exact symptom result in search page,no,
2226,腰腿疼痛,duguji,not_found,https://baike.duguji.cn/baike/w/%E8%85%B0%E8%85%BF%E7%96%BC%E7%97%9B,HTTP 404: page does not exist,dayi,not_found,,no exact symptom result in search page,no,
2228,腰膝关节酸重疼痛,duguji,not_found,https://baike.duguji.cn/baike/w/%E8%85%B0%E8%86%9D%E5%85%B3%E8%8A%82%E9%85%B8%E9%87%8D%E7%96%BC%E7%97%9B,HTTP 404: page does not exist,dayi,not_found,,no exact symptom result in search page,no,
2239,膝关节疼痛,duguji,ok,https://baike.duguji.cn/baike/w/%E8%86%9D%E5%85%B3%E8%8A%82%E7%96%BC%E7%97%9B,,,skipped_first_source_success,,,yes,duguji
2229,腰膝痿软,duguji,not_found,https://baike.duguji.cn/baike/w/%E8%85%B0%E8%86%9D%E7%97%BF%E8%BD%AF,HTTP 404: page does not exist,dayi,not_found,,no exact symptom result in search page,no,
2242,膝痛,duguji,ok,https://baike.duguji.cn/baike/w/%E8%86%9D%E7%97%9B,,,skipped_first_source_success,,,yes,duguji
2247,药物中毒,duguji,ok,https://baike.duguji.cn/baike/w/%E8%8D%AF%E7%89%A9%E4%B8%AD%E6%AF%92,,,skipped_first_source_success,,,yes,duguji
2248,菌痢,duguji,no_definition,https://baike.duguji.cn/baike/w/%E8%8F%8C%E7%97%A2,raw page parsed but no definition found,dayi,not_found,,no exact symptom result in search page,no,
2250,虚劳失精,duguji,ok,https://baike.duguji.cn/baike/w/%E8%99%9A%E5%8A%B3%E5%A4%B1%E7%B2%BE,,,skipped_first_source_success,,,yes,duguji
2249,萎黄,duguji,ok,https://baike.duguji.cn/baike/w/%E8%90%8E%E9%BB%84,,,skipped_first_source_success,,,yes,duguji
2234,腹绞痛,duguji,not_found,https://baike.duguji.cn/baike/w/%E8%85%B9%E7%BB%9E%E7%97%9B,HTTP 404: page does not exist,dayi,not_found,,no exact symptom result in search page,no,
2235,腹腔积水,duguji,not_found,https://baike.duguji.cn/baike/w/%E8%85%B9%E8%85%94%E7%A7%AF%E6%B0%B4,HTTP 404: page does not exist,dayi,not_found,,no exact symptom result in search page,no,
2252,虫积腹痛,duguji,ok,https://baike.duguji.cn/baike/w/%E8%99%AB%E7%A7%AF%E8%85%B9%E7%97%9B,,,skipped_first_source_success,,,yes,duguji
2255,蚀疮,duguji,ok,https://baike.duguji.cn/baike/w/%E8%9A%80%E7%96%AE,,,skipped_first_source_success,,,yes,duguji
2256,蚕豆病,duguji,no_definition,https://baike.duguji.cn/baike/w/%E8%9A%95%E8%B1%86%E7%97%85,raw page parsed but no definition found,dayi,not_found,,no exact symptom result in search page,no,
2238,膝关节沉重,duguji,not_found,https://baike.duguji.cn/baike/w/%E8%86%9D%E5%85%B3%E8%8A%82%E6%B2%89%E9%87%8D,HTTP 404: page does not exist,dayi,not_found,,no exact symptom result in search page,no,
2259,蛔厥,duguji,ok,https://baike.duguji.cn/baike/w/%E8%9B%94%E5%8E%A5,,,skipped_first_source_success,,,yes,duguji
2260,蛔虫,duguji,ok,https://baike.duguji.cn/baike/w/%E8%9B%94%E8%99%AB,,,skipped_first_source_success,,,yes,duguji
2261,蛔虫病,duguji,ok,https://baike.duguji.cn/baike/w/%E8%9B%94%E8%99%AB%E7%97%85,,,skipped_first_source_success,,,yes,duguji
2263,蛲虫病,duguji,ok,https://baike.duguji.cn/baike/w/%E8%9B%B2%E8%99%AB%E7%97%85,,,skipped_first_source_success,,,yes,duguji
2243,膝酸,duguji,not_found,https://baike.duguji.cn/baike/w/%E8%86%9D%E9%85%B8,HTTP 404: page does not exist,dayi,not_found,,no exact symptom result in search page,no,
2265,血友病,duguji,ok,https://baike.duguji.cn/baike/w/%E8%A1%80%E5%8F%8B%E7%97%85,,,skipped_first_source_success,,,yes,duguji
2266,血吸虫病,duguji,ok,https://baike.duguji.cn/baike/w/%E8%A1%80%E5%90%B8%E8%99%AB%E7%97%85,,,skipped_first_source_success,,,yes,duguji
2244,膝酸软,duguji,not_found,https://baike.duguji.cn/baike/w/%E8%86%9D%E9%85%B8%E8%BD%AF,HTTP 404: page does not exist,dayi,not_found,,no exact symptom result in search page,no,
2251,虚热烦渴,duguji,not_found,https://baike.duguji.cn/baike/w/%E8%99%9A%E7%83%AD%E7%83%A6%E6%B8%B4,HTTP 404: page does not exist,dayi,not_found,,no exact symptom result in search page,no,
2253,虫积食滞,duguji,not_found,https://baike.duguji.cn/baike/w/%E8%99%AB%E7%A7%AF%E9%A3%9F%E6%BB%9E,HTTP 404: page does not exist,dayi,not_found,,no exact symptom result in search page,no,
2273,血热崩漏,duguji,ok,https://baike.duguji.cn/baike/w/%E8%A1%80%E7%83%AD%E5%B4%A9%E6%BC%8F,,,skipped_first_source_success,,,yes,duguji
2258,蛇咬蝎螫,duguji,not_found,https://baike.duguji.cn/baike/w/%E8%9B%87%E5%92%AC%E8%9D%8E%E8%9E%AB,HTTP 404: page does not exist,dayi,not_found,,no exact symptom result in search page,no,
2262,蛔虫腹痛,duguji,not_found,https://baike.duguji.cn/baike/w/%E8%9B%94%E8%99%AB%E8%85%B9%E7%97%9B,HTTP 404: page does not exist,dayi,not_found,,no exact symptom result in search page,no,
2264,蟹中毒,duguji,not_found,https://baike.duguji.cn/baike/w/%E8%9F%B9%E4%B8%AD%E6%AF%92,HTTP 404: page does not exist,dayi,not_found,,no exact symptom result in search page,no,
2267,血淋涩痛,duguji,not_found,https://baike.duguji.cn/baike/w/%E8%A1%80%E6%B7%8B%E6%B6%A9%E7%97%9B,HTTP 404: page does not exist,dayi,not_found,,no exact symptom result in search page,no,
2269,血热发斑,duguji,not_found,https://baike.duguji.cn/baike/w/%E8%A1%80%E7%83%AD%E5%8F%91%E6%96%91,HTTP 404: page does not exist,dayi,not_found,,no exact symptom result in search page,no,
2277,血痢,duguji,ok,https://baike.duguji.cn/baike/w/%E8%A1%80%E7%97%A2,,,skipped_first_source_success,,,yes,duguji
2268,血热便血,duguji,not_found,https://baike.duguji.cn/baike/w/%E8%A1%80%E7%83%AD%E4%BE%BF%E8%A1%80,HTTP 404: page does not exist,dayi,not_found,,no exact symptom result in search page,no,
2270,血热发疹,duguji,not_found,https://baike.duguji.cn/baike/w/%E8%A1%80%E7%83%AD%E5%8F%91%E7%96%B9,HTTP 404: page does not exist,dayi,not_found,,no exact symptom result in search page,no,
2282,足痿,duguji,ok,https://baike.duguji.cn/baike/w/%E8%B6%B3%E7%97%BF,,,skipped_first_source_success,,,yes,duguji
2271,血热吐血,duguji,not_found,https://baike.duguji.cn/baike/w/%E8%A1%80%E7%83%AD%E5%90%90%E8%A1%80,HTTP 404: page does not exist,dayi,not_found,,no exact symptom result in search page,no,
2280,赤白带下,duguji,ok,https://baike.duguji.cn/baike/w/%E8%B5%A4%E7%99%BD%E5%B8%A6%E4%B8%8B,,,skipped_first_source_success,,,yes,duguji
2272,血热咯血,duguji,not_found,https://baike.duguji.cn/baike/w/%E8%A1%80%E7%83%AD%E5%92%AF%E8%A1%80,HTTP 404: page does not exist,dayi,not_found,,no exact symptom result in search page,no,
2274,血热紫癜,duguji,not_found,https://baike.duguji.cn/baike/w/%E8%A1%80%E7%83%AD%E7%B4%AB%E7%99%9C,HTTP 404: page does not exist,dayi,not_found,,no exact symptom result in search page,no,
2275,血热血淋,duguji,not_found,https://baike.duguji.cn/baike/w/%E8%A1%80%E7%83%AD%E8%A1%80%E6%B7%8B,HTTP 404: page does not exist,dayi,not_found,,no exact symptom result in search page,no,
2279,赘疣,duguji,not_found,https://baike.duguji.cn/baike/w/%E8%B5%98%E7%96%A3,HTTP 404: page does not exist,dayi,not_found,,no exact symptom result in search page,no,
2276,血热衄血,duguji,not_found,https://baike.duguji.cn/baike/w/%E8%A1%80%E7%83%AD%E8%A1%84%E8%A1%80,HTTP 404: page does not exist,dayi,not_found,,no exact symptom result in search page,no,
2291,酒齄鼻,duguji,ok,https://baike.duguji.cn/baike/w/%E9%85%92%E9%BD%84%E9%BC%BB,,,skipped_first_source_success,,,yes,duguji
2278,贲门部痉挛,duguji,not_found,https://baike.duguji.cn/baike/w/%E8%B4%B2%E9%97%A8%E9%83%A8%E7%97%89%E6%8C%9B,HTTP 404: page does not exist,dayi,not_found,,no exact symptom result in search page,no,
2293,金疮,duguji,ok,https://baike.duguji.cn/baike/w/%E9%87%91%E7%96%AE,,,skipped_first_source_success,,,yes,duguji
2281,赤白痢疾,duguji,not_found,https://baike.duguji.cn/baike/w/%E8%B5%A4%E7%99%BD%E7%97%A2%E7%96%BE,HTTP 404: page does not exist,dayi,not_found,,no exact symptom result in search page,no,
2295,钩虫病,duguji,ok,https://baike.duguji.cn/baike/w/%E9%92%A9%E8%99%AB%E7%97%85,,,skipped_first_source_success,,,yes,duguji
2292,醉酒,duguji,no_definition,https://baike.duguji.cn/baike/w/%E9%86%89%E9%85%92,raw page parsed but no definition found,dayi,not_found,,no exact symptom result in search page,no,
2285,跌扑闪挫,duguji,not_found,https://baike.duguji.cn/baike/w/%E8%B7%8C%E6%89%91%E9%97%AA%E6%8C%AB,HTTP 404: page does not exist,dayi,not_found,,no exact symptom result in search page,no,
2298,阑尾炎,duguji,ok,https://baike.duguji.cn/baike/w/%E9%98%91%E5%B0%BE%E7%82%8E,,,skipped_first_source_success,,,yes,duguji
2297,闪腰,duguji,ok,https://baike.duguji.cn/baike/w/%E9%97%AA%E8%85%B0,,,skipped_first_source_success,,,yes,duguji
2284,跌扑损伤,duguji,not_found,https://baike.duguji.cn/baike/w/%E8%B7%8C%E6%89%91%E6%8D%9F%E4%BC%A4,HTTP 404: page does not exist,dayi,not_found,,no exact symptom result in search page,no,
2286,跌打伤肿,duguji,not_found,https://baike.duguji.cn/baike/w/%E8%B7%8C%E6%89%93%E4%BC%A4%E8%82%BF,HTTP 404: page does not exist,dayi,not_found,,no exact symptom result in search page,no,
2283,趺扑肿痛,duguji,not_found,https://baike.duguji.cn/baike/w/%E8%B6%BA%E6%89%91%E8%82%BF%E7%97%9B,HTTP 404: page does not exist,dayi,not_found,,no exact symptom result in search page,no,
2287,跌打扭伤,duguji,not_found,https://baike.duguji.cn/baike/w/%E8%B7%8C%E6%89%93%E6%89%AD%E4%BC%A4,HTTP 404: page does not exist,dayi,not_found,,no exact symptom result in search page,no,
2304,阴囊湿疹,duguji,ok,https://baike.duguji.cn/baike/w/%E9%98%B4%E5%9B%8A%E6%B9%BF%E7%96%B9,,,skipped_first_source_success,,,yes,duguji
2303,阳萎,duguji,no_definition,https://baike.duguji.cn/baike/w/%E9%98%B3%E8%90%8E,raw page parsed but no definition found,dayi,not_found,,no exact symptom result in search page,no,
2307,阴虚发热,duguji,ok,https://baike.duguji.cn/baike/w/%E9%98%B4%E8%99%9A%E5%8F%91%E7%83%AD,,,skipped_first_source_success,,,yes,duguji
2288,跌打骨折,duguji,not_found,https://baike.duguji.cn/baike/w/%E8%B7%8C%E6%89%93%E9%AA%A8%E6%8A%98,HTTP 404: page does not exist,dayi,not_found,,no exact symptom result in search page,no,
2290,郁闷,duguji,not_found,https://baike.duguji.cn/baike/w/%E9%83%81%E9%97%B7,HTTP 404: page does not exist,dayi,not_found,,no exact symptom result in search page,no,
2294,金疮出血,duguji,not_found,https://baike.duguji.cn/baike/w/%E9%87%91%E7%96%AE%E5%87%BA%E8%A1%80,HTTP 404: page does not exist,dayi,not_found,,no exact symptom result in search page,no,
2311,雀目,duguji,ok,https://baike.duguji.cn/baike/w/%E9%9B%80%E7%9B%AE,,,skipped_first_source_success,,,yes,duguji
2312,霍乱,duguji,ok,https://baike.duguji.cn/baike/w/%E9%9C%8D%E4%B9%B1,,,skipped_first_source_success,,,yes,duguji
2299,阳毒发斑,duguji,not_found,https://baike.duguji.cn/baike/w/%E9%98%B3%E6%AF%92%E5%8F%91%E6%96%91,HTTP 404: page does not exist,dayi,not_found,,no exact symptom result in search page,no,
2314,青盲,duguji,ok,https://baike.duguji.cn/baike/w/%E9%9D%92%E7%9B%B2,,,skipped_first_source_success,,,yes,duguji
2302,阳瘘,duguji,not_found,https://baike.duguji.cn/baike/w/%E9%98%B3%E7%98%98,HTTP 404: page does not exist,dayi,not_found,,no exact symptom result in search page,no,
2313,霍乱吐泻,duguji,ok,https://baike.duguji.cn/baike/w/%E9%9C%8D%E4%B9%B1%E5%90%90%E6%B3%BB,,,skipped_first_source_success,,,yes,duguji
2305,阴寒腹痛,duguji,not_found,https://baike.duguji.cn/baike/w/%E9%98%B4%E5%AF%92%E8%85%B9%E7%97%9B,HTTP 404: page does not exist,dayi,not_found,,no exact symptom result in search page,no,
2316,顽癣,duguji,ok,https://baike.duguji.cn/baike/w/%E9%A1%BD%E7%99%A3,,,skipped_first_source_success,,,yes,duguji
2300,阳痪,duguji,not_found,https://baike.duguji.cn/baike/w/%E9%98%B3%E7%97%AA,HTTP 404: page does not exist,dayi,not_found,,no exact symptom result in search page,no,
2301,阳痿不孕,duguji,not_found,https://baike.duguji.cn/baike/w/%E9%98%B3%E7%97%BF%E4%B8%8D%E5%AD%95,HTTP 404: page does not exist,dayi,not_found,,no exact symptom result in search page,no,
2318,风寒湿痹,duguji,ok,https://baike.duguji.cn/baike/w/%E9%A3%8E%E5%AF%92%E6%B9%BF%E7%97%B9,,,skipped_first_source_success,,,yes,duguji
2308,阴道滴虫,duguji,not_found,https://baike.duguji.cn/baike/w/%E9%98%B4%E9%81%93%E6%BB%B4%E8%99%AB,HTTP 404: page does not exist,dayi,not_found,,no exact symptom result in search page,no,
2306,阴虚劳嗽,duguji,not_found,https://baike.duguji.cn/baike/w/%E9%98%B4%E8%99%9A%E5%8A%B3%E5%97%BD,HTTP 404: page does not exist,dayi,not_found,,no exact symptom result in search page,no,
2323,风湿性关节炎,duguji,ok,https://baike.duguji.cn/baike/w/%E9%A3%8E%E6%B9%BF%E6%80%A7%E5%85%B3%E8%8A%82%E7%82%8E,,,skipped_first_source_success,,,yes,duguji
2324,风湿热痹,duguji,ok,https://baike.duguji.cn/baike/w/%E9%A3%8E%E6%B9%BF%E7%83%AD%E7%97%B9,,,skipped_first_source_success,,,yes,duguji
2309,院腹冷痛,duguji,not_found,https://baike.duguji.cn/baike/w/%E9%99%A2%E8%85%B9%E5%86%B7%E7%97%9B,HTTP 404: page does not exist,dayi,not_found,,no exact symptom result in search page,no,
2310,院腹括闷,duguji,not_found,https://baike.duguji.cn/baike/w/%E9%99%A2%E8%85%B9%E6%8B%AC%E9%97%B7,HTTP 404: page does not exist,dayi,not_found,,no exact symptom result in search page,no,
2321,风湿关节疼痛,duguji,not_found,https://baike.duguji.cn/baike/w/%E9%A3%8E%E6%B9%BF%E5%85%B3%E8%8A%82%E7%96%BC%E7%97%9B,HTTP 404: page does not exist,dayi,not_found,,no exact symptom result in search page,no,
2320,风水浮肿,duguji,not_found,https://baike.duguji.cn/baike/w/%E9%A3%8E%E6%B0%B4%E6%B5%AE%E8%82%BF,HTTP 404: page does not exist,dayi,not_found,,no exact symptom result in search page,no,
2317,风寒挟湿头痛,duguji,not_found,https://baike.duguji.cn/baike/w/%E9%A3%8E%E5%AF%92%E6%8C%9F%E6%B9%BF%E5%A4%B4%E7%97%9B,HTTP 404: page does not exist,dayi,not_found,,no exact symptom result in search page,no,
2322,风湿关节痿软疼痛,duguji,not_found,https://baike.duguji.cn/baike/w/%E9%A3%8E%E6%B9%BF%E5%85%B3%E8%8A%82%E7%97%BF%E8%BD%AF%E7%96%BC%E7%97%9B,HTTP 404: page does not exist,dayi,not_found,,no exact symptom result in search page,no,
2332,风热咳嗽,duguji,ok,https://baike.duguji.cn/baike/w/%E9%A3%8E%E7%83%AD%E5%92%B3%E5%97%BD,,,skipped_first_source_success,,,yes,duguji
2315,面目肌肤浮肿,duguji,not_found,https://baike.duguji.cn/baike/w/%E9%9D%A2%E7%9B%AE%E8%82%8C%E8%82%A4%E6%B5%AE%E8%82%BF,HTTP 404: page does not exist,dayi,not_found,,no exact symptom result in search page,no,
2319,风寒湿痹痛,duguji,not_found,https://baike.duguji.cn/baike/w/%E9%A3%8E%E5%AF%92%E6%B9%BF%E7%97%B9%E7%97%9B,HTTP 404: page does not exist,dayi,not_found,,no exact symptom result in search page,no,
2333,风热头痛,duguji,ok,https://baike.duguji.cn/baike/w/%E9%A3%8E%E7%83%AD%E5%A4%B4%E7%97%9B,,,skipped_first_source_success,,,yes,duguji
2331,风湿骨痛,duguji,no_definition,https://baike.duguji.cn/baike/w/%E9%A3%8E%E6%B9%BF%E9%AA%A8%E7%97%9B,raw page parsed but no definition found,dayi,not_found,,no exact symptom result in search page,no,
2335,风疹,duguji,ok,https://baike.duguji.cn/baike/w/%E9%A3%8E%E7%96%B9,,,skipped_first_source_success,,,yes,duguji
2325,风湿痛,duguji,not_found,https://baike.duguji.cn/baike/w/%E9%A3%8E%E6%B9%BF%E7%97%9B,HTTP 404: page does not exist,dayi,ok,https://www.dayi.org.cn/symptom/1153698.html,,yes,dayi
2327,风湿肢体痿软疼痛,duguji,not_found,https://baike.duguji.cn/baike/w/%E9%A3%8E%E6%B9%BF%E8%82%A2%E4%BD%93%E7%97%BF%E8%BD%AF%E7%96%BC%E7%97%9B,HTTP 404: page does not exist,dayi,not_found,,no exact symptom result in search page,no,
2337,风痹,duguji,ok,https://baike.duguji.cn/baike/w/%E9%A3%8E%E7%97%B9,,,skipped_first_source_success,,,yes,duguji
2339,食物中毒,duguji,ok,https://baike.duguji.cn/baike/w/%E9%A3%9F%E7%89%A9%E4%B8%AD%E6%AF%92,,,skipped_first_source_success,,,yes,duguji
2326,风湿痹病,duguji,not_found,https://baike.duguji.cn/baike/w/%E9%A3%8E%E6%B9%BF%E7%97%B9%E7%97%85,HTTP 404: page does not exist,dayi,not_found,,no exact symptom result in search page,no,
2341,骨痛,duguji,ok,https://baike.duguji.cn/baike/w/%E9%AA%A8%E7%97%9B,,,skipped_first_source_success,,,yes,duguji
2343,骨蒸潮热,duguji,ok,https://baike.duguji.cn/baike/w/%E9%AA%A8%E8%92%B8%E6%BD%AE%E7%83%AD,,,skipped_first_source_success,,,yes,duguji
2342,骨蒸,duguji,ok,https://baike.duguji.cn/baike/w/%E9%AA%A8%E8%92%B8,,,skipped_first_source_success,,,yes,duguji
2344,骨髓炎,duguji,ok,https://baike.duguji.cn/baike/w/%E9%AA%A8%E9%AB%93%E7%82%8E,,,skipped_first_source_success,,,yes,duguji
2328,风湿肩臂疼痛,duguji,not_found,https://baike.duguji.cn/baike/w/%E9%A3%8E%E6%B9%BF%E8%82%A9%E8%87%82%E7%96%BC%E7%97%9B,HTTP 404: page does not exist,dayi,not_found,,no exact symptom result in search page,no,
2346,高脂血症,duguji,ok,https://baike.duguji.cn/baike/w/%E9%AB%98%E8%84%82%E8%A1%80%E7%97%87,,,skipped_first_source_success,,,yes,duguji
2347,高血压,duguji,ok,https://baike.duguji.cn/baike/w/%E9%AB%98%E8%A1%80%E5%8E%8B,,,skipped_first_source_success,,,yes,duguji
2348,高血压病,duguji,no_definition,https://baike.duguji.cn/baike/w/%E9%AB%98%E8%A1%80%E5%8E%8B%E7%97%85,raw page parsed but no definition found,dayi,not_found,,no exact symptom result in search page,no,
2351,鹅掌风,duguji,ok,https://baike.duguji.cn/baike/w/%E9%B9%85%E6%8E%8C%E9%A3%8E,,,skipped_first_source_success,,,yes,duguji
2329,风湿肿痛,duguji,not_found,https://baike.duguji.cn/baike/w/%E9%A3%8E%E6%B9%BF%E8%82%BF%E7%97%9B,HTTP 404: page does not exist,dayi,not_found,,no exact symptom result in search page,no,
2350,鸡眼,duguji,ok,https://baike.duguji.cn/baike/w/%E9%B8%A1%E7%9C%BC,,,skipped_first_source_success,,,yes,duguji
2353,麻痹,duguji,ok,https://baike.duguji.cn/baike/w/%E9%BA%BB%E7%97%B9,,,skipped_first_source_success,,,yes,duguji
2330,风湿顽痹,duguji,not_found,https://baike.duguji.cn/baike/w/%E9%A3%8E%E6%B9%BF%E9%A1%BD%E7%97%B9,HTTP 404: page does not exist,dayi,not_found,,no exact symptom result in search page,no,
2352,麻疹,duguji,ok,https://baike.duguji.cn/baike/w/%E9%BA%BB%E7%96%B9,,,skipped_first_source_success,,,yes,duguji
2356,麻风病,duguji,ok,https://baike.duguji.cn/baike/w/%E9%BA%BB%E9%A3%8E%E7%97%85,,,skipped_first_source_success,,,yes,duguji
2355,麻风,duguji,no_definition,https://baike.duguji.cn/baike/w/%E9%BA%BB%E9%A3%8E,raw page parsed but no definition found,dayi,not_found,,no exact symptom result in search page,no,
2334,风热郁肺咽痛,duguji,not_found,https://baike.duguji.cn/baike/w/%E9%A3%8E%E7%83%AD%E9%83%81%E8%82%BA%E5%92%BD%E7%97%9B,HTTP 404: page does not exist,dayi,not_found,,no exact symptom result in search page,no,
2336,风疹丹毒,duguji,not_found,https://baike.duguji.cn/baike/w/%E9%A3%8E%E7%96%B9%E4%B8%B9%E6%AF%92,HTTP 404: page does not exist,dayi,not_found,,no exact symptom result in search page,no,
2360,黄疽,duguji,no_definition,https://baike.duguji.cn/baike/w/%E9%BB%84%E7%96%BD,raw page parsed but no definition found,dayi,not_found,,no exact symptom result in search page,no,
2338,风痹病,duguji,not_found,https://baike.duguji.cn/baike/w/%E9%A3%8E%E7%97%B9%E7%97%85,HTTP 404: page does not exist,dayi,not_found,,no exact symptom result in search page,no,
2364,鼻鼽,duguji,ok,https://baike.duguji.cn/baike/w/%E9%BC%BB%E9%BC%BD,,,skipped_first_source_success,,,yes,duguji
2340,饮食不消,duguji,not_found,https://baike.duguji.cn/baike/w/%E9%A5%AE%E9%A3%9F%E4%B8%8D%E6%B6%88,HTTP 404: page does not exist,dayi,not_found,,no exact symptom result in search page,no,
2345,高热抽搐,duguji,not_found,https://baike.duguji.cn/baike/w/%E9%AB%98%E7%83%AD%E6%8A%BD%E6%90%90,HTTP 404: page does not exist,dayi,not_found,,no exact symptom result in search page,no,
2349,鱼中毒,duguji,not_found,https://baike.duguji.cn/baike/w/%E9%B1%BC%E4%B8%AD%E6%AF%92,HTTP 404: page does not exist,dayi,not_found,,no exact symptom result in search page,no,
2354,麻醉止痛,duguji,not_found,https://baike.duguji.cn/baike/w/%E9%BA%BB%E9%86%89%E6%AD%A2%E7%97%9B,HTTP 404: page does not exist,dayi,not_found,,no exact symptom result in search page,no,
2357,黄水淋漓,duguji,not_found,https://baike.duguji.cn/baike/w/%E9%BB%84%E6%B0%B4%E6%B7%8B%E6%BC%93,HTTP 404: page does not exist,dayi,not_found,,no exact symptom result in search page,no,
2359,黄水病,duguji,not_found,https://baike.duguji.cn/baike/w/%E9%BB%84%E6%B0%B4%E7%97%85,HTTP 404: page does not exist,dayi,not_found,,no exact symptom result in search page,no,
2361,黄肿胀满,duguji,not_found,https://baike.duguji.cn/baike/w/%E9%BB%84%E8%82%BF%E8%83%80%E6%BB%A1,HTTP 404: page does not exist,dayi,not_found,,no exact symptom result in search page,no,
2362,黏稠难咯,duguji,not_found,https://baike.duguji.cn/baike/w/%E9%BB%8F%E7%A8%A0%E9%9A%BE%E5%92%AF,HTTP 404: page does not exist,dayi,not_found,,no exact symptom result in search page,no,
2363,鼻塞不通,duguji,not_found,https://baike.duguji.cn/baike/w/%E9%BC%BB%E5%A1%9E%E4%B8%8D%E9%80%9A,HTTP 404: page does not exist,dayi,not_found,,no exact symptom result in search page,no,
