TCM_symptom_id,TCM_symptom_name,status,detail_url,reason
69,嘈杂呕吐,not_found,https://baike.duguji.cn/baike/w/%E5%98%88%E6%9D%82%E5%91%95%E5%90%90,HTTP 404: page does not exist
77,产后乳房结块,not_found,https://baike.duguji.cn/baike/w/%E4%BA%A7%E5%90%8E%E4%B9%B3%E6%88%BF%E7%BB%93%E5%9D%97,HTTP 404: page does not exist
76,产后流血,not_found,https://baike.duguji.cn/baike/w/%E4%BA%A7%E5%90%8E%E6%B5%81%E8%A1%80,HTTP 404: page does not exist
94,陈旧性伤痛,not_found,https://baike.duguji.cn/baike/w/%E9%99%88%E6%97%A7%E6%80%A7%E4%BC%A4%E7%97%9B,HTTP 404: page does not exist
54,病后脱发,not_found,https://baike.duguji.cn/baike/w/%E7%97%85%E5%90%8E%E8%84%B1%E5%8F%91,HTTP 404: page does not exist
78,产后乳汁不通,not_found,https://baike.duguji.cn/baike/w/%E4%BA%A7%E5%90%8E%E4%B9%B3%E6%B1%81%E4%B8%8D%E9%80%9A,HTTP 404: page does not exist
35,闭合性新旧软组织损伤,not_found,https://baike.duguji.cn/baike/w/%E9%97%AD%E5%90%88%E6%80%A7%E6%96%B0%E6%97%A7%E8%BD%AF%E7%BB%84%E7%BB%87%E6%8D%9F%E4%BC%A4,HTTP 404: page does not exist
85,产后瘀痛,not_found,https://baike.duguji.cn/baike/w/%E4%BA%A7%E5%90%8E%E7%98%80%E7%97%9B,HTTP 404: page does not exist
86,产后诸虚,not_found,https://baike.duguji.cn/baike/w/%E4%BA%A7%E5%90%8E%E8%AF%B8%E8%99%9A,HTTP 404: page does not exist
55,病后虚弱,not_found,https://baike.duguji.cn/baike/w/%E7%97%85%E5%90%8E%E8%99%9A%E5%BC%B1,HTTP 404: page does not exist
95,晨起面肿,not_found,https://baike.duguji.cn/baike/w/%E6%99%A8%E8%B5%B7%E9%9D%A2%E8%82%BF,HTTP 404: page does not exist
96,齿鼻衄血,not_found,https://baike.duguji.cn/baike/w/%E9%BD%BF%E9%BC%BB%E8%A1%84%E8%A1%80,HTTP 404: page does not exist
83,产后血虚,not_found,https://baike.duguji.cn/baike/w/%E4%BA%A7%E5%90%8E%E8%A1%80%E8%99%9A,HTTP 404: page does not exist
73,产后出血日久,not_found,https://baike.duguji.cn/baike/w/%E4%BA%A7%E5%90%8E%E5%87%BA%E8%A1%80%E6%97%A5%E4%B9%85,HTTP 404: page does not exist
53,病后体弱,not_found,https://baike.duguji.cn/baike/w/%E7%97%85%E5%90%8E%E4%BD%93%E5%BC%B1,HTTP 404: page does not exist
79,产后乳肿,not_found,https://baike.duguji.cn/baike/w/%E4%BA%A7%E5%90%8E%E4%B9%B3%E8%82%BF,HTTP 404: page does not exist
92,肠胃不适,not_found,https://baike.duguji.cn/baike/w/%E8%82%A0%E8%83%83%E4%B8%8D%E9%80%82,HTTP 404: page does not exist
31,鼻咽部慢性炎症,not_found,https://baike.duguji.cn/baike/w/%E9%BC%BB%E5%92%BD%E9%83%A8%E6%85%A2%E6%80%A7%E7%82%8E%E7%97%87,HTTP 404: page does not exist
82,产后小腹疼痛,not_found,https://baike.duguji.cn/baike/w/%E4%BA%A7%E5%90%8E%E5%B0%8F%E8%85%B9%E7%96%BC%E7%97%9B,HTTP 404: page does not exist
100,赤白下痢,not_found,https://baike.duguji.cn/baike/w/%E8%B5%A4%E7%99%BD%E4%B8%8B%E7%97%A2,HTTP 404: page does not exist
104,虫咬肿痛,not_found,https://baike.duguji.cn/baike/w/%E8%99%AB%E5%92%AC%E8%82%BF%E7%97%9B,HTTP 404: page does not exist
106,抽搐神昏,not_found,https://baike.duguji.cn/baike/w/%E6%8A%BD%E6%90%90%E7%A5%9E%E6%98%8F,HTTP 404: page does not exist
111,喘促气逆,not_found,https://baike.duguji.cn/baike/w/%E5%96%98%E4%BF%83%E6%B0%94%E9%80%86,HTTP 404: page does not exist
102,赤缕红斑,not_found,https://baike.duguji.cn/baike/w/%E8%B5%A4%E7%BC%95%E7%BA%A2%E6%96%91,HTTP 404: page does not exist
121,疮疖肿痛,not_found,https://baike.duguji.cn/baike/w/%E7%96%AE%E7%96%96%E8%82%BF%E7%97%9B,HTTP 404: page does not exist
125,疮面鲜活,not_found,https://baike.duguji.cn/baike/w/%E7%96%AE%E9%9D%A2%E9%B2%9C%E6%B4%BB,HTTP 404: page does not exist
112,喘促痰多,not_found,https://baike.duguji.cn/baike/w/%E5%96%98%E4%BF%83%E7%97%B0%E5%A4%9A,HTTP 404: page does not exist
120,疮疖肿毒,not_found,https://baike.duguji.cn/baike/w/%E7%96%AE%E7%96%96%E8%82%BF%E6%AF%92,HTTP 404: page does not exist
129,疮疡不敛,not_found,https://baike.duguji.cn/baike/w/%E7%96%AE%E7%96%A1%E4%B8%8D%E6%95%9B,HTTP 404: page does not exist
119,疮疖痈肿,not_found,https://baike.duguji.cn/baike/w/%E7%96%AE%E7%96%96%E7%97%88%E8%82%BF,HTTP 404: page does not exist
124,疮面疼痛,not_found,https://baike.duguji.cn/baike/w/%E7%96%AE%E9%9D%A2%E7%96%BC%E7%97%9B,HTTP 404: page does not exist
127,疮癣,not_found,https://baike.duguji.cn/baike/w/%E7%96%AE%E7%99%A3,HTTP 404: page does not exist
122,疮口久不愈合,not_found,https://baike.duguji.cn/baike/w/%E7%96%AE%E5%8F%A3%E4%B9%85%E4%B8%8D%E6%84%88%E5%90%88,HTTP 404: page does not exist
130,疮疡久溃不敛,not_found,https://baike.duguji.cn/baike/w/%E7%96%AE%E7%96%A1%E4%B9%85%E6%BA%83%E4%B8%8D%E6%95%9B,HTTP 404: page does not exist
135,创伤出血,not_found,https://baike.duguji.cn/baike/w/%E5%88%9B%E4%BC%A4%E5%87%BA%E8%A1%80,HTTP 404: page does not exist
131,疮疡溃烂,not_found,https://baike.duguji.cn/baike/w/%E7%96%AE%E7%96%A1%E6%BA%83%E7%83%82,HTTP 404: page does not exist
123,疮面久溃不敛,not_found,https://baike.duguji.cn/baike/w/%E7%96%AE%E9%9D%A2%E4%B9%85%E6%BA%83%E4%B8%8D%E6%95%9B,HTTP 404: page does not exist
133,疮痈肿痛,not_found,https://baike.duguji.cn/baike/w/%E7%96%AE%E7%97%88%E8%82%BF%E7%97%9B,HTTP 404: page does not exist
126,疮色鲜活,not_found,https://baike.duguji.cn/baike/w/%E7%96%AE%E8%89%B2%E9%B2%9C%E6%B4%BB,HTTP 404: page does not exist
132,疮疡肿痛,not_found,https://baike.duguji.cn/baike/w/%E7%96%AE%E7%96%A1%E8%82%BF%E7%97%9B,HTTP 404: page does not exist
137,唇甲出血,not_found,https://baike.duguji.cn/baike/w/%E5%94%87%E7%94%B2%E5%87%BA%E8%A1%80,HTTP 404: page does not exist
140,猝然昏倒,not_found,https://baike.duguji.cn/baike/w/%E7%8C%9D%E7%84%B6%E6%98%8F%E5%80%92,HTTP 404: page does not exist
143,大便不畅,not_found,https://baike.duguji.cn/baike/w/%E5%A4%A7%E4%BE%BF%E4%B8%8D%E7%95%85,HTTP 404: page does not exist
144,大便不利,not_found,https://baike.duguji.cn/baike/w/%E5%A4%A7%E4%BE%BF%E4%B8%8D%E5%88%A9,HTTP 404: page does not exist
145,大便不爽,not_found,https://baike.duguji.cn/baike/w/%E5%A4%A7%E4%BE%BF%E4%B8%8D%E7%88%BD,HTTP 404: page does not exist
142,挫伤筋骨,not_found,https://baike.duguji.cn/baike/w/%E6%8C%AB%E4%BC%A4%E7%AD%8B%E9%AA%A8,HTTP 404: page does not exist
148,大便不下,not_found,https://baike.duguji.cn/baike/w/%E5%A4%A7%E4%BE%BF%E4%B8%8D%E4%B8%8B,HTTP 404: page does not exist
146,大便不调,not_found,https://baike.duguji.cn/baike/w/%E5%A4%A7%E4%BE%BF%E4%B8%8D%E8%B0%83,HTTP 404: page does not exist
151,大便次数增多,not_found,https://baike.duguji.cn/baike/w/%E5%A4%A7%E4%BE%BF%E6%AC%A1%E6%95%B0%E5%A2%9E%E5%A4%9A,HTTP 404: page does not exist
149,大便臭秽,not_found,https://baike.duguji.cn/baike/w/%E5%A4%A7%E4%BE%BF%E8%87%AD%E7%A7%BD,HTTP 404: page does not exist
152,大便干,not_found,https://baike.duguji.cn/baike/w/%E5%A4%A7%E4%BE%BF%E5%B9%B2,HTTP 404: page does not exist
153,大便干结,not_found,https://baike.duguji.cn/baike/w/%E5%A4%A7%E4%BE%BF%E5%B9%B2%E7%BB%93,HTTP 404: page does not exist
158,大便黏滞,not_found,https://baike.duguji.cn/baike/w/%E5%A4%A7%E4%BE%BF%E9%BB%8F%E6%BB%9E,HTTP 404: page does not exist
169,大便稀溏,no_definition,https://baike.duguji.cn/baike/w/%E5%A4%A7%E4%BE%BF%E7%A8%80%E6%BA%8F,raw page parsed but no definition found
159,大便黏滞不爽,not_found,https://baike.duguji.cn/baike/w/%E5%A4%A7%E4%BE%BF%E9%BB%8F%E6%BB%9E%E4%B8%8D%E7%88%BD,HTTP 404: page does not exist
154,大便干结难下,not_found,https://baike.duguji.cn/baike/w/%E5%A4%A7%E4%BE%BF%E5%B9%B2%E7%BB%93%E9%9A%BE%E4%B8%8B,HTTP 404: page does not exist
161,大便清稀,not_found,https://baike.duguji.cn/baike/w/%E5%A4%A7%E4%BE%BF%E6%B8%85%E7%A8%80,HTTP 404: page does not exist
160,大便脓血,not_found,https://baike.duguji.cn/baike/w/%E5%A4%A7%E4%BE%BF%E8%84%93%E8%A1%80,HTTP 404: page does not exist
162,大便失调,not_found,https://baike.duguji.cn/baike/w/%E5%A4%A7%E4%BE%BF%E5%A4%B1%E8%B0%83,HTTP 404: page does not exist
163,大便酸臭,not_found,https://baike.duguji.cn/baike/w/%E5%A4%A7%E4%BE%BF%E9%85%B8%E8%87%AD,HTTP 404: page does not exist
164,大便溏雹,not_found,https://baike.duguji.cn/baike/w/%E5%A4%A7%E4%BE%BF%E6%BA%8F%E9%9B%B9,HTTP 404: page does not exist
166,大便溏软,not_found,https://baike.duguji.cn/baike/w/%E5%A4%A7%E4%BE%BF%E6%BA%8F%E8%BD%AF,HTTP 404: page does not exist
165,大便溏薄,not_found,https://baike.duguji.cn/baike/w/%E5%A4%A7%E4%BE%BF%E6%BA%8F%E8%96%84,HTTP 404: page does not exist
167,大便溏泻,not_found,https://baike.duguji.cn/baike/w/%E5%A4%A7%E4%BE%BF%E6%BA%8F%E6%B3%BB,HTTP 404: page does not exist
177,带下色黄质稠,not_found,https://baike.duguji.cn/baike/w/%E5%B8%A6%E4%B8%8B%E8%89%B2%E9%BB%84%E8%B4%A8%E7%A8%A0,HTTP 404: page does not exist
168,大便稀薄如水样,not_found,https://baike.duguji.cn/baike/w/%E5%A4%A7%E4%BE%BF%E7%A8%80%E8%96%84%E5%A6%82%E6%B0%B4%E6%A0%B7,HTTP 404: page does not exist
182,倒饱嘈杂,not_found,https://baike.duguji.cn/baike/w/%E5%80%92%E9%A5%B1%E5%98%88%E6%9D%82,HTTP 404: page does not exist
170,大便泄泻,not_found,https://baike.duguji.cn/baike/w/%E5%A4%A7%E4%BE%BF%E6%B3%84%E6%B3%BB,HTTP 404: page does not exist
176,带下色黄,not_found,https://baike.duguji.cn/baike/w/%E5%B8%A6%E4%B8%8B%E8%89%B2%E9%BB%84,HTTP 404: page does not exist
173,带下白浊,not_found,https://baike.duguji.cn/baike/w/%E5%B8%A6%E4%B8%8B%E7%99%BD%E6%B5%8A,HTTP 404: page does not exist
193,跌打肿痛,not_found,https://baike.duguji.cn/baike/w/%E8%B7%8C%E6%89%93%E8%82%BF%E7%97%9B,HTTP 404: page does not exist
192,跌打瘀痛,not_found,https://baike.duguji.cn/baike/w/%E8%B7%8C%E6%89%93%E7%98%80%E7%97%9B,HTTP 404: page does not exist
175,带下量多,not_found,https://baike.duguji.cn/baike/w/%E5%B8%A6%E4%B8%8B%E9%87%8F%E5%A4%9A,HTTP 404: page does not exist
189,癲痫,not_found,https://baike.duguji.cn/baike/w/%E7%99%B2%E7%97%AB,HTTP 404: page does not exist
195,跌扑瘀肿,not_found,https://baike.duguji.cn/baike/w/%E8%B7%8C%E6%89%91%E7%98%80%E8%82%BF,HTTP 404: page does not exist
198,疔疮肿痛,not_found,https://baike.duguji.cn/baike/w/%E7%96%94%E7%96%AE%E8%82%BF%E7%97%9B,HTTP 404: page does not exist
190,跌打伤痛,not_found,https://baike.duguji.cn/baike/w/%E8%B7%8C%E6%89%93%E4%BC%A4%E7%97%9B,HTTP 404: page does not exist
188,癫痫痰多,not_found,https://baike.duguji.cn/baike/w/%E7%99%AB%E7%97%AB%E7%97%B0%E5%A4%9A,HTTP 404: page does not exist
197,疔疮痈肿初起,not_found,https://baike.duguji.cn/baike/w/%E7%96%94%E7%96%AE%E7%97%88%E8%82%BF%E5%88%9D%E8%B5%B7,HTTP 404: page does not exist
196,跌扑肿痛,not_found,https://baike.duguji.cn/baike/w/%E8%B7%8C%E6%89%91%E8%82%BF%E7%97%9B,HTTP 404: page does not exist
194,跌扑伤痛,not_found,https://baike.duguji.cn/baike/w/%E8%B7%8C%E6%89%91%E4%BC%A4%E7%97%9B,HTTP 404: page does not exist
201,动辄汗出,not_found,https://baike.duguji.cn/baike/w/%E5%8A%A8%E8%BE%84%E6%B1%97%E5%87%BA,HTTP 404: page does not exist
209,多泪,not_found,https://baike.duguji.cn/baike/w/%E5%A4%9A%E6%B3%AA,HTTP 404: page does not exist
202,毒虫咬伤,not_found,https://baike.duguji.cn/baike/w/%E6%AF%92%E8%99%AB%E5%92%AC%E4%BC%A4,HTTP 404: page does not exist
205,毒邪未尽,not_found,https://baike.duguji.cn/baike/w/%E6%AF%92%E9%82%AA%E6%9C%AA%E5%B0%BD,HTTP 404: page does not exist
214,多涎,not_found,https://baike.duguji.cn/baike/w/%E5%A4%9A%E6%B6%8E,HTTP 404: page does not exist
210,多泪羞明,not_found,https://baike.duguji.cn/baike/w/%E5%A4%9A%E6%B3%AA%E7%BE%9E%E6%98%8E,HTTP 404: page does not exist
218,恶风寒,not_found,https://baike.duguji.cn/baike/w/%E6%81%B6%E9%A3%8E%E5%AF%92,HTTP 404: page does not exist
220,恶寒重,not_found,https://baike.duguji.cn/baike/w/%E6%81%B6%E5%AF%92%E9%87%8D,HTTP 404: page does not exist
229,二便失禁,not_found,https://baike.duguji.cn/baike/w/%E4%BA%8C%E4%BE%BF%E5%A4%B1%E7%A6%81,HTTP 404: page does not exist
228,耳下肿痛,not_found,https://baike.duguji.cn/baike/w/%E8%80%B3%E4%B8%8B%E8%82%BF%E7%97%9B,HTTP 404: page does not exist
267,风湿关节痛,no_definition,https://baike.duguji.cn/baike/w/%E9%A3%8E%E6%B9%BF%E5%85%B3%E8%8A%82%E7%97%9B,raw page parsed but no definition found
241,烦倦,not_found,https://baike.duguji.cn/baike/w/%E7%83%A6%E5%80%A6,HTTP 404: page does not exist
232,发僵,not_found,https://baike.duguji.cn/baike/w/%E5%8F%91%E5%83%B5,HTTP 404: page does not exist
221,恶寒壮热,not_found,https://baike.duguji.cn/baike/w/%E6%81%B6%E5%AF%92%E5%A3%AE%E7%83%AD,HTTP 404: page does not exist
230,发斑,not_found,https://baike.duguji.cn/baike/w/%E5%8F%91%E6%96%91,HTTP 404: page does not exist
239,发疹,not_found,https://baike.duguji.cn/baike/w/%E5%8F%91%E7%96%B9,HTTP 404: page does not exist
235,发热重,not_found,https://baike.duguji.cn/baike/w/%E5%8F%91%E7%83%AD%E9%87%8D,HTTP 404: page does not exist
246,烦躁不宁,not_found,https://baike.duguji.cn/baike/w/%E7%83%A6%E8%BA%81%E4%B8%8D%E5%AE%81,HTTP 404: page does not exist
247,烦躁不适,not_found,https://baike.duguji.cn/baike/w/%E7%83%A6%E8%BA%81%E4%B8%8D%E9%80%82,HTTP 404: page does not exist
249,烦躁谵语,not_found,https://baike.duguji.cn/baike/w/%E7%83%A6%E8%BA%81%E8%B0%B5%E8%AF%AD,HTTP 404: page does not exist
280,妇女痛经,no_definition,https://baike.duguji.cn/baike/w/%E5%A6%87%E5%A5%B3%E7%97%9B%E7%BB%8F,raw page parsed but no definition found
248,烦躁易怒,not_found,https://baike.duguji.cn/baike/w/%E7%83%A6%E8%BA%81%E6%98%93%E6%80%92,HTTP 404: page does not exist
255,肺气不畅,not_found,https://baike.duguji.cn/baike/w/%E8%82%BA%E6%B0%94%E4%B8%8D%E7%95%85,HTTP 404: page does not exist
270,风湿肢体关节痿软,not_found,https://baike.duguji.cn/baike/w/%E9%A3%8E%E6%B9%BF%E8%82%A2%E4%BD%93%E5%85%B3%E8%8A%82%E7%97%BF%E8%BD%AF,HTTP 404: page does not exist
260,痱疹鲜红,not_found,https://baike.duguji.cn/baike/w/%E7%97%B1%E7%96%B9%E9%B2%9C%E7%BA%A2,HTTP 404: page does not exist
266,风湿痹痛,not_found,https://baike.duguji.cn/baike/w/%E9%A3%8E%E6%B9%BF%E7%97%B9%E7%97%9B,HTTP 404: page does not exist
262,粉剌疙瘩,not_found,https://baike.duguji.cn/baike/w/%E7%B2%89%E5%89%8C%E7%96%99%E7%98%A9,HTTP 404: page does not exist
273,风痰瘀血痹阻脉络,not_found,https://baike.duguji.cn/baike/w/%E9%A3%8E%E7%97%B0%E7%98%80%E8%A1%80%E7%97%B9%E9%98%BB%E8%84%89%E7%BB%9C,HTTP 404: page does not exist
269,风湿瘀痛,not_found,https://baike.duguji.cn/baike/w/%E9%A3%8E%E6%B9%BF%E7%98%80%E7%97%9B,HTTP 404: page does not exist
279,腐肉不去,not_found,https://baike.duguji.cn/baike/w/%E8%85%90%E8%82%89%E4%B8%8D%E5%8E%BB,HTTP 404: page does not exist
276,风疹发红,not_found,https://baike.duguji.cn/baike/w/%E9%A3%8E%E7%96%B9%E5%8F%91%E7%BA%A2,HTTP 404: page does not exist
268,风湿疼痛,not_found,https://baike.duguji.cn/baike/w/%E9%A3%8E%E6%B9%BF%E7%96%BC%E7%97%9B,HTTP 404: page does not exist
281,妇女癥瘕,not_found,https://baike.duguji.cn/baike/w/%E5%A6%87%E5%A5%B3%E7%99%A5%E7%98%95,HTTP 404: page does not exist
275,风眼烂弦,not_found,https://baike.duguji.cn/baike/w/%E9%A3%8E%E7%9C%BC%E7%83%82%E5%BC%A6,HTTP 404: page does not exist
284,腹部隐痛,not_found,https://baike.duguji.cn/baike/w/%E8%85%B9%E9%83%A8%E9%9A%90%E7%97%9B,HTTP 404: page does not exist
282,腹暴痛,not_found,https://baike.duguji.cn/baike/w/%E8%85%B9%E6%9A%B4%E7%97%9B,HTTP 404: page does not exist
286,腹部胀满不舒,not_found,https://baike.duguji.cn/baike/w/%E8%85%B9%E9%83%A8%E8%83%80%E6%BB%A1%E4%B8%8D%E8%88%92,HTTP 404: page does not exist
285,腹部胀满,not_found,https://baike.duguji.cn/baike/w/%E8%85%B9%E9%83%A8%E8%83%80%E6%BB%A1,HTTP 404: page does not exist
294,腹中冷痛,not_found,https://baike.duguji.cn/baike/w/%E8%85%B9%E4%B8%AD%E5%86%B7%E7%97%9B,HTTP 404: page does not exist
291,腹有癥块,not_found,https://baike.duguji.cn/baike/w/%E8%85%B9%E6%9C%89%E7%99%A5%E5%9D%97,HTTP 404: page does not exist
289,腹痛绵绵,not_found,https://baike.duguji.cn/baike/w/%E8%85%B9%E7%97%9B%E7%BB%B5%E7%BB%B5,HTTP 404: page does not exist
293,腹胀满,not_found,https://baike.duguji.cn/baike/w/%E8%85%B9%E8%83%80%E6%BB%A1,HTTP 404: page does not exist
297,肝火目赤,not_found,https://baike.duguji.cn/baike/w/%E8%82%9D%E7%81%AB%E7%9B%AE%E8%B5%A4,HTTP 404: page does not exist
295,腹中胀满,not_found,https://baike.duguji.cn/baike/w/%E8%85%B9%E4%B8%AD%E8%83%80%E6%BB%A1,HTTP 404: page does not exist
299,肝区胀痛,not_found,https://baike.duguji.cn/baike/w/%E8%82%9D%E5%8C%BA%E8%83%80%E7%97%9B,HTTP 404: page does not exist
300,肝热目赤,not_found,https://baike.duguji.cn/baike/w/%E8%82%9D%E7%83%AD%E7%9B%AE%E8%B5%A4,HTTP 404: page does not exist
301,肝痛,not_found,https://baike.duguji.cn/baike/w/%E8%82%9D%E7%97%9B,HTTP 404: page does not exist
311,肛窦炎出血,not_found,https://baike.duguji.cn/baike/w/%E8%82%9B%E7%AA%A6%E7%82%8E%E5%87%BA%E8%A1%80,HTTP 404: page does not exist
321,高血压头痛,not_found,https://baike.duguji.cn/baike/w/%E9%AB%98%E8%A1%80%E5%8E%8B%E5%A4%B4%E7%97%9B,HTTP 404: page does not exist
320,高热神昏,not_found,https://baike.duguji.cn/baike/w/%E9%AB%98%E7%83%AD%E7%A5%9E%E6%98%8F,HTTP 404: page does not exist
325,睾丸偏坠,not_found,https://baike.duguji.cn/baike/w/%E7%9D%BE%E4%B8%B8%E5%81%8F%E5%9D%A0,HTTP 404: page does not exist
316,肛门灼热,not_found,https://baike.duguji.cn/baike/w/%E8%82%9B%E9%97%A8%E7%81%BC%E7%83%AD,HTTP 404: page does not exist
323,髙热,not_found,https://baike.duguji.cn/baike/w/%E9%AB%99%E7%83%AD,HTTP 404: page does not exist
324,髙热不退,not_found,https://baike.duguji.cn/baike/w/%E9%AB%99%E7%83%AD%E4%B8%8D%E9%80%80,HTTP 404: page does not exist
308,干泾不舒,not_found,https://baike.duguji.cn/baike/w/%E5%B9%B2%E6%B3%BE%E4%B8%8D%E8%88%92,HTTP 404: page does not exist
327,睾丸肿,not_found,https://baike.duguji.cn/baike/w/%E7%9D%BE%E4%B8%B8%E8%82%BF,HTTP 404: page does not exist
330,咯痰、血,not_found,https://baike.duguji.cn/baike/w/%E5%92%AF%E7%97%B0%E3%80%81%E8%A1%80,HTTP 404: page does not exist
332,咯痰黄稠,not_found,https://baike.duguji.cn/baike/w/%E5%92%AF%E7%97%B0%E9%BB%84%E7%A8%A0,HTTP 404: page does not exist
334,咯痰色黄,not_found,https://baike.duguji.cn/baike/w/%E5%92%AF%E7%97%B0%E8%89%B2%E9%BB%84,HTTP 404: page does not exist
328,睾丸坠胀疼痛,not_found,https://baike.duguji.cn/baike/w/%E7%9D%BE%E4%B8%B8%E5%9D%A0%E8%83%80%E7%96%BC%E7%97%9B,HTTP 404: page does not exist
331,咯痰不爽,not_found,https://baike.duguji.cn/baike/w/%E5%92%AF%E7%97%B0%E4%B8%8D%E7%88%BD,HTTP 404: page does not exist
333,咯痰色白,not_found,https://baike.duguji.cn/baike/w/%E5%92%AF%E7%97%B0%E8%89%B2%E7%99%BD,HTTP 404: page does not exist
335,咯痰稀白,not_found,https://baike.duguji.cn/baike/w/%E5%92%AF%E7%97%B0%E7%A8%80%E7%99%BD,HTTP 404: page does not exist
336,咯吐白痰,not_found,https://baike.duguji.cn/baike/w/%E5%92%AF%E5%90%90%E7%99%BD%E7%97%B0,HTTP 404: page does not exist
339,各种中毒症,not_found,https://baike.duguji.cn/baike/w/%E5%90%84%E7%A7%8D%E4%B8%AD%E6%AF%92%E7%97%87,HTTP 404: page does not exist
343,骨关节疼痛,not_found,https://baike.duguji.cn/baike/w/%E9%AA%A8%E5%85%B3%E8%8A%82%E7%96%BC%E7%97%9B,HTTP 404: page does not exist
352,骨肿大,not_found,https://baike.duguji.cn/baike/w/%E9%AA%A8%E8%82%BF%E5%A4%A7,HTTP 404: page does not exist
347,骨扭伤,not_found,https://baike.duguji.cn/baike/w/%E9%AA%A8%E6%89%AD%E4%BC%A4,HTTP 404: page does not exist
349,骨折肿痛,not_found,https://baike.duguji.cn/baike/w/%E9%AA%A8%E6%8A%98%E8%82%BF%E7%97%9B,HTTP 404: page does not exist
346,骨节疼痛,not_found,https://baike.duguji.cn/baike/w/%E9%AA%A8%E8%8A%82%E7%96%BC%E7%97%9B,HTTP 404: page does not exist
345,骨节酸痛,not_found,https://baike.duguji.cn/baike/w/%E9%AA%A8%E8%8A%82%E9%85%B8%E7%97%9B,HTTP 404: page does not exist
354,关节痹痛,not_found,https://baike.duguji.cn/baike/w/%E5%85%B3%E8%8A%82%E7%97%B9%E7%97%9B,HTTP 404: page does not exist
356,关节刺痛,not_found,https://baike.duguji.cn/baike/w/%E5%85%B3%E8%8A%82%E5%88%BA%E7%97%9B,HTTP 404: page does not exist
357,关节钝痛,not_found,https://baike.duguji.cn/baike/w/%E5%85%B3%E8%8A%82%E9%92%9D%E7%97%9B,HTTP 404: page does not exist
355,关节不利,not_found,https://baike.duguji.cn/baike/w/%E5%85%B3%E8%8A%82%E4%B8%8D%E5%88%A9,HTTP 404: page does not exist
344,骨关节肿大,not_found,https://baike.duguji.cn/baike/w/%E9%AA%A8%E5%85%B3%E8%8A%82%E8%82%BF%E5%A4%A7,HTTP 404: page does not exist
350,骨蒸劳热,not_found,https://baike.duguji.cn/baike/w/%E9%AA%A8%E8%92%B8%E5%8A%B3%E7%83%AD,HTTP 404: page does not exist
358,关节红肿热痛,not_found,https://baike.duguji.cn/baike/w/%E5%85%B3%E8%8A%82%E7%BA%A2%E8%82%BF%E7%83%AD%E7%97%9B,HTTP 404: page does not exist
361,关节冷痛,not_found,https://baike.duguji.cn/baike/w/%E5%85%B3%E8%8A%82%E5%86%B7%E7%97%9B,HTTP 404: page does not exist
360,关节剧痛,not_found,https://baike.duguji.cn/baike/w/%E5%85%B3%E8%8A%82%E5%89%A7%E7%97%9B,HTTP 404: page does not exist
362,关节麻木,not_found,https://baike.duguji.cn/baike/w/%E5%85%B3%E8%8A%82%E9%BA%BB%E6%9C%A8,HTTP 404: page does not exist
365,关节四肢疼痛,not_found,https://baike.duguji.cn/baike/w/%E5%85%B3%E8%8A%82%E5%9B%9B%E8%82%A2%E7%96%BC%E7%97%9B,HTTP 404: page does not exist
364,关节屈伸不利,not_found,https://baike.duguji.cn/baike/w/%E5%85%B3%E8%8A%82%E5%B1%88%E4%BC%B8%E4%B8%8D%E5%88%A9,HTTP 404: page does not exist
367,关节酸痛麻木,not_found,https://baike.duguji.cn/baike/w/%E5%85%B3%E8%8A%82%E9%85%B8%E7%97%9B%E9%BA%BB%E6%9C%A8,HTTP 404: page does not exist
374,寒热头痛,not_found,https://baike.duguji.cn/baike/w/%E5%AF%92%E7%83%AD%E5%A4%B4%E7%97%9B,HTTP 404: page does not exist
377,寒湿痹痛,not_found,https://baike.duguji.cn/baike/w/%E5%AF%92%E6%B9%BF%E7%97%B9%E7%97%9B,HTTP 404: page does not exist
373,关节肿胀疼痛,not_found,https://baike.duguji.cn/baike/w/%E5%85%B3%E8%8A%82%E8%82%BF%E8%83%80%E7%96%BC%E7%97%9B,HTTP 404: page does not exist
383,汗少,not_found,https://baike.duguji.cn/baike/w/%E6%B1%97%E5%B0%91,HTTP 404: page does not exist
369,关节疼痈,not_found,https://baike.duguji.cn/baike/w/%E5%85%B3%E8%8A%82%E7%96%BC%E7%97%88,HTTP 404: page does not exist
380,汗出,not_found,https://baike.duguji.cn/baike/w/%E6%B1%97%E5%87%BA,HTTP 404: page does not exist
382,汗出不解,not_found,https://baike.duguji.cn/baike/w/%E6%B1%97%E5%87%BA%E4%B8%8D%E8%A7%A3,HTTP 404: page does not exist
379,寒性腹泻,not_found,https://baike.duguji.cn/baike/w/%E5%AF%92%E6%80%A7%E8%85%B9%E6%B3%BB,HTTP 404: page does not exist
387,行走无力,not_found,https://baike.duguji.cn/baike/w/%E8%A1%8C%E8%B5%B0%E6%97%A0%E5%8A%9B,HTTP 404: page does not exist
386,行经小腹冷痛,not_found,https://baike.duguji.cn/baike/w/%E8%A1%8C%E7%BB%8F%E5%B0%8F%E8%85%B9%E5%86%B7%E7%97%9B,HTTP 404: page does not exist
384,行步艰难,not_found,https://baike.duguji.cn/baike/w/%E8%A1%8C%E6%AD%A5%E8%89%B0%E9%9A%BE,HTTP 404: page does not exist
381,汗出不畅,not_found,https://baike.duguji.cn/baike/w/%E6%B1%97%E5%87%BA%E4%B8%8D%E7%95%85,HTTP 404: page does not exist
385,行经腹痛,not_found,https://baike.duguji.cn/baike/w/%E8%A1%8C%E7%BB%8F%E8%85%B9%E7%97%9B,HTTP 404: page does not exist
390,烘热,not_found,https://baike.duguji.cn/baike/w/%E7%83%98%E7%83%AD,HTTP 404: page does not exist
395,喉核肿大,not_found,https://baike.duguji.cn/baike/w/%E5%96%89%E6%A0%B8%E8%82%BF%E5%A4%A7,HTTP 404: page does not exist
394,喉核红肿,not_found,https://baike.duguji.cn/baike/w/%E5%96%89%E6%A0%B8%E7%BA%A2%E8%82%BF,HTTP 404: page does not exist
396,喉间痰鸣,not_found,https://baike.duguji.cn/baike/w/%E5%96%89%E9%97%B4%E7%97%B0%E9%B8%A3,HTTP 404: page does not exist
397,喉痛,not_found,https://baike.duguji.cn/baike/w/%E5%96%89%E7%97%9B,HTTP 404: page does not exist
399,喉中作响,not_found,https://baike.duguji.cn/baike/w/%E5%96%89%E4%B8%AD%E4%BD%9C%E5%93%8D,HTTP 404: page does not exist
401,呼吸道出血,not_found,https://baike.duguji.cn/baike/w/%E5%91%BC%E5%90%B8%E9%81%93%E5%87%BA%E8%A1%80,HTTP 404: page does not exist
402,呼吸气促,not_found,https://baike.duguji.cn/baike/w/%E5%91%BC%E5%90%B8%E6%B0%94%E4%BF%83,HTTP 404: page does not exist
413,活动障碍,not_found,https://baike.duguji.cn/baike/w/%E6%B4%BB%E5%8A%A8%E9%9A%9C%E7%A2%8D,HTTP 404: page does not exist
406,黄痰,not_found,https://baike.duguji.cn/baike/w/%E9%BB%84%E7%97%B0,HTTP 404: page does not exist
410,昏仆,not_found,https://baike.duguji.cn/baike/w/%E6%98%8F%E4%BB%86,HTTP 404: page does not exist
407,会阴少腹腰骶部疼痛,not_found,https://baike.duguji.cn/baike/w/%E4%BC%9A%E9%98%B4%E5%B0%91%E8%85%B9%E8%85%B0%E9%AA%B6%E9%83%A8%E7%96%BC%E7%97%9B,HTTP 404: page does not exist
437,急躁易怒,no_definition,https://baike.duguji.cn/baike/w/%E6%80%A5%E8%BA%81%E6%98%93%E6%80%92,raw page parsed but no definition found
424,肌肉酸麻,not_found,https://baike.duguji.cn/baike/w/%E8%82%8C%E8%82%89%E9%85%B8%E9%BA%BB,HTTP 404: page does not exist
420,肌肉红肿热痛,not_found,https://baike.duguji.cn/baike/w/%E8%82%8C%E8%82%89%E7%BA%A2%E8%82%BF%E7%83%AD%E7%97%9B,HTTP 404: page does not exist
414,肌肤红,not_found,https://baike.duguji.cn/baike/w/%E8%82%8C%E8%82%A4%E7%BA%A2,HTTP 404: page does not exist
416,肌肤下肿块一处,not_found,https://baike.duguji.cn/baike/w/%E8%82%8C%E8%82%A4%E4%B8%8B%E8%82%BF%E5%9D%97%E4%B8%80%E5%A4%84,HTTP 404: page does not exist
415,肌肤下肿块数处,not_found,https://baike.duguji.cn/baike/w/%E8%82%8C%E8%82%A4%E4%B8%8B%E8%82%BF%E5%9D%97%E6%95%B0%E5%A4%84,HTTP 404: page does not exist
418,肌肤肿块一处 推之能动,not_found,https://baike.duguji.cn/baike/w/%E8%82%8C%E8%82%A4%E8%82%BF%E5%9D%97%E4%B8%80%E5%A4%84%20%E6%8E%A8%E4%B9%8B%E8%83%BD%E5%8A%A8,HTTP 404: page does not exist
419,肌肉关节酸痛,not_found,https://baike.duguji.cn/baike/w/%E8%82%8C%E8%82%89%E5%85%B3%E8%8A%82%E9%85%B8%E7%97%9B,HTTP 404: page does not exist
421,肌肉剧痛,not_found,https://baike.duguji.cn/baike/w/%E8%82%8C%E8%82%89%E5%89%A7%E7%97%9B,HTTP 404: page does not exist
417,肌肤肿块数处,not_found,https://baike.duguji.cn/baike/w/%E8%82%8C%E8%82%A4%E8%82%BF%E5%9D%97%E6%95%B0%E5%A4%84,HTTP 404: page does not exist
422,肌肉麻木,not_found,https://baike.duguji.cn/baike/w/%E8%82%8C%E8%82%89%E9%BA%BB%E6%9C%A8,HTTP 404: page does not exist
429,肌痿无力,not_found,https://baike.duguji.cn/baike/w/%E8%82%8C%E7%97%BF%E6%97%A0%E5%8A%9B,HTTP 404: page does not exist
428,肌痩,not_found,https://baike.duguji.cn/baike/w/%E8%82%8C%E7%97%A9,HTTP 404: page does not exist
432,积滞不消,not_found,https://baike.duguji.cn/baike/w/%E7%A7%AF%E6%BB%9E%E4%B8%8D%E6%B6%88,HTTP 404: page does not exist
430,积聚痞块,not_found,https://baike.duguji.cn/baike/w/%E7%A7%AF%E8%81%9A%E7%97%9E%E5%9D%97,HTTP 404: page does not exist
433,积滞内停,not_found,https://baike.duguji.cn/baike/w/%E7%A7%AF%E6%BB%9E%E5%86%85%E5%81%9C,HTTP 404: page does not exist
436,急性起并半身不遂,not_found,https://baike.duguji.cn/baike/w/%E6%80%A5%E6%80%A7%E8%B5%B7%E5%B9%B6%E5%8D%8A%E8%BA%AB%E4%B8%8D%E9%81%82,HTTP 404: page does not exist
434,积滞胀满,not_found,https://baike.duguji.cn/baike/w/%E7%A7%AF%E6%BB%9E%E8%83%80%E6%BB%A1,HTTP 404: page does not exist
443,肩部疼痛重着,not_found,https://baike.duguji.cn/baike/w/%E8%82%A9%E9%83%A8%E7%96%BC%E7%97%9B%E9%87%8D%E7%9D%80,HTTP 404: page does not exist
441,肩背酸痛,not_found,https://baike.duguji.cn/baike/w/%E8%82%A9%E8%83%8C%E9%85%B8%E7%97%9B,HTTP 404: page does not exist
445,肩疼痛,not_found,https://baike.duguji.cn/baike/w/%E8%82%A9%E7%96%BC%E7%97%9B,HTTP 404: page does not exist
442,肩臂疼痛,not_found,https://baike.duguji.cn/baike/w/%E8%82%A9%E8%87%82%E7%96%BC%E7%97%9B,HTTP 404: page does not exist
448,舰血,not_found,https://baike.duguji.cn/baike/w/%E8%88%B0%E8%A1%80,HTTP 404: page does not exist
453,脚气浮肿,not_found,https://baike.duguji.cn/baike/w/%E8%84%9A%E6%B0%94%E6%B5%AE%E8%82%BF,HTTP 404: page does not exist
444,肩颈疼痛,not_found,https://baike.duguji.cn/baike/w/%E8%82%A9%E9%A2%88%E7%96%BC%E7%97%9B,HTTP 404: page does not exist
450,僵硬畸形,not_found,https://baike.duguji.cn/baike/w/%E5%83%B5%E7%A1%AC%E7%95%B8%E5%BD%A2,HTTP 404: page does not exist
459,津伤,not_found,https://baike.duguji.cn/baike/w/%E6%B4%A5%E4%BC%A4,HTTP 404: page does not exist
454,脚重,not_found,https://baike.duguji.cn/baike/w/%E8%84%9A%E9%87%8D,HTTP 404: page does not exist
462,筋骨痿软,not_found,https://baike.duguji.cn/baike/w/%E7%AD%8B%E9%AA%A8%E7%97%BF%E8%BD%AF,HTTP 404: page does not exist
458,疥癣瘙痒,not_found,https://baike.duguji.cn/baike/w/%E7%96%A5%E7%99%A3%E7%98%99%E7%97%92,HTTP 404: page does not exist
461,筋骨疼痛,not_found,https://baike.duguji.cn/baike/w/%E7%AD%8B%E9%AA%A8%E7%96%BC%E7%97%9B,HTTP 404: page does not exist
463,筋骨无力,not_found,https://baike.duguji.cn/baike/w/%E7%AD%8B%E9%AA%A8%E6%97%A0%E5%8A%9B,HTTP 404: page does not exist
464,筋骨瘀痛,not_found,https://baike.duguji.cn/baike/w/%E7%AD%8B%E9%AA%A8%E7%98%80%E7%97%9B,HTTP 404: page does not exist
467,筋扭伤,not_found,https://baike.duguji.cn/baike/w/%E7%AD%8B%E6%89%AD%E4%BC%A4,HTTP 404: page does not exist
466,筋脉拘挛,not_found,https://baike.duguji.cn/baike/w/%E7%AD%8B%E8%84%89%E6%8B%98%E6%8C%9B,HTTP 404: page does not exist
471,经初行不畅,not_found,https://baike.duguji.cn/baike/w/%E7%BB%8F%E5%88%9D%E8%A1%8C%E4%B8%8D%E7%95%85,HTTP 404: page does not exist
476,经行小腹冷痛,not_found,https://baike.duguji.cn/baike/w/%E7%BB%8F%E8%A1%8C%E5%B0%8F%E8%85%B9%E5%86%B7%E7%97%9B,HTTP 404: page does not exist
472,经寒不调,not_found,https://baike.duguji.cn/baike/w/%E7%BB%8F%E5%AF%92%E4%B8%8D%E8%B0%83,HTTP 404: page does not exist
474,经行量少,not_found,https://baike.duguji.cn/baike/w/%E7%BB%8F%E8%A1%8C%E9%87%8F%E5%B0%91,HTTP 404: page does not exist
475,经行痛减,not_found,https://baike.duguji.cn/baike/w/%E7%BB%8F%E8%A1%8C%E7%97%9B%E5%87%8F,HTTP 404: page does not exist
477,经行小腹疼痛,not_found,https://baike.duguji.cn/baike/w/%E7%BB%8F%E8%A1%8C%E5%B0%8F%E8%85%B9%E7%96%BC%E7%97%9B,HTTP 404: page does not exist
479,经行小腹胀痛,not_found,https://baike.duguji.cn/baike/w/%E7%BB%8F%E8%A1%8C%E5%B0%8F%E8%85%B9%E8%83%80%E7%97%9B,HTTP 404: page does not exist
478,经行小腹喜热,not_found,https://baike.duguji.cn/baike/w/%E7%BB%8F%E8%A1%8C%E5%B0%8F%E8%85%B9%E5%96%9C%E7%83%AD,HTTP 404: page does not exist
480,经量少有血块,not_found,https://baike.duguji.cn/baike/w/%E7%BB%8F%E9%87%8F%E5%B0%91%E6%9C%89%E8%A1%80%E5%9D%97,HTTP 404: page does not exist
485,经前乳胀,not_found,https://baike.duguji.cn/baike/w/%E7%BB%8F%E5%89%8D%E4%B9%B3%E8%83%80,HTTP 404: page does not exist
486,经前双乳胀痛,not_found,https://baike.duguji.cn/baike/w/%E7%BB%8F%E5%89%8D%E5%8F%8C%E4%B9%B3%E8%83%80%E7%97%9B,HTTP 404: page does not exist
487,经前疼痛加重,not_found,https://baike.duguji.cn/baike/w/%E7%BB%8F%E5%89%8D%E7%96%BC%E7%97%9B%E5%8A%A0%E9%87%8D,HTTP 404: page does not exist
488,经前头痛,not_found,https://baike.duguji.cn/baike/w/%E7%BB%8F%E5%89%8D%E5%A4%B4%E7%97%9B,HTTP 404: page does not exist
483,经前腹痛加剧,not_found,https://baike.duguji.cn/baike/w/%E7%BB%8F%E5%89%8D%E8%85%B9%E7%97%9B%E5%8A%A0%E5%89%A7,HTTP 404: page does not exist
481,经期腹痛,not_found,https://baike.duguji.cn/baike/w/%E7%BB%8F%E6%9C%9F%E8%85%B9%E7%97%9B,HTTP 404: page does not exist
489,经前性情急躁,not_found,https://baike.duguji.cn/baike/w/%E7%BB%8F%E5%89%8D%E6%80%A7%E6%83%85%E6%80%A5%E8%BA%81,HTTP 404: page does not exist
490,经前胸闷,not_found,https://baike.duguji.cn/baike/w/%E7%BB%8F%E5%89%8D%E8%83%B8%E9%97%B7,HTTP 404: page does not exist
493,经血紫暗,not_found,https://baike.duguji.cn/baike/w/%E7%BB%8F%E8%A1%80%E7%B4%AB%E6%9A%97,HTTP 404: page does not exist
491,经少色淡,not_found,https://baike.duguji.cn/baike/w/%E7%BB%8F%E5%B0%91%E8%89%B2%E6%B7%A1,HTTP 404: page does not exist
492,经水淋漓不净,not_found,https://baike.duguji.cn/baike/w/%E7%BB%8F%E6%B0%B4%E6%B7%8B%E6%BC%93%E4%B8%8D%E5%87%80,HTTP 404: page does not exist
495,惊风抽搐,not_found,https://baike.duguji.cn/baike/w/%E6%83%8A%E9%A3%8E%E6%8A%BD%E6%90%90,HTTP 404: page does not exist
504,精亏,not_found,https://baike.duguji.cn/baike/w/%E7%B2%BE%E4%BA%8F,HTTP 404: page does not exist
498,惊悸不宁,not_found,https://baike.duguji.cn/baike/w/%E6%83%8A%E6%82%B8%E4%B8%8D%E5%AE%81,HTTP 404: page does not exist
499,惊悸多梦,not_found,https://baike.duguji.cn/baike/w/%E6%83%8A%E6%82%B8%E5%A4%9A%E6%A2%A6,HTTP 404: page does not exist
506,精气不足,not_found,https://baike.duguji.cn/baike/w/%E7%B2%BE%E6%B0%94%E4%B8%8D%E8%B6%B3,HTTP 404: page does not exist
503,惊痫不安,not_found,https://baike.duguji.cn/baike/w/%E6%83%8A%E7%97%AB%E4%B8%8D%E5%AE%89,HTTP 404: page does not exist
514,颈项僵硬,not_found,https://baike.duguji.cn/baike/w/%E9%A2%88%E9%A1%B9%E5%83%B5%E7%A1%AC,HTTP 404: page does not exist
511,精溢,not_found,https://baike.duguji.cn/baike/w/%E7%B2%BE%E6%BA%A2,HTTP 404: page does not exist
512,颈肩部僵硬,not_found,https://baike.duguji.cn/baike/w/%E9%A2%88%E8%82%A9%E9%83%A8%E5%83%B5%E7%A1%AC,HTTP 404: page does not exist
507,精神不振,not_found,https://baike.duguji.cn/baike/w/%E7%B2%BE%E7%A5%9E%E4%B8%8D%E6%8C%AF,HTTP 404: page does not exist
510,精神忧郁,not_found,https://baike.duguji.cn/baike/w/%E7%B2%BE%E7%A5%9E%E5%BF%A7%E9%83%81,HTTP 404: page does not exist
516,颈项紧张不舒,not_found,https://baike.duguji.cn/baike/w/%E9%A2%88%E9%A1%B9%E7%B4%A7%E5%BC%A0%E4%B8%8D%E8%88%92,HTTP 404: page does not exist
515,颈项僵直,not_found,https://baike.duguji.cn/baike/w/%E9%A2%88%E9%A1%B9%E5%83%B5%E7%9B%B4,HTTP 404: page does not exist
520,胫膝酸软,not_found,https://baike.duguji.cn/baike/w/%E8%83%AB%E8%86%9D%E9%85%B8%E8%BD%AF,HTTP 404: page does not exist
518,颈椎病型头痛,not_found,https://baike.duguji.cn/baike/w/%E9%A2%88%E6%A4%8E%E7%97%85%E5%9E%8B%E5%A4%B4%E7%97%9B,HTTP 404: page does not exist
517,颈项疼痛,not_found,https://baike.duguji.cn/baike/w/%E9%A2%88%E9%A1%B9%E7%96%BC%E7%97%9B,HTTP 404: page does not exist
513,颈项活动不利,not_found,https://baike.duguji.cn/baike/w/%E9%A2%88%E9%A1%B9%E6%B4%BB%E5%8A%A8%E4%B8%8D%E5%88%A9,HTTP 404: page does not exist
523,久病体弱,not_found,https://baike.duguji.cn/baike/w/%E4%B9%85%E7%97%85%E4%BD%93%E5%BC%B1,HTTP 404: page does not exist
527,久痢不止,not_found,https://baike.duguji.cn/baike/w/%E4%B9%85%E7%97%A2%E4%B8%8D%E6%AD%A2,HTTP 404: page does not exist
525,久咳不止,not_found,https://baike.duguji.cn/baike/w/%E4%B9%85%E5%92%B3%E4%B8%8D%E6%AD%A2,HTTP 404: page does not exist
528,久疟体虚,not_found,https://baike.duguji.cn/baike/w/%E4%B9%85%E7%96%9F%E4%BD%93%E8%99%9A,HTTP 404: page does not exist
530,久嗽不止,not_found,https://baike.duguji.cn/baike/w/%E4%B9%85%E5%97%BD%E4%B8%8D%E6%AD%A2,HTTP 404: page does not exist
532,久泻不止,not_found,https://baike.duguji.cn/baike/w/%E4%B9%85%E6%B3%BB%E4%B8%8D%E6%AD%A2,HTTP 404: page does not exist
533,久泻久痢,not_found,https://baike.duguji.cn/baike/w/%E4%B9%85%E6%B3%BB%E4%B9%85%E7%97%A2,HTTP 404: page does not exist
534,久泻脱肛,not_found,https://baike.duguji.cn/baike/w/%E4%B9%85%E6%B3%BB%E8%84%B1%E8%82%9B,HTTP 404: page does not exist
538,局部畏恶风寒,not_found,https://baike.duguji.cn/baike/w/%E5%B1%80%E9%83%A8%E7%95%8F%E6%81%B6%E9%A3%8E%E5%AF%92,HTTP 404: page does not exist
536,局部恶寒,not_found,https://baike.duguji.cn/baike/w/%E5%B1%80%E9%83%A8%E6%81%B6%E5%AF%92,HTTP 404: page does not exist
535,拘挛麻木,not_found,https://baike.duguji.cn/baike/w/%E6%8B%98%E6%8C%9B%E9%BA%BB%E6%9C%A8,HTTP 404: page does not exist
537,局部红肿,not_found,https://baike.duguji.cn/baike/w/%E5%B1%80%E9%83%A8%E7%BA%A2%E8%82%BF,HTTP 404: page does not exist
546,咳喘痛甚,not_found,https://baike.duguji.cn/baike/w/%E5%92%B3%E5%96%98%E7%97%9B%E7%94%9A,HTTP 404: page does not exist
543,倦怠乏力,not_found,https://baike.duguji.cn/baike/w/%E5%80%A6%E6%80%A0%E4%B9%8F%E5%8A%9B,HTTP 404: page does not exist
540,局部畏寒,not_found,https://baike.duguji.cn/baike/w/%E5%B1%80%E9%83%A8%E7%95%8F%E5%AF%92,HTTP 404: page does not exist
539,局部畏风寒,not_found,https://baike.duguji.cn/baike/w/%E5%B1%80%E9%83%A8%E7%95%8F%E9%A3%8E%E5%AF%92,HTTP 404: page does not exist
541,局部肿痛,not_found,https://baike.duguji.cn/baike/w/%E5%B1%80%E9%83%A8%E8%82%BF%E7%97%9B,HTTP 404: page does not exist
547,咳呛阵作,not_found,https://baike.duguji.cn/baike/w/%E5%92%B3%E5%91%9B%E9%98%B5%E4%BD%9C,HTTP 404: page does not exist
548,咳甚而喘,not_found,https://baike.duguji.cn/baike/w/%E5%92%B3%E7%94%9A%E8%80%8C%E5%96%98,HTTP 404: page does not exist
550,咳嗽频作,not_found,https://baike.duguji.cn/baike/w/%E5%92%B3%E5%97%BD%E9%A2%91%E4%BD%9C,HTTP 404: page does not exist
551,咳嗽日久,not_found,https://baike.duguji.cn/baike/w/%E5%92%B3%E5%97%BD%E6%97%A5%E4%B9%85,HTTP 404: page does not exist
553,咳嗽痰盛,not_found,https://baike.duguji.cn/baike/w/%E5%92%B3%E5%97%BD%E7%97%B0%E7%9B%9B,HTTP 404: page does not exist
554,咳嗽有痰,not_found,https://baike.duguji.cn/baike/w/%E5%92%B3%E5%97%BD%E6%9C%89%E7%97%B0,HTTP 404: page does not exist
556,咳痰不爽,not_found,https://baike.duguji.cn/baike/w/%E5%92%B3%E7%97%B0%E4%B8%8D%E7%88%BD,HTTP 404: page does not exist
555,咳嗽阵作,not_found,https://baike.duguji.cn/baike/w/%E5%92%B3%E5%97%BD%E9%98%B5%E4%BD%9C,HTTP 404: page does not exist
557,咳痰不已,not_found,https://baike.duguji.cn/baike/w/%E5%92%B3%E7%97%B0%E4%B8%8D%E5%B7%B2,HTTP 404: page does not exist
559,咳痰色白,not_found,https://baike.duguji.cn/baike/w/%E5%92%B3%E7%97%B0%E8%89%B2%E7%99%BD,HTTP 404: page does not exist
558,咳痰带血,not_found,https://baike.duguji.cn/baike/w/%E5%92%B3%E7%97%B0%E5%B8%A6%E8%A1%80,HTTP 404: page does not exist
563,渴不思饮,not_found,https://baike.duguji.cn/baike/w/%E6%B8%B4%E4%B8%8D%E6%80%9D%E9%A5%AE,HTTP 404: page does not exist
574,口角流诞,not_found,https://baike.duguji.cn/baike/w/%E5%8F%A3%E8%A7%92%E6%B5%81%E8%AF%9E,HTTP 404: page does not exist
560,咳吐不爽,not_found,https://baike.duguji.cn/baike/w/%E5%92%B3%E5%90%90%E4%B8%8D%E7%88%BD,HTTP 404: page does not exist
571,口淡乏味,not_found,https://baike.duguji.cn/baike/w/%E5%8F%A3%E6%B7%A1%E4%B9%8F%E5%91%B3,HTTP 404: page does not exist
572,口多唾涎,not_found,https://baike.duguji.cn/baike/w/%E5%8F%A3%E5%A4%9A%E5%94%BE%E6%B6%8E,HTTP 404: page does not exist
568,口疮肿痛,not_found,https://baike.duguji.cn/baike/w/%E5%8F%A3%E7%96%AE%E8%82%BF%E7%97%9B,HTTP 404: page does not exist
570,口唇紫绀,not_found,https://baike.duguji.cn/baike/w/%E5%8F%A3%E5%94%87%E7%B4%AB%E7%BB%80,HTTP 404: page does not exist
586,口舌干燥,not_found,https://baike.duguji.cn/baike/w/%E5%8F%A3%E8%88%8C%E5%B9%B2%E7%87%A5,HTTP 404: page does not exist
582,口黏,not_found,https://baike.duguji.cn/baike/w/%E5%8F%A3%E9%BB%8F,HTTP 404: page does not exist
589,口舌肿痛,not_found,https://baike.duguji.cn/baike/w/%E5%8F%A3%E8%88%8C%E8%82%BF%E7%97%9B,HTTP 404: page does not exist
581,口糜烂,not_found,https://baike.duguji.cn/baike/w/%E5%8F%A3%E7%B3%9C%E7%83%82,HTTP 404: page does not exist
584,口腔溃疡久不收敛,not_found,https://baike.duguji.cn/baike/w/%E5%8F%A3%E8%85%94%E6%BA%83%E7%96%A1%E4%B9%85%E4%B8%8D%E6%94%B6%E6%95%9B,HTTP 404: page does not exist
588,口舌歪斜,not_found,https://baike.duguji.cn/baike/w/%E5%8F%A3%E8%88%8C%E6%AD%AA%E6%96%9C,HTTP 404: page does not exist
590,口生疮,not_found,https://baike.duguji.cn/baike/w/%E5%8F%A3%E7%94%9F%E7%96%AE,HTTP 404: page does not exist
591,口吐涎沫,not_found,https://baike.duguji.cn/baike/w/%E5%8F%A3%E5%90%90%E6%B6%8E%E6%B2%AB,HTTP 404: page does not exist
592,口喎,not_found,https://baike.duguji.cn/baike/w/%E5%8F%A3%E5%96%8E,HTTP 404: page does not exist
593,口眼涡斜,not_found,https://baike.duguji.cn/baike/w/%E5%8F%A3%E7%9C%BC%E6%B6%A1%E6%96%9C,HTTP 404: page does not exist
595,口燥,not_found,https://baike.duguji.cn/baike/w/%E5%8F%A3%E7%87%A5,HTTP 404: page does not exist
594,口喁,not_found,https://baike.duguji.cn/baike/w/%E5%8F%A3%E5%96%81,HTTP 404: page does not exist
596,口中甜腻,not_found,https://baike.duguji.cn/baike/w/%E5%8F%A3%E4%B8%AD%E7%94%9C%E8%85%BB,HTTP 404: page does not exist
603,劳嗽咯血,not_found,https://baike.duguji.cn/baike/w/%E5%8A%B3%E5%97%BD%E5%92%AF%E8%A1%80,HTTP 404: page does not exist
598,溃疡不敛,not_found,https://baike.duguji.cn/baike/w/%E6%BA%83%E7%96%A1%E4%B8%8D%E6%95%9B,HTTP 404: page does not exist
600,懒言,not_found,https://baike.duguji.cn/baike/w/%E6%87%92%E8%A8%80,HTTP 404: page does not exist
605,老年轻度认知障碍,not_found,https://baike.duguji.cn/baike/w/%E8%80%81%E5%B9%B4%E8%BD%BB%E5%BA%A6%E8%AE%A4%E7%9F%A5%E9%9A%9C%E7%A2%8D,HTTP 404: page does not exist
599,剌痛,not_found,https://baike.duguji.cn/baike/w/%E5%89%8C%E7%97%9B,HTTP 404: page does not exist
606,老年腰膝酸软,not_found,https://baike.duguji.cn/baike/w/%E8%80%81%E5%B9%B4%E8%85%B0%E8%86%9D%E9%85%B8%E8%BD%AF,HTTP 404: page does not exist
619,两腮肿痛,not_found,https://baike.duguji.cn/baike/w/%E4%B8%A4%E8%85%AE%E8%82%BF%E7%97%9B,HTTP 404: page does not exist
618,两腮肿,not_found,https://baike.duguji.cn/baike/w/%E4%B8%A4%E8%85%AE%E8%82%BF,HTTP 404: page does not exist
616,臁疮糜烂,not_found,https://baike.duguji.cn/baike/w/%E8%87%81%E7%96%AE%E7%B3%9C%E7%83%82,HTTP 404: page does not exist
610,冷汗自出,not_found,https://baike.duguji.cn/baike/w/%E5%86%B7%E6%B1%97%E8%87%AA%E5%87%BA,HTTP 404: page does not exist
623,淋沥疼痛,not_found,https://baike.duguji.cn/baike/w/%E6%B7%8B%E6%B2%A5%E7%96%BC%E7%97%9B,HTTP 404: page does not exist
617,两腮痛,not_found,https://baike.duguji.cn/baike/w/%E4%B8%A4%E8%85%AE%E7%97%9B,HTTP 404: page does not exist
620,两胁疼痛,not_found,https://baike.duguji.cn/baike/w/%E4%B8%A4%E8%83%81%E7%96%BC%E7%97%9B,HTTP 404: page does not exist
629,流产后出血,not_found,https://baike.duguji.cn/baike/w/%E6%B5%81%E4%BA%A7%E5%90%8E%E5%87%BA%E8%A1%80,HTTP 404: page does not exist
621,两胁胀痛,not_found,https://baike.duguji.cn/baike/w/%E4%B8%A4%E8%83%81%E8%83%80%E7%97%9B,HTTP 404: page does not exist
628,鳞屑多,not_found,https://baike.duguji.cn/baike/w/%E9%B3%9E%E5%B1%91%E5%A4%9A,HTTP 404: page does not exist
625,淋证涩痛,not_found,https://baike.duguji.cn/baike/w/%E6%B7%8B%E8%AF%81%E6%B6%A9%E7%97%9B,HTTP 404: page does not exist
630,流产后宫缩不良,not_found,https://baike.duguji.cn/baike/w/%E6%B5%81%E4%BA%A7%E5%90%8E%E5%AE%AB%E7%BC%A9%E4%B8%8D%E8%89%AF,HTTP 404: page does not exist
632,流黄涕,not_found,https://baike.duguji.cn/baike/w/%E6%B5%81%E9%BB%84%E6%B6%95,HTTP 404: page does not exist
631,流黄稠涕,not_found,https://baike.duguji.cn/baike/w/%E6%B5%81%E9%BB%84%E7%A8%A0%E6%B6%95,HTTP 404: page does not exist
636,流脓涕,not_found,https://baike.duguji.cn/baike/w/%E6%B5%81%E8%84%93%E6%B6%95,HTTP 404: page does not exist
633,流黄浊涕,not_found,https://baike.duguji.cn/baike/w/%E6%B5%81%E9%BB%84%E6%B5%8A%E6%B6%95,HTTP 404: page does not exist
639,流涕黏白,not_found,https://baike.duguji.cn/baike/w/%E6%B5%81%E6%B6%95%E9%BB%8F%E7%99%BD,HTTP 404: page does not exist
641,流浊涕,not_found,https://baike.duguji.cn/baike/w/%E6%B5%81%E6%B5%8A%E6%B6%95,HTTP 404: page does not exist
645,屡经流产,not_found,https://baike.duguji.cn/baike/w/%E5%B1%A1%E7%BB%8F%E6%B5%81%E4%BA%A7,HTTP 404: page does not exist
643,瘰疬未溃,not_found,https://baike.duguji.cn/baike/w/%E7%98%B0%E7%96%AC%E6%9C%AA%E6%BA%83,HTTP 404: page does not exist
646,麻痹瘙痒,not_found,https://baike.duguji.cn/baike/w/%E9%BA%BB%E7%97%B9%E7%98%99%E7%97%92,HTTP 404: page does not exist
649,麻木瘫痪,not_found,https://baike.duguji.cn/baike/w/%E9%BA%BB%E6%9C%A8%E7%98%AB%E7%97%AA,HTTP 404: page does not exist
648,麻木拘挛,not_found,https://baike.duguji.cn/baike/w/%E9%BA%BB%E6%9C%A8%E6%8B%98%E6%8C%9B,HTTP 404: page does not exist
653,脉细弱,not_found,https://baike.duguji.cn/baike/w/%E8%84%89%E7%BB%86%E5%BC%B1,HTTP 404: page does not exist
650,麻疹不透,not_found,https://baike.duguji.cn/baike/w/%E9%BA%BB%E7%96%B9%E4%B8%8D%E9%80%8F,HTTP 404: page does not exist
651,脉沉细,not_found,https://baike.duguji.cn/baike/w/%E8%84%89%E6%B2%89%E7%BB%86,HTTP 404: page does not exist
654,脉细涩,not_found,https://baike.duguji.cn/baike/w/%E8%84%89%E7%BB%86%E6%B6%A9,HTTP 404: page does not exist
661,毛发呈稀疏状脱落,not_found,https://baike.duguji.cn/baike/w/%E6%AF%9B%E5%8F%91%E5%91%88%E7%A8%80%E7%96%8F%E7%8A%B6%E8%84%B1%E8%90%BD,HTTP 404: page does not exist
660,毛发成片脱落,not_found,https://baike.duguji.cn/baike/w/%E6%AF%9B%E5%8F%91%E6%88%90%E7%89%87%E8%84%B1%E8%90%BD,HTTP 404: page does not exist
656,脉细弦,not_found,https://baike.duguji.cn/baike/w/%E8%84%89%E7%BB%86%E5%BC%A6,HTTP 404: page does not exist
663,毛发松动,not_found,https://baike.duguji.cn/baike/w/%E6%AF%9B%E5%8F%91%E6%9D%BE%E5%8A%A8,HTTP 404: page does not exist
667,眠差,not_found,https://baike.duguji.cn/baike/w/%E7%9C%A0%E5%B7%AE,HTTP 404: page does not exist
662,毛发干燥,not_found,https://baike.duguji.cn/baike/w/%E6%AF%9B%E5%8F%91%E5%B9%B2%E7%87%A5,HTTP 404: page does not exist
664,毛发油腻,not_found,https://baike.duguji.cn/baike/w/%E6%AF%9B%E5%8F%91%E6%B2%B9%E8%85%BB,HTTP 404: page does not exist
669,面浮肿,not_found,https://baike.duguji.cn/baike/w/%E9%9D%A2%E6%B5%AE%E8%82%BF,HTTP 404: page does not exist
673,面目虚涪,not_found,https://baike.duguji.cn/baike/w/%E9%9D%A2%E7%9B%AE%E8%99%9A%E6%B6%AA,HTTP 404: page does not exist
678,面色晄白,not_found,https://baike.duguji.cn/baike/w/%E9%9D%A2%E8%89%B2%E6%99%84%E7%99%BD,HTTP 404: page does not exist
672,面目悉黄,not_found,https://baike.duguji.cn/baike/w/%E9%9D%A2%E7%9B%AE%E6%82%89%E9%BB%84,HTTP 404: page does not exist
674,面色不华,not_found,https://baike.duguji.cn/baike/w/%E9%9D%A2%E8%89%B2%E4%B8%8D%E5%8D%8E,HTTP 404: page does not exist
677,面色恍白,not_found,https://baike.duguji.cn/baike/w/%E9%9D%A2%E8%89%B2%E6%81%8D%E7%99%BD,HTTP 404: page does not exist
684,面肢浮肿,not_found,https://baike.duguji.cn/baike/w/%E9%9D%A2%E8%82%A2%E6%B5%AE%E8%82%BF,HTTP 404: page does not exist
682,面色无华,not_found,https://baike.duguji.cn/baike/w/%E9%9D%A2%E8%89%B2%E6%97%A0%E5%8D%8E,HTTP 404: page does not exist
679,面色黢黑,not_found,https://baike.duguji.cn/baike/w/%E9%9D%A2%E8%89%B2%E9%BB%A2%E9%BB%91,HTTP 404: page does not exist
680,面色少华,not_found,https://baike.duguji.cn/baike/w/%E9%9D%A2%E8%89%B2%E5%B0%91%E5%8D%8E,HTTP 404: page does not exist
686,目暗昏花,not_found,https://baike.duguji.cn/baike/w/%E7%9B%AE%E6%9A%97%E6%98%8F%E8%8A%B1,HTTP 404: page does not exist
687,目暗羞明,not_found,https://baike.duguji.cn/baike/w/%E7%9B%AE%E6%9A%97%E7%BE%9E%E6%98%8E,HTTP 404: page does not exist
693,目发黄,not_found,https://baike.duguji.cn/baike/w/%E7%9B%AE%E5%8F%91%E9%BB%84,HTTP 404: page does not exist
690,目赤昏花,not_found,https://baike.duguji.cn/baike/w/%E7%9B%AE%E8%B5%A4%E6%98%8F%E8%8A%B1,HTTP 404: page does not exist
691,目赤翳障,not_found,https://baike.duguji.cn/baike/w/%E7%9B%AE%E8%B5%A4%E7%BF%B3%E9%9A%9C,HTTP 404: page does not exist
689,目赤红肿,not_found,https://baike.duguji.cn/baike/w/%E7%9B%AE%E8%B5%A4%E7%BA%A2%E8%82%BF,HTTP 404: page does not exist
694,目花,not_found,https://baike.duguji.cn/baike/w/%E7%9B%AE%E8%8A%B1,HTTP 404: page does not exist
697,目昏不明,not_found,https://baike.duguji.cn/baike/w/%E7%9B%AE%E6%98%8F%E4%B8%8D%E6%98%8E,HTTP 404: page does not exist
700,目生云翳,not_found,https://baike.duguji.cn/baike/w/%E7%9B%AE%E7%94%9F%E4%BA%91%E7%BF%B3,HTTP 404: page does not exist
699,目生翳膜,not_found,https://baike.duguji.cn/baike/w/%E7%9B%AE%E7%94%9F%E7%BF%B3%E8%86%9C,HTTP 404: page does not exist
710,纳少嘈杂,not_found,https://baike.duguji.cn/baike/w/%E7%BA%B3%E5%B0%91%E5%98%88%E6%9D%82,HTTP 404: page does not exist
703,目淫羞明,not_found,https://baike.duguji.cn/baike/w/%E7%9B%AE%E6%B7%AB%E7%BE%9E%E6%98%8E,HTTP 404: page does not exist
705,目珠夜痛,not_found,https://baike.duguji.cn/baike/w/%E7%9B%AE%E7%8F%A0%E5%A4%9C%E7%97%9B,HTTP 404: page does not exist
712,脑部疼痛,not_found,https://baike.duguji.cn/baike/w/%E8%84%91%E9%83%A8%E7%96%BC%E7%97%9B,HTTP 404: page does not exist
704,目胀,not_found,https://baike.duguji.cn/baike/w/%E7%9B%AE%E8%83%80,HTTP 404: page does not exist
739,尿少,no_definition,https://baike.duguji.cn/baike/w/%E5%B0%BF%E5%B0%91,raw page parsed but no definition found
714,脑络瘀阻,not_found,https://baike.duguji.cn/baike/w/%E8%84%91%E7%BB%9C%E7%98%80%E9%98%BB,HTTP 404: page does not exist
715,内外伤出血,not_found,https://baike.duguji.cn/baike/w/%E5%86%85%E5%A4%96%E4%BC%A4%E5%87%BA%E8%A1%80,HTTP 404: page does not exist
713,脑功能减退,not_found,https://baike.duguji.cn/baike/w/%E8%84%91%E5%8A%9F%E8%83%BD%E5%87%8F%E9%80%80,HTTP 404: page does not exist
716,内障目暗,not_found,https://baike.duguji.cn/baike/w/%E5%86%85%E9%9A%9C%E7%9B%AE%E6%9A%97,HTTP 404: page does not exist
718,年老气喘,not_found,https://baike.duguji.cn/baike/w/%E5%B9%B4%E8%80%81%E6%B0%94%E5%96%98,HTTP 404: page does not exist
723,尿道灼热,not_found,https://baike.duguji.cn/baike/w/%E5%B0%BF%E9%81%93%E7%81%BC%E7%83%AD,HTTP 404: page does not exist
719,年老哮喘,not_found,https://baike.duguji.cn/baike/w/%E5%B9%B4%E8%80%81%E5%93%AE%E5%96%98,HTTP 404: page does not exist
722,尿道涩痛,not_found,https://baike.duguji.cn/baike/w/%E5%B0%BF%E9%81%93%E6%B6%A9%E7%97%9B,HTTP 404: page does not exist
724,尿点滴而下,not_found,https://baike.duguji.cn/baike/w/%E5%B0%BF%E7%82%B9%E6%BB%B4%E8%80%8C%E4%B8%8B,HTTP 404: page does not exist
726,尿后余沥不尽,not_found,https://baike.duguji.cn/baike/w/%E5%B0%BF%E5%90%8E%E4%BD%99%E6%B2%A5%E4%B8%8D%E5%B0%BD,HTTP 404: page does not exist
729,尿混浊,not_found,https://baike.duguji.cn/baike/w/%E5%B0%BF%E6%B7%B7%E6%B5%8A,HTTP 404: page does not exist
733,尿频数,not_found,https://baike.duguji.cn/baike/w/%E5%B0%BF%E9%A2%91%E6%95%B0,HTTP 404: page does not exist
763,喷嚏,no_definition,https://baike.duguji.cn/baike/w/%E5%96%B7%E5%9A%8F,raw page parsed but no definition found
728,尿黄如茶,not_found,https://baike.duguji.cn/baike/w/%E5%B0%BF%E9%BB%84%E5%A6%82%E8%8C%B6,HTTP 404: page does not exist
727,尿黄,not_found,https://baike.duguji.cn/baike/w/%E5%B0%BF%E9%BB%84,HTTP 404: page does not exist
735,尿色赤黄,not_found,https://baike.duguji.cn/baike/w/%E5%B0%BF%E8%89%B2%E8%B5%A4%E9%BB%84,HTTP 404: page does not exist
734,尿热,not_found,https://baike.duguji.cn/baike/w/%E5%B0%BF%E7%83%AD,HTTP 404: page does not exist
738,尿涩痛,not_found,https://baike.duguji.cn/baike/w/%E5%B0%BF%E6%B6%A9%E7%97%9B,HTTP 404: page does not exist
736,尿色偏黄,not_found,https://baike.duguji.cn/baike/w/%E5%B0%BF%E8%89%B2%E5%81%8F%E9%BB%84,HTTP 404: page does not exist
741,尿线细,not_found,https://baike.duguji.cn/baike/w/%E5%B0%BF%E7%BA%BF%E7%BB%86,HTTP 404: page does not exist
749,脓水,not_found,https://baike.duguji.cn/baike/w/%E8%84%93%E6%B0%B4,HTTP 404: page does not exist
746,脓成不溃,not_found,https://baike.duguji.cn/baike/w/%E8%84%93%E6%88%90%E4%B8%8D%E6%BA%83,HTTP 404: page does not exist
744,尿血血色紫红,not_found,https://baike.duguji.cn/baike/w/%E5%B0%BF%E8%A1%80%E8%A1%80%E8%89%B2%E7%B4%AB%E7%BA%A2,HTTP 404: page does not exist
747,脓腐将荆,not_found,https://baike.duguji.cn/baike/w/%E8%84%93%E8%85%90%E5%B0%86%E8%8D%86,HTTP 404: page does not exist
743,尿血血色鲜红,not_found,https://baike.duguji.cn/baike/w/%E5%B0%BF%E8%A1%80%E8%A1%80%E8%89%B2%E9%B2%9C%E7%BA%A2,HTTP 404: page does not exist
758,呕吐痰涎,not_found,https://baike.duguji.cn/baike/w/%E5%91%95%E5%90%90%E7%97%B0%E6%B6%8E,HTTP 404: page does not exist
759,呕吐吞酸,not_found,https://baike.duguji.cn/baike/w/%E5%91%95%E5%90%90%E5%90%9E%E9%85%B8,HTTP 404: page does not exist
757,呕吐乳食,not_found,https://baike.duguji.cn/baike/w/%E5%91%95%E5%90%90%E4%B9%B3%E9%A3%9F,HTTP 404: page does not exist
756,呕吐清水,not_found,https://baike.duguji.cn/baike/w/%E5%91%95%E5%90%90%E6%B8%85%E6%B0%B4,HTTP 404: page does not exist
760,排便乏力,not_found,https://baike.duguji.cn/baike/w/%E6%8E%92%E4%BE%BF%E4%B9%8F%E5%8A%9B,HTTP 404: page does not exist
761,排尿滴沥不尽,not_found,https://baike.duguji.cn/baike/w/%E6%8E%92%E5%B0%BF%E6%BB%B4%E6%B2%A5%E4%B8%8D%E5%B0%BD,HTTP 404: page does not exist
765,皮肤风团色红,not_found,https://baike.duguji.cn/baike/w/%E7%9A%AE%E8%82%A4%E9%A3%8E%E5%9B%A2%E8%89%B2%E7%BA%A2,HTTP 404: page does not exist
771,皮肤糜烂,not_found,https://baike.duguji.cn/baike/w/%E7%9A%AE%E8%82%A4%E7%B3%9C%E7%83%82,HTTP 404: page does not exist
770,皮肤潰疡,not_found,https://baike.duguji.cn/baike/w/%E7%9A%AE%E8%82%A4%E6%BD%B0%E7%96%A1,HTTP 404: page does not exist
768,皮肤黄染,not_found,https://baike.duguji.cn/baike/w/%E7%9A%AE%E8%82%A4%E9%BB%84%E6%9F%93,HTTP 404: page does not exist
775,皮肤色斑,not_found,https://baike.duguji.cn/baike/w/%E7%9A%AE%E8%82%A4%E8%89%B2%E6%96%91,HTTP 404: page does not exist
772,皮肤黏膜破溃,not_found,https://baike.duguji.cn/baike/w/%E7%9A%AE%E8%82%A4%E9%BB%8F%E8%86%9C%E7%A0%B4%E6%BA%83,HTTP 404: page does not exist
773,皮肤青紫,not_found,https://baike.duguji.cn/baike/w/%E7%9A%AE%E8%82%A4%E9%9D%92%E7%B4%AB,HTTP 404: page does not exist
777,皮肤湿疹,not_found,https://baike.duguji.cn/baike/w/%E7%9A%AE%E8%82%A4%E6%B9%BF%E7%96%B9,HTTP 404: page does not exist
776,皮肤湿烂,not_found,https://baike.duguji.cn/baike/w/%E7%9A%AE%E8%82%A4%E6%B9%BF%E7%83%82,HTTP 404: page does not exist
779,皮肤肿痛,not_found,https://baike.duguji.cn/baike/w/%E7%9A%AE%E8%82%A4%E8%82%BF%E7%97%9B,HTTP 404: page does not exist
782,皮损呈红斑湿润,not_found,https://baike.duguji.cn/baike/w/%E7%9A%AE%E6%8D%9F%E5%91%88%E7%BA%A2%E6%96%91%E6%B9%BF%E6%B6%A6,HTTP 404: page does not exist
783,皮下结块,not_found,https://baike.duguji.cn/baike/w/%E7%9A%AE%E4%B8%8B%E7%BB%93%E5%9D%97,HTTP 404: page does not exist
784,皮下紫斑,not_found,https://baike.duguji.cn/baike/w/%E7%9A%AE%E4%B8%8B%E7%B4%AB%E6%96%91,HTTP 404: page does not exist
788,皮疹圆形,not_found,https://baike.duguji.cn/baike/w/%E7%9A%AE%E7%96%B9%E5%9C%86%E5%BD%A2,HTTP 404: page does not exist
785,皮疹表面覆有较厚的银白色鳞屑,not_found,https://baike.duguji.cn/baike/w/%E7%9A%AE%E7%96%B9%E8%A1%A8%E9%9D%A2%E8%A6%86%E6%9C%89%E8%BE%83%E5%8E%9A%E7%9A%84%E9%93%B6%E7%99%BD%E8%89%B2%E9%B3%9E%E5%B1%91,HTTP 404: page does not exist
787,皮疹为点滴状,not_found,https://baike.duguji.cn/baike/w/%E7%9A%AE%E7%96%B9%E4%B8%BA%E7%82%B9%E6%BB%B4%E7%8A%B6,HTTP 404: page does not exist
786,皮疹色鲜红,not_found,https://baike.duguji.cn/baike/w/%E7%9A%AE%E7%96%B9%E8%89%B2%E9%B2%9C%E7%BA%A2,HTTP 404: page does not exist
780,皮肤紫斑,not_found,https://baike.duguji.cn/baike/w/%E7%9A%AE%E8%82%A4%E7%B4%AB%E6%96%91,HTTP 404: page does not exist
789,疲乏无力,not_found,https://baike.duguji.cn/baike/w/%E7%96%B2%E4%B9%8F%E6%97%A0%E5%8A%9B,HTTP 404: page does not exist
791,脾胃气滞,not_found,https://baike.duguji.cn/baike/w/%E8%84%BE%E8%83%83%E6%B0%94%E6%BB%9E,HTTP 404: page does not exist
800,脐腹胀痛,not_found,https://baike.duguji.cn/baike/w/%E8%84%90%E8%85%B9%E8%83%80%E7%97%9B,HTTP 404: page does not exist
805,气粗,not_found,https://baike.duguji.cn/baike/w/%E6%B0%94%E7%B2%97,HTTP 404: page does not exist
802,气闭昏厥,not_found,https://baike.duguji.cn/baike/w/%E6%B0%94%E9%97%AD%E6%98%8F%E5%8E%A5,HTTP 404: page does not exist
804,气喘咳嗽,not_found,https://baike.duguji.cn/baike/w/%E6%B0%94%E5%96%98%E5%92%B3%E5%97%BD,HTTP 404: page does not exist
807,气促喘息,not_found,https://baike.duguji.cn/baike/w/%E6%B0%94%E4%BF%83%E5%96%98%E6%81%AF,HTTP 404: page does not exist
801,起坐不利,not_found,https://baike.duguji.cn/baike/w/%E8%B5%B7%E5%9D%90%E4%B8%8D%E5%88%A9,HTTP 404: page does not exist
811,气逆喘急,not_found,https://baike.duguji.cn/baike/w/%E6%B0%94%E9%80%86%E5%96%98%E6%80%A5,HTTP 404: page does not exist
815,气滞胃痛,not_found,https://baike.duguji.cn/baike/w/%E6%B0%94%E6%BB%9E%E8%83%83%E7%97%9B,HTTP 404: page does not exist
812,气逆喘咳,not_found,https://baike.duguji.cn/baike/w/%E6%B0%94%E9%80%86%E5%96%98%E5%92%B3,HTTP 404: page does not exist
819,浅表脓疱,not_found,https://baike.duguji.cn/baike/w/%E6%B5%85%E8%A1%A8%E8%84%93%E7%96%B1,HTTP 404: page does not exist
817,前额压痛,not_found,https://baike.duguji.cn/baike/w/%E5%89%8D%E9%A2%9D%E5%8E%8B%E7%97%9B,HTTP 404: page does not exist
821,靑少年远视力下降,not_found,https://baike.duguji.cn/baike/w/%E9%9D%91%E5%B0%91%E5%B9%B4%E8%BF%9C%E8%A7%86%E5%8A%9B%E4%B8%8B%E9%99%8D,HTTP 404: page does not exist
823,轻度视力下降,not_found,https://baike.duguji.cn/baike/w/%E8%BD%BB%E5%BA%A6%E8%A7%86%E5%8A%9B%E4%B8%8B%E9%99%8D,HTTP 404: page does not exist
820,青盲雀目,not_found,https://baike.duguji.cn/baike/w/%E9%9D%92%E7%9B%B2%E9%9B%80%E7%9B%AE,HTTP 404: page does not exist
824,轻度烫伤（表皮未破),not_found,https://baike.duguji.cn/baike/w/%E8%BD%BB%E5%BA%A6%E7%83%AB%E4%BC%A4%EF%BC%88%E8%A1%A8%E7%9A%AE%E6%9C%AA%E7%A0%B4%29,HTTP 404: page does not exist
825,情志不畅,not_found,https://baike.duguji.cn/baike/w/%E6%83%85%E5%BF%97%E4%B8%8D%E7%95%85,HTTP 404: page does not exist
826,情志抑郁,not_found,https://baike.duguji.cn/baike/w/%E6%83%85%E5%BF%97%E6%8A%91%E9%83%81,HTTP 404: page does not exist
830,全身酸疼,not_found,https://baike.duguji.cn/baike/w/%E5%85%A8%E8%BA%AB%E9%85%B8%E7%96%BC,HTTP 404: page does not exist
828,龋齿疼痛,not_found,https://baike.duguji.cn/baike/w/%E9%BE%8B%E9%BD%BF%E7%96%BC%E7%97%9B,HTTP 404: page does not exist
832,热痹疼痛,not_found,https://baike.duguji.cn/baike/w/%E7%83%AD%E7%97%B9%E7%96%BC%E7%97%9B,HTTP 404: page does not exist
831,颧骨部压痛,not_found,https://baike.duguji.cn/baike/w/%E9%A2%A7%E9%AA%A8%E9%83%A8%E5%8E%8B%E7%97%9B,HTTP 404: page does not exist
834,热病发烧,not_found,https://baike.duguji.cn/baike/w/%E7%83%AD%E7%97%85%E5%8F%91%E7%83%A7,HTTP 404: page does not exist
837,热毒血痢,not_found,https://baike.duguji.cn/baike/w/%E7%83%AD%E6%AF%92%E8%A1%80%E7%97%A2,HTTP 404: page does not exist
833,热病发热,not_found,https://baike.duguji.cn/baike/w/%E7%83%AD%E7%97%85%E5%8F%91%E7%83%AD,HTTP 404: page does not exist
836,热毒泻痢,not_found,https://baike.duguji.cn/baike/w/%E7%83%AD%E6%AF%92%E6%B3%BB%E7%97%A2,HTTP 404: page does not exist
835,热病烦渴,not_found,https://baike.duguji.cn/baike/w/%E7%83%AD%E7%97%85%E7%83%A6%E6%B8%B4,HTTP 404: page does not exist
844,妊娠漏血,not_found,https://baike.duguji.cn/baike/w/%E5%A6%8A%E5%A8%A0%E6%BC%8F%E8%A1%80,HTTP 404: page does not exist
840,热淋证,not_found,https://baike.duguji.cn/baike/w/%E7%83%AD%E6%B7%8B%E8%AF%81,HTTP 404: page does not exist
839,热淋涩痛,not_found,https://baike.duguji.cn/baike/w/%E7%83%AD%E6%B7%8B%E6%B6%A9%E7%97%9B,HTTP 404: page does not exist
846,妊娠胎漏,not_found,https://baike.duguji.cn/baike/w/%E5%A6%8A%E5%A8%A0%E8%83%8E%E6%BC%8F,HTTP 404: page does not exist
848,乳房结节,not_found,https://baike.duguji.cn/baike/w/%E4%B9%B3%E6%88%BF%E7%BB%93%E8%8A%82,HTTP 404: page does not exist
850,乳房有块,not_found,https://baike.duguji.cn/baike/w/%E4%B9%B3%E6%88%BF%E6%9C%89%E5%9D%97,HTTP 404: page does not exist
863,乳肿痛,not_found,https://baike.duguji.cn/baike/w/%E4%B9%B3%E8%82%BF%E7%97%9B,HTTP 404: page does not exist
861,乳汁不下,not_found,https://baike.duguji.cn/baike/w/%E4%B9%B3%E6%B1%81%E4%B8%8D%E4%B8%8B,HTTP 404: page does not exist
858,乳痈初起,not_found,https://baike.duguji.cn/baike/w/%E4%B9%B3%E7%97%88%E5%88%9D%E8%B5%B7,HTTP 404: page does not exist
867,腮腺炎肿痛,not_found,https://baike.duguji.cn/baike/w/%E8%85%AE%E8%85%BA%E7%82%8E%E8%82%BF%E7%97%9B,HTTP 404: page does not exist
859,乳胀痛,not_found,https://baike.duguji.cn/baike/w/%E4%B9%B3%E8%83%80%E7%97%9B,HTTP 404: page does not exist
871,瘙痒难忍,not_found,https://baike.duguji.cn/baike/w/%E7%98%99%E7%97%92%E9%9A%BE%E5%BF%8D,HTTP 404: page does not exist
862,乳汁郁积,not_found,https://baike.duguji.cn/baike/w/%E4%B9%B3%E6%B1%81%E9%83%81%E7%A7%AF,HTTP 404: page does not exist
865,褥疮肿痛,not_found,https://baike.duguji.cn/baike/w/%E8%A4%A5%E7%96%AE%E8%82%BF%E7%97%9B,HTTP 404: page does not exist
870,瘙痒明显,not_found,https://baike.duguji.cn/baike/w/%E7%98%99%E7%97%92%E6%98%8E%E6%98%BE,HTTP 404: page does not exist
876,筛状出血明显,not_found,https://baike.duguji.cn/baike/w/%E7%AD%9B%E7%8A%B6%E5%87%BA%E8%A1%80%E6%98%8E%E6%98%BE,HTTP 404: page does not exist
877,闪腰挫气,not_found,https://baike.duguji.cn/baike/w/%E9%97%AA%E8%85%B0%E6%8C%AB%E6%B0%94,HTTP 404: page does not exist
873,涩痛,not_found,https://baike.duguji.cn/baike/w/%E6%B6%A9%E7%97%9B,HTTP 404: page does not exist
881,伤处瘀肿疼痛,not_found,https://baike.duguji.cn/baike/w/%E4%BC%A4%E5%A4%84%E7%98%80%E8%82%BF%E7%96%BC%E7%97%9B,HTTP 404: page does not exist
906,舌红苔黄腻,no_definition,https://baike.duguji.cn/baike/w/%E8%88%8C%E7%BA%A2%E8%8B%94%E9%BB%84%E8%85%BB,raw page parsed but no definition found
885,上消化道出血量多,not_found,https://baike.duguji.cn/baike/w/%E4%B8%8A%E6%B6%88%E5%8C%96%E9%81%93%E5%87%BA%E8%A1%80%E9%87%8F%E5%A4%9A,HTTP 404: page does not exist
884,上下肢 偏身麻木,not_found,https://baike.duguji.cn/baike/w/%E4%B8%8A%E4%B8%8B%E8%82%A2%20%E5%81%8F%E8%BA%AB%E9%BA%BB%E6%9C%A8,HTTP 404: page does not exist
887,上肢疼痛,not_found,https://baike.duguji.cn/baike/w/%E4%B8%8A%E8%82%A2%E7%96%BC%E7%97%9B,HTTP 404: page does not exist
888,少腹拒按,not_found,https://baike.duguji.cn/baike/w/%E5%B0%91%E8%85%B9%E6%8B%92%E6%8C%89,HTTP 404: page does not exist
889,少腹冷痛,not_found,https://baike.duguji.cn/baike/w/%E5%B0%91%E8%85%B9%E5%86%B7%E7%97%9B,HTTP 404: page does not exist
890,少腹疼痛,not_found,https://baike.duguji.cn/baike/w/%E5%B0%91%E8%85%B9%E7%96%BC%E7%97%9B,HTTP 404: page does not exist
892,少腹坠胀,not_found,https://baike.duguji.cn/baike/w/%E5%B0%91%E8%85%B9%E5%9D%A0%E8%83%80,HTTP 404: page does not exist
894,少寐,not_found,https://baike.duguji.cn/baike/w/%E5%B0%91%E5%AF%90,HTTP 404: page does not exist
896,少食,not_found,https://baike.duguji.cn/baike/w/%E5%B0%91%E9%A3%9F,HTTP 404: page does not exist
893,少津,not_found,https://baike.duguji.cn/baike/w/%E5%B0%91%E6%B4%A5,HTTP 404: page does not exist
897,少痰,not_found,https://baike.duguji.cn/baike/w/%E5%B0%91%E7%97%B0,HTTP 404: page does not exist
901,舌部疲斑,not_found,https://baike.duguji.cn/baike/w/%E8%88%8C%E9%83%A8%E7%96%B2%E6%96%91,HTTP 404: page does not exist
899,舌暗红,not_found,https://baike.duguji.cn/baike/w/%E8%88%8C%E6%9A%97%E7%BA%A2,HTTP 404: page does not exist
900,舌边尖有瘀斑,not_found,https://baike.duguji.cn/baike/w/%E8%88%8C%E8%BE%B9%E5%B0%96%E6%9C%89%E7%98%80%E6%96%91,HTTP 404: page does not exist
910,舌糜烂,not_found,https://baike.duguji.cn/baike/w/%E8%88%8C%E7%B3%9C%E7%83%82,HTTP 404: page does not exist
902,舌赤,not_found,https://baike.duguji.cn/baike/w/%E8%88%8C%E8%B5%A4,HTTP 404: page does not exist
907,舌尖边有瘀点,not_found,https://baike.duguji.cn/baike/w/%E8%88%8C%E5%B0%96%E8%BE%B9%E6%9C%89%E7%98%80%E7%82%B9,HTTP 404: page does not exist
912,舌偏红,not_found,https://baike.duguji.cn/baike/w/%E8%88%8C%E5%81%8F%E7%BA%A2,HTTP 404: page does not exist
908,舌尖红,not_found,https://baike.duguji.cn/baike/w/%E8%88%8C%E5%B0%96%E7%BA%A2,HTTP 404: page does not exist
918,舌有齿痕,not_found,https://baike.duguji.cn/baike/w/%E8%88%8C%E6%9C%89%E9%BD%BF%E7%97%95,HTTP 404: page does not exist
916,舌体胖大,not_found,https://baike.duguji.cn/baike/w/%E8%88%8C%E4%BD%93%E8%83%96%E5%A4%A7,HTTP 404: page does not exist
917,舌体肿,not_found,https://baike.duguji.cn/baike/w/%E8%88%8C%E4%BD%93%E8%82%BF,HTTP 404: page does not exist
921,舌瘀斑,not_found,https://baike.duguji.cn/baike/w/%E8%88%8C%E7%98%80%E6%96%91,HTTP 404: page does not exist
923,舌质黯,not_found,https://baike.duguji.cn/baike/w/%E8%88%8C%E8%B4%A8%E9%BB%AF,HTTP 404: page does not exist
920,舌有瘀点瘀斑,not_found,https://baike.duguji.cn/baike/w/%E8%88%8C%E6%9C%89%E7%98%80%E7%82%B9%E7%98%80%E6%96%91,HTTP 404: page does not exist
924,舌质淡暗,not_found,https://baike.duguji.cn/baike/w/%E8%88%8C%E8%B4%A8%E6%B7%A1%E6%9A%97,HTTP 404: page does not exist
925,舌质红少津,not_found,https://baike.duguji.cn/baike/w/%E8%88%8C%E8%B4%A8%E7%BA%A2%E5%B0%91%E6%B4%A5,HTTP 404: page does not exist
927,舌质有瘀斑,not_found,https://baike.duguji.cn/baike/w/%E8%88%8C%E8%B4%A8%E6%9C%89%E7%98%80%E6%96%91,HTTP 404: page does not exist
926,舌质红少苔,not_found,https://baike.duguji.cn/baike/w/%E8%88%8C%E8%B4%A8%E7%BA%A2%E5%B0%91%E8%8B%94,HTTP 404: page does not exist
931,身黄,not_found,https://baike.duguji.cn/baike/w/%E8%BA%AB%E9%BB%84,HTTP 404: page does not exist
930,蛇虫咬伤,not_found,https://baike.duguji.cn/baike/w/%E8%9B%87%E8%99%AB%E5%92%AC%E4%BC%A4,HTTP 404: page does not exist
929,舌紫暗,not_found,https://baike.duguji.cn/baike/w/%E8%88%8C%E7%B4%AB%E6%9A%97,HTTP 404: page does not exist
928,舌质紫暗,not_found,https://baike.duguji.cn/baike/w/%E8%88%8C%E8%B4%A8%E7%B4%AB%E6%9A%97,HTTP 404: page does not exist
932,身倦,not_found,https://baike.duguji.cn/baike/w/%E8%BA%AB%E5%80%A6,HTTP 404: page does not exist
936,身瘦,not_found,https://baike.duguji.cn/baike/w/%E8%BA%AB%E7%98%A6,HTTP 404: page does not exist
933,身困重,not_found,https://baike.duguji.cn/baike/w/%E8%BA%AB%E5%9B%B0%E9%87%8D,HTTP 404: page does not exist
934,身目发黄,not_found,https://baike.duguji.cn/baike/w/%E8%BA%AB%E7%9B%AE%E5%8F%91%E9%BB%84,HTTP 404: page does not exist
980,十二指肠溃疡出血,no_definition,https://baike.duguji.cn/baike/w/%E5%8D%81%E4%BA%8C%E6%8C%87%E8%82%A0%E6%BA%83%E7%96%A1%E5%87%BA%E8%A1%80,raw page parsed but no definition found
938,身体倦懒,not_found,https://baike.duguji.cn/baike/w/%E8%BA%AB%E4%BD%93%E5%80%A6%E6%87%92,HTTP 404: page does not exist
939,身体麻木,not_found,https://baike.duguji.cn/baike/w/%E8%BA%AB%E4%BD%93%E9%BA%BB%E6%9C%A8,HTTP 404: page does not exist
945,神昏不语,not_found,https://baike.duguji.cn/baike/w/%E7%A5%9E%E6%98%8F%E4%B8%8D%E8%AF%AD,HTTP 404: page does not exist
946,神昏狂躁,not_found,https://baike.duguji.cn/baike/w/%E7%A5%9E%E6%98%8F%E7%8B%82%E8%BA%81,HTTP 404: page does not exist
943,身痛痉挛,not_found,https://baike.duguji.cn/baike/w/%E8%BA%AB%E7%97%9B%E7%97%89%E6%8C%9B,HTTP 404: page does not exist
940,身体痩弱,not_found,https://baike.duguji.cn/baike/w/%E8%BA%AB%E4%BD%93%E7%97%A9%E5%BC%B1,HTTP 404: page does not exist
953,神倦懒言,not_found,https://baike.duguji.cn/baike/w/%E7%A5%9E%E5%80%A6%E6%87%92%E8%A8%80,HTTP 404: page does not exist
947,神昏谵语,not_found,https://baike.duguji.cn/baike/w/%E7%A5%9E%E6%98%8F%E8%B0%B5%E8%AF%AD,HTTP 404: page does not exist
955,神情呆滞,not_found,https://baike.duguji.cn/baike/w/%E7%A5%9E%E6%83%85%E5%91%86%E6%BB%9E,HTTP 404: page does not exist
976,湿热毒邪聚结肌肤,not_found,https://baike.duguji.cn/baike/w/%E6%B9%BF%E7%83%AD%E6%AF%92%E9%82%AA%E8%81%9A%E7%BB%93%E8%82%8C%E8%82%A4,HTTP 404: page does not exist
961,神志混乱,not_found,https://baike.duguji.cn/baike/w/%E7%A5%9E%E5%BF%97%E6%B7%B7%E4%B9%B1,HTTP 404: page does not exist
975,湿疮脓水浸淫,not_found,https://baike.duguji.cn/baike/w/%E6%B9%BF%E7%96%AE%E8%84%93%E6%B0%B4%E6%B5%B8%E6%B7%AB,HTTP 404: page does not exist
982,石淋涩痛,not_found,https://baike.duguji.cn/baike/w/%E7%9F%B3%E6%B7%8B%E6%B6%A9%E7%97%9B,HTTP 404: page does not exist
973,湿痹拘挛,not_found,https://baike.duguji.cn/baike/w/%E6%B9%BF%E7%97%B9%E6%8B%98%E6%8C%9B,HTTP 404: page does not exist
979,湿疹瘙痒,not_found,https://baike.duguji.cn/baike/w/%E6%B9%BF%E7%96%B9%E7%98%99%E7%97%92,HTTP 404: page does not exist
960,神志昏迷,not_found,https://baike.duguji.cn/baike/w/%E7%A5%9E%E5%BF%97%E6%98%8F%E8%BF%B7,HTTP 404: page does not exist
964,肾区冷痛、,not_found,https://baike.duguji.cn/baike/w/%E8%82%BE%E5%8C%BA%E5%86%B7%E7%97%9B%E3%80%81,HTTP 404: page does not exist
1000,视觉异常,no_definition,https://baike.duguji.cn/baike/w/%E8%A7%86%E8%A7%89%E5%BC%82%E5%B8%B8,raw page parsed but no definition found
965,声带充血,not_found,https://baike.duguji.cn/baike/w/%E5%A3%B0%E5%B8%A6%E5%85%85%E8%A1%80,HTTP 404: page does not exist
983,时有隐痛,not_found,https://baike.duguji.cn/baike/w/%E6%97%B6%E6%9C%89%E9%9A%90%E7%97%9B,HTTP 404: page does not exist
1001,视力减退,no_definition,https://baike.duguji.cn/baike/w/%E8%A7%86%E5%8A%9B%E5%87%8F%E9%80%80,raw page parsed but no definition found
984,食后腹胀拒按,not_found,https://baike.duguji.cn/baike/w/%E9%A3%9F%E5%90%8E%E8%85%B9%E8%83%80%E6%8B%92%E6%8C%89,HTTP 404: page does not exist
987,食积不消,not_found,https://baike.duguji.cn/baike/w/%E9%A3%9F%E7%A7%AF%E4%B8%8D%E6%B6%88,HTTP 404: page does not exist
985,食后胀痛,not_found,https://baike.duguji.cn/baike/w/%E9%A3%9F%E5%90%8E%E8%83%80%E7%97%9B,HTTP 404: page does not exist
1016,手足不温,no_definition,https://baike.duguji.cn/baike/w/%E6%89%8B%E8%B6%B3%E4%B8%8D%E6%B8%A9,raw page parsed but no definition found
991,食少不化,not_found,https://baike.duguji.cn/baike/w/%E9%A3%9F%E5%B0%91%E4%B8%8D%E5%8C%96,HTTP 404: page does not exist
989,食乳不化,not_found,https://baike.duguji.cn/baike/w/%E9%A3%9F%E4%B9%B3%E4%B8%8D%E5%8C%96,HTTP 404: page does not exist
988,食积胀满,not_found,https://baike.duguji.cn/baike/w/%E9%A3%9F%E7%A7%AF%E8%83%80%E6%BB%A1,HTTP 404: page does not exist
992,食少乏力,not_found,https://baike.duguji.cn/baike/w/%E9%A3%9F%E5%B0%91%E4%B9%8F%E5%8A%9B,HTTP 404: page does not exist
994,食物积滞,not_found,https://baike.duguji.cn/baike/w/%E9%A3%9F%E7%89%A9%E7%A7%AF%E6%BB%9E,HTTP 404: page does not exist
993,食少腹胀,not_found,https://baike.duguji.cn/baike/w/%E9%A3%9F%E5%B0%91%E8%85%B9%E8%83%80,HTTP 404: page does not exist
999,食滞化热,not_found,https://baike.duguji.cn/baike/w/%E9%A3%9F%E6%BB%9E%E5%8C%96%E7%83%AD,HTTP 404: page does not exist
998,食滞不化,not_found,https://baike.duguji.cn/baike/w/%E9%A3%9F%E6%BB%9E%E4%B8%8D%E5%8C%96,HTTP 404: page does not exist
1010,手拘挛,not_found,https://baike.duguji.cn/baike/w/%E6%89%8B%E6%8B%98%E6%8C%9B,HTTP 404: page does not exist
1011,手麻木,not_found,https://baike.duguji.cn/baike/w/%E6%89%8B%E9%BA%BB%E6%9C%A8,HTTP 404: page does not exist
1004,视物不清,not_found,https://baike.duguji.cn/baike/w/%E8%A7%86%E7%89%A9%E4%B8%8D%E6%B8%85,HTTP 404: page does not exist
1015,手足不遂,not_found,https://baike.duguji.cn/baike/w/%E6%89%8B%E8%B6%B3%E4%B8%8D%E9%81%82,HTTP 404: page does not exist
1003,视力下降,not_found,https://baike.duguji.cn/baike/w/%E8%A7%86%E5%8A%9B%E4%B8%8B%E9%99%8D,HTTP 404: page does not exist
1009,手抽搐,not_found,https://baike.duguji.cn/baike/w/%E6%89%8B%E6%8A%BD%E6%90%90,HTTP 404: page does not exist
1014,手肿胀,not_found,https://baike.duguji.cn/baike/w/%E6%89%8B%E8%82%BF%E8%83%80,HTTP 404: page does not exist
1038,四肢厥逆,no_definition,https://baike.duguji.cn/baike/w/%E5%9B%9B%E8%82%A2%E5%8E%A5%E9%80%86,raw page parsed but no definition found
1005,视物昏暗,not_found,https://baike.duguji.cn/baike/w/%E8%A7%86%E7%89%A9%E6%98%8F%E6%9A%97,HTTP 404: page does not exist
1018,手足麻木症,not_found,https://baike.duguji.cn/baike/w/%E6%89%8B%E8%B6%B3%E9%BA%BB%E6%9C%A8%E7%97%87,HTTP 404: page does not exist
1012,手术出血,not_found,https://baike.duguji.cn/baike/w/%E6%89%8B%E6%9C%AF%E5%87%BA%E8%A1%80,HTTP 404: page does not exist
1019,手足瘈疲,not_found,https://baike.duguji.cn/baike/w/%E6%89%8B%E8%B6%B3%E7%98%88%E7%96%B2,HTTP 404: page does not exist
1023,双目上吊,not_found,https://baike.duguji.cn/baike/w/%E5%8F%8C%E7%9B%AE%E4%B8%8A%E5%90%8A,HTTP 404: page does not exist
1017,手足发凉,not_found,https://baike.duguji.cn/baike/w/%E6%89%8B%E8%B6%B3%E5%8F%91%E5%87%89,HTTP 404: page does not exist
1048,四肢无力,no_definition,https://baike.duguji.cn/baike/w/%E5%9B%9B%E8%82%A2%E6%97%A0%E5%8A%9B,raw page parsed but no definition found
1021,暑邪发热,not_found,https://baike.duguji.cn/baike/w/%E6%9A%91%E9%82%AA%E5%8F%91%E7%83%AD,HTTP 404: page does not exist
1028,睡卧不安,not_found,https://baike.duguji.cn/baike/w/%E7%9D%A1%E5%8D%A7%E4%B8%8D%E5%AE%89,HTTP 404: page does not exist
1025,水浆难下,not_found,https://baike.duguji.cn/baike/w/%E6%B0%B4%E6%B5%86%E9%9A%BE%E4%B8%8B,HTTP 404: page does not exist
1024,双乳痛,not_found,https://baike.duguji.cn/baike/w/%E5%8F%8C%E4%B9%B3%E7%97%9B,HTTP 404: page does not exist
1032,四肢乏力,not_found,https://baike.duguji.cn/baike/w/%E5%9B%9B%E8%82%A2%E4%B9%8F%E5%8A%9B,HTTP 404: page does not exist
1034,四肢关节冷痛,not_found,https://baike.duguji.cn/baike/w/%E5%9B%9B%E8%82%A2%E5%85%B3%E8%8A%82%E5%86%B7%E7%97%9B,HTTP 404: page does not exist
1033,四肢浮肿,not_found,https://baike.duguji.cn/baike/w/%E5%9B%9B%E8%82%A2%E6%B5%AE%E8%82%BF,HTTP 404: page does not exist
1040,四肢挛痛,not_found,https://baike.duguji.cn/baike/w/%E5%9B%9B%E8%82%A2%E6%8C%9B%E7%97%9B,HTTP 404: page does not exist
1045,四肢酸懒,not_found,https://baike.duguji.cn/baike/w/%E5%9B%9B%E8%82%A2%E9%85%B8%E6%87%92,HTTP 404: page does not exist
1037,四肢倦乏,not_found,https://baike.duguji.cn/baike/w/%E5%9B%9B%E8%82%A2%E5%80%A6%E4%B9%8F,HTTP 404: page does not exist
1044,四肢酸,not_found,https://baike.duguji.cn/baike/w/%E5%9B%9B%E8%82%A2%E9%85%B8,HTTP 404: page does not exist
1041,四肢麻痹,not_found,https://baike.duguji.cn/baike/w/%E5%9B%9B%E8%82%A2%E9%BA%BB%E7%97%B9,HTTP 404: page does not exist
1053,胎漏下血,not_found,https://baike.duguji.cn/baike/w/%E8%83%8E%E6%BC%8F%E4%B8%8B%E8%A1%80,HTTP 404: page does not exist
1039,四肢挛急,not_found,https://baike.duguji.cn/baike/w/%E5%9B%9B%E8%82%A2%E6%8C%9B%E6%80%A5,HTTP 404: page does not exist
1054,胎盘不下,not_found,https://baike.duguji.cn/baike/w/%E8%83%8E%E7%9B%98%E4%B8%8D%E4%B8%8B,HTTP 404: page does not exist
1056,痰白,not_found,https://baike.duguji.cn/baike/w/%E7%97%B0%E7%99%BD,HTTP 404: page does not exist
1057,痰白质稀,not_found,https://baike.duguji.cn/baike/w/%E7%97%B0%E7%99%BD%E8%B4%A8%E7%A8%80,HTTP 404: page does not exist
1058,痰不易出,not_found,https://baike.duguji.cn/baike/w/%E7%97%B0%E4%B8%8D%E6%98%93%E5%87%BA,HTTP 404: page does not exist
1049,嗖痛,not_found,https://baike.duguji.cn/baike/w/%E5%97%96%E7%97%9B,HTTP 404: page does not exist
1059,痰稠,not_found,https://baike.duguji.cn/baike/w/%E7%97%B0%E7%A8%A0,HTTP 404: page does not exist
1064,痰多黄稠,not_found,https://baike.duguji.cn/baike/w/%E7%97%B0%E5%A4%9A%E9%BB%84%E7%A8%A0,HTTP 404: page does not exist
1060,痰稠黄,not_found,https://baike.duguji.cn/baike/w/%E7%97%B0%E7%A8%A0%E9%BB%84,HTTP 404: page does not exist
1061,痰稠难出,not_found,https://baike.duguji.cn/baike/w/%E7%97%B0%E7%A8%A0%E9%9A%BE%E5%87%BA,HTTP 404: page does not exist
1065,痰多咳嗽,not_found,https://baike.duguji.cn/baike/w/%E7%97%B0%E5%A4%9A%E5%92%B3%E5%97%BD,HTTP 404: page does not exist
1066,痰多淸稀,not_found,https://baike.duguji.cn/baike/w/%E7%97%B0%E5%A4%9A%E6%B7%B8%E7%A8%80,HTTP 404: page does not exist
1067,痰多上气,not_found,https://baike.duguji.cn/baike/w/%E7%97%B0%E5%A4%9A%E4%B8%8A%E6%B0%94,HTTP 404: page does not exist
1068,痰多作喘,not_found,https://baike.duguji.cn/baike/w/%E7%97%B0%E5%A4%9A%E4%BD%9C%E5%96%98,HTTP 404: page does not exist
1069,痰核痞块,not_found,https://baike.duguji.cn/baike/w/%E7%97%B0%E6%A0%B8%E7%97%9E%E5%9D%97,HTTP 404: page does not exist
1070,痰黄,not_found,https://baike.duguji.cn/baike/w/%E7%97%B0%E9%BB%84,HTTP 404: page does not exist
1072,痰黄稠黏,not_found,https://baike.duguji.cn/baike/w/%E7%97%B0%E9%BB%84%E7%A8%A0%E9%BB%8F,HTTP 404: page does not exist
1073,痰黄黏稠,not_found,https://baike.duguji.cn/baike/w/%E7%97%B0%E9%BB%84%E9%BB%8F%E7%A8%A0,HTTP 404: page does not exist
1071,痰黄稠,not_found,https://baike.duguji.cn/baike/w/%E7%97%B0%E9%BB%84%E7%A8%A0,HTTP 404: page does not exist
1077,痰鸣如吼,not_found,https://baike.duguji.cn/baike/w/%E7%97%B0%E9%B8%A3%E5%A6%82%E5%90%BC,HTTP 404: page does not exist
1078,痰黏,not_found,https://baike.duguji.cn/baike/w/%E7%97%B0%E9%BB%8F,HTTP 404: page does not exist
1076,痰鸣,not_found,https://baike.duguji.cn/baike/w/%E7%97%B0%E9%B8%A3,HTTP 404: page does not exist
1080,痰热,not_found,https://baike.duguji.cn/baike/w/%E7%97%B0%E7%83%AD,HTTP 404: page does not exist
1083,痰少,not_found,https://baike.duguji.cn/baike/w/%E7%97%B0%E5%B0%91,HTTP 404: page does not exist
1081,痰热喘咳,not_found,https://baike.duguji.cn/baike/w/%E7%97%B0%E7%83%AD%E5%96%98%E5%92%B3,HTTP 404: page does not exist
1084,痰盛,not_found,https://baike.duguji.cn/baike/w/%E7%97%B0%E7%9B%9B,HTTP 404: page does not exist
1089,痰饮咳喘,not_found,https://baike.duguji.cn/baike/w/%E7%97%B0%E9%A5%AE%E5%92%B3%E5%96%98,HTTP 404: page does not exist
1086,痰涎壅盛,not_found,https://baike.duguji.cn/baike/w/%E7%97%B0%E6%B6%8E%E5%A3%85%E7%9B%9B,HTTP 404: page does not exist
1085,痰稀,not_found,https://baike.duguji.cn/baike/w/%E7%97%B0%E7%A8%80,HTTP 404: page does not exist
1114,痛,no_definition,https://baike.duguji.cn/baike/w/%E7%97%9B,raw page parsed but no definition found
1090,痰壅,not_found,https://baike.duguji.cn/baike/w/%E7%97%B0%E5%A3%85,HTTP 404: page does not exist
1093,痰浊黄稠,not_found,https://baike.duguji.cn/baike/w/%E7%97%B0%E6%B5%8A%E9%BB%84%E7%A8%A0,HTTP 404: page does not exist
1096,体乏,not_found,https://baike.duguji.cn/baike/w/%E4%BD%93%E4%B9%8F,HTTP 404: page does not exist
1098,体倦,not_found,https://baike.duguji.cn/baike/w/%E4%BD%93%E5%80%A6,HTTP 404: page does not exist
1095,疼痛夜甚,not_found,https://baike.duguji.cn/baike/w/%E7%96%BC%E7%97%9B%E5%A4%9C%E7%94%9A,HTTP 404: page does not exist
1097,体乏无力,not_found,https://baike.duguji.cn/baike/w/%E4%BD%93%E4%B9%8F%E6%97%A0%E5%8A%9B,HTTP 404: page does not exist
1102,体虚多汗,not_found,https://baike.duguji.cn/baike/w/%E4%BD%93%E8%99%9A%E5%A4%9A%E6%B1%97,HTTP 404: page does not exist
1099,体疲,not_found,https://baike.duguji.cn/baike/w/%E4%BD%93%E7%96%B2,HTTP 404: page does not exist
1100,体弱,not_found,https://baike.duguji.cn/baike/w/%E4%BD%93%E5%BC%B1,HTTP 404: page does not exist
1106,涕黄稠,not_found,https://baike.duguji.cn/baike/w/%E6%B6%95%E9%BB%84%E7%A8%A0,HTTP 404: page does not exist
1104,体虚欲脱,not_found,https://baike.duguji.cn/baike/w/%E4%BD%93%E8%99%9A%E6%AC%B2%E8%84%B1,HTTP 404: page does not exist
1105,体虛,not_found,https://baike.duguji.cn/baike/w/%E4%BD%93%E8%99%9B,HTTP 404: page does not exist
1107,涕中带血,not_found,https://baike.duguji.cn/baike/w/%E6%B6%95%E4%B8%AD%E5%B8%A6%E8%A1%80,HTTP 404: page does not exist
1103,体虚乏力,not_found,https://baike.duguji.cn/baike/w/%E4%BD%93%E8%99%9A%E4%B9%8F%E5%8A%9B,HTTP 404: page does not exist
1109,听衰,not_found,https://baike.duguji.cn/baike/w/%E5%90%AC%E8%A1%B0,HTTP 404: page does not exist
1115,痛处拒按,not_found,https://baike.duguji.cn/baike/w/%E7%97%9B%E5%A4%84%E6%8B%92%E6%8C%89,HTTP 404: page does not exist
1111,停乳,not_found,https://baike.duguji.cn/baike/w/%E5%81%9C%E4%B9%B3,HTTP 404: page does not exist
1120,头部疖肿,not_found,https://baike.duguji.cn/baike/w/%E5%A4%B4%E9%83%A8%E7%96%96%E8%82%BF,HTTP 404: page does not exist
1121,头部剌痛,not_found,https://baike.duguji.cn/baike/w/%E5%A4%B4%E9%83%A8%E5%89%8C%E7%97%9B,HTTP 404: page does not exist
1118,痛甚,not_found,https://baike.duguji.cn/baike/w/%E7%97%9B%E7%94%9A,HTTP 404: page does not exist
1122,头部胀痛,not_found,https://baike.duguji.cn/baike/w/%E5%A4%B4%E9%83%A8%E8%83%80%E7%97%9B,HTTP 404: page does not exist
1123,头发早白,not_found,https://baike.duguji.cn/baike/w/%E5%A4%B4%E5%8F%91%E6%97%A9%E7%99%BD,HTTP 404: page does not exist
1127,头面疼痛,not_found,https://baike.duguji.cn/baike/w/%E5%A4%B4%E9%9D%A2%E7%96%BC%E7%97%9B,HTTP 404: page does not exist
1128,头目不清,not_found,https://baike.duguji.cn/baike/w/%E5%A4%B4%E7%9B%AE%E4%B8%8D%E6%B8%85,HTTP 404: page does not exist
1126,头面部神经痛,not_found,https://baike.duguji.cn/baike/w/%E5%A4%B4%E9%9D%A2%E9%83%A8%E7%A5%9E%E7%BB%8F%E7%97%9B,HTTP 404: page does not exist
1125,头剌痛,not_found,https://baike.duguji.cn/baike/w/%E5%A4%B4%E5%89%8C%E7%97%9B,HTTP 404: page does not exist
1132,头疼痛,not_found,https://baike.duguji.cn/baike/w/%E5%A4%B4%E7%96%BC%E7%97%9B,HTTP 404: page does not exist
1135,头痛如裹,not_found,https://baike.duguji.cn/baike/w/%E5%A4%B4%E7%97%9B%E5%A6%82%E8%A3%B9,HTTP 404: page does not exist
1129,头皮光亮,not_found,https://baike.duguji.cn/baike/w/%E5%A4%B4%E7%9A%AE%E5%85%89%E4%BA%AE,HTTP 404: page does not exist
1134,头痛日久,not_found,https://baike.duguji.cn/baike/w/%E5%A4%B4%E7%97%9B%E6%97%A5%E4%B9%85,HTTP 404: page does not exist
1137,头项痛,not_found,https://baike.duguji.cn/baike/w/%E5%A4%B4%E9%A1%B9%E7%97%9B,HTTP 404: page does not exist
1131,头身困重,not_found,https://baike.duguji.cn/baike/w/%E5%A4%B4%E8%BA%AB%E5%9B%B0%E9%87%8D,HTTP 404: page does not exist
1139,头痈,not_found,https://baike.duguji.cn/baike/w/%E5%A4%B4%E7%97%88,HTTP 404: page does not exist
1136,头项强,not_found,https://baike.duguji.cn/baike/w/%E5%A4%B4%E9%A1%B9%E5%BC%BA,HTTP 404: page does not exist
1146,吐脓,not_found,https://baike.duguji.cn/baike/w/%E5%90%90%E8%84%93,HTTP 404: page does not exist
1147,吐衄,not_found,https://baike.duguji.cn/baike/w/%E5%90%90%E8%A1%84,HTTP 404: page does not exist
1148,吐痰,not_found,https://baike.duguji.cn/baike/w/%E5%90%90%E7%97%B0,HTTP 404: page does not exist
1151,吐泻腹痛,not_found,https://baike.duguji.cn/baike/w/%E5%90%90%E6%B3%BB%E8%85%B9%E7%97%9B,HTTP 404: page does not exist
1154,腿疲痛,not_found,https://baike.duguji.cn/baike/w/%E8%85%BF%E7%96%B2%E7%97%9B,HTTP 404: page does not exist
1153,腿疲软,not_found,https://baike.duguji.cn/baike/w/%E8%85%BF%E7%96%B2%E8%BD%AF,HTTP 404: page does not exist
1149,吐痰清稀,not_found,https://baike.duguji.cn/baike/w/%E5%90%90%E7%97%B0%E6%B8%85%E7%A8%80,HTTP 404: page does not exist
1155,腿软,not_found,https://baike.duguji.cn/baike/w/%E8%85%BF%E8%BD%AF,HTTP 404: page does not exist
1162,椭圆形红斑,not_found,https://baike.duguji.cn/baike/w/%E6%A4%AD%E5%9C%86%E5%BD%A2%E7%BA%A2%E6%96%91,HTTP 404: page does not exist
1169,脘腹刺痛,not_found,https://baike.duguji.cn/baike/w/%E8%84%98%E8%85%B9%E5%88%BA%E7%97%9B,HTTP 404: page does not exist
1156,腿疼痛，重者痛剧不能转侧,not_found,https://baike.duguji.cn/baike/w/%E8%85%BF%E7%96%BC%E7%97%9B%EF%BC%8C%E9%87%8D%E8%80%85%E7%97%9B%E5%89%A7%E4%B8%8D%E8%83%BD%E8%BD%AC%E4%BE%A7,HTTP 404: page does not exist
1166,外阴红肿,not_found,https://baike.duguji.cn/baike/w/%E5%A4%96%E9%98%B4%E7%BA%A2%E8%82%BF,HTTP 404: page does not exist
1163,外伤发炎,not_found,https://baike.duguji.cn/baike/w/%E5%A4%96%E4%BC%A4%E5%8F%91%E7%82%8E,HTTP 404: page does not exist
1164,外伤红肿,not_found,https://baike.duguji.cn/baike/w/%E5%A4%96%E4%BC%A4%E7%BA%A2%E8%82%BF,HTTP 404: page does not exist
1165,外伤破溃,not_found,https://baike.duguji.cn/baike/w/%E5%A4%96%E4%BC%A4%E7%A0%B4%E6%BA%83,HTTP 404: page does not exist
1170,脘腹冷,not_found,https://baike.duguji.cn/baike/w/%E8%84%98%E8%85%B9%E5%86%B7,HTTP 404: page does not exist
1172,脘腹痞满,not_found,https://baike.duguji.cn/baike/w/%E8%84%98%E8%85%B9%E7%97%9E%E6%BB%A1,HTTP 404: page does not exist
1181,脘闷,not_found,https://baike.duguji.cn/baike/w/%E8%84%98%E9%97%B7,HTTP 404: page does not exist
1176,脘腹胁痛,not_found,https://baike.duguji.cn/baike/w/%E8%84%98%E8%85%B9%E8%83%81%E7%97%9B,HTTP 404: page does not exist
1171,脘腹冷痛,not_found,https://baike.duguji.cn/baike/w/%E8%84%98%E8%85%B9%E5%86%B7%E7%97%9B,HTTP 404: page does not exist
1177,脘腹隐痛,not_found,https://baike.duguji.cn/baike/w/%E8%84%98%E8%85%B9%E9%9A%90%E7%97%9B,HTTP 404: page does not exist
1182,脘闷不舒,not_found,https://baike.duguji.cn/baike/w/%E8%84%98%E9%97%B7%E4%B8%8D%E8%88%92,HTTP 404: page does not exist
1184,脘痞不饥,not_found,https://baike.duguji.cn/baike/w/%E8%84%98%E7%97%9E%E4%B8%8D%E9%A5%A5,HTTP 404: page does not exist
1179,脘腹胀闷,not_found,https://baike.duguji.cn/baike/w/%E8%84%98%E8%85%B9%E8%83%80%E9%97%B7,HTTP 404: page does not exist
1185,脘痞呕吐,not_found,https://baike.duguji.cn/baike/w/%E8%84%98%E7%97%9E%E5%91%95%E5%90%90,HTTP 404: page does not exist
1187,脘胁胀痛,not_found,https://baike.duguji.cn/baike/w/%E8%84%98%E8%83%81%E8%83%80%E7%97%9B,HTTP 404: page does not exist
1186,脘胁疼痛,not_found,https://baike.duguji.cn/baike/w/%E8%84%98%E8%83%81%E7%96%BC%E7%97%9B,HTTP 404: page does not exist
1188,微恶风寒,not_found,https://baike.duguji.cn/baike/w/%E5%BE%AE%E6%81%B6%E9%A3%8E%E5%AF%92,HTTP 404: page does not exist
1199,胃绞痛,not_found,https://baike.duguji.cn/baike/w/%E8%83%83%E7%BB%9E%E7%97%9B,HTTP 404: page does not exist
1194,胃肠积热,not_found,https://baike.duguji.cn/baike/w/%E8%83%83%E8%82%A0%E7%A7%AF%E7%83%AD,HTTP 404: page does not exist
1195,胃肠术后腹胀,not_found,https://baike.duguji.cn/baike/w/%E8%83%83%E8%82%A0%E6%9C%AF%E5%90%8E%E8%85%B9%E8%83%80,HTTP 404: page does not exist
1189,微渴,not_found,https://baike.duguji.cn/baike/w/%E5%BE%AE%E6%B8%B4,HTTP 404: page does not exist
1196,胃肠衰弱,not_found,https://baike.duguji.cn/baike/w/%E8%83%83%E8%82%A0%E8%A1%B0%E5%BC%B1,HTTP 404: page does not exist
1205,胃痛拘急,not_found,https://baike.duguji.cn/baike/w/%E8%83%83%E7%97%9B%E6%8B%98%E6%80%A5,HTTP 404: page does not exist
1201,胃溃疡出血、十二指肠溃疡出血,not_found,https://baike.duguji.cn/baike/w/%E8%83%83%E6%BA%83%E7%96%A1%E5%87%BA%E8%A1%80%E3%80%81%E5%8D%81%E4%BA%8C%E6%8C%87%E8%82%A0%E6%BA%83%E7%96%A1%E5%87%BA%E8%A1%80,HTTP 404: page does not exist
1207,胃痛隐隐,not_found,https://baike.duguji.cn/baike/w/%E8%83%83%E7%97%9B%E9%9A%90%E9%9A%90,HTTP 404: page does not exist
1209,胃脘不舒,not_found,https://baike.duguji.cn/baike/w/%E8%83%83%E8%84%98%E4%B8%8D%E8%88%92,HTTP 404: page does not exist
1206,胃痛绵绵,not_found,https://baike.duguji.cn/baike/w/%E8%83%83%E7%97%9B%E7%BB%B5%E7%BB%B5,HTTP 404: page does not exist
1210,胃脘嘈杂,not_found,https://baike.duguji.cn/baike/w/%E8%83%83%E8%84%98%E5%98%88%E6%9D%82,HTTP 404: page does not exist
1211,胃脘嘈杂不适,not_found,https://baike.duguji.cn/baike/w/%E8%83%83%E8%84%98%E5%98%88%E6%9D%82%E4%B8%8D%E9%80%82,HTTP 404: page does not exist
1212,胃脘刺痛,not_found,https://baike.duguji.cn/baike/w/%E8%83%83%E8%84%98%E5%88%BA%E7%97%9B,HTTP 404: page does not exist
1213,胃脘剌痛,not_found,https://baike.duguji.cn/baike/w/%E8%83%83%E8%84%98%E5%89%8C%E7%97%9B,HTTP 404: page does not exist
1217,胃脘痞闷,not_found,https://baike.duguji.cn/baike/w/%E8%83%83%E8%84%98%E7%97%9E%E9%97%B7,HTTP 404: page does not exist
1215,胃脘挛痛,not_found,https://baike.duguji.cn/baike/w/%E8%83%83%E8%84%98%E6%8C%9B%E7%97%9B,HTTP 404: page does not exist
1214,胃脘冷痛,not_found,https://baike.duguji.cn/baike/w/%E8%83%83%E8%84%98%E5%86%B7%E7%97%9B,HTTP 404: page does not exist
1216,胃脘痞满,not_found,https://baike.duguji.cn/baike/w/%E8%83%83%E8%84%98%E7%97%9E%E6%BB%A1,HTTP 404: page does not exist
1218,胃脘痞塞,not_found,https://baike.duguji.cn/baike/w/%E8%83%83%E8%84%98%E7%97%9E%E5%A1%9E,HTTP 404: page does not exist
1219,胃脘烧灼感,not_found,https://baike.duguji.cn/baike/w/%E8%83%83%E8%84%98%E7%83%A7%E7%81%BC%E6%84%9F,HTTP 404: page does not exist
1223,胃脘胀痛,not_found,https://baike.duguji.cn/baike/w/%E8%83%83%E8%84%98%E8%83%80%E7%97%9B,HTTP 404: page does not exist
1220,胃脘疼痛,not_found,https://baike.duguji.cn/baike/w/%E8%83%83%E8%84%98%E7%96%BC%E7%97%9B,HTTP 404: page does not exist
1222,胃脘胀满,not_found,https://baike.duguji.cn/baike/w/%E8%83%83%E8%84%98%E8%83%80%E6%BB%A1,HTTP 404: page does not exist
1221,胃脘隐痛,not_found,https://baike.duguji.cn/baike/w/%E8%83%83%E8%84%98%E9%9A%90%E7%97%9B,HTTP 404: page does not exist
1227,胃中灼热,not_found,https://baike.duguji.cn/baike/w/%E8%83%83%E4%B8%AD%E7%81%BC%E7%83%AD,HTTP 404: page does not exist
1229,瘟疫发热,not_found,https://baike.duguji.cn/baike/w/%E7%98%9F%E7%96%AB%E5%8F%91%E7%83%AD,HTTP 404: page does not exist
1226,胃胀满,not_found,https://baike.duguji.cn/baike/w/%E8%83%83%E8%83%80%E6%BB%A1,HTTP 404: page does not exist
1233,五更溏泻,not_found,https://baike.duguji.cn/baike/w/%E4%BA%94%E6%9B%B4%E6%BA%8F%E6%B3%BB,HTTP 404: page does not exist
1231,无名肿痛,not_found,https://baike.duguji.cn/baike/w/%E6%97%A0%E5%90%8D%E8%82%BF%E7%97%9B,HTTP 404: page does not exist
1232,无乳,not_found,https://baike.duguji.cn/baike/w/%E6%97%A0%E4%B9%B3,HTTP 404: page does not exist
1239,膝酸痛,not_found,https://baike.duguji.cn/baike/w/%E8%86%9D%E9%85%B8%E7%97%9B,HTTP 404: page does not exist
1238,膝软乏力,not_found,https://baike.duguji.cn/baike/w/%E8%86%9D%E8%BD%AF%E4%B9%8F%E5%8A%9B,HTTP 404: page does not exist
1240,喜暖,not_found,https://baike.duguji.cn/baike/w/%E5%96%9C%E6%9A%96,HTTP 404: page does not exist
1243,下痢臭秽,not_found,https://baike.duguji.cn/baike/w/%E4%B8%8B%E7%97%A2%E8%87%AD%E7%A7%BD,HTTP 404: page does not exist
1237,膝部痿软,not_found,https://baike.duguji.cn/baike/w/%E8%86%9D%E9%83%A8%E7%97%BF%E8%BD%AF,HTTP 404: page does not exist
1244,下痢脓血,not_found,https://baike.duguji.cn/baike/w/%E4%B8%8B%E7%97%A2%E8%84%93%E8%A1%80,HTTP 404: page does not exist
1245,下气甚痛,not_found,https://baike.duguji.cn/baike/w/%E4%B8%8B%E6%B0%94%E7%94%9A%E7%97%9B,HTTP 404: page does not exist
1248,下肢沉重,not_found,https://baike.duguji.cn/baike/w/%E4%B8%8B%E8%82%A2%E6%B2%89%E9%87%8D,HTTP 404: page does not exist
1247,下元虚冷,not_found,https://baike.duguji.cn/baike/w/%E4%B8%8B%E5%85%83%E8%99%9A%E5%86%B7,HTTP 404: page does not exist
1249,下肢浮肿,not_found,https://baike.duguji.cn/baike/w/%E4%B8%8B%E8%82%A2%E6%B5%AE%E8%82%BF,HTTP 404: page does not exist
1250,下肢痿软,not_found,https://baike.duguji.cn/baike/w/%E4%B8%8B%E8%82%A2%E7%97%BF%E8%BD%AF,HTTP 404: page does not exist
1251,下肢痿弱,not_found,https://baike.duguji.cn/baike/w/%E4%B8%8B%E8%82%A2%E7%97%BF%E5%BC%B1,HTTP 404: page does not exist
1255,项背强痛,not_found,https://baike.duguji.cn/baike/w/%E9%A1%B9%E8%83%8C%E5%BC%BA%E7%97%9B,HTTP 404: page does not exist
1261,消痩,not_found,https://baike.duguji.cn/baike/w/%E6%B6%88%E7%97%A9,HTTP 404: page does not exist
1254,项背强急不舒,not_found,https://baike.duguji.cn/baike/w/%E9%A1%B9%E8%83%8C%E5%BC%BA%E6%80%A5%E4%B8%8D%E8%88%92,HTTP 404: page does not exist
1253,夏令中恶昏厥,not_found,https://baike.duguji.cn/baike/w/%E5%A4%8F%E4%BB%A4%E4%B8%AD%E6%81%B6%E6%98%8F%E5%8E%A5,HTTP 404: page does not exist
1256,项背强直,not_found,https://baike.duguji.cn/baike/w/%E9%A1%B9%E8%83%8C%E5%BC%BA%E7%9B%B4,HTTP 404: page does not exist
1271,小便短少,not_found,https://baike.duguji.cn/baike/w/%E5%B0%8F%E4%BE%BF%E7%9F%AD%E5%B0%91,HTTP 404: page does not exist
1264,小便白浊,not_found,https://baike.duguji.cn/baike/w/%E5%B0%8F%E4%BE%BF%E7%99%BD%E6%B5%8A,HTTP 404: page does not exist
1272,小便黄,not_found,https://baike.duguji.cn/baike/w/%E5%B0%8F%E4%BE%BF%E9%BB%84,HTTP 404: page does not exist
1266,小便不爽,not_found,https://baike.duguji.cn/baike/w/%E5%B0%8F%E4%BE%BF%E4%B8%8D%E7%88%BD,HTTP 404: page does not exist
1276,小便淋漓不尽,not_found,https://baike.duguji.cn/baike/w/%E5%B0%8F%E4%BE%BF%E6%B7%8B%E6%BC%93%E4%B8%8D%E5%B0%BD,HTTP 404: page does not exist
1269,小便滴沥不净,not_found,https://baike.duguji.cn/baike/w/%E5%B0%8F%E4%BE%BF%E6%BB%B4%E6%B2%A5%E4%B8%8D%E5%87%80,HTTP 404: page does not exist
1263,魈血,not_found,https://baike.duguji.cn/baike/w/%E9%AD%88%E8%A1%80,HTTP 404: page does not exist
1280,小便频数短涩,not_found,https://baike.duguji.cn/baike/w/%E5%B0%8F%E4%BE%BF%E9%A2%91%E6%95%B0%E7%9F%AD%E6%B6%A9,HTTP 404: page does not exist
1274,小便黄少,not_found,https://baike.duguji.cn/baike/w/%E5%B0%8F%E4%BE%BF%E9%BB%84%E5%B0%91,HTTP 404: page does not exist
1277,小便淋浊,not_found,https://baike.duguji.cn/baike/w/%E5%B0%8F%E4%BE%BF%E6%B7%8B%E6%B5%8A,HTTP 404: page does not exist
1282,小便热,not_found,https://baike.duguji.cn/baike/w/%E5%B0%8F%E4%BE%BF%E7%83%AD,HTTP 404: page does not exist
1278,小便频急,not_found,https://baike.duguji.cn/baike/w/%E5%B0%8F%E4%BE%BF%E9%A2%91%E6%80%A5,HTTP 404: page does not exist
1286,小儿多汗,not_found,https://baike.duguji.cn/baike/w/%E5%B0%8F%E5%84%BF%E5%A4%9A%E6%B1%97,HTTP 404: page does not exist
1285,小儿顿咳,not_found,https://baike.duguji.cn/baike/w/%E5%B0%8F%E5%84%BF%E9%A1%BF%E5%92%B3,HTTP 404: page does not exist
1284,小便痛,not_found,https://baike.duguji.cn/baike/w/%E5%B0%8F%E4%BE%BF%E7%97%9B,HTTP 404: page does not exist
1287,小儿疳积发热,not_found,https://baike.duguji.cn/baike/w/%E5%B0%8F%E5%84%BF%E7%96%B3%E7%A7%AF%E5%8F%91%E7%83%AD,HTTP 404: page does not exist
1290,小儿行迟,not_found,https://baike.duguji.cn/baike/w/%E5%B0%8F%E5%84%BF%E8%A1%8C%E8%BF%9F,HTTP 404: page does not exist
1295,小儿饮食积滞,not_found,https://baike.duguji.cn/baike/w/%E5%B0%8F%E5%84%BF%E9%A5%AE%E9%A3%9F%E7%A7%AF%E6%BB%9E,HTTP 404: page does not exist
1294,小儿秋季腹泻,not_found,https://baike.duguji.cn/baike/w/%E5%B0%8F%E5%84%BF%E7%A7%8B%E5%AD%A3%E8%85%B9%E6%B3%BB,HTTP 404: page does not exist
1296,小腹拘急,not_found,https://baike.duguji.cn/baike/w/%E5%B0%8F%E8%85%B9%E6%8B%98%E6%80%A5,HTTP 404: page does not exist
1292,小儿急惊,not_found,https://baike.duguji.cn/baike/w/%E5%B0%8F%E5%84%BF%E6%80%A5%E6%83%8A,HTTP 404: page does not exist
1291,小儿积滞化热,not_found,https://baike.duguji.cn/baike/w/%E5%B0%8F%E5%84%BF%E7%A7%AF%E6%BB%9E%E5%8C%96%E7%83%AD,HTTP 404: page does not exist
1293,小儿急热惊风,not_found,https://baike.duguji.cn/baike/w/%E5%B0%8F%E5%84%BF%E6%80%A5%E7%83%AD%E6%83%8A%E9%A3%8E,HTTP 404: page does not exist
1298,小腹两侧胀痛,not_found,https://baike.duguji.cn/baike/w/%E5%B0%8F%E8%85%B9%E4%B8%A4%E4%BE%A7%E8%83%80%E7%97%9B,HTTP 404: page does not exist
1302,小腹喜热,not_found,https://baike.duguji.cn/baike/w/%E5%B0%8F%E8%85%B9%E5%96%9C%E7%83%AD,HTTP 404: page does not exist
1303,小腹下坠,not_found,https://baike.duguji.cn/baike/w/%E5%B0%8F%E8%85%B9%E4%B8%8B%E5%9D%A0,HTTP 404: page does not exist
1304,小腹隐痛,not_found,https://baike.duguji.cn/baike/w/%E5%B0%8F%E8%85%B9%E9%9A%90%E7%97%9B,HTTP 404: page does not exist
1307,小腹坠痛,not_found,https://baike.duguji.cn/baike/w/%E5%B0%8F%E8%85%B9%E5%9D%A0%E7%97%9B,HTTP 404: page does not exist
1305,小腹胀,not_found,https://baike.duguji.cn/baike/w/%E5%B0%8F%E8%85%B9%E8%83%80,HTTP 404: page does not exist
1308,小腹坠胀,not_found,https://baike.duguji.cn/baike/w/%E5%B0%8F%E8%85%B9%E5%9D%A0%E8%83%80,HTTP 404: page does not exist
1310,胁肋不舒,not_found,https://baike.duguji.cn/baike/w/%E8%83%81%E8%82%8B%E4%B8%8D%E8%88%92,HTTP 404: page does not exist
1317,胁下痞块,not_found,https://baike.duguji.cn/baike/w/%E8%83%81%E4%B8%8B%E7%97%9E%E5%9D%97,HTTP 404: page does not exist
1311,胁肋部疼痛,not_found,https://baike.duguji.cn/baike/w/%E8%83%81%E8%82%8B%E9%83%A8%E7%96%BC%E7%97%9B,HTTP 404: page does not exist
1312,胁肋刺痛,not_found,https://baike.duguji.cn/baike/w/%E8%83%81%E8%82%8B%E5%88%BA%E7%97%9B,HTTP 404: page does not exist
1313,胁肋疼痛,not_found,https://baike.duguji.cn/baike/w/%E8%83%81%E8%82%8B%E7%96%BC%E7%97%9B,HTTP 404: page does not exist
1314,胁肋隐痛,not_found,https://baike.duguji.cn/baike/w/%E8%83%81%E8%82%8B%E9%9A%90%E7%97%9B,HTTP 404: page does not exist
1320,泻而不爽,not_found,https://baike.duguji.cn/baike/w/%E6%B3%BB%E8%80%8C%E4%B8%8D%E7%88%BD,HTTP 404: page does not exist
1328,心烦喜呕,not_found,https://baike.duguji.cn/baike/w/%E5%BF%83%E7%83%A6%E5%96%9C%E5%91%95,HTTP 404: page does not exist
1319,泄泻急迫,not_found,https://baike.duguji.cn/baike/w/%E6%B3%84%E6%B3%BB%E6%80%A5%E8%BF%AB,HTTP 404: page does not exist
1325,心烦不寐,not_found,https://baike.duguji.cn/baike/w/%E5%BF%83%E7%83%A6%E4%B8%8D%E5%AF%90,HTTP 404: page does not exist
1322,泻痢不爽,not_found,https://baike.duguji.cn/baike/w/%E6%B3%BB%E7%97%A2%E4%B8%8D%E7%88%BD,HTTP 404: page does not exist
1323,心暴痛,not_found,https://baike.duguji.cn/baike/w/%E5%BF%83%E6%9A%B4%E7%97%9B,HTTP 404: page does not exist
1327,心烦难寐,not_found,https://baike.duguji.cn/baike/w/%E5%BF%83%E7%83%A6%E9%9A%BE%E5%AF%90,HTTP 404: page does not exist
1326,心烦不宁,not_found,https://baike.duguji.cn/baike/w/%E5%BF%83%E7%83%A6%E4%B8%8D%E5%AE%81,HTTP 404: page does not exist
1334,心悸不安,not_found,https://baike.duguji.cn/baike/w/%E5%BF%83%E6%82%B8%E4%B8%8D%E5%AE%89,HTTP 404: page does not exist
1329,心腹刺痛,not_found,https://baike.duguji.cn/baike/w/%E5%BF%83%E8%85%B9%E5%88%BA%E7%97%9B,HTTP 404: page does not exist
1335,心悸不宁,not_found,https://baike.duguji.cn/baike/w/%E5%BF%83%E6%82%B8%E4%B8%8D%E5%AE%81,HTTP 404: page does not exist
1330,心腹冷痛,not_found,https://baike.duguji.cn/baike/w/%E5%BF%83%E8%85%B9%E5%86%B7%E7%97%9B,HTTP 404: page does not exist
1339,心气痛,not_found,https://baike.duguji.cn/baike/w/%E5%BF%83%E6%B0%94%E7%97%9B,HTTP 404: page does not exist
1340,心气虚损,not_found,https://baike.duguji.cn/baike/w/%E5%BF%83%E6%B0%94%E8%99%9A%E6%8D%9F,HTTP 404: page does not exist
1341,心前区刺痛,not_found,https://baike.duguji.cn/baike/w/%E5%BF%83%E5%89%8D%E5%8C%BA%E5%88%BA%E7%97%9B,HTTP 404: page does not exist
1342,心前区剌痛,not_found,https://baike.duguji.cn/baike/w/%E5%BF%83%E5%89%8D%E5%8C%BA%E5%89%8C%E7%97%9B,HTTP 404: page does not exist
1350,新旧瘀痛,not_found,https://baike.duguji.cn/baike/w/%E6%96%B0%E6%97%A7%E7%98%80%E7%97%9B,HTTP 404: page does not exist
1348,心胸烦热,not_found,https://baike.duguji.cn/baike/w/%E5%BF%83%E8%83%B8%E7%83%A6%E7%83%AD,HTTP 404: page does not exist
1353,形体肥胖,not_found,https://baike.duguji.cn/baike/w/%E5%BD%A2%E4%BD%93%E8%82%A5%E8%83%96,HTTP 404: page does not exist
1352,形瘦,not_found,https://baike.duguji.cn/baike/w/%E5%BD%A2%E7%98%A6,HTTP 404: page does not exist
1354,形体消瘦,not_found,https://baike.duguji.cn/baike/w/%E5%BD%A2%E4%BD%93%E6%B6%88%E7%98%A6,HTTP 404: page does not exist
1364,胸部闷痛,not_found,https://baike.duguji.cn/baike/w/%E8%83%B8%E9%83%A8%E9%97%B7%E7%97%9B,HTTP 404: page does not exist
1362,胸部憋闷,not_found,https://baike.duguji.cn/baike/w/%E8%83%B8%E9%83%A8%E6%86%8B%E9%97%B7,HTTP 404: page does not exist
1361,胸痹作痛,not_found,https://baike.duguji.cn/baike/w/%E8%83%B8%E7%97%B9%E4%BD%9C%E7%97%9B,HTTP 404: page does not exist
1365,胸部疼痛,not_found,https://baike.duguji.cn/baike/w/%E8%83%B8%E9%83%A8%E7%96%BC%E7%97%9B,HTTP 404: page does not exist
1366,胸腹刺痛,not_found,https://baike.duguji.cn/baike/w/%E8%83%B8%E8%85%B9%E5%88%BA%E7%97%9B,HTTP 404: page does not exist
1368,胸腹冷痛,not_found,https://baike.duguji.cn/baike/w/%E8%83%B8%E8%85%B9%E5%86%B7%E7%97%9B,HTTP 404: page does not exist
1370,胸腹闷胀,not_found,https://baike.duguji.cn/baike/w/%E8%83%B8%E8%85%B9%E9%97%B7%E8%83%80,HTTP 404: page does not exist
1367,胸腹积水,not_found,https://baike.duguji.cn/baike/w/%E8%83%B8%E8%85%B9%E7%A7%AF%E6%B0%B4,HTTP 404: page does not exist
1369,胸腹满闷,not_found,https://baike.duguji.cn/baike/w/%E8%83%B8%E8%85%B9%E6%BB%A1%E9%97%B7,HTTP 404: page does not exist
1371,胸腹水肿,not_found,https://baike.duguji.cn/baike/w/%E8%83%B8%E8%85%B9%E6%B0%B4%E8%82%BF,HTTP 404: page does not exist
1372,胸腹疼痛,not_found,https://baike.duguji.cn/baike/w/%E8%83%B8%E8%85%B9%E7%96%BC%E7%97%9B,HTTP 404: page does not exist
1373,胸腹胀满,not_found,https://baike.duguji.cn/baike/w/%E8%83%B8%E8%85%B9%E8%83%80%E6%BB%A1,HTTP 404: page does not exist
1375,胸腹胀痛,not_found,https://baike.duguji.cn/baike/w/%E8%83%B8%E8%85%B9%E8%83%80%E7%97%9B,HTTP 404: page does not exist
1374,胸腹胀闷,not_found,https://baike.duguji.cn/baike/w/%E8%83%B8%E8%85%B9%E8%83%80%E9%97%B7,HTTP 404: page does not exist
1377,胸膈满闷,not_found,https://baike.duguji.cn/baike/w/%E8%83%B8%E8%86%88%E6%BB%A1%E9%97%B7,HTTP 404: page does not exist
1379,胸膈痞闷,not_found,https://baike.duguji.cn/baike/w/%E8%83%B8%E8%86%88%E7%97%9E%E9%97%B7,HTTP 404: page does not exist
1381,胸膈胀满,not_found,https://baike.duguji.cn/baike/w/%E8%83%B8%E8%86%88%E8%83%80%E6%BB%A1,HTTP 404: page does not exist
1378,胸膈痞满,not_found,https://baike.duguji.cn/baike/w/%E8%83%B8%E8%86%88%E7%97%9E%E6%BB%A1,HTTP 404: page does not exist
1383,胸满郁闷,not_found,https://baike.duguji.cn/baike/w/%E8%83%B8%E6%BB%A1%E9%83%81%E9%97%B7,HTTP 404: page does not exist
1380,胸膈痞塞,not_found,https://baike.duguji.cn/baike/w/%E8%83%B8%E8%86%88%E7%97%9E%E5%A1%9E,HTTP 404: page does not exist
1385,胸闷不畅,not_found,https://baike.duguji.cn/baike/w/%E8%83%B8%E9%97%B7%E4%B8%8D%E7%95%85,HTTP 404: page does not exist
1386,胸闷不适,not_found,https://baike.duguji.cn/baike/w/%E8%83%B8%E9%97%B7%E4%B8%8D%E9%80%82,HTTP 404: page does not exist
1387,胸闷不舒,not_found,https://baike.duguji.cn/baike/w/%E8%83%B8%E9%97%B7%E4%B8%8D%E8%88%92,HTTP 404: page does not exist
1393,胸脘满闷,not_found,https://baike.duguji.cn/baike/w/%E8%83%B8%E8%84%98%E6%BB%A1%E9%97%B7,HTTP 404: page does not exist
1392,胸痛彻背,not_found,https://baike.duguji.cn/baike/w/%E8%83%B8%E7%97%9B%E5%BD%BB%E8%83%8C,HTTP 404: page does not exist
1395,胸脘胀满,not_found,https://baike.duguji.cn/baike/w/%E8%83%B8%E8%84%98%E8%83%80%E6%BB%A1,HTTP 404: page does not exist
1388,胸闷作痛,not_found,https://baike.duguji.cn/baike/w/%E8%83%B8%E9%97%B7%E4%BD%9C%E7%97%9B,HTTP 404: page does not exist
1394,胸脘痞闷,not_found,https://baike.duguji.cn/baike/w/%E8%83%B8%E8%84%98%E7%97%9E%E9%97%B7,HTTP 404: page does not exist
1396,胸脘胀闷,not_found,https://baike.duguji.cn/baike/w/%E8%83%B8%E8%84%98%E8%83%80%E9%97%B7,HTTP 404: page does not exist
1398,胸胁挫伤,not_found,https://baike.duguji.cn/baike/w/%E8%83%B8%E8%83%81%E6%8C%AB%E4%BC%A4,HTTP 404: page does not exist
1397,胸胁刺痛,not_found,https://baike.duguji.cn/baike/w/%E8%83%B8%E8%83%81%E5%88%BA%E7%97%9B,HTTP 404: page does not exist
1400,胸胁剌痛,not_found,https://baike.duguji.cn/baike/w/%E8%83%B8%E8%83%81%E5%89%8C%E7%97%9B,HTTP 404: page does not exist
1403,胸胁气滞,not_found,https://baike.duguji.cn/baike/w/%E8%83%B8%E8%83%81%E6%B0%94%E6%BB%9E,HTTP 404: page does not exist
1401,胸胁闷痛,not_found,https://baike.duguji.cn/baike/w/%E8%83%B8%E8%83%81%E9%97%B7%E7%97%9B,HTTP 404: page does not exist
1402,胸胁痞闷,not_found,https://baike.duguji.cn/baike/w/%E8%83%B8%E8%83%81%E7%97%9E%E9%97%B7,HTTP 404: page does not exist
1404,胸胁疼痛,not_found,https://baike.duguji.cn/baike/w/%E8%83%B8%E8%83%81%E7%96%BC%E7%97%9B,HTTP 404: page does not exist
1406,胸胁隐痛,not_found,https://baike.duguji.cn/baike/w/%E8%83%B8%E8%83%81%E9%9A%90%E7%97%9B,HTTP 404: page does not exist
1407,胸胁胀,not_found,https://baike.duguji.cn/baike/w/%E8%83%B8%E8%83%81%E8%83%80,HTTP 404: page does not exist
1409,胸胁胀闷,not_found,https://baike.duguji.cn/baike/w/%E8%83%B8%E8%83%81%E8%83%80%E9%97%B7,HTTP 404: page does not exist
1411,胸胁作痛,not_found,https://baike.duguji.cn/baike/w/%E8%83%B8%E8%83%81%E4%BD%9C%E7%97%9B,HTTP 404: page does not exist
1408,胸胁胀满,not_found,https://baike.duguji.cn/baike/w/%E8%83%B8%E8%83%81%E8%83%80%E6%BB%A1,HTTP 404: page does not exist
1415,胸中满闷,not_found,https://baike.duguji.cn/baike/w/%E8%83%B8%E4%B8%AD%E6%BB%A1%E9%97%B7,HTTP 404: page does not exist
1412,胸胀满,not_found,https://baike.duguji.cn/baike/w/%E8%83%B8%E8%83%80%E6%BB%A1,HTTP 404: page does not exist
1410,胸胁胀痛,not_found,https://baike.duguji.cn/baike/w/%E8%83%B8%E8%83%81%E8%83%80%E7%97%9B,HTTP 404: page does not exist
1414,胸中憋闷,not_found,https://baike.duguji.cn/baike/w/%E8%83%B8%E4%B8%AD%E6%86%8B%E9%97%B7,HTTP 404: page does not exist
1413,胸胀痛,not_found,https://baike.duguji.cn/baike/w/%E8%83%B8%E8%83%80%E7%97%9B,HTTP 404: page does not exist
1416,胸中闷热,not_found,https://baike.duguji.cn/baike/w/%E8%83%B8%E4%B8%AD%E9%97%B7%E7%83%AD,HTTP 404: page does not exist
1417,胸中闷痛,not_found,https://baike.duguji.cn/baike/w/%E8%83%B8%E4%B8%AD%E9%97%B7%E7%97%9B,HTTP 404: page does not exist
1419,羞明多眵,not_found,https://baike.duguji.cn/baike/w/%E7%BE%9E%E6%98%8E%E5%A4%9A%E7%9C%B5,HTTP 404: page does not exist
1420,羞明流泪,not_found,https://baike.duguji.cn/baike/w/%E7%BE%9E%E6%98%8E%E6%B5%81%E6%B3%AA,HTTP 404: page does not exist
1422,嗅觉不灵,not_found,https://baike.duguji.cn/baike/w/%E5%97%85%E8%A7%89%E4%B8%8D%E7%81%B5,HTTP 404: page does not exist
1421,羞明畏光,not_found,https://baike.duguji.cn/baike/w/%E7%BE%9E%E6%98%8E%E7%95%8F%E5%85%89,HTTP 404: page does not exist
1423,嗅觉迟钝,not_found,https://baike.duguji.cn/baike/w/%E5%97%85%E8%A7%89%E8%BF%9F%E9%92%9D,HTTP 404: page does not exist
1432,虚劳久咳,not_found,https://baike.duguji.cn/baike/w/%E8%99%9A%E5%8A%B3%E4%B9%85%E5%92%B3,HTTP 404: page does not exist
1428,虚烦不眠,not_found,https://baike.duguji.cn/baike/w/%E8%99%9A%E7%83%A6%E4%B8%8D%E7%9C%A0,HTTP 404: page does not exist
1430,虚寒性出血,not_found,https://baike.duguji.cn/baike/w/%E8%99%9A%E5%AF%92%E6%80%A7%E5%87%BA%E8%A1%80,HTTP 404: page does not exist
1441,血管神经性头痛,not_found,https://baike.duguji.cn/baike/w/%E8%A1%80%E7%AE%A1%E7%A5%9E%E7%BB%8F%E6%80%A7%E5%A4%B4%E7%97%9B,HTTP 404: page does not exist
1436,虚热不退,not_found,https://baike.duguji.cn/baike/w/%E8%99%9A%E7%83%AD%E4%B8%8D%E9%80%80,HTTP 404: page does not exist
1433,虚劳咳喘,not_found,https://baike.duguji.cn/baike/w/%E8%99%9A%E5%8A%B3%E5%92%B3%E5%96%98,HTTP 404: page does not exist
1482,咽喉痛,no_definition,https://baike.duguji.cn/baike/w/%E5%92%BD%E5%96%89%E7%97%9B,raw page parsed but no definition found
1450,血压偏高,not_found,https://baike.duguji.cn/baike/w/%E8%A1%80%E5%8E%8B%E5%81%8F%E9%AB%98,HTTP 404: page does not exist
1447,血热吐衄,not_found,https://baike.duguji.cn/baike/w/%E8%A1%80%E7%83%AD%E5%90%90%E8%A1%84,HTTP 404: page does not exist
1446,血热吐紐,not_found,https://baike.duguji.cn/baike/w/%E8%A1%80%E7%83%AD%E5%90%90%E7%B4%90,HTTP 404: page does not exist
1453,血肿疼痛,not_found,https://baike.duguji.cn/baike/w/%E8%A1%80%E8%82%BF%E7%96%BC%E7%97%9B,HTTP 404: page does not exist
1464,咽部不适,not_found,https://baike.duguji.cn/baike/w/%E5%92%BD%E9%83%A8%E4%B8%8D%E9%80%82,HTTP 404: page does not exist
1461,牙龈肿,not_found,https://baike.duguji.cn/baike/w/%E7%89%99%E9%BE%88%E8%82%BF,HTTP 404: page does not exist
1469,咽部肿痛,not_found,https://baike.duguji.cn/baike/w/%E5%92%BD%E9%83%A8%E8%82%BF%E7%97%9B,HTTP 404: page does not exist
1467,咽部红肿,not_found,https://baike.duguji.cn/baike/w/%E5%92%BD%E9%83%A8%E7%BA%A2%E8%82%BF,HTTP 404: page does not exist
1466,咽部红,not_found,https://baike.duguji.cn/baike/w/%E5%92%BD%E9%83%A8%E7%BA%A2,HTTP 404: page does not exist
1468,咽部肿,not_found,https://baike.duguji.cn/baike/w/%E5%92%BD%E9%83%A8%E8%82%BF,HTTP 404: page does not exist
1473,咽干灼热,not_found,https://baike.duguji.cn/baike/w/%E5%92%BD%E5%B9%B2%E7%81%BC%E7%83%AD,HTTP 404: page does not exist
1471,咽干喉痛,not_found,https://baike.duguji.cn/baike/w/%E5%92%BD%E5%B9%B2%E5%96%89%E7%97%9B,HTTP 404: page does not exist
1472,咽干燥,not_found,https://baike.duguji.cn/baike/w/%E5%92%BD%E5%B9%B2%E7%87%A5,HTTP 404: page does not exist
1474,咽膈不利,not_found,https://baike.duguji.cn/baike/w/%E5%92%BD%E8%86%88%E4%B8%8D%E5%88%A9,HTTP 404: page does not exist
1476,咽红肿痛,not_found,https://baike.duguji.cn/baike/w/%E5%92%BD%E7%BA%A2%E8%82%BF%E7%97%9B,HTTP 404: page does not exist
1478,咽喉干,not_found,https://baike.duguji.cn/baike/w/%E5%92%BD%E5%96%89%E5%B9%B2,HTTP 404: page does not exist
1475,咽红,not_found,https://baike.duguji.cn/baike/w/%E5%92%BD%E7%BA%A2,HTTP 404: page does not exist
1479,咽喉干燥,not_found,https://baike.duguji.cn/baike/w/%E5%92%BD%E5%96%89%E5%B9%B2%E7%87%A5,HTTP 404: page does not exist
1484,咽喉肿,not_found,https://baike.duguji.cn/baike/w/%E5%92%BD%E5%96%89%E8%82%BF,HTTP 404: page does not exist
1490,咽下不利,not_found,https://baike.duguji.cn/baike/w/%E5%92%BD%E4%B8%8B%E4%B8%8D%E5%88%A9,HTTP 404: page does not exist
1487,咽喉灼热,not_found,https://baike.duguji.cn/baike/w/%E5%92%BD%E5%96%89%E7%81%BC%E7%83%AD,HTTP 404: page does not exist
1491,咽痒,not_found,https://baike.duguji.cn/baike/w/%E5%92%BD%E7%97%92,HTTP 404: page does not exist
1486,咽喉肿痈,not_found,https://baike.duguji.cn/baike/w/%E5%92%BD%E5%96%89%E8%82%BF%E7%97%88,HTTP 404: page does not exist
1494,咽中有痰,not_found,https://baike.duguji.cn/baike/w/%E5%92%BD%E4%B8%AD%E6%9C%89%E7%97%B0,HTTP 404: page does not exist
1488,咽黏膜充血,not_found,https://baike.duguji.cn/baike/w/%E5%92%BD%E9%BB%8F%E8%86%9C%E5%85%85%E8%A1%80,HTTP 404: page does not exist
1493,咽燥,not_found,https://baike.duguji.cn/baike/w/%E5%92%BD%E7%87%A5,HTTP 404: page does not exist
1492,咽痈,not_found,https://baike.duguji.cn/baike/w/%E5%92%BD%E7%97%88,HTTP 404: page does not exist
1515,阳痿,no_definition,https://baike.duguji.cn/baike/w/%E9%98%B3%E7%97%BF,raw page parsed but no definition found
1495,咽灼热感,not_found,https://baike.duguji.cn/baike/w/%E5%92%BD%E7%81%BC%E7%83%AD%E6%84%9F,HTTP 404: page does not exist
1497,言语不清,not_found,https://baike.duguji.cn/baike/w/%E8%A8%80%E8%AF%AD%E4%B8%8D%E6%B8%85,HTTP 404: page does not exist
1500,颜面部红斑,not_found,https://baike.duguji.cn/baike/w/%E9%A2%9C%E9%9D%A2%E9%83%A8%E7%BA%A2%E6%96%91,HTTP 404: page does not exist
1498,言语不淸,not_found,https://baike.duguji.cn/baike/w/%E8%A8%80%E8%AF%AD%E4%B8%8D%E6%B7%B8,HTTP 404: page does not exist
1501,颜面皮肤光亮油腻,not_found,https://baike.duguji.cn/baike/w/%E9%A2%9C%E9%9D%A2%E7%9A%AE%E8%82%A4%E5%85%89%E4%BA%AE%E6%B2%B9%E8%85%BB,HTTP 404: page does not exist
1499,言语謇涩,not_found,https://baike.duguji.cn/baike/w/%E8%A8%80%E8%AF%AD%E8%AC%87%E6%B6%A9,HTTP 404: page does not exist
1502,眼边刺痒,not_found,https://baike.duguji.cn/baike/w/%E7%9C%BC%E8%BE%B9%E5%88%BA%E7%97%92,HTTP 404: page does not exist
1503,眼底瘀血,not_found,https://baike.duguji.cn/baike/w/%E7%9C%BC%E5%BA%95%E7%98%80%E8%A1%80,HTTP 404: page does not exist
1505,眼睑赤烂,not_found,https://baike.duguji.cn/baike/w/%E7%9C%BC%E7%9D%91%E8%B5%A4%E7%83%82,HTTP 404: page does not exist
1506,眼睑红烂,not_found,https://baike.duguji.cn/baike/w/%E7%9C%BC%E7%9D%91%E7%BA%A2%E7%83%82,HTTP 404: page does not exist
1508,眼睛痛痒,not_found,https://baike.duguji.cn/baike/w/%E7%9C%BC%E7%9D%9B%E7%97%9B%E7%97%92,HTTP 404: page does not exist
1509,眼睛肿痛,not_found,https://baike.duguji.cn/baike/w/%E7%9C%BC%E7%9D%9B%E8%82%BF%E7%97%9B,HTTP 404: page does not exist
1511,眼目昏涩,not_found,https://baike.duguji.cn/baike/w/%E7%9C%BC%E7%9B%AE%E6%98%8F%E6%B6%A9,HTTP 404: page does not exist
1510,眼目昏花,not_found,https://baike.duguji.cn/baike/w/%E7%9C%BC%E7%9B%AE%E6%98%8F%E8%8A%B1,HTTP 404: page does not exist
1512,眼生翳膜,not_found,https://baike.duguji.cn/baike/w/%E7%9C%BC%E7%94%9F%E7%BF%B3%E8%86%9C,HTTP 404: page does not exist
1518,阳虚欲脱,not_found,https://baike.duguji.cn/baike/w/%E9%98%B3%E8%99%9A%E6%AC%B2%E8%84%B1,HTTP 404: page does not exist
1523,腰骶酸痛,not_found,https://baike.duguji.cn/baike/w/%E8%85%B0%E9%AA%B6%E9%85%B8%E7%97%9B,HTTP 404: page does not exist
1521,腰部疼痛,not_found,https://baike.duguji.cn/baike/w/%E8%85%B0%E9%83%A8%E7%96%BC%E7%97%9B,HTTP 404: page does not exist
1522,腰部痿软,not_found,https://baike.duguji.cn/baike/w/%E8%85%B0%E9%83%A8%E7%97%BF%E8%BD%AF,HTTP 404: page does not exist
1524,腰骶痛,not_found,https://baike.duguji.cn/baike/w/%E8%85%B0%E9%AA%B6%E7%97%9B,HTTP 404: page does not exist
1525,腰骶胀痛,not_found,https://baike.duguji.cn/baike/w/%E8%85%B0%E9%AA%B6%E8%83%80%E7%97%9B,HTTP 404: page does not exist
1526,腰腹疼痛,not_found,https://baike.duguji.cn/baike/w/%E8%85%B0%E8%85%B9%E7%96%BC%E7%97%9B,HTTP 404: page does not exist
1528,腰脊冷痛,not_found,https://baike.duguji.cn/baike/w/%E8%85%B0%E8%84%8A%E5%86%B7%E7%97%9B,HTTP 404: page does not exist
1530,腰脊疼痛,not_found,https://baike.duguji.cn/baike/w/%E8%85%B0%E8%84%8A%E7%96%BC%E7%97%9B,HTTP 404: page does not exist
1529,腰脊酸痛,not_found,https://baike.duguji.cn/baike/w/%E8%85%B0%E8%84%8A%E9%85%B8%E7%97%9B,HTTP 404: page does not exist
1533,腰腿酸软,not_found,https://baike.duguji.cn/baike/w/%E8%85%B0%E8%85%BF%E9%85%B8%E8%BD%AF,HTTP 404: page does not exist
1539,腰膝冷痛,not_found,https://baike.duguji.cn/baike/w/%E8%85%B0%E8%86%9D%E5%86%B7%E7%97%9B,HTTP 404: page does not exist
1534,腰腿酸痛,not_found,https://baike.duguji.cn/baike/w/%E8%85%B0%E8%85%BF%E9%85%B8%E7%97%9B,HTTP 404: page does not exist
1537,腰膝关节酸重,not_found,https://baike.duguji.cn/baike/w/%E8%85%B0%E8%86%9D%E5%85%B3%E8%8A%82%E9%85%B8%E9%87%8D,HTTP 404: page does not exist
1538,腰膝关节疼痛,not_found,https://baike.duguji.cn/baike/w/%E8%85%B0%E8%86%9D%E5%85%B3%E8%8A%82%E7%96%BC%E7%97%9B,HTTP 404: page does not exist
1535,腰腿疼痛重着,not_found,https://baike.duguji.cn/baike/w/%E8%85%B0%E8%85%BF%E7%96%BC%E7%97%9B%E9%87%8D%E7%9D%80,HTTP 404: page does not exist
1540,腰膝痠软,not_found,https://baike.duguji.cn/baike/w/%E8%85%B0%E8%86%9D%E7%97%A0%E8%BD%AF,HTTP 404: page does not exist
1563,抑郁,no_definition,https://baike.duguji.cn/baike/w/%E6%8A%91%E9%83%81,raw page parsed but no definition found
1541,腰膝酸冷,not_found,https://baike.duguji.cn/baike/w/%E8%85%B0%E8%86%9D%E9%85%B8%E5%86%B7,HTTP 404: page does not exist
1545,腰膝疼痛,not_found,https://baike.duguji.cn/baike/w/%E8%85%B0%E8%86%9D%E7%96%BC%E7%97%9B,HTTP 404: page does not exist
1543,腰膝酸痛,not_found,https://baike.duguji.cn/baike/w/%E8%85%B0%E8%86%9D%E9%85%B8%E7%97%9B,HTTP 404: page does not exist
1547,药食中毒,not_found,https://baike.duguji.cn/baike/w/%E8%8D%AF%E9%A3%9F%E4%B8%AD%E6%AF%92,HTTP 404: page does not exist
1544,腰膝酸重,not_found,https://baike.duguji.cn/baike/w/%E8%85%B0%E8%86%9D%E9%85%B8%E9%87%8D,HTTP 404: page does not exist
1550,夜盲昏花,not_found,https://baike.duguji.cn/baike/w/%E5%A4%9C%E7%9B%B2%E6%98%8F%E8%8A%B1,HTTP 404: page does not exist
1548,夜间遗尿,not_found,https://baike.duguji.cn/baike/w/%E5%A4%9C%E9%97%B4%E9%81%97%E5%B0%BF,HTTP 404: page does not exist
1551,夜寐不安,not_found,https://baike.duguji.cn/baike/w/%E5%A4%9C%E5%AF%90%E4%B8%8D%E5%AE%89,HTTP 404: page does not exist
1552,夜梦,not_found,https://baike.duguji.cn/baike/w/%E5%A4%9C%E6%A2%A6,HTTP 404: page does not exist
1553,夜眠不安,not_found,https://baike.duguji.cn/baike/w/%E5%A4%9C%E7%9C%A0%E4%B8%8D%E5%AE%89,HTTP 404: page does not exist
1555,夜尿频,not_found,https://baike.duguji.cn/baike/w/%E5%A4%9C%E5%B0%BF%E9%A2%91,HTTP 404: page does not exist
1554,夜眠不宁,not_found,https://baike.duguji.cn/baike/w/%E5%A4%9C%E7%9C%A0%E4%B8%8D%E5%AE%81,HTTP 404: page does not exist
1556,夜尿频多,not_found,https://baike.duguji.cn/baike/w/%E5%A4%9C%E5%B0%BF%E9%A2%91%E5%A4%9A,HTTP 404: page does not exist
1565,易感风邪,not_found,https://baike.duguji.cn/baike/w/%E6%98%93%E6%84%9F%E9%A3%8E%E9%82%AA,HTTP 404: page does not exist
1566,易饥,not_found,https://baike.duguji.cn/baike/w/%E6%98%93%E9%A5%A5,HTTP 404: page does not exist
1568,易怒,not_found,https://baike.duguji.cn/baike/w/%E6%98%93%E6%80%92,HTTP 404: page does not exist
1571,阴道干燥,not_found,https://baike.duguji.cn/baike/w/%E9%98%B4%E9%81%93%E5%B9%B2%E7%87%A5,HTTP 404: page does not exist
1573,阴疽不敛,not_found,https://baike.duguji.cn/baike/w/%E9%98%B4%E7%96%BD%E4%B8%8D%E6%95%9B,HTTP 404: page does not exist
1575,阴疽肿痛,not_found,https://baike.duguji.cn/baike/w/%E9%98%B4%E7%96%BD%E8%82%BF%E7%97%9B,HTTP 404: page does not exist
1567,易惊,not_found,https://baike.duguji.cn/baike/w/%E6%98%93%E6%83%8A,HTTP 404: page does not exist
1569,翳膜遮睛,not_found,https://baike.duguji.cn/baike/w/%E7%BF%B3%E8%86%9C%E9%81%AE%E7%9D%9B,HTTP 404: page does not exist
1580,饮酒过多,not_found,https://baike.duguji.cn/baike/w/%E9%A5%AE%E9%85%92%E8%BF%87%E5%A4%9A,HTTP 404: page does not exist
1584,饮食少进,not_found,https://baike.duguji.cn/baike/w/%E9%A5%AE%E9%A3%9F%E5%B0%91%E8%BF%9B,HTTP 404: page does not exist
1574,阴疽初起,not_found,https://baike.duguji.cn/baike/w/%E9%98%B4%E7%96%BD%E5%88%9D%E8%B5%B7,HTTP 404: page does not exist
1576,阴囊湿痒,not_found,https://baike.duguji.cn/baike/w/%E9%98%B4%E5%9B%8A%E6%B9%BF%E7%97%92,HTTP 404: page does not exist
1581,饮食不化,not_found,https://baike.duguji.cn/baike/w/%E9%A5%AE%E9%A3%9F%E4%B8%8D%E5%8C%96,HTTP 404: page does not exist
1579,音哑,not_found,https://baike.duguji.cn/baike/w/%E9%9F%B3%E5%93%91,HTTP 404: page does not exist
1587,阴部肿块,not_found,https://baike.duguji.cn/baike/w/%E9%98%B4%E9%83%A8%E8%82%BF%E5%9D%97,HTTP 404: page does not exist
1595,痈疽疔毒,not_found,https://baike.duguji.cn/baike/w/%E7%97%88%E7%96%BD%E7%96%94%E6%AF%92,HTTP 404: page does not exist
1590,嬴瘦,not_found,https://baike.duguji.cn/baike/w/%E5%AC%B4%E7%98%A6,HTTP 404: page does not exist
1594,痈疽不溃,not_found,https://baike.duguji.cn/baike/w/%E7%97%88%E7%96%BD%E4%B8%8D%E6%BA%83,HTTP 404: page does not exist
1591,癭瘤初起,not_found,https://baike.duguji.cn/baike/w/%E7%99%AD%E7%98%A4%E5%88%9D%E8%B5%B7,HTTP 404: page does not exist
1597,痈疽肿毒,not_found,https://baike.duguji.cn/baike/w/%E7%97%88%E7%96%BD%E8%82%BF%E6%AF%92,HTTP 404: page does not exist
1596,痈疽难溃,not_found,https://baike.duguji.cn/baike/w/%E7%97%88%E7%96%BD%E9%9A%BE%E6%BA%83,HTTP 404: page does not exist
1598,痈疽肿痛,not_found,https://baike.duguji.cn/baike/w/%E7%97%88%E7%96%BD%E8%82%BF%E7%97%9B,HTTP 404: page does not exist
1625,晕船,no_definition,https://baike.duguji.cn/baike/w/%E6%99%95%E8%88%B9,raw page parsed but no definition found
1626,晕眩,no_definition,https://baike.duguji.cn/baike/w/%E6%99%95%E7%9C%A9,raw page parsed but no definition found
1600,痈肿疮疡,not_found,https://baike.duguji.cn/baike/w/%E7%97%88%E8%82%BF%E7%96%AE%E7%96%A1,HTTP 404: page does not exist
1601,痈肿溃烂,not_found,https://baike.duguji.cn/baike/w/%E7%97%88%E8%82%BF%E6%BA%83%E7%83%82,HTTP 404: page does not exist
1605,右上腹隐隐作痛,not_found,https://baike.duguji.cn/baike/w/%E5%8F%B3%E4%B8%8A%E8%85%B9%E9%9A%90%E9%9A%90%E4%BD%9C%E7%97%9B,HTTP 404: page does not exist
1604,有血块,not_found,https://baike.duguji.cn/baike/w/%E6%9C%89%E8%A1%80%E5%9D%97,HTTP 404: page does not exist
1602,涌吐痰涎,not_found,https://baike.duguji.cn/baike/w/%E6%B6%8C%E5%90%90%E7%97%B0%E6%B6%8E,HTTP 404: page does not exist
1608,瘀血不尽,not_found,https://baike.duguji.cn/baike/w/%E7%98%80%E8%A1%80%E4%B8%8D%E5%B0%BD,HTTP 404: page does not exist
1613,语言不利,not_found,https://baike.duguji.cn/baike/w/%E8%AF%AD%E8%A8%80%E4%B8%8D%E5%88%A9,HTTP 404: page does not exist
1611,瘀阻经闭,not_found,https://baike.duguji.cn/baike/w/%E7%98%80%E9%98%BB%E7%BB%8F%E9%97%AD,HTTP 404: page does not exist
1612,鱼蟹中毒,not_found,https://baike.duguji.cn/baike/w/%E9%B1%BC%E8%9F%B9%E4%B8%AD%E6%AF%92,HTTP 404: page does not exist
1606,右胁胀满,not_found,https://baike.duguji.cn/baike/w/%E5%8F%B3%E8%83%81%E8%83%80%E6%BB%A1,HTTP 404: page does not exist
1615,郁闷心烦,not_found,https://baike.duguji.cn/baike/w/%E9%83%81%E9%97%B7%E5%BF%83%E7%83%A6,HTTP 404: page does not exist
1609,瘀血肿胀,not_found,https://baike.duguji.cn/baike/w/%E7%98%80%E8%A1%80%E8%82%BF%E8%83%80,HTTP 404: page does not exist
1618,月经后错,not_found,https://baike.duguji.cn/baike/w/%E6%9C%88%E7%BB%8F%E5%90%8E%E9%94%99,HTTP 404: page does not exist
1620,月经量多，味臭,not_found,https://baike.duguji.cn/baike/w/%E6%9C%88%E7%BB%8F%E9%87%8F%E5%A4%9A%EF%BC%8C%E5%91%B3%E8%87%AD,HTTP 404: page does not exist
1623,月经先后不定期,not_found,https://baike.duguji.cn/baike/w/%E6%9C%88%E7%BB%8F%E5%85%88%E5%90%8E%E4%B8%8D%E5%AE%9A%E6%9C%9F,HTTP 404: page does not exist
1627,运动劳损,not_found,https://baike.duguji.cn/baike/w/%E8%BF%90%E5%8A%A8%E5%8A%B3%E6%8D%9F,HTTP 404: page does not exist
1628,脏器下垂,not_found,https://baike.duguji.cn/baike/w/%E8%84%8F%E5%99%A8%E4%B8%8B%E5%9E%82,HTTP 404: page does not exist
1634,燥渴,not_found,https://baike.duguji.cn/baike/w/%E7%87%A5%E6%B8%B4,HTTP 404: page does not exist
1629,脏血,not_found,https://baike.duguji.cn/baike/w/%E8%84%8F%E8%A1%80,HTTP 404: page does not exist
1633,燥咳少痰,not_found,https://baike.duguji.cn/baike/w/%E7%87%A5%E5%92%B3%E5%B0%91%E7%97%B0,HTTP 404: page does not exist
1639,谵狂,not_found,https://baike.duguji.cn/baike/w/%E8%B0%B5%E7%8B%82,HTTP 404: page does not exist
1643,真元不足,not_found,https://baike.duguji.cn/baike/w/%E7%9C%9F%E5%85%83%E4%B8%8D%E8%B6%B3,HTTP 404: page does not exist
1651,支气管扩张出血,not_found,https://baike.duguji.cn/baike/w/%E6%94%AF%E6%B0%94%E7%AE%A1%E6%89%A9%E5%BC%A0%E5%87%BA%E8%A1%80,HTTP 404: page does not exist
1645,癥积,not_found,https://baike.duguji.cn/baike/w/%E7%99%A5%E7%A7%AF,HTTP 404: page does not exist
1648,癥瘕痞块,not_found,https://baike.duguji.cn/baike/w/%E7%99%A5%E7%98%95%E7%97%9E%E5%9D%97,HTTP 404: page does not exist
1649,癥块,not_found,https://baike.duguji.cn/baike/w/%E7%99%A5%E5%9D%97,HTTP 404: page does not exist
1647,癥瘕腹痛,not_found,https://baike.duguji.cn/baike/w/%E7%99%A5%E7%98%95%E8%85%B9%E7%97%9B,HTTP 404: page does not exist
1653,肢节疼痛,not_found,https://baike.duguji.cn/baike/w/%E8%82%A2%E8%8A%82%E7%96%BC%E7%97%9B,HTTP 404: page does not exist
1655,肢冷,not_found,https://baike.duguji.cn/baike/w/%E8%82%A2%E5%86%B7,HTTP 404: page does not exist
1667,肢体困重,no_definition,https://baike.duguji.cn/baike/w/%E8%82%A2%E4%BD%93%E5%9B%B0%E9%87%8D,raw page parsed but no definition found
1652,肢浮肿,not_found,https://baike.duguji.cn/baike/w/%E8%82%A2%E6%B5%AE%E8%82%BF,HTTP 404: page does not exist
1654,肢倦乏力,not_found,https://baike.duguji.cn/baike/w/%E8%82%A2%E5%80%A6%E4%B9%8F%E5%8A%9B,HTTP 404: page does not exist
1657,肢酸,not_found,https://baike.duguji.cn/baike/w/%E8%82%A2%E9%85%B8,HTTP 404: page does not exist
1656,肢麻,not_found,https://baike.duguji.cn/baike/w/%E8%82%A2%E9%BA%BB,HTTP 404: page does not exist
1658,肢体不利,not_found,https://baike.duguji.cn/baike/w/%E8%82%A2%E4%BD%93%E4%B8%8D%E5%88%A9,HTTP 404: page does not exist
1659,肢体不用,not_found,https://baike.duguji.cn/baike/w/%E8%82%A2%E4%BD%93%E4%B8%8D%E7%94%A8,HTTP 404: page does not exist
1664,肢体活动受限,not_found,https://baike.duguji.cn/baike/w/%E8%82%A2%E4%BD%93%E6%B4%BB%E5%8A%A8%E5%8F%97%E9%99%90,HTTP 404: page does not exist
1660,肢体沉重,not_found,https://baike.duguji.cn/baike/w/%E8%82%A2%E4%BD%93%E6%B2%89%E9%87%8D,HTTP 404: page does not exist
1661,肢体乏力,not_found,https://baike.duguji.cn/baike/w/%E8%82%A2%E4%BD%93%E4%B9%8F%E5%8A%9B,HTTP 404: page does not exist
1662,肢体浮肿,not_found,https://baike.duguji.cn/baike/w/%E8%82%A2%E4%BD%93%E6%B5%AE%E8%82%BF,HTTP 404: page does not exist
1666,肢体拘挛,not_found,https://baike.duguji.cn/baike/w/%E8%82%A2%E4%BD%93%E6%8B%98%E6%8C%9B,HTTP 404: page does not exist
1663,肢体关节疼痛,not_found,https://baike.duguji.cn/baike/w/%E8%82%A2%E4%BD%93%E5%85%B3%E8%8A%82%E7%96%BC%E7%97%9B,HTTP 404: page does not exist
1665,肢体肌肉萎缩,not_found,https://baike.duguji.cn/baike/w/%E8%82%A2%E4%BD%93%E8%82%8C%E8%82%89%E8%90%8E%E7%BC%A9,HTTP 404: page does not exist
1671,肢体酸痛,not_found,https://baike.duguji.cn/baike/w/%E8%82%A2%E4%BD%93%E9%85%B8%E7%97%9B,HTTP 404: page does not exist
1678,痔疮肿,not_found,https://baike.duguji.cn/baike/w/%E7%97%94%E7%96%AE%E8%82%BF,HTTP 404: page does not exist
1670,肢体麻木拘挛,not_found,https://baike.duguji.cn/baike/w/%E8%82%A2%E4%BD%93%E9%BA%BB%E6%9C%A8%E6%8B%98%E6%8C%9B,HTTP 404: page does not exist
1672,肢体酸重,not_found,https://baike.duguji.cn/baike/w/%E8%82%A2%E4%BD%93%E9%85%B8%E9%87%8D,HTTP 404: page does not exist
1676,痔疮出血,not_found,https://baike.duguji.cn/baike/w/%E7%97%94%E7%96%AE%E5%87%BA%E8%A1%80,HTTP 404: page does not exist
1668,肢体剌痛,not_found,https://baike.duguji.cn/baike/w/%E8%82%A2%E4%BD%93%E5%89%8C%E7%97%9B,HTTP 404: page does not exist
1677,痔疮痛,not_found,https://baike.duguji.cn/baike/w/%E7%97%94%E7%96%AE%E7%97%9B,HTTP 404: page does not exist
1679,痔疮肿痛,not_found,https://baike.duguji.cn/baike/w/%E7%97%94%E7%96%AE%E8%82%BF%E7%97%9B,HTTP 404: page does not exist
1686,肿毒,not_found,https://baike.duguji.cn/baike/w/%E8%82%BF%E6%AF%92,HTTP 404: page does not exist
1674,肢体胸痛,not_found,https://baike.duguji.cn/baike/w/%E8%82%A2%E4%BD%93%E8%83%B8%E7%97%9B,HTTP 404: page does not exist
1680,痔血,not_found,https://baike.duguji.cn/baike/w/%E7%97%94%E8%A1%80,HTTP 404: page does not exist
1681,痔肿,not_found,https://baike.duguji.cn/baike/w/%E7%97%94%E8%82%BF,HTTP 404: page does not exist
1688,肿痛羞明,not_found,https://baike.duguji.cn/baike/w/%E8%82%BF%E7%97%9B%E7%BE%9E%E6%98%8E,HTTP 404: page does not exist
1689,肿硬作痛,not_found,https://baike.duguji.cn/baike/w/%E8%82%BF%E7%A1%AC%E4%BD%9C%E7%97%9B,HTTP 404: page does not exist
1691,肿胀麻木,not_found,https://baike.duguji.cn/baike/w/%E8%82%BF%E8%83%80%E9%BA%BB%E6%9C%A8,HTTP 404: page does not exist
1694,转筋挛急,not_found,https://baike.duguji.cn/baike/w/%E8%BD%AC%E7%AD%8B%E6%8C%9B%E6%80%A5,HTTP 404: page does not exist
1693,周身乏力,not_found,https://baike.duguji.cn/baike/w/%E5%91%A8%E8%BA%AB%E4%B9%8F%E5%8A%9B,HTTP 404: page does not exist
1695,转筋挛痛,not_found,https://baike.duguji.cn/baike/w/%E8%BD%AC%E7%AD%8B%E6%8C%9B%E7%97%9B,HTTP 404: page does not exist
1700,浊涕臭气,not_found,https://baike.duguji.cn/baike/w/%E6%B5%8A%E6%B6%95%E8%87%AD%E6%B0%94,HTTP 404: page does not exist
1703,子宫功能性出血,not_found,https://baike.duguji.cn/baike/w/%E5%AD%90%E5%AE%AB%E5%8A%9F%E8%83%BD%E6%80%A7%E5%87%BA%E8%A1%80,HTTP 404: page does not exist
1705,子痫抽搐,not_found,https://baike.duguji.cn/baike/w/%E5%AD%90%E7%97%AB%E6%8A%BD%E6%90%90,HTTP 404: page does not exist
1713,足麻木,not_found,https://baike.duguji.cn/baike/w/%E8%B6%B3%E9%BA%BB%E6%9C%A8,HTTP 404: page does not exist
1712,足冷,not_found,https://baike.duguji.cn/baike/w/%E8%B6%B3%E5%86%B7,HTTP 404: page does not exist
1709,足跟疼痛,not_found,https://baike.duguji.cn/baike/w/%E8%B6%B3%E8%B7%9F%E7%96%BC%E7%97%9B,HTTP 404: page does not exist
1716,足膝红肿热痛,not_found,https://baike.duguji.cn/baike/w/%E8%B6%B3%E8%86%9D%E7%BA%A2%E8%82%BF%E7%83%AD%E7%97%9B,HTTP 404: page does not exist
1708,足抽搐,not_found,https://baike.duguji.cn/baike/w/%E8%B6%B3%E6%8A%BD%E6%90%90,HTTP 404: page does not exist
1714,足痿筋挛,not_found,https://baike.duguji.cn/baike/w/%E8%B6%B3%E7%97%BF%E7%AD%8B%E6%8C%9B,HTTP 404: page does not exist
1711,足拘挛,not_found,https://baike.duguji.cn/baike/w/%E8%B6%B3%E6%8B%98%E6%8C%9B,HTTP 404: page does not exist
1715,足膝红肿,not_found,https://baike.duguji.cn/baike/w/%E8%B6%B3%E8%86%9D%E7%BA%A2%E8%82%BF,HTTP 404: page does not exist
1710,足胫红肿热痛,not_found,https://baike.duguji.cn/baike/w/%E8%B6%B3%E8%83%AB%E7%BA%A2%E8%82%BF%E7%83%AD%E7%97%9B,HTTP 404: page does not exist
1717,足肿胀,not_found,https://baike.duguji.cn/baike/w/%E8%B6%B3%E8%82%BF%E8%83%80,HTTP 404: page does not exist
1720,不得平卧,not_found,https://baike.duguji.cn/baike/w/%E4%B8%8D%E5%BE%97%E5%B9%B3%E5%8D%A7,HTTP 404: page does not exist
1721,不眠,not_found,https://baike.duguji.cn/baike/w/%E4%B8%8D%E7%9C%A0,HTTP 404: page does not exist
1722,不语,not_found,https://baike.duguji.cn/baike/w/%E4%B8%8D%E8%AF%AD,HTTP 404: page does not exist
1723,不饥食少,not_found,https://baike.duguji.cn/baike/w/%E4%B8%8D%E9%A5%A5%E9%A3%9F%E5%B0%91,HTTP 404: page does not exist
1725,中恶昏迷,not_found,https://baike.duguji.cn/baike/w/%E4%B8%AD%E6%81%B6%E6%98%8F%E8%BF%B7,HTTP 404: page does not exist
1727,中风痰迷,not_found,https://baike.duguji.cn/baike/w/%E4%B8%AD%E9%A3%8E%E7%97%B0%E8%BF%B7,HTTP 404: page does not exist
1726,中暑发痧,not_found,https://baike.duguji.cn/baike/w/%E4%B8%AD%E6%9A%91%E5%8F%91%E7%97%A7,HTTP 404: page does not exist
1728,久不收口,not_found,https://baike.duguji.cn/baike/w/%E4%B9%85%E4%B8%8D%E6%94%B6%E5%8F%A3,HTTP 404: page does not exist
1730,久溃不敛,not_found,https://baike.duguji.cn/baike/w/%E4%B9%85%E6%BA%83%E4%B8%8D%E6%95%9B,HTTP 404: page does not exist
1729,久咳胸痛,not_found,https://baike.duguji.cn/baike/w/%E4%B9%85%E5%92%B3%E8%83%B8%E7%97%9B,HTTP 404: page does not exist
1732,乳房结块,not_found,https://baike.duguji.cn/baike/w/%E4%B9%B3%E6%88%BF%E7%BB%93%E5%9D%97,HTTP 404: page does not exist
1759,体倦乏力,no_definition,https://baike.duguji.cn/baike/w/%E4%BD%93%E5%80%A6%E4%B9%8F%E5%8A%9B,raw page parsed but no definition found
1738,乳闭,not_found,https://baike.duguji.cn/baike/w/%E4%B9%B3%E9%97%AD,HTTP 404: page does not exist
1739,二便不利,not_found,https://baike.duguji.cn/baike/w/%E4%BA%8C%E4%BE%BF%E4%B8%8D%E5%88%A9,HTTP 404: page does not exist
1733,乳痈肿痛,not_found,https://baike.duguji.cn/baike/w/%E4%B9%B3%E7%97%88%E8%82%BF%E7%97%9B,HTTP 404: page does not exist
1743,产后手足浮肿,not_found,https://baike.duguji.cn/baike/w/%E4%BA%A7%E5%90%8E%E6%89%8B%E8%B6%B3%E6%B5%AE%E8%82%BF,HTTP 404: page does not exist
1763,偏正头痛,no_definition,https://baike.duguji.cn/baike/w/%E5%81%8F%E6%AD%A3%E5%A4%B4%E7%97%9B,raw page parsed but no definition found
1741,亦气疼痛,not_found,https://baike.duguji.cn/baike/w/%E4%BA%A6%E6%B0%94%E7%96%BC%E7%97%9B,HTTP 404: page does not exist
1747,产后瘀滞腹痛,not_found,https://baike.duguji.cn/baike/w/%E4%BA%A7%E5%90%8E%E7%98%80%E6%BB%9E%E8%85%B9%E7%97%9B,HTTP 404: page does not exist
1745,产后淤阻,not_found,https://baike.duguji.cn/baike/w/%E4%BA%A7%E5%90%8E%E6%B7%A4%E9%98%BB,HTTP 404: page does not exist
1748,产后瘀血,not_found,https://baike.duguji.cn/baike/w/%E4%BA%A7%E5%90%8E%E7%98%80%E8%A1%80,HTTP 404: page does not exist
1746,产后瘀滞,not_found,https://baike.duguji.cn/baike/w/%E4%BA%A7%E5%90%8E%E7%98%80%E6%BB%9E,HTTP 404: page does not exist
1749,产后瘀血腹痛,not_found,https://baike.duguji.cn/baike/w/%E4%BA%A7%E5%90%8E%E7%98%80%E8%A1%80%E8%85%B9%E7%97%9B,HTTP 404: page does not exist
1751,产后瘀阻腹痛,not_found,https://baike.duguji.cn/baike/w/%E4%BA%A7%E5%90%8E%E7%98%80%E9%98%BB%E8%85%B9%E7%97%9B,HTTP 404: page does not exist
1750,产后瘀阻,not_found,https://baike.duguji.cn/baike/w/%E4%BA%A7%E5%90%8E%E7%98%80%E9%98%BB,HTTP 404: page does not exist
1753,产后血虚发热,not_found,https://baike.duguji.cn/baike/w/%E4%BA%A7%E5%90%8E%E8%A1%80%E8%99%9A%E5%8F%91%E7%83%AD,HTTP 404: page does not exist
1758,伤食腹痛腹泻,not_found,https://baike.duguji.cn/baike/w/%E4%BC%A4%E9%A3%9F%E8%85%B9%E7%97%9B%E8%85%B9%E6%B3%BB,HTTP 404: page does not exist
1766,关节痿软,not_found,https://baike.duguji.cn/baike/w/%E5%85%B3%E8%8A%82%E7%97%BF%E8%BD%AF,HTTP 404: page does not exist
1755,伤酒口渴,not_found,https://baike.duguji.cn/baike/w/%E4%BC%A4%E9%85%92%E5%8F%A3%E6%B8%B4,HTTP 404: page does not exist
1761,作喘,not_found,https://baike.duguji.cn/baike/w/%E4%BD%9C%E5%96%98,HTTP 404: page does not exist
1762,便塘,not_found,https://baike.duguji.cn/baike/w/%E4%BE%BF%E5%A1%98,HTTP 404: page does not exist
1768,关节酸,not_found,https://baike.duguji.cn/baike/w/%E5%85%B3%E8%8A%82%E9%85%B8,HTTP 404: page does not exist
1764,健忘多梦,not_found,https://baike.duguji.cn/baike/w/%E5%81%A5%E5%BF%98%E5%A4%9A%E6%A2%A6,HTTP 404: page does not exist
1795,咳嗽气喘,no_definition,https://baike.duguji.cn/baike/w/%E5%92%B3%E5%97%BD%E6%B0%94%E5%96%98,raw page parsed but no definition found
1773,劳伤腰痛,not_found,https://baike.duguji.cn/baike/w/%E5%8A%B3%E4%BC%A4%E8%85%B0%E7%97%9B,HTTP 404: page does not exist
1765,关窍不通,not_found,https://baike.duguji.cn/baike/w/%E5%85%B3%E7%AA%8D%E4%B8%8D%E9%80%9A,HTTP 404: page does not exist
1769,内伤出血,not_found,https://baike.duguji.cn/baike/w/%E5%86%85%E4%BC%A4%E5%87%BA%E8%A1%80,HTTP 404: page does not exist
1775,历节痹痛,not_found,https://baike.duguji.cn/baike/w/%E5%8E%86%E8%8A%82%E7%97%B9%E7%97%9B,HTTP 404: page does not exist
1771,冻疮.,not_found,https://baike.duguji.cn/baike/w/%E5%86%BB%E7%96%AE.,HTTP 404: page does not exist
1781,口眼㖞斜,not_found,https://baike.duguji.cn/baike/w/%E5%8F%A3%E7%9C%BC%E3%96%9E%E6%96%9C,HTTP 404: page does not exist
1776,历节风痛,not_found,https://baike.duguji.cn/baike/w/%E5%8E%86%E8%8A%82%E9%A3%8E%E7%97%9B,HTTP 404: page does not exist
1778,发痧,not_found,https://baike.duguji.cn/baike/w/%E5%8F%91%E7%97%A7,HTTP 404: page does not exist
1783,口眼干燥综合征,not_found,https://baike.duguji.cn/baike/w/%E5%8F%A3%E7%9C%BC%E5%B9%B2%E7%87%A5%E7%BB%BC%E5%90%88%E5%BE%81,HTTP 404: page does not exist
1780,口㖞,not_found,https://baike.duguji.cn/baike/w/%E5%8F%A3%E3%96%9E,HTTP 404: page does not exist
1784,口蜗,not_found,https://baike.duguji.cn/baike/w/%E5%8F%A3%E8%9C%97,HTTP 404: page does not exist
1782,口眼喝斜,not_found,https://baike.duguji.cn/baike/w/%E5%8F%A3%E7%9C%BC%E5%96%9D%E6%96%9C,HTTP 404: page does not exist
1787,吐泻转筋,not_found,https://baike.duguji.cn/baike/w/%E5%90%90%E6%B3%BB%E8%BD%AC%E7%AD%8B,HTTP 404: page does not exist
1790,呕吐腹痛,not_found,https://baike.duguji.cn/baike/w/%E5%91%95%E5%90%90%E8%85%B9%E7%97%9B,HTTP 404: page does not exist
1789,呕吐呃逆,not_found,https://baike.duguji.cn/baike/w/%E5%91%95%E5%90%90%E5%91%83%E9%80%86,HTTP 404: page does not exist
1791,呕哕,not_found,https://baike.duguji.cn/baike/w/%E5%91%95%E5%93%95,HTTP 404: page does not exist
1794,咳喘痰多,not_found,https://baike.duguji.cn/baike/w/%E5%92%B3%E5%96%98%E7%97%B0%E5%A4%9A,HTTP 404: page does not exist
1793,咯吐不出,not_found,https://baike.duguji.cn/baike/w/%E5%92%AF%E5%90%90%E4%B8%8D%E5%87%BA,HTTP 404: page does not exist
1798,咽喉干痛,not_found,https://baike.duguji.cn/baike/w/%E5%92%BD%E5%96%89%E5%B9%B2%E7%97%9B,HTTP 404: page does not exist
1801,喉痹乳蛾,not_found,https://baike.duguji.cn/baike/w/%E5%96%89%E7%97%B9%E4%B9%B3%E8%9B%BE,HTTP 404: page does not exist
1792,呕逆吐酸,not_found,https://baike.duguji.cn/baike/w/%E5%91%95%E9%80%86%E5%90%90%E9%85%B8,HTTP 404: page does not exist
1836,子宫颈癌,no_definition,https://baike.duguji.cn/baike/w/%E5%AD%90%E5%AE%AB%E9%A2%88%E7%99%8C,raw page parsed but no definition found
1802,喉痹肿痛,not_found,https://baike.duguji.cn/baike/w/%E5%96%89%E7%97%B9%E8%82%BF%E7%97%9B,HTTP 404: page does not exist
1809,四肢痿软,not_found,https://baike.duguji.cn/baike/w/%E5%9B%9B%E8%82%A2%E7%97%BF%E8%BD%AF,HTTP 404: page does not exist
1808,四肢挛急疼痛,not_found,https://baike.duguji.cn/baike/w/%E5%9B%9B%E8%82%A2%E6%8C%9B%E6%80%A5%E7%96%BC%E7%97%9B,HTTP 404: page does not exist
1810,壮热烦渴,not_found,https://baike.duguji.cn/baike/w/%E5%A3%AE%E7%83%AD%E7%83%A6%E6%B8%B4,HTTP 404: page does not exist
1803,喉肿痛,not_found,https://baike.duguji.cn/baike/w/%E5%96%89%E8%82%BF%E7%97%9B,HTTP 404: page does not exist
1812,夏伤暑湿,not_found,https://baike.duguji.cn/baike/w/%E5%A4%8F%E4%BC%A4%E6%9A%91%E6%B9%BF,HTTP 404: page does not exist
1814,外伤肿痛,not_found,https://baike.duguji.cn/baike/w/%E5%A4%96%E4%BC%A4%E8%82%BF%E7%97%9B,HTTP 404: page does not exist
1813,外伤出血,not_found,https://baike.duguji.cn/baike/w/%E5%A4%96%E4%BC%A4%E5%87%BA%E8%A1%80,HTTP 404: page does not exist
1815,外感发热,not_found,https://baike.duguji.cn/baike/w/%E5%A4%96%E6%84%9F%E5%8F%91%E7%83%AD,HTTP 404: page does not exist
1818,大头瘟疫,not_found,https://baike.duguji.cn/baike/w/%E5%A4%A7%E5%A4%B4%E7%98%9F%E7%96%AB,HTTP 404: page does not exist
1824,头痛目赤,not_found,https://baike.duguji.cn/baike/w/%E5%A4%B4%E7%97%9B%E7%9B%AE%E8%B5%A4,HTTP 404: page does not exist
1823,头痛头晕,not_found,https://baike.duguji.cn/baike/w/%E5%A4%B4%E7%97%9B%E5%A4%B4%E6%99%95,HTTP 404: page does not exist
1830,妇女断乳,not_found,https://baike.duguji.cn/baike/w/%E5%A6%87%E5%A5%B3%E6%96%AD%E4%B9%B3,HTTP 404: page does not exist
1866,尿闭,no_definition,https://baike.duguji.cn/baike/w/%E5%B0%BF%E9%97%AD,raw page parsed but no definition found
1827,头身疼痛,not_found,https://baike.duguji.cn/baike/w/%E5%A4%B4%E8%BA%AB%E7%96%BC%E7%97%9B,HTTP 404: page does not exist
1831,妇女湿热带下,not_found,https://baike.duguji.cn/baike/w/%E5%A6%87%E5%A5%B3%E6%B9%BF%E7%83%AD%E5%B8%A6%E4%B8%8B,HTTP 404: page does not exist
1837,实热积滞便秘,not_found,https://baike.duguji.cn/baike/w/%E5%AE%9E%E7%83%AD%E7%A7%AF%E6%BB%9E%E4%BE%BF%E7%A7%98,HTTP 404: page does not exist
1839,寒湿呕逆,not_found,https://baike.duguji.cn/baike/w/%E5%AF%92%E6%B9%BF%E5%91%95%E9%80%86,HTTP 404: page does not exist
1842,寒疝腹痛,not_found,https://baike.duguji.cn/baike/w/%E5%AF%92%E7%96%9D%E8%85%B9%E7%97%9B,HTTP 404: page does not exist
1844,寒积便秘,not_found,https://baike.duguji.cn/baike/w/%E5%AF%92%E7%A7%AF%E4%BE%BF%E7%A7%98,HTTP 404: page does not exist
1850,小便赤,not_found,https://baike.duguji.cn/baike/w/%E5%B0%8F%E4%BE%BF%E8%B5%A4,HTTP 404: page does not exist
1857,小儿慢惊,not_found,https://baike.duguji.cn/baike/w/%E5%B0%8F%E5%84%BF%E6%85%A2%E6%83%8A,HTTP 404: page does not exist
1854,小儿惊啼,not_found,https://baike.duguji.cn/baike/w/%E5%B0%8F%E5%84%BF%E6%83%8A%E5%95%BC,HTTP 404: page does not exist
1858,小儿疳热,not_found,https://baike.duguji.cn/baike/w/%E5%B0%8F%E5%84%BF%E7%96%B3%E7%83%AD,HTTP 404: page does not exist
1851,小便遗沥,not_found,https://baike.duguji.cn/baike/w/%E5%B0%8F%E4%BE%BF%E9%81%97%E6%B2%A5,HTTP 404: page does not exist
1860,小儿痰热惊痫,not_found,https://baike.duguji.cn/baike/w/%E5%B0%8F%E5%84%BF%E7%97%B0%E7%83%AD%E6%83%8A%E7%97%AB,HTTP 404: page does not exist
1863,尿少涩痛,not_found,https://baike.duguji.cn/baike/w/%E5%B0%BF%E5%B0%91%E6%B6%A9%E7%97%9B,HTTP 404: page does not exist
1848,小便短赤涩痛,not_found,https://baike.duguji.cn/baike/w/%E5%B0%8F%E4%BE%BF%E7%9F%AD%E8%B5%A4%E6%B6%A9%E7%97%9B,HTTP 404: page does not exist
1862,少阴伏风头痛,not_found,https://baike.duguji.cn/baike/w/%E5%B0%91%E9%98%B4%E4%BC%8F%E9%A3%8E%E5%A4%B4%E7%97%9B,HTTP 404: page does not exist
1861,小儿高热抽搐,not_found,https://baike.duguji.cn/baike/w/%E5%B0%8F%E5%84%BF%E9%AB%98%E7%83%AD%E6%8A%BD%E6%90%90,HTTP 404: page does not exist
1864,尿热涩痛,not_found,https://baike.duguji.cn/baike/w/%E5%B0%BF%E7%83%AD%E6%B6%A9%E7%97%9B,HTTP 404: page does not exist
1872,带下阴痒,not_found,https://baike.duguji.cn/baike/w/%E5%B8%A6%E4%B8%8B%E9%98%B4%E7%97%92,HTTP 404: page does not exist
1869,崩漏下血,not_found,https://baike.duguji.cn/baike/w/%E5%B4%A9%E6%BC%8F%E4%B8%8B%E8%A1%80,HTTP 404: page does not exist
1928,昏迷不醒,no_definition,https://baike.duguji.cn/baike/w/%E6%98%8F%E8%BF%B7%E4%B8%8D%E9%86%92,raw page parsed but no definition found
1877,庁肿,not_found,https://baike.duguji.cn/baike/w/%E5%BA%81%E8%82%BF,HTTP 404: page does not exist
1885,心胸郁闷,not_found,https://baike.duguji.cn/baike/w/%E5%BF%83%E8%83%B8%E9%83%81%E9%97%B7,HTTP 404: page does not exist
1878,弛缓胃肌,not_found,https://baike.duguji.cn/baike/w/%E5%BC%9B%E7%BC%93%E8%83%83%E8%82%8C,HTTP 404: page does not exist
1933,杨梅疮,no_definition,https://baike.duguji.cn/baike/w/%E6%9D%A8%E6%A2%85%E7%96%AE,raw page parsed but no definition found
1886,心腹暴痛,not_found,https://baike.duguji.cn/baike/w/%E5%BF%83%E8%85%B9%E6%9A%B4%E7%97%9B,HTTP 404: page does not exist
1888,心腹瘀痛,not_found,https://baike.duguji.cn/baike/w/%E5%BF%83%E8%85%B9%E7%98%80%E7%97%9B,HTTP 404: page does not exist
1887,心腹疼痛,not_found,https://baike.duguji.cn/baike/w/%E5%BF%83%E8%85%B9%E7%96%BC%E7%97%9B,HTTP 404: page does not exist
1898,惊痛,not_found,https://baike.duguji.cn/baike/w/%E6%83%8A%E7%97%9B,HTTP 404: page does not exist
1893,急性鼓膜炎,not_found,https://baike.duguji.cn/baike/w/%E6%80%A5%E6%80%A7%E9%BC%93%E8%86%9C%E7%82%8E,HTTP 404: page does not exist
1897,恶露不行,not_found,https://baike.duguji.cn/baike/w/%E6%81%B6%E9%9C%B2%E4%B8%8D%E8%A1%8C,HTTP 404: page does not exist
1911,扭挫伤痛,not_found,https://baike.duguji.cn/baike/w/%E6%89%AD%E6%8C%AB%E4%BC%A4%E7%97%9B,HTTP 404: page does not exist
1947,泛酸,no_definition,https://baike.duguji.cn/baike/w/%E6%B3%9B%E9%85%B8,raw page parsed but no definition found
1914,挛痛,not_found,https://baike.duguji.cn/baike/w/%E6%8C%9B%E7%97%9B,HTTP 404: page does not exist
1903,感冒风寒,not_found,https://baike.duguji.cn/baike/w/%E6%84%9F%E5%86%92%E9%A3%8E%E5%AF%92,HTTP 404: page does not exist
1909,手足瘈疭,not_found,https://baike.duguji.cn/baike/w/%E6%89%8B%E8%B6%B3%E7%98%88%E7%96%AD,HTTP 404: page does not exist
1915,损伤出血,not_found,https://baike.duguji.cn/baike/w/%E6%8D%9F%E4%BC%A4%E5%87%BA%E8%A1%80,HTTP 404: page does not exist
1922,无痰,not_found,https://baike.duguji.cn/baike/w/%E6%97%A0%E7%97%B0,HTTP 404: page does not exist
1927,昏花,not_found,https://baike.duguji.cn/baike/w/%E6%98%8F%E8%8A%B1,HTTP 404: page does not exist
1923,早期肝硬化,not_found,https://baike.duguji.cn/baike/w/%E6%97%A9%E6%9C%9F%E8%82%9D%E7%A1%AC%E5%8C%96,HTTP 404: page does not exist
1926,时疫感冒,not_found,https://baike.duguji.cn/baike/w/%E6%97%B6%E7%96%AB%E6%84%9F%E5%86%92,HTTP 404: page does not exist
1929,晐嗽,not_found,https://baike.duguji.cn/baike/w/%E6%99%90%E5%97%BD,HTTP 404: page does not exist
1938,气喘痰多,not_found,https://baike.duguji.cn/baike/w/%E6%B0%94%E5%96%98%E7%97%B0%E5%A4%9A,HTTP 404: page does not exist
1943,水肿胀满,not_found,https://baike.duguji.cn/baike/w/%E6%B0%B4%E8%82%BF%E8%83%80%E6%BB%A1,HTTP 404: page does not exist
1944,水肿胀满尿少,not_found,https://baike.duguji.cn/baike/w/%E6%B0%B4%E8%82%BF%E8%83%80%E6%BB%A1%E5%B0%BF%E5%B0%91,HTTP 404: page does not exist
1963,湿热淋证,not_found,https://baike.duguji.cn/baike/w/%E6%B9%BF%E7%83%AD%E6%B7%8B%E8%AF%81,HTTP 404: page does not exist
1959,温疫时毒,not_found,https://baike.duguji.cn/baike/w/%E6%B8%A9%E7%96%AB%E6%97%B6%E6%AF%92,HTTP 404: page does not exist
1955,淋巴结肿痛,not_found,https://baike.duguji.cn/baike/w/%E6%B7%8B%E5%B7%B4%E7%BB%93%E8%82%BF%E7%97%9B,HTTP 404: page does not exist
1948,泻痢后重,not_found,https://baike.duguji.cn/baike/w/%E6%B3%BB%E7%97%A2%E5%90%8E%E9%87%8D,HTTP 404: page does not exist
1964,湿热疮满,not_found,https://baike.duguji.cn/baike/w/%E6%B9%BF%E7%83%AD%E7%96%AE%E6%BB%A1,HTTP 404: page does not exist
1965,湿热痢疾,not_found,https://baike.duguji.cn/baike/w/%E6%B9%BF%E7%83%AD%E7%97%A2%E7%96%BE,HTTP 404: page does not exist
1956,淋沥涩痛,not_found,https://baike.duguji.cn/baike/w/%E6%B7%8B%E6%B2%A5%E6%B6%A9%E7%97%9B,HTTP 404: page does not exist
1973,澹语,not_found,https://baike.duguji.cn/baike/w/%E6%BE%B9%E8%AF%AD,HTTP 404: page does not exist
1969,湿痹病,not_found,https://baike.duguji.cn/baike/w/%E6%B9%BF%E7%97%B9%E7%97%85,HTTP 404: page does not exist
1974,火毒疮疡,not_found,https://baike.duguji.cn/baike/w/%E7%81%AB%E6%AF%92%E7%96%AE%E7%96%A1,HTTP 404: page does not exist
2002,疗疮,not_found,https://baike.duguji.cn/baike/w/%E7%96%97%E7%96%AE,HTTP 404: page does not exist
1993,牙龈肿痛出血,not_found,https://baike.duguji.cn/baike/w/%E7%89%99%E9%BE%88%E8%82%BF%E7%97%9B%E5%87%BA%E8%A1%80,HTTP 404: page does not exist
1990,焮肿,not_found,https://baike.duguji.cn/baike/w/%E7%84%AE%E8%82%BF,HTTP 404: page does not exist
2004,疝气痛,not_found,https://baike.duguji.cn/baike/w/%E7%96%9D%E6%B0%94%E7%97%9B,HTTP 404: page does not exist
2001,疗毒,not_found,https://baike.duguji.cn/baike/w/%E7%96%97%E6%AF%92,HTTP 404: page does not exist
2003,疝气疼痛,not_found,https://baike.duguji.cn/baike/w/%E7%96%9D%E6%B0%94%E7%96%BC%E7%97%9B,HTTP 404: page does not exist
2015,疮满,not_found,https://baike.duguji.cn/baike/w/%E7%96%AE%E6%BB%A1,HTTP 404: page does not exist
2008,疟疾寒热,not_found,https://baike.duguji.cn/baike/w/%E7%96%9F%E7%96%BE%E5%AF%92%E7%83%AD,HTTP 404: page does not exist
2014,疫毒感冒,not_found,https://baike.duguji.cn/baike/w/%E7%96%AB%E6%AF%92%E6%84%9F%E5%86%92,HTTP 404: page does not exist
2021,疮疳,not_found,https://baike.duguji.cn/baike/w/%E7%96%AE%E7%96%B3,HTTP 404: page does not exist
2064,瘟疫,no_definition,https://baike.duguji.cn/baike/w/%E7%98%9F%E7%96%AB,raw page parsed but no definition found
2023,疮痈肿毒,not_found,https://baike.duguji.cn/baike/w/%E7%96%AE%E7%97%88%E8%82%BF%E6%AF%92,HTTP 404: page does not exist
2025,疳肿,not_found,https://baike.duguji.cn/baike/w/%E7%96%B3%E8%82%BF,HTTP 404: page does not exist
2027,疼痛麻木,not_found,https://baike.duguji.cn/baike/w/%E7%96%BC%E7%97%9B%E9%BA%BB%E6%9C%A8,HTTP 404: page does not exist
2024,疮癞,not_found,https://baike.duguji.cn/baike/w/%E7%96%AE%E7%99%9E,HTTP 404: page does not exist
2020,疮疡肿毒,not_found,https://baike.duguji.cn/baike/w/%E7%96%AE%E7%96%A1%E8%82%BF%E6%AF%92,HTTP 404: page does not exist
2031,痈疖肿毒,not_found,https://baike.duguji.cn/baike/w/%E7%97%88%E7%96%96%E8%82%BF%E6%AF%92,HTTP 404: page does not exist
2028,病后虚热不退,not_found,https://baike.duguji.cn/baike/w/%E7%97%85%E5%90%8E%E8%99%9A%E7%83%AD%E4%B8%8D%E9%80%80,HTTP 404: page does not exist
2022,疮痈,not_found,https://baike.duguji.cn/baike/w/%E7%96%AE%E7%97%88,HTTP 404: page does not exist
2035,痈疽疮毒,not_found,https://baike.duguji.cn/baike/w/%E7%97%88%E7%96%BD%E7%96%AE%E6%AF%92,HTTP 404: page does not exist
2019,疮疡痈肿,not_found,https://baike.duguji.cn/baike/w/%E7%96%AE%E7%96%A1%E7%97%88%E8%82%BF,HTTP 404: page does not exist
2030,痈疖,not_found,https://baike.duguji.cn/baike/w/%E7%97%88%E7%96%96,HTTP 404: page does not exist
2033,痈疮肿毒,not_found,https://baike.duguji.cn/baike/w/%E7%97%88%E7%96%AE%E8%82%BF%E6%AF%92,HTTP 404: page does not exist
2036,痈疽疮疡,not_found,https://baike.duguji.cn/baike/w/%E7%97%88%E7%96%BD%E7%96%AE%E7%96%A1,HTTP 404: page does not exist
2090,白细胞减少症,no_definition,https://baike.duguji.cn/baike/w/%E7%99%BD%E7%BB%86%E8%83%9E%E5%87%8F%E5%B0%91%E7%97%87,raw page parsed but no definition found
2039,痈肿疮毒,not_found,https://baike.duguji.cn/baike/w/%E7%97%88%E8%82%BF%E7%96%AE%E6%AF%92,HTTP 404: page does not exist
2051,痧胀腹痛吐泻,not_found,https://baike.duguji.cn/baike/w/%E7%97%A7%E8%83%80%E8%85%B9%E7%97%9B%E5%90%90%E6%B3%BB,HTTP 404: page does not exist
2061,痹疽,not_found,https://baike.duguji.cn/baike/w/%E7%97%B9%E7%96%BD,HTTP 404: page does not exist
2058,痰热喘嗽,not_found,https://baike.duguji.cn/baike/w/%E7%97%B0%E7%83%AD%E5%96%98%E5%97%BD,HTTP 404: page does not exist
2070,療痂,not_found,https://baike.duguji.cn/baike/w/%E7%99%82%E7%97%82,HTTP 404: page does not exist
2075,癣疮,not_found,https://baike.duguji.cn/baike/w/%E7%99%A3%E7%96%AE,HTTP 404: page does not exist
2071,癌痕,not_found,https://baike.duguji.cn/baike/w/%E7%99%8C%E7%97%95,HTTP 404: page does not exist
2069,療疬,not_found,https://baike.duguji.cn/baike/w/%E7%99%82%E7%96%AC,HTTP 404: page does not exist
2076,癣疾,not_found,https://baike.duguji.cn/baike/w/%E7%99%A3%E7%96%BE,HTTP 404: page does not exist
2072,癌肿,not_found,https://baike.duguji.cn/baike/w/%E7%99%8C%E8%82%BF,HTTP 404: page does not exist
2077,癥瘕结块,not_found,https://baike.duguji.cn/baike/w/%E7%99%A5%E7%98%95%E7%BB%93%E5%9D%97,HTTP 404: page does not exist
2123,细菌性感染,no_definition,https://baike.duguji.cn/baike/w/%E7%BB%86%E8%8F%8C%E6%80%A7%E6%84%9F%E6%9F%93,raw page parsed but no definition found
2086,白浊带下,not_found,https://baike.duguji.cn/baike/w/%E7%99%BD%E6%B5%8A%E5%B8%A6%E4%B8%8B,HTTP 404: page does not exist
2085,白带过多,not_found,https://baike.duguji.cn/baike/w/%E7%99%BD%E5%B8%A6%E8%BF%87%E5%A4%9A,HTTP 404: page does not exist
2081,癲狂,not_found,https://baike.duguji.cn/baike/w/%E7%99%B2%E7%8B%82,HTTP 404: page does not exist
2096,皮肤顽癣,not_found,https://baike.duguji.cn/baike/w/%E7%9A%AE%E8%82%A4%E9%A1%BD%E7%99%A3,HTTP 404: page does not exist
2104,眩悸,not_found,https://baike.duguji.cn/baike/w/%E7%9C%A9%E6%82%B8,HTTP 404: page does not exist
2097,目暗,not_found,https://baike.duguji.cn/baike/w/%E7%9B%AE%E6%9A%97,HTTP 404: page does not exist
2106,眼结膜炎,not_found,https://baike.duguji.cn/baike/w/%E7%9C%BC%E7%BB%93%E8%86%9C%E7%82%8E,HTTP 404: page does not exist
2098,目涩痛,not_found,https://baike.duguji.cn/baike/w/%E7%9B%AE%E6%B6%A9%E7%97%9B,HTTP 404: page does not exist
2107,睾丸肿痛,not_found,https://baike.duguji.cn/baike/w/%E7%9D%BE%E4%B8%B8%E8%82%BF%E7%97%9B,HTTP 404: page does not exist
2135,继发性血小板减少性紫癜,no_definition,https://baike.duguji.cn/baike/w/%E7%BB%A7%E5%8F%91%E6%80%A7%E8%A1%80%E5%B0%8F%E6%9D%BF%E5%87%8F%E5%B0%91%E6%80%A7%E7%B4%AB%E7%99%9C,raw page parsed but no definition found
2112,筋伤骨折,not_found,https://baike.duguji.cn/baike/w/%E7%AD%8B%E4%BC%A4%E9%AA%A8%E6%8A%98,HTTP 404: page does not exist
2116,筋骨痛,not_found,https://baike.duguji.cn/baike/w/%E7%AD%8B%E9%AA%A8%E7%97%9B,HTTP 404: page does not exist
2117,筋骨痪软,not_found,https://baike.duguji.cn/baike/w/%E7%AD%8B%E9%AA%A8%E7%97%AA%E8%BD%AF,HTTP 404: page does not exist
2118,筋骨痰软,not_found,https://baike.duguji.cn/baike/w/%E7%AD%8B%E9%AA%A8%E7%97%B0%E8%BD%AF,HTTP 404: page does not exist
2114,筋骨折伤,not_found,https://baike.duguji.cn/baike/w/%E7%AD%8B%E9%AA%A8%E6%8A%98%E4%BC%A4,HTTP 404: page does not exist
2119,类血友病,not_found,https://baike.duguji.cn/baike/w/%E7%B1%BB%E8%A1%80%E5%8F%8B%E7%97%85,HTTP 404: page does not exist
2124,细菌性感染引起炎症肿毒,not_found,https://baike.duguji.cn/baike/w/%E7%BB%86%E8%8F%8C%E6%80%A7%E6%84%9F%E6%9F%93%E5%BC%95%E8%B5%B7%E7%82%8E%E7%97%87%E8%82%BF%E6%AF%92,HTTP 404: page does not exist
2125,经多,not_found,https://baike.duguji.cn/baike/w/%E7%BB%8F%E5%A4%9A,HTTP 404: page does not exist
2128,结块,not_found,https://baike.duguji.cn/baike/w/%E7%BB%93%E5%9D%97,HTTP 404: page does not exist
2126,经络气滞,not_found,https://baike.duguji.cn/baike/w/%E7%BB%8F%E7%BB%9C%E6%B0%94%E6%BB%9E,HTTP 404: page does not exist
2127,经闭痛经,not_found,https://baike.duguji.cn/baike/w/%E7%BB%8F%E9%97%AD%E7%97%9B%E7%BB%8F,HTTP 404: page does not exist
2130,结核性瘘管,not_found,https://baike.duguji.cn/baike/w/%E7%BB%93%E6%A0%B8%E6%80%A7%E7%98%98%E7%AE%A1,HTTP 404: page does not exist
2132,结胸痞满,not_found,https://baike.duguji.cn/baike/w/%E7%BB%93%E8%83%B8%E7%97%9E%E6%BB%A1,HTTP 404: page does not exist
2136,缠身蛇丹,not_found,https://baike.duguji.cn/baike/w/%E7%BC%A0%E8%BA%AB%E8%9B%87%E4%B8%B9,HTTP 404: page does not exist
2138,聘耳流脓,not_found,https://baike.duguji.cn/baike/w/%E8%81%98%E8%80%B3%E6%B5%81%E8%84%93,HTTP 404: page does not exist
2133,绝经期眩晕,not_found,https://baike.duguji.cn/baike/w/%E7%BB%9D%E7%BB%8F%E6%9C%9F%E7%9C%A9%E6%99%95,HTTP 404: page does not exist
2140,聤耳流脓,not_found,https://baike.duguji.cn/baike/w/%E8%81%A4%E8%80%B3%E6%B5%81%E8%84%93,HTTP 404: page does not exist
2145,肝病出血,not_found,https://baike.duguji.cn/baike/w/%E8%82%9D%E7%97%85%E5%87%BA%E8%A1%80,HTTP 404: page does not exist
2141,肉暗紫黑,not_found,https://baike.duguji.cn/baike/w/%E8%82%89%E6%9A%97%E7%B4%AB%E9%BB%91,HTTP 404: page does not exist
2144,肝热头晕,not_found,https://baike.duguji.cn/baike/w/%E8%82%9D%E7%83%AD%E5%A4%B4%E6%99%95,HTTP 404: page does not exist
2148,肝肾阴虚眩晕,not_found,https://baike.duguji.cn/baike/w/%E8%82%9D%E8%82%BE%E9%98%B4%E8%99%9A%E7%9C%A9%E6%99%95,HTTP 404: page does not exist
2149,肝肾阴虚眩晕耳鸣,not_found,https://baike.duguji.cn/baike/w/%E8%82%9D%E8%82%BE%E9%98%B4%E8%99%9A%E7%9C%A9%E6%99%95%E8%80%B3%E9%B8%A3,HTTP 404: page does not exist
2151,肝胆病,not_found,https://baike.duguji.cn/baike/w/%E8%82%9D%E8%83%86%E7%97%85,HTTP 404: page does not exist
2147,肝肾不足腰膝酸冷,not_found,https://baike.duguji.cn/baike/w/%E8%82%9D%E8%82%BE%E4%B8%8D%E8%B6%B3%E8%85%B0%E8%86%9D%E9%85%B8%E5%86%B7,HTTP 404: page does not exist
2157,肠痈肿痛,not_found,https://baike.duguji.cn/baike/w/%E8%82%A0%E7%97%88%E8%82%BF%E7%97%9B,HTTP 404: page does not exist
2155,肠燥便秘,not_found,https://baike.duguji.cn/baike/w/%E8%82%A0%E7%87%A5%E4%BE%BF%E7%A7%98,HTTP 404: page does not exist
2162,肢体痿软,not_found,https://baike.duguji.cn/baike/w/%E8%82%A2%E4%BD%93%E7%97%BF%E8%BD%AF,HTTP 404: page does not exist
2163,肢体酸,not_found,https://baike.duguji.cn/baike/w/%E8%82%A2%E4%BD%93%E9%85%B8,HTTP 404: page does not exist
2164,肢体重,not_found,https://baike.duguji.cn/baike/w/%E8%82%A2%E4%BD%93%E9%87%8D,HTTP 404: page does not exist
2161,肢体不遂,not_found,https://baike.duguji.cn/baike/w/%E8%82%A2%E4%BD%93%E4%B8%8D%E9%81%82,HTTP 404: page does not exist
2165,肢节拘挛,not_found,https://baike.duguji.cn/baike/w/%E8%82%A2%E8%8A%82%E6%8B%98%E6%8C%9B,HTTP 404: page does not exist
2160,肠风泻血,not_found,https://baike.duguji.cn/baike/w/%E8%82%A0%E9%A3%8E%E6%B3%BB%E8%A1%80,HTTP 404: page does not exist
2167,肩臂酸,not_found,https://baike.duguji.cn/baike/w/%E8%82%A9%E8%87%82%E9%85%B8,HTTP 404: page does not exist
2168,肩臂酸痛麻木,not_found,https://baike.duguji.cn/baike/w/%E8%82%A9%E8%87%82%E9%85%B8%E7%97%9B%E9%BA%BB%E6%9C%A8,HTTP 404: page does not exist
2166,肩臂痛,not_found,https://baike.duguji.cn/baike/w/%E8%82%A9%E8%87%82%E7%97%9B,HTTP 404: page does not exist
2170,肺出血,not_found,https://baike.duguji.cn/baike/w/%E8%82%BA%E5%87%BA%E8%A1%80,HTTP 404: page does not exist
2171,肺捞,not_found,https://baike.duguji.cn/baike/w/%E8%82%BA%E6%8D%9E,HTTP 404: page does not exist
2198,胆石症,no_definition,https://baike.duguji.cn/baike/w/%E8%83%86%E7%9F%B3%E7%97%87,raw page parsed but no definition found
2173,肺热咳喘,not_found,https://baike.duguji.cn/baike/w/%E8%82%BA%E7%83%AD%E5%92%B3%E5%96%98,HTTP 404: page does not exist
2174,肺热喘嗽,not_found,https://baike.duguji.cn/baike/w/%E8%82%BA%E7%83%AD%E5%96%98%E5%97%BD,HTTP 404: page does not exist
2177,肺痈吐脓,not_found,https://baike.duguji.cn/baike/w/%E8%82%BA%E7%97%88%E5%90%90%E8%84%93,HTTP 404: page does not exist
2175,肺热痰壅,not_found,https://baike.duguji.cn/baike/w/%E8%82%BA%E7%83%AD%E7%97%B0%E5%A3%85,HTTP 404: page does not exist
2180,肺结核咳嗽,not_found,https://baike.duguji.cn/baike/w/%E8%82%BA%E7%BB%93%E6%A0%B8%E5%92%B3%E5%97%BD,HTTP 404: page does not exist
2178,肺痨咳血,not_found,https://baike.duguji.cn/baike/w/%E8%82%BA%E7%97%A8%E5%92%B3%E8%A1%80,HTTP 404: page does not exist
2182,肺虚咳血,not_found,https://baike.duguji.cn/baike/w/%E8%82%BA%E8%99%9A%E5%92%B3%E8%A1%80,HTTP 404: page does not exist
2183,肾与小腹冷痛,not_found,https://baike.duguji.cn/baike/w/%E8%82%BE%E4%B8%8E%E5%B0%8F%E8%85%B9%E5%86%B7%E7%97%9B,HTTP 404: page does not exist
2187,肾炎水肿,not_found,https://baike.duguji.cn/baike/w/%E8%82%BE%E7%82%8E%E6%B0%B4%E8%82%BF,HTTP 404: page does not exist
2184,肾冷痛,not_found,https://baike.duguji.cn/baike/w/%E8%82%BE%E5%86%B7%E7%97%9B,HTTP 404: page does not exist
2190,肾虚腰膝酸痛,not_found,https://baike.duguji.cn/baike/w/%E8%82%BE%E8%99%9A%E8%85%B0%E8%86%9D%E9%85%B8%E7%97%9B,HTTP 404: page does not exist
2191,肾虚阳痿,not_found,https://baike.duguji.cn/baike/w/%E8%82%BE%E8%99%9A%E9%98%B3%E7%97%BF,HTTP 404: page does not exist
2193,胀满疼痛,not_found,https://baike.duguji.cn/baike/w/%E8%83%80%E6%BB%A1%E7%96%BC%E7%97%9B,HTTP 404: page does not exist
2196,胃肠道肿瘤,not_found,https://baike.duguji.cn/baike/w/%E8%83%83%E8%82%A0%E9%81%93%E8%82%BF%E7%98%A4,HTTP 404: page does not exist
2204,胸腹胀闷疼痛,not_found,https://baike.duguji.cn/baike/w/%E8%83%B8%E8%85%B9%E8%83%80%E9%97%B7%E7%96%BC%E7%97%9B,HTTP 404: page does not exist
2200,胸中痞闷,not_found,https://baike.duguji.cn/baike/w/%E8%83%B8%E4%B8%AD%E7%97%9E%E9%97%B7,HTTP 404: page does not exist
2219,脚癣,no_definition,https://baike.duguji.cn/baike/w/%E8%84%9A%E7%99%A3,raw page parsed but no definition found
2201,胸痹刺痛,not_found,https://baike.duguji.cn/baike/w/%E8%83%B8%E7%97%B9%E5%88%BA%E7%97%9B,HTTP 404: page does not exist
2208,脓水淋漓,not_found,https://baike.duguji.cn/baike/w/%E8%84%93%E6%B0%B4%E6%B7%8B%E6%BC%93,HTTP 404: page does not exist
2203,胸腔积水,not_found,https://baike.duguji.cn/baike/w/%E8%83%B8%E8%85%94%E7%A7%AF%E6%B0%B4,HTTP 404: page does not exist
2207,脉结代,not_found,https://baike.duguji.cn/baike/w/%E8%84%89%E7%BB%93%E4%BB%A3,HTTP 404: page does not exist
2202,胸脘痞闷胀满,not_found,https://baike.duguji.cn/baike/w/%E8%83%B8%E8%84%98%E7%97%9E%E9%97%B7%E8%83%80%E6%BB%A1,HTTP 404: page does not exist
2205,胸膈不舒,not_found,https://baike.duguji.cn/baike/w/%E8%83%B8%E8%86%88%E4%B8%8D%E8%88%92,HTTP 404: page does not exist
2210,脘痞吐泻,not_found,https://baike.duguji.cn/baike/w/%E8%84%98%E7%97%9E%E5%90%90%E6%B3%BB,HTTP 404: page does not exist
2209,脘痛,not_found,https://baike.duguji.cn/baike/w/%E8%84%98%E7%97%9B,HTTP 404: page does not exist
2211,脘痞呕恶,not_found,https://baike.duguji.cn/baike/w/%E8%84%98%E7%97%9E%E5%91%95%E6%81%B6,HTTP 404: page does not exist
2212,脘腹挛急疼痛,not_found,https://baike.duguji.cn/baike/w/%E8%84%98%E8%85%B9%E6%8C%9B%E6%80%A5%E7%96%BC%E7%97%9B,HTTP 404: page does not exist
2214,脘腹胀满冷痛,not_found,https://baike.duguji.cn/baike/w/%E8%84%98%E8%85%B9%E8%83%80%E6%BB%A1%E5%86%B7%E7%97%9B,HTTP 404: page does not exist
2213,脘腹痞满胀痛,not_found,https://baike.duguji.cn/baike/w/%E8%84%98%E8%85%B9%E7%97%9E%E6%BB%A1%E8%83%80%E7%97%9B,HTTP 404: page does not exist
2248,菌痢,no_definition,https://baike.duguji.cn/baike/w/%E8%8F%8C%E7%97%A2,raw page parsed but no definition found
2215,脘腹胁肋疼痛,not_found,https://baike.duguji.cn/baike/w/%E8%84%98%E8%85%B9%E8%83%81%E8%82%8B%E7%96%BC%E7%97%9B,HTTP 404: page does not exist
2217,脚气肿毒,not_found,https://baike.duguji.cn/baike/w/%E8%84%9A%E6%B0%94%E8%82%BF%E6%AF%92,HTTP 404: page does not exist
2216,脘腹虛痛,not_found,https://baike.duguji.cn/baike/w/%E8%84%98%E8%85%B9%E8%99%9B%E7%97%9B,HTTP 404: page does not exist
2256,蚕豆病,no_definition,https://baike.duguji.cn/baike/w/%E8%9A%95%E8%B1%86%E7%97%85,raw page parsed but no definition found
2221,脾肾虚泻,not_found,https://baike.duguji.cn/baike/w/%E8%84%BE%E8%82%BE%E8%99%9A%E6%B3%BB,HTTP 404: page does not exist
2218,脚气肿胀,not_found,https://baike.duguji.cn/baike/w/%E8%84%9A%E6%B0%94%E8%82%BF%E8%83%80,HTTP 404: page does not exist
2225,腰冷痛,not_found,https://baike.duguji.cn/baike/w/%E8%85%B0%E5%86%B7%E7%97%9B,HTTP 404: page does not exist
2220,脱力劳伤,not_found,https://baike.duguji.cn/baike/w/%E8%84%B1%E5%8A%9B%E5%8A%B3%E4%BC%A4,HTTP 404: page does not exist
2234,腹绞痛,not_found,https://baike.duguji.cn/baike/w/%E8%85%B9%E7%BB%9E%E7%97%9B,HTTP 404: page does not exist
2223,脾虚食少,not_found,https://baike.duguji.cn/baike/w/%E8%84%BE%E8%99%9A%E9%A3%9F%E5%B0%91,HTTP 404: page does not exist
2226,腰腿疼痛,not_found,https://baike.duguji.cn/baike/w/%E8%85%B0%E8%85%BF%E7%96%BC%E7%97%9B,HTTP 404: page does not exist
2228,腰膝关节酸重疼痛,not_found,https://baike.duguji.cn/baike/w/%E8%85%B0%E8%86%9D%E5%85%B3%E8%8A%82%E9%85%B8%E9%87%8D%E7%96%BC%E7%97%9B,HTTP 404: page does not exist
2229,腰膝痿软,not_found,https://baike.duguji.cn/baike/w/%E8%85%B0%E8%86%9D%E7%97%BF%E8%BD%AF,HTTP 404: page does not exist
2235,腹腔积水,not_found,https://baike.duguji.cn/baike/w/%E8%85%B9%E8%85%94%E7%A7%AF%E6%B0%B4,HTTP 404: page does not exist
2238,膝关节沉重,not_found,https://baike.duguji.cn/baike/w/%E8%86%9D%E5%85%B3%E8%8A%82%E6%B2%89%E9%87%8D,HTTP 404: page does not exist
2244,膝酸软,not_found,https://baike.duguji.cn/baike/w/%E8%86%9D%E9%85%B8%E8%BD%AF,HTTP 404: page does not exist
2243,膝酸,not_found,https://baike.duguji.cn/baike/w/%E8%86%9D%E9%85%B8,HTTP 404: page does not exist
2251,虚热烦渴,not_found,https://baike.duguji.cn/baike/w/%E8%99%9A%E7%83%AD%E7%83%A6%E6%B8%B4,HTTP 404: page does not exist
2253,虫积食滞,not_found,https://baike.duguji.cn/baike/w/%E8%99%AB%E7%A7%AF%E9%A3%9F%E6%BB%9E,HTTP 404: page does not exist
2258,蛇咬蝎螫,not_found,https://baike.duguji.cn/baike/w/%E8%9B%87%E5%92%AC%E8%9D%8E%E8%9E%AB,HTTP 404: page does not exist
2264,蟹中毒,not_found,https://baike.duguji.cn/baike/w/%E8%9F%B9%E4%B8%AD%E6%AF%92,HTTP 404: page does not exist
2267,血淋涩痛,not_found,https://baike.duguji.cn/baike/w/%E8%A1%80%E6%B7%8B%E6%B6%A9%E7%97%9B,HTTP 404: page does not exist
2262,蛔虫腹痛,not_found,https://baike.duguji.cn/baike/w/%E8%9B%94%E8%99%AB%E8%85%B9%E7%97%9B,HTTP 404: page does not exist
2270,血热发疹,not_found,https://baike.duguji.cn/baike/w/%E8%A1%80%E7%83%AD%E5%8F%91%E7%96%B9,HTTP 404: page does not exist
2272,血热咯血,not_found,https://baike.duguji.cn/baike/w/%E8%A1%80%E7%83%AD%E5%92%AF%E8%A1%80,HTTP 404: page does not exist
2271,血热吐血,not_found,https://baike.duguji.cn/baike/w/%E8%A1%80%E7%83%AD%E5%90%90%E8%A1%80,HTTP 404: page does not exist
2268,血热便血,not_found,https://baike.duguji.cn/baike/w/%E8%A1%80%E7%83%AD%E4%BE%BF%E8%A1%80,HTTP 404: page does not exist
2269,血热发斑,not_found,https://baike.duguji.cn/baike/w/%E8%A1%80%E7%83%AD%E5%8F%91%E6%96%91,HTTP 404: page does not exist
2274,血热紫癜,not_found,https://baike.duguji.cn/baike/w/%E8%A1%80%E7%83%AD%E7%B4%AB%E7%99%9C,HTTP 404: page does not exist
2292,醉酒,no_definition,https://baike.duguji.cn/baike/w/%E9%86%89%E9%85%92,raw page parsed but no definition found
2275,血热血淋,not_found,https://baike.duguji.cn/baike/w/%E8%A1%80%E7%83%AD%E8%A1%80%E6%B7%8B,HTTP 404: page does not exist
2276,血热衄血,not_found,https://baike.duguji.cn/baike/w/%E8%A1%80%E7%83%AD%E8%A1%84%E8%A1%80,HTTP 404: page does not exist
2278,贲门部痉挛,not_found,https://baike.duguji.cn/baike/w/%E8%B4%B2%E9%97%A8%E9%83%A8%E7%97%89%E6%8C%9B,HTTP 404: page does not exist
2279,赘疣,not_found,https://baike.duguji.cn/baike/w/%E8%B5%98%E7%96%A3,HTTP 404: page does not exist
2303,阳萎,no_definition,https://baike.duguji.cn/baike/w/%E9%98%B3%E8%90%8E,raw page parsed but no definition found
2281,赤白痢疾,not_found,https://baike.duguji.cn/baike/w/%E8%B5%A4%E7%99%BD%E7%97%A2%E7%96%BE,HTTP 404: page does not exist
2283,趺扑肿痛,not_found,https://baike.duguji.cn/baike/w/%E8%B6%BA%E6%89%91%E8%82%BF%E7%97%9B,HTTP 404: page does not exist
2284,跌扑损伤,not_found,https://baike.duguji.cn/baike/w/%E8%B7%8C%E6%89%91%E6%8D%9F%E4%BC%A4,HTTP 404: page does not exist
2285,跌扑闪挫,not_found,https://baike.duguji.cn/baike/w/%E8%B7%8C%E6%89%91%E9%97%AA%E6%8C%AB,HTTP 404: page does not exist
2286,跌打伤肿,not_found,https://baike.duguji.cn/baike/w/%E8%B7%8C%E6%89%93%E4%BC%A4%E8%82%BF,HTTP 404: page does not exist
2287,跌打扭伤,not_found,https://baike.duguji.cn/baike/w/%E8%B7%8C%E6%89%93%E6%89%AD%E4%BC%A4,HTTP 404: page does not exist
2288,跌打骨折,not_found,https://baike.duguji.cn/baike/w/%E8%B7%8C%E6%89%93%E9%AA%A8%E6%8A%98,HTTP 404: page does not exist
2290,郁闷,not_found,https://baike.duguji.cn/baike/w/%E9%83%81%E9%97%B7,HTTP 404: page does not exist
2294,金疮出血,not_found,https://baike.duguji.cn/baike/w/%E9%87%91%E7%96%AE%E5%87%BA%E8%A1%80,HTTP 404: page does not exist
2300,阳痪,not_found,https://baike.duguji.cn/baike/w/%E9%98%B3%E7%97%AA,HTTP 404: page does not exist
2299,阳毒发斑,not_found,https://baike.duguji.cn/baike/w/%E9%98%B3%E6%AF%92%E5%8F%91%E6%96%91,HTTP 404: page does not exist
2305,阴寒腹痛,not_found,https://baike.duguji.cn/baike/w/%E9%98%B4%E5%AF%92%E8%85%B9%E7%97%9B,HTTP 404: page does not exist
2302,阳瘘,not_found,https://baike.duguji.cn/baike/w/%E9%98%B3%E7%98%98,HTTP 404: page does not exist
2301,阳痿不孕,not_found,https://baike.duguji.cn/baike/w/%E9%98%B3%E7%97%BF%E4%B8%8D%E5%AD%95,HTTP 404: page does not exist
2308,阴道滴虫,not_found,https://baike.duguji.cn/baike/w/%E9%98%B4%E9%81%93%E6%BB%B4%E8%99%AB,HTTP 404: page does not exist
2306,阴虚劳嗽,not_found,https://baike.duguji.cn/baike/w/%E9%98%B4%E8%99%9A%E5%8A%B3%E5%97%BD,HTTP 404: page does not exist
2309,院腹冷痛,not_found,https://baike.duguji.cn/baike/w/%E9%99%A2%E8%85%B9%E5%86%B7%E7%97%9B,HTTP 404: page does not exist
2331,风湿骨痛,no_definition,https://baike.duguji.cn/baike/w/%E9%A3%8E%E6%B9%BF%E9%AA%A8%E7%97%9B,raw page parsed but no definition found
2310,院腹括闷,not_found,https://baike.duguji.cn/baike/w/%E9%99%A2%E8%85%B9%E6%8B%AC%E9%97%B7,HTTP 404: page does not exist
2317,风寒挟湿头痛,not_found,https://baike.duguji.cn/baike/w/%E9%A3%8E%E5%AF%92%E6%8C%9F%E6%B9%BF%E5%A4%B4%E7%97%9B,HTTP 404: page does not exist
2319,风寒湿痹痛,not_found,https://baike.duguji.cn/baike/w/%E9%A3%8E%E5%AF%92%E6%B9%BF%E7%97%B9%E7%97%9B,HTTP 404: page does not exist
2315,面目肌肤浮肿,not_found,https://baike.duguji.cn/baike/w/%E9%9D%A2%E7%9B%AE%E8%82%8C%E8%82%A4%E6%B5%AE%E8%82%BF,HTTP 404: page does not exist
2320,风水浮肿,not_found,https://baike.duguji.cn/baike/w/%E9%A3%8E%E6%B0%B4%E6%B5%AE%E8%82%BF,HTTP 404: page does not exist
2321,风湿关节疼痛,not_found,https://baike.duguji.cn/baike/w/%E9%A3%8E%E6%B9%BF%E5%85%B3%E8%8A%82%E7%96%BC%E7%97%9B,HTTP 404: page does not exist
2322,风湿关节痿软疼痛,not_found,https://baike.duguji.cn/baike/w/%E9%A3%8E%E6%B9%BF%E5%85%B3%E8%8A%82%E7%97%BF%E8%BD%AF%E7%96%BC%E7%97%9B,HTTP 404: page does not exist
2348,高血压病,no_definition,https://baike.duguji.cn/baike/w/%E9%AB%98%E8%A1%80%E5%8E%8B%E7%97%85,raw page parsed but no definition found
2325,风湿痛,not_found,https://baike.duguji.cn/baike/w/%E9%A3%8E%E6%B9%BF%E7%97%9B,HTTP 404: page does not exist
2327,风湿肢体痿软疼痛,not_found,https://baike.duguji.cn/baike/w/%E9%A3%8E%E6%B9%BF%E8%82%A2%E4%BD%93%E7%97%BF%E8%BD%AF%E7%96%BC%E7%97%9B,HTTP 404: page does not exist
2326,风湿痹病,not_found,https://baike.duguji.cn/baike/w/%E9%A3%8E%E6%B9%BF%E7%97%B9%E7%97%85,HTTP 404: page does not exist
2355,麻风,no_definition,https://baike.duguji.cn/baike/w/%E9%BA%BB%E9%A3%8E,raw page parsed but no definition found
2329,风湿肿痛,not_found,https://baike.duguji.cn/baike/w/%E9%A3%8E%E6%B9%BF%E8%82%BF%E7%97%9B,HTTP 404: page does not exist
2328,风湿肩臂疼痛,not_found,https://baike.duguji.cn/baike/w/%E9%A3%8E%E6%B9%BF%E8%82%A9%E8%87%82%E7%96%BC%E7%97%9B,HTTP 404: page does not exist
2360,黄疽,no_definition,https://baike.duguji.cn/baike/w/%E9%BB%84%E7%96%BD,raw page parsed but no definition found
2334,风热郁肺咽痛,not_found,https://baike.duguji.cn/baike/w/%E9%A3%8E%E7%83%AD%E9%83%81%E8%82%BA%E5%92%BD%E7%97%9B,HTTP 404: page does not exist
2330,风湿顽痹,not_found,https://baike.duguji.cn/baike/w/%E9%A3%8E%E6%B9%BF%E9%A1%BD%E7%97%B9,HTTP 404: page does not exist
2338,风痹病,not_found,https://baike.duguji.cn/baike/w/%E9%A3%8E%E7%97%B9%E7%97%85,HTTP 404: page does not exist
2340,饮食不消,not_found,https://baike.duguji.cn/baike/w/%E9%A5%AE%E9%A3%9F%E4%B8%8D%E6%B6%88,HTTP 404: page does not exist
2336,风疹丹毒,not_found,https://baike.duguji.cn/baike/w/%E9%A3%8E%E7%96%B9%E4%B8%B9%E6%AF%92,HTTP 404: page does not exist
2357,黄水淋漓,not_found,https://baike.duguji.cn/baike/w/%E9%BB%84%E6%B0%B4%E6%B7%8B%E6%BC%93,HTTP 404: page does not exist
2349,鱼中毒,not_found,https://baike.duguji.cn/baike/w/%E9%B1%BC%E4%B8%AD%E6%AF%92,HTTP 404: page does not exist
2354,麻醉止痛,not_found,https://baike.duguji.cn/baike/w/%E9%BA%BB%E9%86%89%E6%AD%A2%E7%97%9B,HTTP 404: page does not exist
2345,高热抽搐,not_found,https://baike.duguji.cn/baike/w/%E9%AB%98%E7%83%AD%E6%8A%BD%E6%90%90,HTTP 404: page does not exist
2361,黄肿胀满,not_found,https://baike.duguji.cn/baike/w/%E9%BB%84%E8%82%BF%E8%83%80%E6%BB%A1,HTTP 404: page does not exist
2359,黄水病,not_found,https://baike.duguji.cn/baike/w/%E9%BB%84%E6%B0%B4%E7%97%85,HTTP 404: page does not exist
2363,鼻塞不通,not_found,https://baike.duguji.cn/baike/w/%E9%BC%BB%E5%A1%9E%E4%B8%8D%E9%80%9A,HTTP 404: page does not exist
2362,黏稠难咯,not_found,https://baike.duguji.cn/baike/w/%E9%BB%8F%E7%A8%A0%E9%9A%BE%E5%92%AF,HTTP 404: page does not exist
