TCM_symptom_id,TCM_symptom_name,old_definition,new_definition
35,闭合性新旧软组织损伤,,闭合性新旧软组织损伤，指皮下筋肉无破溃，因跌扑闪挫致血离经脉，瘀滞不散，气血不通，故见肿痛或反复不愈。
31,鼻咽部慢性炎症,,鼻咽部慢性炎症，病位在鼻，病性寒湿，临床表现为鼻塞、流清涕、遇寒加重，乃寒湿凝滞鼻窍，阳气不宣所致。
79,产后乳肿,,产后乳肿，指产后乳房肿胀疼痛，甚则焮红灼热、乳汁排出不畅之证。病位虽在乳房，然其本在于子宫，因产后胞宫湿热未尽，循冲任之脉上逆于乳，壅滞乳络所致。临床多伴恶露量多、色黄质稠、小腹坠痛、口苦溲黄等湿热下注之象。
82,产后小腹疼痛,,产后小腹疼痛因血瘀所致者，乃恶露排出不畅，瘀血阻滞胞宫，气血运行不利，故见小腹刺痛拒按。
76,产后流血,,产后恶露持续不止，量多色暗夹块，伴小腹刺痛拒按，乃瘀血阻滞胞宫，新血不得归经所致。
53,病后体弱,,病后体弱，指大病或久病之后，正气耗伤，脏腑功能减退，表现为气短乏力、神疲倦怠、脉虚无力等气虚证候。
77,产后乳房结块,,产后气机郁滞，胞宫余血未净，循经上逆，壅阻乳络，致乳房结块胀痛。
55,病后虚弱,,病后气虚，指大病或久病之后，正气耗伤，脏腑功能减退，表现为神疲乏力、气短懒言、脉弱等虚损之候。
54,病后脱发,,病后脱发，指因大病、久病或产后，气血亏耗，发失所养而致头发稀疏脱落之症。临床表现为头发干枯、细软，渐至成片或弥漫性脱落，常伴面色萎黄、头晕心悸、神疲乏力、唇甲色淡。其病机乃血虚不能上荣巅顶，发为血之余，血虚则毛窍空虚，风邪乘虚而入，或血虚生风，发根失固而脱落。
73,产后出血日久,,产后出血日久，血虚不固，冲任失养，子宫虚损，致经血淋漓难净，伴面色㿠白、气短乏力。
69,嘈杂呕吐,,湿热蕴结脾胃，气机升降失常，胃失和降，故见胃中嘈杂不适、恶心呕吐。
78,产后乳汁不通,,产后乳汁不通，系因气郁所致，病位在胞宫，涉及肝经。症见产后乳汁分泌甚少或全无，乳房胀硬疼痛，甚则牵引胸胁，情志抑郁，善太息，脘闷纳差。其病机为产后情志不遂，肝气郁结，气机壅滞，乳络受阻，乳汁运行不畅。
83,产后血虚,,产后血虚，指分娩后失血过多或生化乏源，致子宫冲任失于濡养之证。病位在子宫，病性属虚。临床表现为产后恶露量少色淡、小腹隐痛喜按、头晕心悸、面色萎黄、唇甲苍白、乳汁清稀，伴神疲乏力、舌淡苔薄、脉细弱。病机多因产程耗血，或素体血虚，复加产后亡血伤津，冲任空虚，子宫失荣所致。
85,产后瘀痛,,产后瘀痛，系指产后子宫失于濡养，血虚兼夹瘀滞所致之小腹疼痛。临床表现为产后小腹绵绵作痛，喜温喜按，或兼见恶露量少、色淡质稀，伴头晕心悸、面色萎黄。其病机为产时失血过多，冲任血虚，胞脉失养；血虚则运行无力，致瘀血内停，不通则痛。
86,产后诸虚,,产后气血大伤，冲任失养，胞宫未复，临床常见神疲乏力、恶露不绝、乳汁清稀等虚损之候。
94,陈旧性伤痛,,陈旧性伤痛指病程日久、反复发作的局部疼痛，多因外伤后瘀血未净，气血凝滞，经络痹阻所致。
95,晨起面肿,,晨起面肿，因肾主水，肾虚则气化失司，水湿上泛于面，故见晨起眼睑及面部浮肿。
96,齿鼻衄血,,脾虚失于统摄，血不循经，上溢于齿鼻而致衄血。
100,赤白下痢,,赤白下痢指大便中夹杂脓血黏液，色红白相兼，多因湿热蕴结大肠，气血瘀滞，肠道传导失司所致。
102,赤缕红斑,,赤缕红斑指皮肤上出现红色丝缕状脉络或斑片，多因热毒壅滞血分，灼伤脉络，迫血外溢所致。
104,虫咬肿痛,,虫咬肿痛指虫毒侵袭肌肤，致局部红肿、灼热、瘙痒或刺痛，甚则起疱溃烂，属外感虫毒之实证。
112,喘促痰多,,肺失宣肃，痰饮壅盛，气逆不降，故见呼吸急促、喉中痰鸣、咳吐多量痰涎。
106,抽搐神昏,,抽搐神昏，指肢体抽搐与神识昏蒙并见之危候。其病位在肝，病性属风，病势急迫。临床以突然昏仆、不省人事、四肢抽搐、项背强急、两目上视或口噤不开为特征。多因热极生风、肝阳化风或阴血亏虚，筋脉失养，风阳内动，上扰清窍所致。
111,喘促气逆,,喘促气逆，指肺失肃降、气机上逆，表现为呼吸急促、张口抬肩，甚则难以平卧，属肺气壅塞之实证。
119,疮疖痈肿,,疮疖痈肿，系热毒壅滞肌肤所致之化脓性疾患。疮者，浅表红肿热痛，形小根浅；疖者，突起根浅，脓出即愈；痈者，红肿高大，焮热疼痛，根盘紧束，易脓易溃；肿者，局部漫肿无头，皮色不变或焮赤。其病机为外感六淫化火，或过食膏粱厚味，致热毒内蕴，气血凝滞，营卫失和，腐肉成脓。
120,疮疖肿毒,,疮疖肿毒，乃热毒蕴结肌肤所致。其症见局部皮肤红肿灼痛，突起根浅，形如粟米或豆粒，或见脓头，溃后脓出则愈。病机多因外感风热火毒，或内蕴湿热，致气血凝滞，经络壅遏而成。
122,疮口久不愈合,,疮口久不愈合，指皮肤疮疡、溃疡或外伤后，创面逾月或更长时间未能收口生肌。临床表现为疮口暗淡、脓液清稀、肉芽苍白水肿、触之不痛或痛缓。其病机多因气虚不能托毒外出，亦无力生肌敛疮，致气血难充，营卫不周，疮口缠绵难愈。
123,疮面久溃不敛,,疮面久溃不敛，因气虚不能托毒生肌，致疮口迁延难愈。
121,疮疖肿痛,,疮疖肿痛指皮肤局部红肿热痛、突起根浅之化脓性疾患，多由热毒壅滞肌肤、气血凝滞所致。
124,疮面疼痛,,疮面疼痛因气虚失于温煦与固摄，致气血不荣、邪滞难去，故痛势绵绵，遇劳加重。
125,疮面鲜活,,疮面鲜活，指皮肤疮疡色红润泽、渗出黄稠，为湿热蕴结、气血未衰之象，提示邪实正未虚，病势尚在进展。
126,疮色鲜活,,疮色鲜活，指疮面色泽红润、脓汁稠厚黄亮，为湿热毒邪壅盛、气血充盈之象，多见于阳证疮疡初起或成脓期。
127,疮癣,,疮癣，乃热毒蕴结皮肤所致。其症见皮肤起红斑、丘疹、水疱，或糜烂渗液，瘙痒无度，甚则蔓延成片，结痂脱屑。病机多因风热湿毒外侵，或嗜食辛辣厚味，致脾胃湿热内生，郁于肌肤，日久化毒，气血壅滞而成。
129,疮疡不敛,,疮疡不敛，指皮肤疮疡溃后，久不收口，脓水清稀，或肉芽苍白、生长迟缓之候。多因气虚不运，气血亏耗，无力托毒生肌，致疮口难敛。其病位在皮肤，病性属虚，常伴神疲乏力、面色萎黄等症。
130,疮疡久溃不敛,,疮疡久溃不敛，指疮疡溃后，脓水清稀，日久不愈，疮口难敛，或伴肉色淡白、神疲乏力、少气懒言。其病位在皮肤，病性属气虚。多因气血亏虚，正气不足，无力托毒生肌，致疮口失于濡养，故溃口迁延难愈。
132,疮疡肿痛,,疮疡肿痛，指皮肤局部红肿高突、灼热疼痛，甚则溃破流脓之症。多因热毒壅滞肌肤，气血凝滞，肉腐成脓所致。其肿势局限，皮色焮赤，按之应指，痛如针刺，常伴发热口渴、便秘溲黄等全身热象。
131,疮疡溃烂,,疮疡溃烂，乃湿热毒邪蕴结皮肤，气血壅滞，腐肉败血，致疮口破溃、脓水浸淫不愈。
135,创伤出血,,创伤出血，系指外力损伤皮肉脉络，血溢脉外，停积于肌肤腠理之间。其症见局部皮肤破损，血色初鲜后暗，或见青紫瘀肿，疼痛固定不移，触之或有硬结。病机为金刃跌扑致脉络破损，血离经脉，滞而不行，瘀血内阻，新血难归，故见肿痛瘀斑。
133,疮痈肿痛,,疮痈肿痛，指皮肤局部红肿高突、灼热疼痛，甚则溃破流脓之证。多因外感六淫化火，或饮食不节、情志内伤，致热毒壅滞肌肤，气血凝滞，肉腐成脓。其症初起如粟，焮赤肿硬，痛如鸡啄，脓成则按之中软，溃后脓出痛减。
137,唇甲出血,,唇甲出血，因脾虚失于统摄，血不循经，溢于脉络之外，故见唇、甲下出现瘀点或出血。
142,挫伤筋骨,,挫伤筋骨是指外力损伤导致筋骨脉络受损，气血运行不畅，局部出现肿胀、疼痛、活动受限，其核心病机为血瘀阻滞。
140,猝然昏倒,,猝然昏倒，指患者突发神识昏蒙、不省人事，移时或经治可苏醒，甚则一厥不复。其病位在心脑，病性属气逆，多因肝阳暴亢、气血并走于上，或痰火内扰、蒙蔽清窍，致机窍闭塞、神机失用。临床常伴面赤气粗、喉中痰鸣、肢体强痉或抽搐等症。
143,大便不畅,,大肠气机郁滞，传导失司，故排便涩滞不爽，属气秘之象。
144,大便不利,,大肠气机壅滞，传导失司，以致排便不畅或艰涩难下，常伴腹胀、嗳气等症。
145,大便不爽,,大便不爽，指排便涩滞不畅、黏滞难尽之感，常伴大便质黏、色黄褐、臭秽，或里急后重。病位在大肠，病性属湿热。湿热蕴结大肠，气机壅滞，传导失司，故排便不爽；湿性黏滞，热性急迫，故便黏难解、肛门灼热。
146,大便不调,,大便不调指排便节律、质地或通爽度异常，病在大肠传导失司，因肝郁气滞，疏泄不及，致气机壅滞，腑气不畅。
148,大便不下,,大肠津液亏耗，肠道失于濡润，传导失司，故见大便干结难下。
149,大便臭秽,,大便臭秽，乃湿热蕴结大肠，腐熟传导失司，秽浊之气下注所致。
152,大便干,,大肠津液亏耗，肠道失于濡润，传导不利，故大便干燥坚硬，排出困难。
153,大便干结,,大肠津液亏耗，肠道失于濡润，传导不利，故大便干燥坚硬、排出困难。
151,大便次数增多,,大便次数增多，指排便频次明显超过平日，每日二三次或更多，粪质多稀溏或不成形，甚则如水样。其病位在大肠，病性属脾虚。多因脾气虚弱，运化失职，水湿内停，下注大肠，传导失常所致。常伴神疲乏力、纳少腹胀、面色萎黄等症。
154,大便干结难下,,大肠津液亏耗，肠道失于濡润，传导失职，故见大便干燥坚硬、排出困难。
159,大便黏滞不爽,,湿热蕴结大肠，气机阻滞，传导失司，故大便排出不畅、黏滞不爽，如胶着于肠腑。
158,大便黏滞,,湿热蕴结大肠，气机不畅，传导失常，故大便黏滞不爽，排便困难，常伴肛门灼热。
160,大便脓血,,湿热蕴结大肠，灼伤血络，腐化为脓，故见大便中混杂脓血，里急后重。
161,大便清稀,,脾虚运化失职，水湿下注大肠，故见大便清稀，完谷不化。
162,大便失调,,肝郁气滞，疏泄失常，致大肠传导失司，表现为排便不爽、时干时稀或欲便不得。
164,大便溏雹,,大便溏雹指脾虚失运、水湿下注大肠，致大便稀薄不成形，状如鸭溏，常伴腹胀纳少。
166,大便溏软,,大便溏软，指粪便稀软不成形，多因脾虚失运、水湿下注大肠所致。
165,大便溏薄,,大便溏薄，指大便稀软不成形，因脾虚运化失职，湿浊下注大肠所致。
168,大便稀薄如水样,,脾虚运化失职，水湿内停下注大肠，故见大便稀薄如水样，乃湿盛困脾之候。
167,大便溏泻,,大便溏泻，指大便稀薄不成形，甚则如水样，排便次数增多，但无脓血及里急后重。病位在大肠，病性属脾虚。多因脾气虚弱，运化失职，水湿内停，下注大肠所致。常伴纳少、腹胀、神疲乏力、面色萎黄等症。
169,大便稀溏,,脾虚运化失职，水湿内停下注大肠，致大便稀软不成形、溏薄易解。
170,大便泄泻,,脾虚运化失职，水湿下注大肠，传导失常，故见大便稀溏或泄泻。
173,带下白浊,,带下白浊，指妇人阴道中流出稠浊如米泔或腐渣样物，色白或微黄，气味腥臭，伴阴痒、小腹坠胀、小便短赤。其病位在子宫，病性属湿热。多因嗜食肥甘厚味，或外感湿热之邪，蕴结下焦，损伤任带二脉，致湿热下注，秽浊下流而成。
175,带下量多,,带下量多，指阴道内流出黏稠或清稀分泌物，其量明显超出正常生理范围，常伴色、质、气味异常。病位在子宫，病机为任脉失约，带脉不固，多因脾肾亏虚、湿热下注或寒湿内侵，致水湿浊液下注胞宫，任脉约束无权，带下绵绵不绝。
176,带下色黄,,带下色黄，乃湿热之邪蕴结子宫，致任脉失固，带脉不约，故见黄稠秽浊之液下注。
177,带下色黄质稠,,湿热蕴结胞宫，致任脉失固，带脉不约，故见带下色黄、质稠秽浊。
182,倒饱嘈杂,,倒饱嘈杂指胃脘部饱闷不舒，兼有似饥非饥、似辣非辣之灼热感，多因湿热蕴结脾胃，气机升降失常所致。
188,癫痫痰多,,癫痫痰多，系心脑火热炽盛，炼液成痰，痰火互结，上蒙清窍，扰动心神所致。临床表现为猝然昏仆，口吐大量黏稠痰涎，或喉中痰鸣如曳锯，伴见双目上视、四肢抽搐、面红气粗、烦躁不安。其病机核心在于火动痰升，痰随风火闭阻心脑脉络。
189,癲痫,,癫痫，乃心脑火热内盛，上扰清窍，引动肝风所致。临床以突然昏仆，不省人事，口吐涎沫，两目上视，四肢抽搐，或口中如作猪羊叫声，移时苏醒如常为特征。其病机多由五志过极，或外感火热之邪，致心火亢盛，肝阳暴张，风火相煽，痰热内蒙心神，闭塞脑窍，发为痫证。
190,跌打伤痛,,跌打伤痛，指因外力损伤（如跌扑、撞击、扭挫等）致皮肉筋骨受损，血溢脉外，瘀滞局部所引发的疼痛。其病机为血瘀气滞，经络阻闭，不通则痛。临床表现为伤处肿胀、青紫瘀斑，痛有定处，拒按，活动受限，甚则屈伸不利。
192,跌打瘀痛,,跌打损伤致血离经脉，瘀滞局部，不通则痛，症见青紫肿痛，固定不移。
193,跌打肿痛,,跌打肿痛，系因外力损伤，致局部经脉受损，血溢脉外，瘀滞不散，气血运行受阻所致。症见伤处肿胀高起，皮色青紫或暗红，疼痛固定不移，触按痛甚，活动受限。其病性属瘀血，病机为血瘀气滞，不通则痛。
195,跌扑瘀肿,,跌扑瘀肿，系因外力撞击、跌仆闪挫，致经脉受损，血溢脉外，停积于肌肤腠理之间而成。其症见局部青紫肿胀、疼痛拒按，或见灼热，活动受限。病机属血瘀气滞，脉络不通，不通则痛。重者可伴筋伤骨损，迁延不愈则瘀血化热，或留而为患。
194,跌扑伤痛,,跌扑伤痛，指因外力跌扑、撞击等损伤筋肉骨骼所致之疼痛。其病机为外力伤及经络，血溢脉外，离经之血瘀滞局部，气机受阻，不通则痛。临床表现为伤处肿胀、刺痛固定不移、皮色青紫或暗红，活动受限，压之痛甚，重者可伴骨折或筋伤。
196,跌扑肿痛,,跌扑肿痛，指因外力跌打、撞击或坠落等损伤，致局部经络受损、血溢脉外，瘀血阻滞气机，不通则痛。临床表现为伤处肿胀、疼痛拒按，皮色紫暗或青紫，活动受限，甚则局部灼热。其病机核心为瘀血内停，气血壅滞，营卫不和。
197,疔疮痈肿初起,,疔疮痈肿初起，指热毒壅聚皮肤，气血凝滞，局部红肿灼痛、根深坚硬，尚未成脓之证。
198,疔疮肿痛,,疔疮肿痛，指因热毒蕴结皮肤，气血凝滞所致之局部红肿高突、根脚坚硬、状如钉丁之疮疡。其症初起如粟，麻痒相兼，继而焮赤灼痛，肿势局限，脓头易出。病机为火毒炽盛，壅遏肌肤，腐肉成脓。此证属阳证、实证，治宜清热解毒、散结消肿。
201,动辄汗出,,动辄汗出，指稍事活动即汗出不止，多因气虚卫外不固，腠理疏松，津液外泄所致。
202,毒虫咬伤,,毒虫咬伤指虫毒侵入肌肤，致局部红肿、痒痛、起疹或溃烂，甚则毒窜经络，引发全身症状。
205,毒邪未尽,,毒邪未尽指虫毒稽留体内，正气未复，邪气未清，临床可见低热、疮痒、溃脓难敛等余毒未净之象。
209,多泪,,多泪，指目液外溢、频频流泪之症，病位在肝，证属肝虚。肝开窍于目，肝虚则疏泄不及，目失所养，或肝气不足，收摄无权，致泪液不固而自溢。临床多见双目常润，遇风尤甚，伴视物昏花、头晕目眩、面色无华。其病机为肝血亏虚，不能上荣于目，或肝气虚弱，固摄失司。
210,多泪羞明,,多泪羞明，指目常流泪、畏光喜暗之候。其病位在心，因心主血脉，目得血而能视；病性属肝虚，肝开窍于目，肝虚则血不养目，目窍失濡，复因心气不足，神光不充，故见目涩羞明，遇光则泪下。
220,恶寒重,,恶寒重，指患者自觉寒冷甚，加衣覆被不减，为风寒之邪束表，卫阳被遏，肺气失宣之象。
221,恶寒壮热,,恶寒壮热，指患者恶寒与高热并见，为风寒外束肌表、邪正交争剧烈之象，病在肺卫。
218,恶风寒,,恶风寒，指患者自觉怕冷，遇风尤甚，得温可缓之症。其病位在肺，病性属风寒犯肺。临床表现为恶寒重，发热轻，无汗，头身疼痛，鼻塞流清涕，咳嗽痰白清稀。病机为风寒外束，卫阳被郁，肺气失宣，腠理闭塞，故见恶寒而汗不出。
230,发斑,,发斑（胃热证）指因胃火炽盛，燔灼血络，迫血妄行，溢于肌肤所致之斑疹。其斑色鲜红或紫红，形如锦纹，多先见于胸腹，渐及四肢，常伴口渴引饮、口臭龈肿、大便秘结、舌红苔黄、脉洪数等症。病机为阳明热盛，血热沸腾，外发肌表。
228,耳下肿痛,,耳下肿痛，指腮颊部及耳下周围肿胀疼痛，按之痛甚，甚则张口困难。其病位在肝，因足少阳胆经循行耳后，肝胆相为表里，热毒内蕴肝胆，循经上攻，壅滞耳下脉络，气血凝滞，故见肿痛。常伴发热、口渴、便秘等症。
232,发僵,,发僵指肢体关节活动不利、拘急不舒，多因经络气血凝滞不通，筋脉失于濡养所致。
235,发热重,,发热重，指热势较高，多因风热之邪袭表，卫气被郁，邪正相争剧烈所致，常伴微恶风寒、咽痛等症。
239,发疹,,发疹（风热证）指风热邪气客于肌表，郁于皮肤腠理所致之皮疹。其临床表现为皮肤出现红色斑丘疹，形态不一，或如粟粒，或成片状，疹色鲜红，触之碍手，常伴瘙痒、灼热感，遇热加重。病机为风热外袭，卫气郁闭，营卫不和，邪气外透肌肤而发疹。
241,烦倦,,烦倦，指心中烦热、躁扰不宁，伴肢体倦怠乏力之症。病位在心，病性属火热。多因心火亢盛，内扰心神，则烦热不宁；火热耗气伤阴，气阴两虚，肢体失养，故见倦怠。临床常见心烦易怒、失眠多梦、口干舌燥、小便短赤、脉数等。
246,烦躁不宁,,心热内扰神明，心神失守，故见心中烦热、躁动不安、坐卧不宁之象。
247,烦躁不适,,心热内扰，神明失主，故见胸中烦热、躁动不安、难以静卧。
248,烦躁易怒,,心热内扰，神明失主，故见心烦不宁、急躁易怒，此乃心火亢盛、扰动心神之象。
249,烦躁谵语,,心热炽盛，扰乱神明，故见心中烦热、躁动不安，甚则神昏胡言。
255,肺气不畅,,肺气不畅指肺失宣肃，气机壅滞，临床表现为胸闷、咳嗽、喘息，属气逆证，多因外邪或痰浊阻肺所致。
260,痱疹鲜红,,痱疹鲜红，病位在肺，属火热证，指肺经郁热外发于肌肤，疹色红赤，伴灼热瘙痒。
266,风湿痹痛,,风湿痹痛，指风、湿二邪杂合侵袭四肢经络，致气血痹阻不通之证。症见四肢关节、肌肉游走性酸楚重着疼痛，或伴肿胀、屈伸不利，遇阴雨天加重。其病机为风湿相搏，留滞肢节，阻遏气机，营卫涩滞。
262,粉剌疙瘩,,粉刺疙瘩，指皮肤腠理间因湿热蕴结、郁阻毛窍，发为丘疹或脓疱，多伴红肿疼痛，属湿热证候。
268,风湿疼痛,,风湿疼痛，指风、湿二邪合侵四肢经络，致气血痹阻所生之疼痛。其痛多游走不定，或沉重酸楚，甚则关节屈伸不利，遇阴雨天加重。病机为风湿相搏，留滞肢节，阻遏阳气，不通则痛。
267,风湿关节痛,,风湿关节痛，指风、湿二邪杂合，痹阻四肢经络、关节所致之疼痛。其痛多游走不定，或沉重酸楚，甚则屈伸不利，遇阴雨天加重。病机为风湿相搏，气血凝滞，经络不通，不通则痛。
269,风湿瘀痛,,风湿瘀痛指风、湿、瘀三邪痹阻四肢经络，致气血凝滞不通，临床表现为肢体沉重、游走性疼痛及固定刺痛。
270,风湿肢体关节痿软,,风湿之邪痹阻四肢经络，致气血不畅，筋骨失养，故见肢体关节酸楚重着、痿软无力。
273,风痰瘀血痹阻脉络,,风痰挟瘀血互结，阻滞经络，致肢体麻木、半身不遂或舌强语謇，属中风病机。
275,风眼烂弦,,风眼烂弦，系风热之邪上攻目窍所致。其症见眼睑边缘红赤溃烂，痒痛并作，眵泪胶黏，甚则睫毛脱落，睑弦增厚。病机为风热外袭，客于睑弦，气血壅滞，湿热腐化成疮。治宜疏风清热，除湿止痒。
276,风疹发红,,风疹发红，指皮肤出现红色斑丘疹，色泽鲜红，压之褪色，伴瘙痒，多骤然发作，游走不定。其病机为风热外袭，郁于肌腠，与气血相搏，热盛则红，风胜则痒。临床常伴发热、恶风、咽痛、脉浮数等表热证。
279,腐肉不去,,腐肉不去，指湿热毒邪壅滞，气血腐败，致疮疡溃后或外伤创面坏死组织难以脱落之症。临床多见创面脓腐晦浊、臭秽难闻，四周红肿灼痛，或伴身热、溲赤、苔黄腻。其病机乃湿热互结，蒸腐血肉，阻滞经络，正气难复，故新肉不生而腐肉不脱。
280,妇女痛经,,妇女经期或经行前后小腹疼痛，因血瘀阻滞胞宫，气血运行不畅，不通则痛。
281,妇女癥瘕,,妇女癥瘕，指子宫内因血瘀结聚形成的肿块，临床表现为小腹包块、刺痛拒按、经色紫暗有块。
282,腹暴痛,,腹暴痛，指胃脘部突发剧烈疼痛，痛势如刺如割，痛处固定不移，拒按，甚则痛引胸胁，或伴呕血、便黑。其病机多因瘀血内停胃络，气机阻滞，不通则痛。常由情志郁结、气滞日久，或外伤、术后，或寒凝血脉，致血行不畅，瘀阻胃腑而发。
284,腹部隐痛,,腹部隐痛，病在胃肠，因气虚推动无力、温煦失职，故痛势绵绵、喜按喜温。
285,腹部胀满,,腹部胀满，病在胃肠，乃气机壅滞不行，致脘腹痞塞不舒，胀闷不食。
286,腹部胀满不舒,,腹部胀满不舒，乃胃肠气机壅滞，升降失常所致，症见脘腹胀闷、叩之如鼓，属气滞证。
289,腹痛绵绵,,腹痛绵绵，胃气虚馁，运化无权，故脘腹隐痛、时作时止、喜温喜按。
293,腹胀满,,腹胀满，指自觉腹部胀满不舒，按之无形，甚则痞塞不通，病位在肠胃。多因情志不遂、饮食失节，致气机郁滞，升降失司，浊气内停。临床表现为脘腹胀满，时轻时重，嗳气或矢气后稍减，常伴纳呆、胸闷、胁胀，苔薄白，脉弦。
291,腹有癥块,,腹有癥块指腹腔内触及有形、固定不移的包块，多由血瘀日久凝聚而成，属癥积范畴。
294,腹中冷痛,,腹中冷痛，指自觉腹部（以肠胃为中心）疼痛，伴寒冷感，得温则减，遇寒加剧之症。多因中焦阳虚，寒邪内生或外侵，致胃肠脉络凝滞、气机不通。临床常兼见脘腹喜温喜按、纳呆、便溏或清冷，舌淡苔白，脉沉迟或弦紧。
295,腹中胀满,,腹中胀满，指自觉脘腹部痞塞胀满，按之柔软、无硬块，叩之如鼓，甚则胀及两胁。病位在肠胃，病性属气滞。多因情志抑郁、饮食不节，致肝失疏泄、脾胃升降失常，气机壅滞于中焦，故见胀满。其证候特点为时轻时重，嗳气或矢气后稍舒，常伴纳呆、胸闷。
297,肝火目赤,,肝火目赤，指肝经火热上攻于目所致之证候。临床以目赤肿痛、畏光流泪、目眵增多、或见目涩干痒、头痛烦躁、口苦咽干、脉弦数为特征。多因情志郁结，气郁化火，或嗜食辛辣厚味，内生火热，循肝经上扰清窍，火性炎上，灼伤目络而发。
299,肝区胀痛,,肝区胀痛，指胁肋部胀满疼痛，以右胁为主，痛处走窜不定，常因情志波动而加剧。其病位在肝，病性属气郁。多由情志不遂，肝失疏泄，气机郁滞，经脉不利所致。临床常伴胸闷、善太息、嗳气等症，脉多弦。
300,肝热目赤,,肝热目赤，指肝经火热上攻于目所致之证候。临床表现为目赤肿痛、畏光流泪、眵多黏结，或伴头痛眩晕、口苦咽干、烦躁易怒、胁肋灼痛、脉弦数。其病机多因情志郁结，气郁化火，或嗜食辛辣炙煿，蕴生内热，致肝火上炎，循经上扰清窍，灼伤目络而发。
301,肝痛,,肝痛（气滞）指肝失疏泄，气机郁滞，经络不通所致的胁肋胀痛或窜痛。其痛多走窜不定，常因情志不遂而诱发或加重，伴胸闷、善太息、嗳气、脘腹胀满等症。病机为肝气郁结，气滞血行不畅，脉络痹阻。
308,干泾不舒,,干泾不舒，指自觉咽、口、鼻、目或皮肤等孔窍、肌表干燥涩滞，失于濡润，而感拘紧、滞涩、不爽利之状。其症常伴口干欲饮、目涩难睁、皮肤枯槁、大便干结等。多因燥邪外袭，或津液亏耗、阴虚火旺，致津不上承、濡润失职；亦可由气不布津、血虚生风所致。
311,肛窦炎出血,,肛窦炎出血，系湿热蕴结大肠，下注魄门，灼伤血络所致。症见肛门坠胀疼痛，排便时加重，伴少量鲜红血丝附着粪便或手纸，兼见大便黏滞不爽、肛门灼热、溲黄。其病机为湿热毒邪壅滞肛窦，气血瘀阻，络破血溢。
316,肛门灼热,,肛门灼热，指自觉肛门局部有灼热感或烧灼不适之症。其病位在大肠，病性属火热。临床多伴见大便干结、排便灼痛、或下利脓血、肛门红肿。多因湿热下注大肠，或热结肠道，火毒壅滞魄门，灼伤脉络所致。
320,高热神昏,,高热神昏，指以体温骤升、神识昏蒙为主要表现的危重证候。临床可见壮热不退，烦躁谵语，甚则昏不知人，或伴抽搐、项强。其病机多由外感温热疫毒，内陷心包，或阳明热盛，扰乱神明所致。病性属实热，病势急迫，易耗气伤阴，动风动血。
323,髙热,,高热指体温显著升高，属阳热炽盛之象，多因外感火热之邪或内热壅盛，临床表现为壮热、烦渴、脉洪数等。
321,高血压头痛,,肝阳上亢所致高血压头痛，乃肝气郁结化火，阳亢风动，上扰清窍，症见头胀痛、眩晕、面赤、脉弦数。
324,髙热不退,,高热不退指邪热炽盛，持续稽留于气分或营分，体温居高不下，属里实热证，常伴口渴、烦躁、脉洪数等症。
325,睾丸偏坠,,睾丸偏坠，指单侧睾丸自觉下坠、牵引少腹或腰骶部不适，多伴阴囊冷缩、得温则减。其病位在肝经，病性属寒。因寒邪客于肝脉，气血凝滞，收引失司，致睾丸一侧偏坠而痛，常伴形寒肢冷、脉沉弦或迟。
327,睾丸肿,,睾丸肿，指单侧或双侧睾丸肿大、胀痛或坠痛之症。多因湿热下注肝经，蕴结阴器，气血壅滞所致。临床可见睾丸肿大如卵，皮色光亮或微红，触痛明显，常伴阴囊潮湿、小便短赤、舌红苔黄腻等湿热之象。
328,睾丸坠胀疼痛,,睾丸坠胀疼痛，指自觉睾丸下坠、胀满或牵掣作痛，常伴阴囊冷缩、得温稍减、遇寒加重。其病位在肝经，因足厥阴肝经循行绕阴器，肝寒凝滞，经脉收引，气血不畅，故见坠胀冷痛。病性属寒，病势为肝经寒凝气滞，多由外感寒邪或阳虚内寒所致。
331,咯痰不爽,,咯痰不爽，指痰液黏稠或胶结难出，咳吐时费力不畅，或虽咳而痰出不净，常伴咽干、胸闷。其病性属痰湿，多因脾失健运，水湿内停，聚而生痰；或肺气壅滞，津液不布，痰浊内阻，气道失于濡润，故痰黏难咯。
330,咯痰、血,,咯痰带血，因痰湿蕴肺，久郁化火，灼伤肺络，致血随痰出，色多暗红或夹痰块。
332,咯痰黄稠,,咯痰黄稠，指痰液色黄、质稠厚，咳吐不爽，多伴咽干、口渴、胸闷等症。其病机多属热邪壅肺，炼液为痰，痰热互结，肺失清肃所致。常见于风热犯肺或痰热内蕴之证。
333,咯痰色白,,咯痰色白，质稀或稠，多属寒痰或湿痰，系肺失宣肃、津液不化、痰湿内停之象。
334,咯痰色黄,,咯痰色黄，乃痰热壅肺之征，痰黄稠厚，多因热邪灼津，肺失清肃所致。
335,咯痰稀白,,咯痰稀白，为痰湿内停、肺失宣肃之象，痰质清稀色白，多属寒证或湿证。
336,咯吐白痰,,咯吐白痰，质稀或稠，量多易出，多因脾失健运、水湿内停，聚而成痰，上渍于肺所致。
339,各种中毒症,,各种中毒症指毒物侵入人体，导致气血逆乱、脏腑功能失调，表现为呕吐、泄泻、神昏、抽搐等危急证候。
343,骨关节疼痛,,骨关节疼痛因经络气血运行不畅，不通则痛，临床表现为关节酸楚、重着、屈伸不利，多由风寒湿邪或瘀血阻滞所致。
344,骨关节肿大,,骨关节肿大因湿热蕴结，流注关节，致气血壅滞，肿胀变形，屈伸不利。
345,骨节酸痛,,骨节酸痛，指肢体关节出现酸楚、疼痛，甚则屈伸不利之症。其病位在筋骨关节，病性属经络不通。多因风寒湿邪外袭，或气血亏虚、痰瘀阻络，致经气运行涩滞，不通则痛。临床表现为关节酸软不适，痛势绵绵或兼重着感，遇寒或劳则加剧，得温或静则稍缓。
346,骨节疼痛,,骨节疼痛，指肢体关节部位出现酸楚、胀痛或刺痛之感，甚则屈伸不利、转侧艰难。其病机多由外感风寒湿邪，痹阻经络，气血运行不畅；或肝肾亏虚，筋骨失养，复因劳损、外伤，致经络瘀滞不通。临床以“不通则痛”为要，常伴关节沉重、麻木或肿胀，遇寒湿则增，得温熨稍缓。
347,骨扭伤,,骨扭伤指外力致骨节错缝或筋脉受损，血溢脉外，瘀滞局部，症见肿胀、刺痛、活动受限。
349,骨折肿痛,,骨折肿痛，系因外力损伤致骨断筋伤，血溢脉外，瘀滞局部，经络不通所致。临床表现为伤处肿胀、青紫、疼痛如刺，固定不移，活动受限，甚则畸形骨擦音。其病性属血瘀，病势为瘀阻气滞，不通则痛。
350,骨蒸劳热,,骨蒸劳热，指自觉热自骨髓蒸腾而出，午后及夜间尤甚，伴五心烦热、颧红盗汗、消瘦乏力、舌红少苔、脉细数。其病机多因阴虚内热，虚火燔灼，常见于痨瘵、虚劳等病证，属虚热范畴。
354,关节痹痛,,关节痹痛，指四肢关节因风寒湿热等邪侵袭，或痰瘀阻络，致经络不通、气血失和，临床表现为关节酸楚、重着、肿胀、屈伸不利，甚则痛如针刺、固定不移，遇寒或阴雨天加重。其病机总属邪阻经络，气血运行涩滞，不通则痛。
352,骨肿大,,骨肿大因痰湿流注关节，阻滞经络，气血凝滞，致骨骼失养而增生变形，临床可见关节粗大、肿胀畸形。
355,关节不利,,关节不利，指四肢关节活动欠灵活、屈伸转侧受限之症。多因风寒湿邪痹阻经络，或痰瘀互结、气血凝滞，致经气不通，关节失于濡养。临床表现为关节僵硬、屈伸不利、活动时涩滞或伴酸痛，常于晨起或受寒后加重，得温稍减。
356,关节刺痛,,关节刺痛，固定不移，夜间尤甚，属瘀血阻络，气血不通，病在四肢筋骨。
357,关节钝痛,,关节钝痛指四肢关节处出现的沉重、不锐利、迁延难愈的疼痛，多因寒湿、痰瘀阻滞经络或肝肾亏虚所致。
358,关节红肿热痛,,关节红肿热痛，指四肢关节局部皮肤焮红、肿胀、灼热、疼痛拒按，甚则屈伸不利。多因湿热之邪侵袭经络，或素体阳盛，感受外邪后从热化，湿热壅滞关节，气血痹阻不通所致。
360,关节剧痛,,关节剧痛，病在四肢，乃风寒湿邪或瘀血阻滞经络，气血不通则痛，其势较甚。
361,关节冷痛,,关节冷痛，指四肢关节因阳气不足、温煦失职，寒凝经脉所致之疼痛，遇寒加重，得温则减。
362,关节麻木,,关节麻木，指四肢关节处感觉迟钝、不知痛痒，状如木皮厚贴之症。多因气虚失运，营卫不充，四肢关节失于温煦濡养所致。临床常伴肢体乏力、气短懒言、动则汗出，其麻木时轻时重，得温或活动后可暂缓，劳累后加剧。
364,关节屈伸不利,,关节屈伸不利指四肢关节活动时僵硬、伸展或弯曲受限，多因经络气血阻滞、筋脉失养所致。
365,关节四肢疼痛,,关节四肢疼痛，乃四肢经络气血运行不畅，不通则痛，临床表现为四肢关节酸楚、胀痛或刺痛，活动不利。
367,关节酸痛麻木,,关节酸痛麻木，指四肢关节酸楚疼痛，兼见麻木不仁、屈伸不利之症。多因肾虚精亏，骨髓失充，筋骨失养，复感风寒湿邪，痹阻经络，气血运行涩滞所致。其病位在四肢筋骨，病性属本虚标实，以肾虚为本，邪阻为标。
369,关节疼痈,,关节疼痈，指四肢关节因经络气血壅滞不通而出现的疼痛、肿胀或灼热，属痹证范畴。
373,关节肿胀疼痛,,湿热之邪流注四肢关节，致气血壅滞，经络不通，故见关节红肿热痛、屈伸不利。
374,寒热头痛,,寒热头痛，指风寒之邪外束肌表，内犯于肺，致卫阳被遏，肺气失宣，症见头痛连及项背，恶寒发热，无汗或汗出不畅，鼻塞声重，咳喘痰稀。其病机为风寒束表，经气不利，肺失宣降，清阳不升。
377,寒湿痹痛,,寒湿痹痛，指寒湿之邪侵袭经络、筋骨、关节所致之痹痛。其症多见肢体关节冷痛重着，痛有定处，屈伸不利，遇寒痛增，得温痛减，局部皮色不红，触之不热，常伴畏寒、肢冷、苔白腻、脉弦紧或濡缓。病机为寒湿凝滞，阻遏气血，经络不通，不通则痛。
380,汗出,,肾经郁热，蒸腾津液外泄，故见汗出，多伴腰膝酸软、潮热盗汗等症。
379,寒性腹泻,,寒性腹泻指脾阳亏虚，运化失职，寒湿内生，症见大便清稀、完谷不化、腹冷喜温。
381,汗出不畅,,肾经湿热内蕴，气机郁滞，腠理开阖失常，故汗液排泄不畅，黏滞不爽。
382,汗出不解,,肾经热盛，蒸津外泄而汗出，然里热未清，故汗出而病不解，此为肾热内炽、津液外越之象。
383,汗少,,汗少，病位在肾，病性属表实。指肾气郁闭，卫阳不宣，玄府不通所致之汗液分泌减少。临床表现为周身皮肤干燥无汗或汗出极少，常伴恶寒发热、头身疼痛、脉浮紧等表实证候。其病机为寒邪外束，肾阳被遏，气化失司，腠理闭塞，津液不得外泄。
384,行步艰难,,行步艰难，指肾虚髓亏，筋骨失养，致下肢痿软无力、步履蹒跚，多属虚损之候。
385,行经腹痛,,行经腹痛，指经期或经行前后，出现以四肢（尤以下肢）疼痛为主症之证候。多因经血下行，冲任气血骤虚，四肢失于濡养，兼有宿瘀内伏，瘀血阻络，气血运行不畅所致。临床表现为经行时四肢关节或肌肉酸痛、刺痛，痛处固定，得温稍减，经色紫暗有块，块下痛减，舌质紫暗或有瘀点，脉涩。
386,行经小腹冷痛,,行经小腹冷痛，指经期小腹因阳虚失煦、寒凝胞宫而发冷痛，病位虽在四肢，实为肾阳不足，温运无权。
387,行走无力,,行走无力，责之四肢，乃肾虚精亏，筋骨失养，髓海不充，故步履乏力，不耐久行。
390,烘热,,烘热指阵发性热感自胸腹上冲头面，如烘烤状，伴面赤汗出，属内热炽盛或阴虚火旺之候。
394,喉核红肿,,肺经火热上攻咽喉，致喉核（扁桃体）红肿胀大，属热毒壅滞之象。
395,喉核肿大,,喉核肿大，病在肺经，因湿热上蒸，壅结咽喉，致喉核红肿疼痛，甚则化脓。
396,喉间痰鸣,,喉间痰鸣指痰湿壅滞于肺，气道不利，呼吸时痰随气升，喉中发出痰声漉漉之象。
397,喉痛,,喉痛，指咽喉部疼痛之症，多因火热上攻所致。其痛或如灼刺，或伴红肿，甚则吞咽不利。病机多由外感风热、肺胃蕴热或心火上炎，热邪壅滞咽喉，气血不通而痛。临床常兼见口干、咽燥、咳嗽、发热等症。
399,喉中作响,,喉中作响，因痰湿壅滞气道，呼吸或吞咽时痰气相搏，故喉间有声，如痰鸣或水鸡声。
401,呼吸道出血,,呼吸道出血属瘀血证，指血溢脉外，停滞于肺络或气道，临床可见咳血、痰中带血，伴胸痛、舌紫暗等瘀血内阻之象。
402,呼吸气促,,呼吸气促，指自觉呼吸短促，气息急迫，甚则张口抬肩，不能平卧之候。其病机属气机上逆，肺失肃降。多因外邪束表、痰浊壅肺、肝火犯肺或肾不纳气所致，致使肺气郁闭或虚气上奔，气道不利而喘促作矣。
406,黄痰,,黄痰，指痰色黄稠，多属肺经湿热。临床表现为咳吐黄稠痰，或黄绿痰，量多易出，或伴胸脘痞闷、身热不扬。其病机为湿热蕴肺，肺失宣肃，热灼津液，炼液为痰，湿与热合，故痰色黄而质稠。
407,会阴少腹腰骶部疼痛,,肾虚失于温养，致会阴、少腹及腰骶部绵绵作痛，遇劳加重，属虚证内痛。
410,昏仆,,昏仆指突然昏倒、不省人事，病位在心，因气血上逆、蒙蔽清窍所致，属本虚标实之危候。
413,活动障碍,,活动障碍因经络不通所致，指肢体屈伸、转侧不利，气血运行涩滞，机关失于滑利，临床可见麻木、拘挛或痿软不用。
414,肌肤红,,肌肤红为热邪壅滞皮肤，营血受灼，脉络充盈，外现红色，主热证。
415,肌肤下肿块数处,,肌肤下肿块数处，乃痰湿凝结于皮腠之候。其肿块大小不一，或圆或椭，触之柔软，推之可移，皮色如常，不红不热，亦无痛痒。多因脾失健运，水湿内停，聚而成痰，流注皮下所致。
416,肌肤下肿块一处,,肌肤下出现单个肿块，多因痰湿凝聚于皮腠之间，触之柔软或囊性，不红不痛，属痰核范畴。
417,肌肤肿块数处,,肌肤肿块数处，系指皮肤局部出现多个大小不等、质地柔软或韧硬、推之可移、皮色不变、不痛或微痛之结节或包块。其病位在皮肤，病性属痰湿。多因脾失健运，水湿内停，聚湿生痰，痰浊流注于肌肤腠理之间，凝结成块所致。
418,肌肤肿块一处 推之能动,,肌肤出现可推动的肿块，乃痰湿凝聚于皮腠之间，结聚成核，其性流动，故推之能移。
419,肌肉关节酸痛,,肌肉关节酸痛，病在四肢，属湿热为患。症见肢体沉重酸楚，关节灼热胀痛，屈伸不利，或伴局部红肿，午后加剧，小便黄赤，舌苔黄腻，脉濡数。其因多由外感湿热之邪，或嗜食肥甘，脾失健运，湿郁化热，流注四肢关节，阻滞经络，气血不通所致。
420,肌肉红肿热痛,,四肢肌肉红肿热痛，乃火热毒邪壅滞肌肤经络，气血凝滞不通所致，属阳证、热证。
421,肌肉剧痛,,四肢肌肉灼热剧痛，多因火热之邪壅滞经络，气血燔灼不通所致。
422,肌肉麻木,,四肢肌肉麻木，乃气血虚弱，脉络失养，肌肤不荣所致。
424,肌肉酸麻,,肌肉酸麻，四肢为气虚所主，气不足以充养，则酸软麻木，动则尤甚。
428,肌痩,,肌瘦指四肢肌肉萎缩、瘦削无力，多因气虚不能充养四肢所致，常见于脾胃虚弱或久病体虚之证。
433,积滞内停,,积滞内停，指饮食不节或脾胃运化失职，致食、湿、气等病理产物壅滞中焦，气机阻滞之证。病位在脾胃，病性属气滞。症见脘腹胀满疼痛，嗳腐吞酸，纳呆厌食，大便不爽或秘结，舌苔厚腻，脉滑或弦。其病机为脾胃升降失常，气机壅塞，传化失司。
429,肌痿无力,,肌痿无力，指四肢肌肉痿软松弛，收缩无力，甚则不能持物或步履。多因脾胃气虚，运化失职，气血生化乏源，四肢肌肉失于濡养所致。临床常伴神疲乏力、食少便溏、面色萎黄等症，病势缠绵，属虚证范畴。
432,积滞不消,,积滞不消，指饮食停滞中焦，气机阻滞，运化失司之证。多由饮食不节，或脾胃虚弱，纳运不及所致。临床以脘腹胀满、嗳腐吞酸、厌食呕恶、大便不爽或秘结、舌苔厚腻、脉滑或弦涩为主要表现。其病机核心为食滞与气滞相搏，壅塞胃腑，升降失常。
430,积聚痞块,,四肢出现因痰浊与瘀血互结形成的固定不移、按之有形或自觉痞塞不通的肿块。
444,肩颈疼痛,,肩颈疼痛，病在四肢，乃经络气血运行不畅，不通则痛，常因风寒湿邪或劳损所致。
443,肩部疼痛重着,,肩部疼痛重着，指肩部酸痛、沉重、活动不利，多因风湿之邪痹阻经络，湿性重浊黏滞所致。
450,僵硬畸形,,僵硬畸形，指关节或肢体屈伸不利、形态改变，多由痰浊瘀血互结，阻滞经络筋骨所致。
437,急躁易怒,,急躁易怒指患者情绪亢奋、难以自制，动辄发怒，多因肝火亢盛或心火炽热，火热内扰神明所致。
436,急性起并半身不遂,,急性起病、半身不遂，属火热之邪燔灼肝经，迫血妄行或炼液成痰，阻滞经络，致气血逆乱、肢体失用。
434,积滞胀满,,积滞胀满，指因脾胃运化失职，气机壅滞所致之脘腹痞塞不舒、胀满拒按之症。临床多见脘腹胀满，食后尤甚，嗳气频作，矢气则舒，或伴纳呆、便秘。其病机多由饮食不节、情志失调，致脾胃升降失常，气滞中焦，聚而不散。
454,脚重,,湿热下注于肾，经络壅滞，气血不畅，故觉下肢沉重如坠，步履艰难。
442,肩臂疼痛,,肩臂疼痛，指肩部及上臂部位出现酸楚、胀痛、重着或活动受限之症，病位在四肢，属经络不通。其临床表现常为肩臂牵掣作痛，或麻木不仁，抬举、屈伸不利，遇寒则甚，得温稍缓。病因多由风寒湿邪侵袭，或劳损外伤，致手三阳、手三阴经气痹阻，气血运行不畅，不通则痛。
441,肩背酸痛,,肩背酸痛，指肩胛及背部肌肉筋脉酸楚疼痛、活动欠利之症。病位在四肢，属经络不通。临床表现为肩背沉重酸胀，痛处固定或游走，常伴僵硬、转侧不利。其病因多由风寒湿邪侵袭、气血瘀滞或劳损日久，致太阳、少阳经脉痹阻，气血运行不畅，不通则痛。
445,肩疼痛,,肩疼痛，系指肩部经脉气血运行不畅所致之疼痛。其症多见肩关节酸楚、胀痛或刺痛，活动受限，甚则牵及臂肘，遇寒加重，得温稍减。病位在四肢之肩部，病性属经络不通。多因风寒湿邪侵袭，或劳损外伤，致气血凝滞，脉络痹阻，不通则痛。
448,舰血,,舰血，指排便时血液随粪便而下，或单纯下血，其色鲜红或暗红，多由大肠湿热、风热客于肠络，或热毒蕴结、阴络受损所致。临床表现为大便带血，或便前、便后下血，血色鲜红者多属热，暗红者多夹瘀，常伴腹痛、肛门灼热或里急后重。
453,脚气浮肿,,脚气浮肿，指湿热下注于肾，壅遏气机，水湿泛溢所致之足胫肿胀。临床可见双足或踝部浮肿，按之凹陷，皮色光亮，伴灼热、酸重或疼痛，甚则溃烂流水。其病机多因外感水湿，或嗜食肥甘，酿生湿热，下注肾经，阻滞经络，气化不利，水湿停聚而成。
464,筋骨瘀痛,,筋骨瘀痛指四肢因血行不畅、瘀阻脉络，致筋骨失养而出现的刺痛、固定痛或活动不利，常伴局部青紫肿胀。
467,筋扭伤,,筋扭伤指四肢筋脉因外力扭转而受损，导致局部气血运行不畅，形成血瘀，临床表现为肿胀、疼痛、活动受限。
459,津伤,,津伤，指热盛耗灼津液所致之病理状态。多因外感温热之邪，或内热炽盛，煎灼津液而成。临床表现为口干舌燥、咽干欲饮、皮肤干瘪、目眶凹陷、小便短赤、大便干结，甚则津枯液涸，可见舌红少津、苔黄燥或光剥无苔，脉细数。其病机为热盛伤津，津液亏虚，失于濡润。
458,疥癣瘙痒,,疥癣瘙痒，指因血热内蕴，外发肌肤所致之皮肤瘙痒，伴见丘疹、水疱、结痂等癣状皮损。其痒甚，入夜尤剧，搔破则津血或滋水，皮色鲜红或暗红。病机为热伏营血，风邪相搏，郁于腠理，不得疏泄。
461,筋骨疼痛,,筋骨疼痛，指四肢筋脉、骨节间之酸楚、胀痛或刺痛，常伴屈伸不利、转侧艰难。其病位在四肢，病性属经络不通。多因风寒湿邪侵袭，或跌扑损伤、气血瘀滞，致经气痹阻，不通则痛。临床以肢体沉重、活动受限为特征，得温稍减，遇寒或劳则加重。
471,经初行不畅,,经初行不畅，指月经来潮初期排出涩滞困难，多因子宫瘀血阻滞胞脉，血行受阻所致。
462,筋骨痿软,,筋骨痿软，指四肢筋脉弛缓、骨骼软弱无力，甚则肌肉萎缩、不能持物或步履之症。其病位在四肢，病性属虚，病势多缓。多因肾精亏虚，骨髓失充，筋骨失养所致。临床常见肢体痿弱不用，腰膝酸软，伴头晕耳鸣、齿摇发堕等肾虚之象。
463,筋骨无力,,筋骨无力，指四肢筋脉弛缓、骨节软弱，表现为肢体懈惰、抬举无力、持物不牢、步履蹒跚，甚则痿废不用。其病位在四肢，病性属虚，多因肾精亏虚，骨髓失充，筋骨失养所致。肾主骨生髓，肾虚则髓减骨弱，筋脉失濡，故见无力之候。
477,经行小腹疼痛,,经行之际，胞宫气血壅滞，瘀阻冲任，不通则痛，故见小腹疼痛。
466,筋脉拘挛,,筋脉拘挛，指四肢筋脉收缩、牵引，致关节屈伸不利、活动受限之症。临床表现为肢体肌肉紧张、痉挛，甚则抽搐、疼痛，多见于手足。其病机多因风寒湿邪侵袭，或气血亏虚、筋脉失养，致经络不通，气血运行涩滞，筋脉失于濡润而挛急。
475,经行痛减,,经行时瘀血随经血排出，胞脉暂通，故疼痛缓解，提示血瘀得泄而痛势暂减。
476,经行小腹冷痛,,经行小腹冷痛，系因子宫阳虚，寒凝胞脉，经血运行不畅所致，临床表现为经期小腹冷痛，得热痛减。
478,经行小腹喜热,,经行小腹喜热指每逢经期小腹得温热则舒，系胞宫阳虚、寒凝胞脉，温煦失职所致。
480,经量少有血块,,经行涩少，挟有血块，乃瘀血阻滞胞宫，冲任不畅，血行不利所致。
479,经行小腹胀痛,,经行小腹胀痛，病位在子宫，因气郁导致经血运行不畅，不通则痛，表现为经前或经期小腹胀痛、胀甚于痛。
472,经寒不调,,经寒不调，系因子宫虚寒，阳气不足，寒凝胞宫所致。临床以月经后期、量少色黯、夹有血块，或经行腹痛、得热痛减，伴畏寒肢冷、腰膝酸软、带下清稀、小便清长、舌淡苔白、脉沉迟或沉紧为主要表现。其病机为肾阳亏虚，胞宫失于温煦，寒凝血滞，冲任失调。
483,经前腹痛加剧,,经前腹痛加剧，病位在子宫，病性属血瘀，指经期将至时胞宫气血瘀滞不通，疼痛随瘀阻加重而愈甚。
474,经行量少,,经行量少，指月经周期基本正常，而经量明显减少，甚或点滴即净，或行经时间不足两日者。病位在子宫，病性属血瘀。多因寒凝气滞，或情志不畅，致瘀血阻滞胞宫，冲任不畅，血行受阻，故经来涩少，色紫黯有块，伴小腹刺痛拒按，块下痛减。
487,经前疼痛加重,,经前气血下注冲任，胞宫血行瘀滞不通，故疼痛加重，属血瘀证。
490,经前胸闷,,经前胸闷，乃气郁于子宫，冲脉气机不畅，上逆壅塞胸膈所致。
491,经少色淡,,经少色淡，指月经量少、色淡质稀，乃血虚不能充盈胞宫、濡养经血所致。
488,经前头痛,,经前头痛因子宫血瘀，冲任气血壅滞，经前血海满盈，瘀阻清窍，故头痛随月经周期而发。
485,经前乳胀,,经前乳胀指月经前乳房胀痛，病位在子宫，因任脉不通、气血壅滞所致，临床常见于肝郁气滞或冲任失调。
493,经血紫暗,,经血紫暗，乃子宫血瘀之征，血色紫暗不鲜，多伴血块，提示瘀血内阻，胞脉不畅。
486,经前双乳胀痛,,经前双乳胀痛，指每于月经来潮前数日，双侧乳房出现胀满、疼痛或触痛，经行后渐减或消失之证。病位在子宫，与冲任二脉及肝经密切相关。其病机多因肝郁气滞，冲任失调，任脉不通，气血壅滞于乳络所致。临床常伴胸胁胀闷、烦躁易怒、月经先后不定期等症。
492,经水淋漓不净,,经水淋漓不净，系因子宫阳虚，冲任失固，血失统摄，致经血非时而下，日久不止。
506,精气不足,,肾精亏虚，封藏失职，致生长发育迟缓、生殖机能减退、腰膝酸软、头晕耳鸣等症。
489,经前性情急躁,,经前性情急躁，指女子每于经前数日或经期出现烦躁易怒、情绪难以自控，甚则怒而伤人之症。病位在子宫，病性属气郁。多因肝郁气滞，疏泄失常，冲脉气机壅塞，经前血海满盈，气机郁滞更甚，郁而化火，上扰心神所致。常伴乳房胀痛、少腹胀满、月经先后无定期等。
503,惊痫不安,,惊痫不安指痰瘀互结，蒙蔽心脑清窍，致神机失用，发为惊惕抽搐、烦躁不宁之证。
507,精神不振,,心气不足，鼓动无力，神失所养，故见精神萎靡、倦怠乏力。
510,精神忧郁,,心气郁结，神机失展，故见精神忧郁，悲忧欲哭，胸胁满闷。
495,惊风抽搐,,惊风抽搐，指以神昏、项背强急、四肢抽搐、角弓反张、牙关紧闭等为主要表现的病候。病位在心脑，病性属肝风内动。其病因病机多由外感时邪、内蕴痰热或久病伤阴，引动肝阳，化风上扰，蒙蔽清窍，横窜筋脉所致。
511,精溢,,精溢指肾虚封藏失职，精关不固，致精液滑泄或梦遗频作，属肾气不摄、精微外溢之候。
498,惊悸不宁,,惊悸不宁，指心中悸动、惊恐不安，甚则不能自主之证。病位在心脑，病性属心气虚。临床表现为自觉心跳剧烈，惕惕而动，善惊易恐，稍劳即发，伴气短乏力、自汗、神疲、脉细弱或结代。其病机多由禀赋不足、久病体虚或思虑过度，耗伤心气，致心失所养，神不守舍，脑失充养，故悸动不宁。
513,颈项活动不利,,颈项活动不利，指颈项部俯仰转侧受限，多因风寒湿邪或气血瘀滞致经络不通，筋脉失养。
512,颈肩部僵硬,,颈肩部僵硬，病在四肢，乃太阳经输不利、气血壅滞，经络不通则筋肉失濡，致屈伸转侧不利。
504,精亏,,精亏，指肾中精气不足，失于充养之虚损证候。多因先天禀赋薄弱、年老久病、房劳过度或他病及肾所致。临床以腰膝酸软、头晕耳鸣、发脱齿摇、健忘恍惚、性功能减退、男子精少不育、女子经闭不孕为主要表现，伴见精神萎靡、动作迟缓、足痿无力等。其病机为肾精亏虚，髓海失充，骨枯脑减，生殖机能衰退。
514,颈项僵硬,,颈项僵硬，系四肢经络气血运行不畅，筋脉失于濡养，致颈项部肌肉拘急、活动不利之症。
515,颈项僵直,,颈项僵直，指颈项部肌肉筋脉拘急、活动不利，多因风寒湿邪阻滞太阳经脉，或气血瘀滞、经络不通所致。
499,惊悸多梦,,惊悸多梦，指心中悸动不安，惕惕易惊，寐则梦境纷纭、纷扰不宁之候。病位在心与脑，病性属虚。多因心气不足，鼓动无力，心神失养，神不守舍所致。临床可见心悸善惊，气短自汗，神疲乏力，寐则多梦易醒，甚则噩梦纷纭，动则悸甚。其机要在于心气虚馁，脑神失充，神舍不固。
516,颈项紧张不舒,,颈项紧张不舒，系四肢经络气血壅滞，太阳经输不利所致，表现为项部僵硬、转侧受限。
518,颈椎病型头痛,,颈椎病型头痛，病在四肢，乃血瘀阻络，气血不通，上扰清窍所致，症见颈项强痛、头痛如刺。
517,颈项疼痛,,颈项疼痛，病位在四肢，乃经络不通，气血运行受阻，致局部筋脉失养，发为酸痛、僵硬或转侧不利。
520,胫膝酸软,,胫膝酸软指肾精亏虚，骨髓失充，致下肢胫骨与膝关节酸楚无力、不耐久行之症。
523,久病体弱,,久病体弱，正气耗损，气虚不运，故见神疲乏力、气短懒言、动则益甚等症。
525,久咳不止,,肺气亏虚，宣肃无力，故咳嗽迁延不愈，伴气短乏力、声低息微。
536,局部恶寒,,局部恶寒指皮肤局部怕冷，因阳虚失于温煦，卫气不固，寒邪凝滞所致。
537,局部红肿,,局部红肿，病在皮肤，乃火热之邪壅滞气血，灼伤脉络，致营卫不和，热盛肉腐而成。
538,局部畏恶风寒,,局部皮肤畏恶风寒，乃气机郁滞，卫阳不得宣达于表，肌肤失于温煦所致。
527,久痢不止,,久痢不止，指痢疾迁延日久，反复发作，经月不愈。其病位在大肠，病性属脾气虚。临床表现为下痢稀薄，或夹白冻，时作时止，腹痛隐隐，肛门重坠，便后尤甚，伴神疲乏力、纳少腹胀、面色萎黄。病机系脾虚中气下陷，大肠传导失司，固摄无权，致痢下缠绵难愈。
528,久疟体虚,,久疟体虚，指疟疾迁延日久，耗伤气血，致大肠腑气虚弱之证。临床表现为腹中隐痛、大便溏薄或排便无力、面色萎黄、神疲乏力、食少纳呆、舌淡苔白、脉细弱。其病机乃疟邪久踞，正气渐衰，脾虚及肠，传导失司，气血生化乏源，大肠失于濡养与固摄所致。
532,久泻不止,,久泻不止，指大便泄泻迁延日久，反复发作，难以自止。病位在大肠，病性属气虚。临床表现为大便溏薄或完谷不化，日行数次，甚则脱肛，伴神疲乏力、纳少腹胀、面色萎黄。其病机多因脾气虚弱，中气下陷，清阳不升，运化失职，水湿下注大肠所致。
533,久泻久痢,,久泻久痢，指泄泻或痢疾迁延不愈，反复发作，病程较长。病位在大肠，病性属气虚。临床表现为大便溏薄或夹有黏液，甚则滑脱不禁，腹部隐痛喜按，纳食减少，神疲乏力，面色萎黄，舌淡苔白，脉细弱。其病机多因久泻久痢耗伤脾胃之气，中气下陷，大肠失于固摄所致。
530,久嗽不止,,久嗽不止，指咳嗽经久不愈，反复发作，病程缠绵。其病位在肺，病性属气虚。临床表现为咳嗽声低无力，痰多清稀或白沫，气短懒言，自汗畏风，面色㿠白，舌淡苔白，脉虚弱。病机多因肺气亏虚，宣肃无权，气不布津，津聚为痰，复感外邪或劳倦诱发，致咳嗽迁延难愈。
535,拘挛麻木,,拘挛麻木，指四肢筋脉收引、屈伸不利，兼见局部感觉迟钝或消失之症。其状如绳索捆束，动则掣痛，静则木然，触觉减退。多因风寒湿邪客于经络，或气血亏虚、筋脉失养，致经气阻滞、血行涩滞，络脉不通而发。
539,局部畏风寒,,局部肌肤因气机郁滞，卫阳不得宣通，故虽无外邪侵袭，亦觉畏恶风寒。
540,局部畏寒,,局部皮肤失于温煦，阳气不足，卫外不固，故见畏寒喜暖，得温则减。
534,久泻脱肛,,久泻脱肛，指因久泻不止，中气下陷，大肠失于固摄，致直肠或黏膜脱出肛外之证。临床表现为大便溏泄频作，甚则滑脱不禁，肛门坠胀，脱出物色淡不肿，遇劳加重，伴神疲乏力、气短懒言、舌淡苔白、脉弱。其病机系久泻伤脾，脾虚气陷，升举无力，致大肠维系失司而下脱。
541,局部肿痛,,局部皮肤红肿灼痛，乃火热之邪壅滞肌表，气血凝滞不通所致，属阳证、热证。
546,咳喘痛甚,,咳喘痛甚，指肺气上逆，咳嗽喘息且胸胁疼痛明显，多因邪壅肺络、气机不畅所致。
548,咳甚而喘,,咳甚而喘指咳嗽剧烈，肺气上逆不降，导致呼吸急促，病位在肺，病性属气逆。
551,咳嗽日久,,肺气虚损，宣肃失权，故咳嗽迁延不愈，气短声低，动则尤甚。
547,咳呛阵作,,咳呛阵作，指肺气上逆所致之阵发性剧烈咳嗽，其势急促、声高气壅，多因外邪或痰浊阻肺，气机失降而发。
554,咳嗽有痰,,咳嗽有痰，病位在肺，病性属痰饮，指肺失宣肃、津液凝聚成痰，随气逆而咳出。
550,咳嗽频作,,咳嗽频作，病位在肺，病性属伏痰，意指痰浊潜伏于肺，遇感触发，致肺气上逆而咳嗽反复发作。
553,咳嗽痰盛,,咳嗽痰盛，指肺失宣降，痰湿内停，症见咳嗽频作、痰量多而质稠，属肺系痰湿证候。
557,咳痰不已,,咳痰不已，病位在肺，病性属风痰，指风邪挟痰伏肺，致咳嗽反复、痰涎频作，缠绵难愈。
555,咳嗽阵作,,咳嗽阵作，乃风邪挟痰扰肺，肺气失宣，故见咳嗽时发时止，痰多难咯，属风痰阻肺之证。
559,咳痰色白,,咳痰色白，病位在肺，因脾虚湿盛，运化失职，湿聚成痰，上渍于肺，故见痰白清稀。
543,倦怠乏力,,倦怠乏力（心气虚）：指心气不足，鼓动无力，神失所养而致周身懈惰、精神不振之候。临床表现为神疲懒言，气短自汗，动则尤甚，心悸怔忡，面色㿠白，舌淡苔白，脉细弱或结代。其病机多由久病耗伤、禀赋不足或年高脏气衰微，致心气亏虚，宗气不布，四肢百骸失于温煦充养。
556,咳痰不爽,,咳痰不爽，指咳嗽时痰液黏稠，难以顺利咳出，常伴咽喉干涩、口鼻干燥、胸胁闷痛。其病位在肺，病性属燥痰，多因外感燥邪或肺阴亏虚，津液耗伤，肺失清润，痰液凝结而致。
563,渴不思饮,,肾阳虚衰，气化失司，水饮内停，津液不布，故虽口渴却因饮停中焦而不欲饮水。
570,口唇紫绀,,口唇紫绀，乃肝脾失和、气血瘀滞之象，血行不畅，瘀阻脉络，故唇色青紫。
568,口疮肿痛,,口疮肿痛，病位在肝脾，病性属胃火上炎，临床指口腔黏膜溃烂灼痛，多因肝郁化火、脾热上蒸所致。
560,咳吐不爽,,咳吐不爽，指痰黏难出、咳声不畅之象，病在肺，属燥痰，乃津亏肺燥，痰浊胶着气道所致。
558,咳痰带血,,咳痰带血，指痰中夹有血丝、血点，或咳吐纯血之症，病位在肺。多因痰火壅肺，灼伤肺络，血溢脉外所致。临床常见痰黄稠厚，咯吐不爽，或伴胸胁引痛、面赤口干、心烦易怒、溲黄便结，舌红苔黄腻，脉滑数。
574,口角流诞,,脾虚失运，肝木乘土，津液不固而外溢，故见口角涎流不止。
571,口淡乏味,,口淡乏味指口中无味、饮食不香，多因肝郁乘脾或脾虚失运，致水谷精微不化，舌苔薄白，属脾虚气弱之候。
581,口糜烂,,口糜烂指口腔黏膜溃烂疼痛，病位在肝脾，因脾热上蒸所致，常伴口臭、脘腹胀满，属湿热内蕴之候。
586,口舌干燥,,肝脾郁热，津液耗伤，燥火上炎，致口舌失润而干渴。
584,口腔溃疡久不收敛,,肝脾气虚，托毒无力，致口腔溃疡反复不愈，疮面淡红、久不收口。
582,口黏,,口黏指口中黏腻不爽，多因肝脾湿热内蕴，湿浊上泛所致，常伴舌苔厚腻、纳呆脘痞。
588,口舌歪斜,,口舌歪斜，病位在肝脾，病性属风痰，指风痰阻络致口眼㖞斜、舌体不正，常见于中风。
572,口多唾涎,,口多唾涎，指口中清涎或唾沫量多，不自主泛溢之症。病位在肝脾，病性属脾虚。多因脾气虚弱，运化失职，水湿不化，聚而为涎；或土虚木乘，肝气横逆，挟湿上泛所致。临床常见口泛清稀涎沫，伴纳少腹胀、神疲乏力、面色萎黄，或兼胁胀、嗳气。
589,口舌肿痛,,口舌肿痛，指口舌部位红肿疼痛，甚则溃烂、灼热难忍之症。病位在肝脾，多因肝郁化火，或过食辛辣厚味，致脾胃积热，火热循经上炎，熏灼口舌，气血壅滞而发。临床常见口舌生疮、肿胀疼痛、口干口苦、心烦易怒等。
591,口吐涎沫,,口吐涎沫，病位在肝脾，病性属胃寒，多因肝寒犯胃、脾虚不运，致清阳不升、浊阴上泛，临床常见涎液清稀量多，伴脘腹冷痛、纳呆。
594,口喁,,口喁指口角歪斜，多因肝脾失调、风痰阻络，致经气不通，筋肉失养。
592,口喎,,口喎指口角歪斜，多因肝脾失调、风痰阻络或气血瘀滞，致经筋失养、经络不通而发。
593,口眼涡斜,,口眼涡斜指一侧目睛歪斜、口角㖞向对侧，多因肝风内动或脾虚生痰，阻滞经络，致气血运行不畅，筋脉失养。
590,口生疮,,口生疮，指口腔黏膜出现单个或多个黄白色溃烂点，疼痛灼热，反复发作。病位在肝脾，病性属火热。多因情志不遂，肝郁化火，或过食辛辣厚味，脾经积热，火热循经上炎于口所致。临床常伴口苦、烦躁、脘腹胀满、大便干结或黏滞不爽等症。
596,口中甜腻,,口中甜腻，指患者自觉口中有甜味，伴黏腻不爽之感。病位在肝脾，病性属湿热。多因湿热内蕴，困阻中焦，脾失健运，肝气疏泄不利，湿浊上泛于口所致。临床常兼见脘腹痞闷、纳呆、身重、舌苔黄腻、脉濡数等症。
595,口燥,,口燥，指口中津液不足、干燥少润之感，病位在肝脾，病性属火热。临床表现为口干欲饮，饮不解渴，或伴口苦、咽干、目赤、烦躁易怒。其病机多因肝郁化火，横逆犯脾，或脾虚失运，津液不布，复为火热所灼，致津不上承而口燥。
605,老年轻度认知障碍,,肾精亏虚，髓海失充，脑神失养，致记忆减退、反应迟钝，属本虚标实之证。
599,剌痛,,刺痛，指痛如针刺之状，痛处固定不移，拒按，夜间尤甚。多因血行不畅，瘀血阻滞经脉，气血不通则痛。其病机核心为瘀血内停，脉络壅塞，属血瘀证之典型表现。
610,冷汗自出,,脾阳虚衰，卫外不固，阴寒内盛，津液失摄，故冷汗自出。
606,老年腰膝酸软,,老年腰膝酸软，系肾精亏虚，骨髓不充，腰府失养所致，症见腰膝无力、酸楚不适，属本虚之候。
600,懒言,,心气不足，鼓动无力，神失所养，故见言语低微、少气懒言。
598,溃疡不敛,,溃疡不敛，指疮疡溃后，久不收口，脓水清稀，肉芽淡白不鲜之症。病位在脾，因脾气虚弱，运化失职，气血生化乏源，无力托毒生肌所致。症见疮口凹陷，皮色不红，日久不愈，伴神疲乏力、纳少便溏。
603,劳嗽咯血,,劳嗽咯血，指因肺气亏虚，宣肃失司，久嗽伤络，血溢脉外所致。临床表现为咳嗽无力，气短声低，痰中带血或咯血，血色淡红，伴神疲乏力，自汗畏风，舌淡苔白，脉虚细。其病机多由劳倦内伤或久病耗气，肺虚不能固摄血络，气不摄血而成。
621,两胁胀痛,,两胁胀痛指两侧胁肋部胀满疼痛，多因肝气郁结，气机不畅，经脉壅滞所致，常伴胸闷、善太息。
618,两腮肿,,两腮肿，多因火热上攻，壅结于少阳、阳明之络，致气血凝滞而发，常见于痄腮或热毒证。
617,两腮痛,,两腮痛属火热之邪上攻，多因阳明经热或肝胆郁火循经燔灼，致腮颊脉络壅滞，症见红肿灼痛。
619,两腮肿痛,,两腮肿痛，多因火热上攻，壅结于少阳、阳明经络，致腮颊部红肿热痛，常见于痄腮或发颐等证。
620,两胁疼痛,,两胁疼痛属少阳经气不利，因邪犯少阳，枢机失运，经气郁滞所致，常伴口苦、咽干、目眩等症。
623,淋沥疼痛,,淋沥疼痛指排尿时涩滞不畅、点滴而出，并伴尿道灼热刺痛，多因湿热下注膀胱，气化不利所致。
629,流产后出血,,流产后出血，因子宫气虚，固摄无权，血失统摄，故见恶露淋漓不止。
628,鳞屑多,,鳞屑多，指皮肤表面脱落大量干燥或油腻性鳞屑，状如糠秕或鱼鳞，搔之即落，常伴皮肤潮红、瘙痒。其因多由热毒内蕴，燔灼营血，血热生风，风胜则燥，肌肤失于濡养，故鳞屑叠起。
616,臁疮糜烂,,臁疮糜烂，指发生于小腿下段（臁骨部位）之皮肤溃烂、湿烂浸淫之症。多因湿热下注，蕴结肌肤，气血瘀滞所致。临床表现为局部皮肤初起红肿、瘙痒、疼痛，继而破溃糜烂，滋水淋漓，或结黄色厚痂，久不收口，常伴下肢沉重、肿胀。其病机核心为湿热毒邪壅滞，腐肉败血，故见糜烂流津。
630,流产后宫缩不良,,流产后宫缩不良，系因气虚无力摄血、胞宫收缩乏力，故见恶露不绝、小腹坠痛。
636,流脓涕,,流脓涕，多因湿热蕴结鼻窍，熏灼肌膜，腐化成脓，症见涕黄稠量多，常伴鼻塞、头重。
632,流黄涕,,流黄涕，病在鼻窍，为湿热蕴蒸，熏灼鼻络，津液败浊所致。
631,流黄稠涕,,流黄稠涕，乃湿热蕴结于鼻窍，熏灼津液所致，其色黄质稠，常伴鼻塞、头重，属湿热上攻之象。
633,流黄浊涕,,流黄浊涕，乃湿热蕴结鼻窍，熏灼津液，致涕色黄而质稠浊，多伴鼻塞、头重。
639,流涕黏白,,流涕黏白，病在鼻窍，属痰湿内蕴，湿浊上泛，其涕质黏色白，为湿邪未化热之象。
625,淋证涩痛,,淋证涩痛，指小便频数短涩，滴沥刺痛，欲出未尽，小腹拘急或痛引腰腹之症。其病性属湿热，多由外感湿热之邪，或饮食不节，酿生湿热，下注膀胱，致气化不利，水道涩滞，灼伤脉络而发。临床以尿涩、尿痛、尿急、尿频为特征，常伴小便黄赤、舌红苔黄腻、脉滑数等湿热之象。
643,瘰疬未溃,,鼻部痰湿凝聚，结为瘰疬，尚未破溃，表现为皮下硬结，推之可动，皮色如常。
641,流浊涕,,流浊涕指鼻窍排出稠厚秽浊之涕，多因痰湿内蕴、肺窍壅滞所致，常见于鼻渊等病证。
645,屡经流产,,屡经流产指多次堕胎或小产，病位在子宫，病机为带脉失于约束，致胎元不固，常伴腰酸腹坠、滑胎频作。
653,脉细弱,,脉细弱指脉体细小而无力，按之应指不充，主气血两虚，脏腑失养，常见于久病体弱或失血耗气之证。
654,脉细涩,,脉细涩主亡血，乃营血亏虚、脉道不充兼血行滞涩之象，常见于失血过多或久病血虚。
656,脉细弦,,脉细弦主气郁，细为血虚脉道不充，弦为气机郁滞、脉气紧张，提示肝郁血虚之象。
648,麻木拘挛,,麻木拘挛，指肢体肌肤感觉减退或消失，兼见筋肉收缩、屈伸不利之症。其病机为经络不通，气血运行涩滞，筋脉失于濡养。临床表现为局部或四肢麻木不仁，伴拘急挛缩，活动受限。多因风寒湿邪痹阻、气滞血瘀或虚风内动所致。
646,麻痹瘙痒,,麻痹瘙痒，指皮肤出现麻木不仁、痒如虫行之感，时作时止，游走不定。其病位在皮肤，病性属风。多因风邪外袭，客于肌腠，或血虚生风，肌肤失养所致。风性善行数变，故痒无定处；风胜则干，气血不畅，故兼见麻木。
660,毛发成片脱落,,风邪袭表，上扰头面，致腠理开泄，气血失荣，毛发失养而成片脱落。
649,麻木瘫痪,,麻木瘫痪，指肢体肌肤感觉减退或消失，运动功能部分或完全丧失之症。其病位在经络、筋肉，病性属经络不通。临床表现为患处不知痛痒，或如虫行，甚则痿废不用。多因气血亏虚，失于濡养，或风、寒、湿、痰、瘀等邪阻滞经脉，气血运行不畅，致肢体失荣而成。
661,毛发呈稀疏状脱落,,血虚不能上荣濡养毛囊，致皮肤失润、发根失固，故见毛发稀疏脱落。
662,毛发干燥,,血虚不能濡养肌肤毛发，致毛窍失润、发枯如草，临床常见毛发干枯无泽、易折脱落。
663,毛发松动,,血虚不能濡养毛根，致毛囊失固，故见毛发松动易脱，常伴枯槁无泽。
667,眠差,,心气亏虚，鼓动无力，心神失养，故见入睡困难、眠浅易醒。
650,麻疹不透,,麻疹不透，指麻疹透发不畅，或应出不出，或出而即没之候。多因湿热内蕴，壅遏肌表，或复感外邪，致疹毒郁闭，不得外达。临床可见发热烦躁，咳嗽气急，疹点稀疏暗滞，或乍出乍隐，皮肤灼热无汗，甚则神昏喘促。其病机为湿热与疹毒互结，阻遏气机，腠理闭塞，疹毒无以外泄。
673,面目虚涪,,肝血不足，脾虚湿泛，致面色浮肿、目胞虚胀，乃土不荣木之象。
674,面色不华,,面色不华，指面色枯槁无光泽，因肝气虚衰，疏泄不及，气血不能上荣于面所致。
678,面色晄白,,面色晄白而浮，为肝气虚馁，疏泄不及，气血不能上荣于面所致。
677,面色恍白,,面色恍白，为肝气虚衰，气血不能上荣于面所致，临床常见于肝血不足或肝气虚弱之证。
672,面目悉黄,,面目悉黄，乃肝失疏泄、胆汁外溢所致，其色黄如橘者属阳黄，黄如烟熏者属阴黄，今兼脾虚，则为土不荣木、湿浊内蕴之候。
680,面色少华,,面色少华，指肝气不足、气血不能上荣于面，致面色淡白无泽，属肝气虚之候。
682,面色无华,,肝气虚衰，气血不能上荣于面，故面色淡白或萎黄，失于润泽。
669,面浮肿,,面浮肿，指肾经湿热所致面部浮肿之症。其肿多起于目窠，晨起为甚，皮色光亮，按之凹陷，或伴头重如裹、小便短赤。病机乃湿热蕴结于肾，气化失司，水湿上泛于面，湿遏热伏，壅滞肌腠所致。
684,面肢浮肿,,肝失疏泄，风水相搏，水湿泛溢肌肤，故见面肢浮肿，病势急骤。
664,毛发油腻,,毛发油腻，指毛发（多见于头皮）分泌脂液过多，黏腻不洁，甚则结垢成束，梳洗难净。其病位在皮肤，病性属湿热。多因嗜食肥甘厚味，或脾失健运，湿热内生，上蒸于头，熏灼毛窍，脂液外溢所致。常伴头皮瘙痒、脱屑，或发质细软易落。
679,面色黢黑,,面色黢黑，指面色晦暗如漆，枯槁无华。病位在肝，病性属肾虚。多因肾精亏虚，水不涵木，肝失所养，气血不能上荣于面；或肾阳衰微，寒水内盛，浊阴上泛所致。临床常伴头晕耳鸣、腰膝酸软、目干涩、胁肋隐痛等症。
693,目发黄,,目发黄，病位在肝，病性属湿热，乃湿热蕴结肝胆，胆汁外溢于目窍所致。
687,目暗羞明,,目暗羞明，指视物昏暗不清，遇光则涩痛难睁之候。病位在肝，因肝血亏虚，目窍失于濡养，神光衰微，故视物昏渺；血虚生风，虚火上扰，故畏光羞明。其症常伴头晕眼花、面色无华、爪甲不荣等血虚见症。
686,目暗昏花,,目暗昏花，指视物模糊不清，眼前如蒙烟雾或见黑花飘舞之症。病位在肝，因肝血不足，目失濡养所致。临床表现为双目干涩、视物昏渺，久视尤甚，常伴面色无华、头晕心悸、爪甲不荣。其病机为肝血亏虚，不能上荣于目，目窍失养而神光衰微。
689,目赤红肿,,目赤红肿，指白睛红赤、胞睑肿胀，甚则灼热疼痛、羞明多眵之候。其病位在肝，因肝开窍于目，火热上攻所致。多由外感风热或肝经郁火循经上炎，壅滞目络，气血逆乱而成。临床常伴头痛、口苦、烦躁易怒等肝火上炎之象。
690,目赤昏花,,目赤昏花，指双目白睛红赤、视物模糊不清之症。其病位在肝，病性属火热。多因肝经实火上攻于目，或肝郁化火，火性炎上，灼伤目络，致气血壅滞，则目赤；火热上扰清窍，熏灼精明，致目失濡养，则昏花。临床常伴目涩、畏光、头痛、口苦、脉弦数等。
691,目赤翳障,,目赤翳障，系肝经火热上攻于目所致。临床表现为白睛红赤，甚则目眵胶结，黑睛生翳如星点、云翳，可伴畏光流泪、目涩疼痛。其病机为肝火炽盛，循经上炎，灼伤目络，熏蒸神水，致气血壅滞，翳膜遮睛。
697,目昏不明,,目昏不明，指视物昏渺、模糊不清之症，病位在肝，病性属虚。多因肝血不足，目失濡养，或肝阴亏虚，虚火上扰所致。临床表现为双目干涩、视物昏花、不耐久视，常伴头晕耳鸣、夜寐多梦、脉细弦等。
703,目淫羞明,,目淫羞明指肝经阴血亏虚，目窍失于濡养，致眼目干涩、频频眨动，且畏光喜暗之症。
699,目生翳膜,,目生翳膜，系湿热上攻于目所致。症见黑睛生翳，状如云翳、星点，或如脂膜覆盖，视物昏朦，伴目赤眵多、涩痒不适。病位在肝，因肝开窍于目，湿热蕴结肝经，循经上扰，熏蒸目窍，气血郁滞，津液凝积而成翳膜。
694,目花,,目花，系指视物昏渺、眼前如雾或见黑花、飞蚊等症，病位在肝，病性属虚。多因肝血不足，目失濡养；或肝阴亏虚，虚火上扰清窍所致。临床常见双目干涩、视物模糊、不耐久视，伴头晕耳鸣、夜寐多梦等。其病机总属肝虚不能上注于目，精明失用。
700,目生云翳,,目生云翳，指黑睛（角膜）出现灰白色翳膜，状如浮云，遮蔽视力。其病位在肝，因肝开窍于目，肝经湿热上攻于目，熏灼黑睛，致气血瘀滞、津液凝结而成翳。临床多见目赤涩痛、畏光流泪、翳膜渐生，伴口苦、小便黄、舌红苔黄腻等湿热之象。
712,脑部疼痛,,脑部疼痛因肝肾阴血不足，髓海失充，脑络失养所致，常伴眩晕、耳鸣、腰膝酸软。
710,纳少嘈杂,,纳少嘈杂指胃气虚弱，受纳腐熟无权，故食量减少，且胃中空虚，虚热内生，似饥非饥、似痛非痛，常伴脘痞不舒。
713,脑功能减退,,脑功能减退，病位在脑，证属肝肾亏虚，系因精血不足、髓海失充，致神机失用，临床可见健忘、反应迟钝等症。
714,脑络瘀阻,,脑络瘀阻指瘀血阻滞脑部脉络，致气血不通，临床可见头痛如刺、健忘、眩晕或中风偏瘫等症。
716,内障目暗,,肝血不足，目失濡养，致视物昏渺、眼前如雾障隔，即内障目暗。
705,目珠夜痛,,目珠夜痛，指入夜后眼珠内觉涩痛、隐痛或刺痛，常伴干涩、视物昏花、不耐久视。病位在肝，因肝开窍于目，肝阴不足，目失濡养，入夜阴气用事，阴虚更甚，虚火内生，灼伤目络所致。
718,年老气喘,,年老气喘，病位在肺，病性属肾虚，乃肾不纳气，肺气上逆所致之虚喘。
719,年老哮喘,,年老哮喘，病位在肺，病性属肾虚，乃肾不纳气，肺气上逆所致之虚喘。
704,目胀,,目胀，指自觉眼珠胀滞不舒，甚则胀痛如脱，常伴视物昏渺、眉棱骨痛。病位在肝，因肝气郁滞，疏泄失职，气机壅塞于目窍，致目中气血运行不畅，玄府不利而发。其证多随情志波动而增减，郁怒则甚，叹息则舒。
724,尿点滴而下,,肾虚气化失司，膀胱开阖不利，故见小便频数而排出无力，点滴难出。
723,尿道灼热,,尿道灼热，指排尿时尿道有灼痛感，多因膀胱湿热下注，气化不利，热灼尿道所致。
726,尿后余沥不尽,,肾虚气化失司，膀胱固摄无权，致排尿后仍有少许尿液点滴而出，不能自止。
722,尿道涩痛,,尿道涩痛，指排尿时尿道有滞涩、灼热、疼痛之感，病位在膀胱。多由心火亢盛，下移小肠，热灼膀胱，气化不利，水道涩滞所致。临床常伴小便短赤、心烦口渴、口舌生疮、舌尖红、脉数等症。
728,尿黄如茶,,尿黄如茶，指小便色深似浓茶，因膀胱湿热熏灼，致津液受煎、浊气下注，临床常见于湿热下注之证。
733,尿频数,,肾虚膀胱失约，气化无权，故小便频数而清长，甚则遗尿。
715,内外伤出血,,内外伤出血，指因外力损伤或脏腑功能失调所致血液离经妄行之证。其临床表现可见局部创口渗血、流血，或内伤所致咳血、吐血、便血、尿血、衄血等。病机多由金刃跌扑、暴力击损，脉络破损，血溢脉外；或内因气火逆乱、瘀血阻滞，致血不循经。出血量多者，可伴面色苍白、肢冷汗出、脉微欲绝等气随血脱之危候。
729,尿混浊,,尿混浊指尿液浑浊不清，多因膀胱湿热下注，气化不利，致湿浊不化，临床常见小便浑浊、色黄或白，伴尿道灼热涩痛。
735,尿色赤黄,,尿色赤黄，病在膀胱，乃湿热下注，熏灼水道，致气化不利，故见小便短赤、浑浊如茶。
736,尿色偏黄,,尿色偏黄，病位在膀胱，乃湿热下注，熏灼水道，致尿液受煎而色黄。
741,尿线细,,湿热蕴结膀胱，气化不利，水道受阻，故排尿时尿流细涩不畅。
743,尿血血色鲜红,,膀胱湿热灼伤血络，迫血妄行，故见尿血鲜红，多伴尿频急痛。
744,尿血血色紫红,,膀胱湿热灼伤血络，致血色紫红，为湿热下注、血热瘀滞之象。
739,尿少,,尿少，病位在膀胱，病性属湿热。指小便量少，排尿不畅，甚则点滴而出，常伴小便黄赤、灼热涩痛。其病因病机为湿热之邪蕴结膀胱，气化不利，水道不通，故小便短少。
734,尿热,,尿热，指排尿时自觉尿道灼热之感，病位在膀胱，病性属湿热。临床表现为小便频数短涩，滴沥不爽，尿色黄赤，尿道灼热刺痛，常伴小腹拘急或口渴不欲饮。其病因病机多由外感湿热之邪，或过食辛热肥甘，酿生湿热，下注膀胱，气化不利，热灼尿道所致。
738,尿涩痛,,尿涩痛，指排尿时尿道有灼热、刺痛或涩滞不畅之感，常伴小便频数、急迫或尿液色黄赤。其病位在膀胱，病性属湿热。多因外感湿热之邪，或过食肥甘酒酪，酿生湿热，下注膀胱，气化不利，水道涩滞所致。
756,呕吐清水,,呕吐清水，乃胃阳不足，水饮内停，胃失和降，气逆于上所致。
757,呕吐乳食,,呕吐乳食，指胃失和降、气逆于上，致乳食从口中吐出，多见于婴幼儿脾胃虚弱或伤食之证。
760,排便乏力,,排便乏力，指大肠传导无力，排便困难，属气虚推动乏力所致。
761,排尿滴沥不尽,,肾虚气化失司，膀胱开阖不利，致尿液排出无力，余沥难尽。
746,脓成不溃,,脓成不溃，指痈疽疮疡等化脓性疾病，脓液已形成而日久不能自行溃破之象。临床表现为局部肿势高突，皮色光亮或紫暗，按之应指，但疮口不破，脓液不得外泄。其病机多因气血亏虚，无力托毒外出；或脓毒深伏，正气未复；或外邪壅滞，腠理闭塞所致。
758,呕吐痰涎,,呕吐痰涎指胃气上逆，挟痰浊湿饮从口涌出，症见呕吐黏稠痰液或清稀涎沫，多因脾失健运、痰饮内停于胃所致。
747,脓腐将荆,,脓腐将荆，指疮疡溃后，脓液由稠厚转为稀薄，腐肉渐脱，新肉未生之际，创面脓水渐少，色泽转润，疼痛缓解，疮口边缘收束，有愈合之势。其病机多为正气渐复，毒邪外泄，气血渐充，腐去肌生，属疮疡向愈之佳兆。
763,喷嚏,,喷嚏者，乃肺气失于肃降，反逆而上冲于鼻窍所致，常为外邪束表或内扰于肺之征。
765,皮肤风团色红,,皮肤风团色红，病位在皮肤，病性属血热，系血分热盛，风热搏结于肌表，致腠理开阖失常，发为红色风团。
749,脓水,,脓水，指疮疡溃后或皮损处渗出之稠厚或稀薄液体，色或黄或白，质或稠或清。其形成多因热盛肉腐，酿而成脓；或湿毒下注，浸淫肌肤。临床当辨脓之形质、色泽、气味：稠厚明润者，多为气血充盛，正能胜邪；稀薄清稀或腥秽者，多属气血亏虚，毒滞难化。
770,皮肤潰疡,,皮肤溃疡因脾虚运化失职，湿浊内生，浸淫肌肤，致疮口难敛、肉芽不鲜。
759,呕吐吞酸,,呕吐吞酸，指胃中酸水上泛，随即吐出，或反酸嗳腐之症。病位在胃，病机为胃气失于和降，反逆于上。多因肝郁化火，横逆犯胃，或饮食不节，湿热内蕴，致胃失通降，酸腐随气上逆。临床表现为恶心呕吐酸水、嗳气腐臭、脘胁胀痛、嘈杂灼热，常伴口苦、苔黄腻、脉弦滑等。
773,皮肤青紫,,皮肤青紫因血热炽盛，迫血妄行，溢于皮下所致，常见于温病血分证，伴发热、舌绛等。
772,皮肤黏膜破溃,,皮肤黏膜破溃因脾虚运化失职，气血生化不足，肌腠失养，湿浊下注或外溢所致，表现为疮口难敛、反复发作。
768,皮肤黄染,,皮肤黄染，指目黄、身黄、小便黄，尤以巩膜、皮肤黄染鲜明如橘色为特征。其病位在皮肤，病性属肝经湿热。多因湿热之邪蕴结肝胆，疏泄失司，胆汁不循常道，泛溢肌肤所致。常伴胁肋胀痛、口苦、纳呆、舌红苔黄腻、脉弦滑数等症。
779,皮肤肿痛,,皮肤肿痛，因热毒壅滞肌表，气血凝滞不通，故见局部红肿高起、灼热疼痛，属阳证、实证。
771,皮肤糜烂,,皮肤糜烂，指皮肤因脾虚失运，湿浊内蕴，浸淫肌肤而致表皮缺损、湿烂流滋之症。临床表现为局部皮肤潮红、糜烂、渗液，甚则结痂脱屑，常伴纳呆、便溏、肢体困重。其病机乃脾虚不运，水湿内生，湿性趋下，浸渍皮肉，致腠理不固，皮损糜烂。
780,皮肤紫斑,,热毒炽盛，灼伤脉络，迫血妄行，溢于肌肤所致之皮肤青紫斑点或斑块。
777,皮肤湿疹,,皮肤湿疹，乃湿热蕴结肌肤所致。其症见皮肤潮红、丘疹、水疱，搔破则糜烂渗液，瘙痒难忍，缠绵难愈。病位在肌腠，病性属湿热。多因外感湿热邪气，或嗜食肥甘厚味，脾失健运，湿热内生，浸淫肌肤而成。
783,皮下结块,,皮下结块，乃瘀血阻滞肌肤腠理，气血凝滞不散，结为有形之块，触之可及，或伴刺痛。
775,皮肤色斑,,皮肤色斑，指因血热内蕴，燔灼肌肤，致血溢脉外或气血瘀滞所现之斑。其色多呈鲜红、紫红，或伴灼热、瘙痒，斑片大小不一，压之不褪色，常发于颜面、颈项及四肢。病机为热入营血，迫血妄行，或血热搏结，瘀阻孙络，气血失和而外现于肤。
776,皮肤湿烂,,皮肤湿烂，指皮肤因湿热浸淫而出现的糜烂、渗液之症。临床表现为皮损处潮红、肿胀，继而糜烂、渗出黄色黏稠脂水，或结黄色厚痂，常伴瘙痒、灼热感，甚则浸淫成片。其病机多由外感湿热毒邪，或脾虚湿蕴，郁而化热，湿热互结，壅滞肌肤，腐肉败血所致。
782,皮损呈红斑湿润,,皮损处见红斑、湿润，乃热毒壅滞肌肤，灼伤血络，兼挟湿邪，致湿热相蒸，浸淫糜烂。
785,皮疹表面覆有较厚的银白色鳞屑,,湿热蕴结皮肤，气血凝滞，肤失濡养，致鳞屑堆积如银屑，属白疕之象。
789,疲乏无力,,心气不足，鼓动无力，气血不充，故见疲乏无力，动则尤甚。
787,皮疹为点滴状,,皮疹呈散在、孤立、形如点滴的红色斑丘疹，为热毒蕴结皮肤、迫血外发之象。
784,皮下紫斑,,皮下紫斑，指皮肤出现青紫或暗紫色斑块，压之不褪色，触之不碍手，多无痛痒。其病位在皮肤肌腠，病性属瘀血。多因血行不畅，或离经之血瘀滞皮下所致，常由气虚不摄、血热妄行或外伤络损等因引发，瘀血阻络，血溢脉外而成。
800,脐腹胀痛,,脐腹胀痛，病在脾胃，因肝气郁滞，气机不畅，故见脘腹痞胀、攻撑作痛。
788,皮疹圆形,,皮疹圆形，指皮肤出现边界清晰、形如钱币或环状的斑丘疹。多因湿热蕴结肌肤，郁而不解，熏蒸外发所致。其色多红或暗红，可伴轻微隆起、瘙痒或渗液，常反复发作，缠绵难愈。
801,起坐不利,,起坐不利指患者由坐位起立或由立位坐下时动作艰难、迟缓，多因肝肾亏虚、筋骨失养，致四肢痿弱无力。
802,气闭昏厥,,肺气郁闭，清窍失宣，突发神昏、气息窒塞、牙关紧闭，属气机逆乱之危候。
786,皮疹色鲜红,,皮疹色鲜红，指皮肤出现色泽鲜红之斑疹，多伴灼热、瘙痒或疼痛。其病位在皮肤，病性属热毒。多因外感风热、湿热或内蕴火毒，热入营血，燔灼肌肤，迫血外溢所致。常见于温病发斑、药毒、丹毒等证。
805,气粗,,气粗指呼吸急促、气息粗重，因肺热壅盛，气机不利，肺失清肃所致。
791,脾胃气滞,,脾胃气滞，指脾气虚弱，运化失职，气机壅滞之证。多因饮食劳倦，或思虑伤脾所致。临床常见脘腹胀满，食后尤甚，嗳气频作，纳呆少食，大便溏薄或排便不爽，伴神疲乏力，面色萎黄，舌淡胖苔白腻，脉缓弱。其病机为脾虚不运，气滞中焦，升降失常。
807,气促喘息,,肺热壅盛，宣降失司，气逆于上，故见呼吸急促、张口抬肩之喘息。
815,气滞胃痛,,气滞胃痛指肺气郁滞，宣降失常，致胃脘气机壅塞不通，表现为胀痛、攻窜不定，伴胸闷咳喘。
804,气喘咳嗽,,气喘咳嗽，病位在肺，病性属肾气虚。症见咳喘气短，动则尤甚，呼多吸少，声低息微，甚则张口抬肩，难以平卧。其病机为肾气虚衰，摄纳无权，气不归元，上逆于肺，肺失肃降而致。
821,靑少年远视力下降,,青少年远视力下降，多因肝血不足或肝气郁结，目失所养，以致视物模糊。
817,前额压痛,,前额压痛，多属阳明经气不利，或风热上扰、痰浊阻窍所致，病位在脑，常伴头重、眉棱骨痛等症。
819,浅表脓疱,,浅表脓疱指皮肤表层出现含脓液的小疱，多因湿热蕴结肌肤，熏蒸气血，腐肉成脓所致，常伴红肿、瘙痒或破溃。
812,气逆喘咳,,气逆喘咳，指肺气失于肃降，反以上逆为特征之咳喘。临床表现为咳嗽阵作，气急喘息，咳声高亢，甚则张口抬肩，难以平卧。其病机多由外邪束肺、痰浊阻肺或肝火犯肺，致肺气壅塞，宣降失常，气逆于上而作。
824,轻度烫伤（表皮未破),,轻度烫伤（表皮未破）指火热之邪外袭肌肤，仅伤及皮表，未损及血络，局部焮红灼痛，尚无水泡溃破之候。
811,气逆喘急,,气逆喘急，指肺气失于肃降，反向上冲逆，致呼吸急促、气息壅塞之候。临床以自觉气从下上冲，胸中满闷，张口抬肩，喉中痰鸣或咳逆阵作为特征。其病机多由外邪束表、痰浊内阻、肝火犯肺或肾不纳气，致肺失宣降，气机上逆而发。
828,龋齿疼痛,,肾阴不足，胃热上蒸，循经至齿，致龋蚀作痛。
823,轻度视力下降,,轻度视力下降，多指目视昏渺、视物稍欠清晰，常由肝血不足、肾精亏虚或目络失养所致，病势尚浅，未至翳障。
820,青盲雀目,,青盲雀目，系肝血亏虚，目失濡养所致。症见白昼视物如常，入暮或暗处则视力锐减，甚则不见物，眼珠外观无异常。其病机为肝藏血，开窍于目，肝血虚则目窍失荣，神光衰微，故夜盲而昼明。
826,情志抑郁,,情志抑郁，病位在心，乃肝气郁滞，疏泄失职，致心神不舒，气机不畅之候。
830,全身酸疼,,全身酸疼，病位在肾，多因肾气亏虚、骨髓失充，或肾阳不足、寒湿内侵，致经脉失养、气血不畅而作痛。
831,颧骨部压痛,,颧骨部压痛多指阳明经气不利或热毒上攻，常见于牙痛、鼻渊或面部疔疮等证。
834,热病发烧,,热病发烧，指外感温热邪气所致体温升高、恶热喜冷、脉数苔黄等症，属阳热亢盛之象。
825,情志不畅,,情志不畅，病位在心，病性属肝气郁滞。指因肝失疏泄，气机郁结，心神被扰所致之证。临床表现为精神抑郁、多愁善感、胸胁胀满、善太息，或心烦易怒、失眠多梦，女子可见乳房胀痛、月经不调。其病机多由情志不遂，肝气郁结，气滞不畅，心神失于舒展而发。
832,热痹疼痛,,热痹疼痛，指因热邪壅滞经络关节，或风寒湿邪郁久化热所致之关节红肿灼痛、屈伸不利，常伴发热、口渴、汗出、舌红苔黄、脉数等症。其病机为热毒与湿相搏，痹阻气血，不通则痛。
848,乳房结节,,乳房结节因肝气郁滞，气机不畅，痰凝血瘀结于乳络所致，临床常见经前胀痛、情志抑郁。
835,热病烦渴,,热病烦渴，指肾经热盛所致之口渴引饮、心烦不安之症。多因外感热邪，或热病后期，邪热下陷于肾，耗伤肾阴，肾水不能上济于心，致心火亢盛，故见心烦；肾液被灼，津不上承，故口渴欲饮。临床常伴腰膝酸软、潮热盗汗、舌红少苔、脉细数等肾阴虚热之象。
836,热毒泻痢,,热毒泻痢，系指热毒壅滞肠道，灼伤血络，腐化成脓所致之下利。症见腹痛窘迫，里急后重，下痢赤白脓血，或纯下鲜血，肛门灼热，伴发热口渴，小便短赤，舌红苔黄腻，脉滑数。其病机多因外感湿热疫毒，或饮食不洁，酿生热毒，蕴结大肠，气血凝滞，传导失司而发。
840,热淋证,,热淋证系湿热蕴结下焦，膀胱气化不利所致。临床以小便频数短涩、灼热刺痛、溺色黄赤或混浊、小腹拘急胀痛为主症，常伴口苦咽干、腰痛、舌红苔黄腻、脉滑数。病机为湿热之邪侵及肾与膀胱，致水道不利，气机壅滞，热迫血分则可见尿血。
839,热淋涩痛,,热淋涩痛，指小便频数短涩、滴沥刺痛、欲出未尽、小腹拘急引痛，伴见尿色黄赤或灼热感之证。多由湿热之邪蕴结下焦，膀胱气化不利所致。其病性属实热，病势急迫，常兼见口苦咽干、舌红苔黄腻、脉滑数等湿热内蕴之象。
833,热病发热,,热病发热，指外感六淫、疫疠之邪，或内伤七情、饮食劳倦，致阳热亢盛，正邪交争，体温升高之候。临床表现为身热恶热、面赤口渴、汗出或汗出不畅、烦躁、脉数等。其病机多由邪热壅盛，燔灼气分或营血，或湿热互结，郁而化火，总属阳胜则热之证。
837,热毒血痢,,热毒血痢，指热毒壅滞肠道，灼伤血络所致之下痢脓血。症见腹痛拘急，里急后重，下痢赤白相兼或纯下鲜血，肛门灼热，伴发热口渴、小便短赤、舌红苔黄腻、脉滑数。多因外感湿热疫毒，或过食辛辣厚味，酿生湿热，热毒内迫大肠，气血凝滞，脂膜受损，化为脓血。
850,乳房有块,,乳房有块，因肝气郁滞，气机不畅，血行瘀阻，结于乳络，故成肿块。
844,妊娠漏血,,妊娠漏血，指妊娠期间阴道不时少量下血，或时下时止，淋漓不断，而无腰酸腹痛、小腹坠胀等症。病位在子宫，病性属脾虚。多因孕妇素体脾弱，或饮食劳倦伤脾，致中气不足，统摄无权，冲任不固，血海失藏，故血下漏。临床常见血色淡红质稀，伴神疲乏力、气短懒言、纳少便溏等症。
846,妊娠胎漏,,妊娠胎漏，指妊娠期间阴道不时少量下血，或时下时止，或淋漓不断，但无腰酸腹痛、小腹下坠者。病位在子宫，病性属胎元不固。多因肾虚冲任不固，气血虚弱，或血热、外伤等扰动胎元，致系胎之气血失调，胎失所养而漏下。
858,乳痈初起,,乳痈初起，指热毒壅滞乳房，气血凝滞，局部红肿热痛，尚未成脓之证。
870,瘙痒明显,,风邪外袭，郁于肌表，致腠理开阖失常，气血不和，故见皮肤瘙痒显著，游走不定，遇风尤甚。
867,腮腺炎肿痛,,腮腺炎肿痛指温毒之邪壅结少阳、阳明之络，致腮颊部焮红肿痛，张口困难，多属风温时毒所致。
871,瘙痒难忍,,风邪袭于肌表，腠理开阖失司，卫气郁遏，气血相搏于皮肤，故见瘙痒剧烈、游走不定。
862,乳汁郁积,,乳汁郁积，指乳汁排出不畅，蓄积于乳房之症。多因肝气郁滞，疏泄失职，乳络不畅所致。临床表现为乳房胀硬、疼痛，触之有块，乳汁难出，或伴胸胁胀闷、善太息。若郁久化热，可酿成乳痈。
861,乳汁不下,,乳汁不下，指产后哺乳期内，乳汁甚少或全无，不足以喂养婴儿。其病位在乳房，病性属实证，病机为肝气郁滞。多因产后情志不遂，肝失条达，气机郁结，乳络壅塞，致乳汁运行受阻。临床表现为乳房胀满、疼痛，甚或硬结，伴胸胁胀闷、善太息、情志抑郁等。
859,乳胀痛,,乳胀痛，指乳房部位自觉胀满、疼痛，或触之痛甚，常随情绪波动而增减。其病位在乳房，病性属肝气郁滞。多因情志不遂，肝失条达，气机郁结，阻于乳络，不通则痛。临床可见乳房胀痛、胸闷胁痛、善太息，经前或恼怒加重。
863,乳肿痛,,乳肿痛，指乳房部出现肿胀、疼痛之症。其病位在乳房，病性属肝气郁滞。临床表现为乳房胀痛、刺痛或牵痛，痛处可及肿块，常随情志波动而增减，或伴胸胁胀闷、善太息。其病因病机多由情志不遂，肝失条达，气机郁结，乳络阻滞，不通则痛所致。
865,褥疮肿痛,,褥疮肿痛，系因久卧伤气，气血失于流通，肌肤失养，复因湿热下注或浸渍，蕴结于局部所致。症见疮面红肿高突，焮热疼痛，触之灼手，或伴渗出黄稠脓水，甚则溃烂腐臭。其病机为湿热壅滞，气血瘀阻，肉腐成脓。
884,上下肢 偏身麻木,,上下肢偏身麻木，乃气机郁滞、经络不通所致，表现为半侧或一侧肢体感觉迟钝或失觉，属气血运行不畅之象。
881,伤处瘀肿疼痛,,伤处瘀肿疼痛，指外力致经络受损，血溢脉外，瘀滞局部，气机不畅，故见肿胀、刺痛、皮色青紫。
876,筛状出血明显,,筛状出血明显，指皮肤或黏膜表面出现密集如筛孔状之点状出血，色鲜红或暗红，压之不褪色，多见于下肢或躯干。其病机多因热毒炽盛，迫血妄行，或脾虚气弱，统摄无权，致血溢脉外。临床常见于温病发斑、紫癜等证，需结合全身症状辨治。
873,涩痛,,涩痛（肾、肝阴虚）指排尿时尿道涩滞不畅，伴灼热刺痛之感，多见于淋证。其病机为肝阴亏虚，疏泄失司，气机郁滞，郁而化热，下灼肾与膀胱，致水道不利。临床常伴腰膝酸软、头晕目眩、五心烦热、舌红少苔、脉细数等阴虚内热之象。
887,上肢疼痛,,上肢疼痛因气机郁滞，乃气血运行不畅，经络壅阻，不通则痛，多见于肩臂肘腕。
877,闪腰挫气,,闪腰挫气指腰部因突然不当用力或扭转，致经络气血骤然壅滞、气机逆乱，表现为猝然剧痛、转侧不利，属气滞血瘀之实证。
888,少腹拒按,,少腹拒按指小腹两侧疼痛，触压加剧，多因气滞血瘀，不通则痛，属实证。
885,上消化道出血量多,,胃络损伤，血溢脉外，离经之血随气逆上涌，故见呕血或便血，量多势急，属血热妄行或气虚不摄之危候。
893,少津,,脾虚失运，津液生化不足，致口中干涩、舌苔少润，为气阴两虚之象。
892,少腹坠胀,,少腹坠胀，指小腹部有下坠胀满之感，多因中气下陷、气虚升举无力所致。
894,少寐,,少寐指入睡困难或睡眠浅短，因心火亢盛，扰动心神，致阳不入阴，神不守舍。
899,舌暗红,,舌暗红，主肝经热盛血瘀，热灼血滞，络脉不畅，故见舌色暗红而少津。
890,少腹疼痛,,少腹疼痛，指脐下两侧或少腹部自觉冷痛、拘急或绵绵作痛，得温痛减，遇寒加重，常伴畏寒肢冷、小便清长或不利、舌淡苔白滑、脉沉迟或弦紧。其病机多因寒邪直中厥阴肝经，或阳虚内寒，气血凝滞于少腹所致。
889,少腹冷痛,,少腹冷痛，指下腹部（脐下至耻骨联合部位）自觉寒冷且疼痛，得温则减，遇寒加重的症状。临床多伴喜温喜按、畏寒肢冷、小便清长或妇女经行腹痛、经色暗紫有块。其病机多因寒邪直中少腹，或阳气不足，寒凝肝脉、胞宫，致气血运行涩滞，不通则痛。
907,舌尖边有瘀点,,舌尖边有瘀点，病位在脾，乃脾络瘀阻之征，提示血行不畅，瘀血内停。
906,舌红苔黄腻,,舌红苔黄腻，病位在脾，乃湿热内蕴之象，提示脾失健运，湿热交蒸于舌面。
901,舌部疲斑,,舌部疲斑，乃脾络瘀阻之征，因脾气虚弱，运血无力，致瘀血凝滞舌络，临床可见舌面紫暗瘀点。
902,舌赤,,舌赤而见于脾，乃热邪内蕴，脾经有火之象，主运化失常或湿热内扰。
900,舌边尖有瘀斑,,舌边尖瘀斑，乃脾虚失运，血行不畅，瘀阻舌络之象，提示瘀血内停。
896,少食,,少食指食欲减退，纳食量明显减少，伴食后脘腹痞闷、面色萎黄、形体消瘦、神疲乏力。病位在胃，病机为脾虚失运，胃纳无权。脾虚则运化水谷精微无力，清气不升，浊气不降，胃腑受纳失司，故见纳少。其本在脾虚，其标在胃纳失常，常兼舌淡胖、脉缓弱等象。
908,舌尖红,,舌尖红，病位在脾，因心火旺盛，循经上炎于舌，故见舌尖色红，提示心脾积热，火扰心神。
910,舌糜烂,,舌糜烂，病位在脾，因心火旺盛，循经上炎于舌，致舌体溃烂、疼痛，多伴口疮、心烦。
897,少痰,,少痰，指肺系津液输布失常，痰液生成减少，症见咳唾痰量稀少，或干咳无痰，或痰质黏稠难出。其病机多因肺阴亏虚，虚火灼津，或燥热伤肺，津液耗损，致肺失清润，宣肃不利；亦可见于肺气虚弱，气不化津，津液不布。临床常伴口干咽燥、鼻干、咳声短促等症。
917,舌体肿,,舌体肿而质淡嫩，多因脾虚失运，水湿内停，上泛于舌所致。
912,舌偏红,,舌偏红，病位在脾，乃血热内扰，脾失统摄，热迫血行，可见舌色偏红而少苔。
920,舌有瘀点瘀斑,,舌有瘀点瘀斑，病位在脾，乃脾虚失运，血行不畅，瘀阻舌络之象。
921,舌瘀斑,,舌瘀斑见于脾，乃血瘀之征，多因脾气虚损，运血无力，致血行不畅，瘀阻舌络而成。
916,舌体胖大,,舌体胖大，因脾虚失运，水湿内停，舌体失于充养而浮肿，临床常见齿痕、苔腻，主脾气虚弱或湿浊内盛。
924,舌质淡暗,,舌质淡暗，病位在脾，提示脾气虚弱，运血无力，血行瘀滞，为虚中夹实之象。
923,舌质黯,,舌质黯，病位在脾，乃血瘀之象，提示脾气虚弱，运血无力，血行不畅，瘀阻舌络。
925,舌质红少津,,舌质红少津，病位在脾，病性脾虚，乃脾阴不足、津液不能上承之象，临床常见舌色偏红而干燥少润。
927,舌质有瘀斑,,舌质见瘀斑，病位在脾，乃脾虚失运，血行不畅，瘀阻舌络之象。
926,舌质红少苔,,舌质红少苔，病位在脾，证属脾虚，乃气阴两虚之象，虚火浮越而舌色偏红，津液不布故苔少。
928,舌质紫暗,,舌质紫暗，病位在脾，乃血瘀之象，提示脾气虚弱，运血无力，血行不畅，瘀阻舌络。
918,舌有齿痕,,舌有齿痕，指舌体边缘见牙齿压迫之痕迹，多因脾虚失运，水湿内停，舌体胖大受齿缘挤压所致。临床常见舌质淡胖、边有齿痕，伴纳少腹胀、神疲乏力、大便溏薄等症。其病机核心为脾气虚弱，运化无权，湿浊内生，舌体失于充养而浮胖娇嫩，故见齿痕。
929,舌紫暗,,舌紫暗，病位在脾，乃血瘀之征，提示脾失统摄或运化失常，致血行不畅，瘀阻舌络。
932,身倦,,心肝气虚，气血不荣，肢体失养，故见周身倦怠乏力，动则尤甚。
931,身黄,,身黄因肝经湿热熏蒸，胆汁外溢肌肤所致，症见目黄、身肤黄染如橘色，伴胁痛、小便黄赤。
933,身困重,,身困重，因心肝血虚、脾虚湿盛，湿浊内阻，清阳不升，气机不畅，故肢体沉重倦怠。
936,身瘦,,心肝血虚，脾失健运，气血生化乏源，肌肉失养而致形体消瘦。
934,身目发黄,,身目发黄，因肝经湿热熏蒸肝胆，胆汁泛溢肌肤，病位在心肝，病性属湿热，病势为邪实壅滞。
938,身体倦懒,,心肝气虚，气血不充，肢体失养，故见身体倦怠、懒于动作。
939,身体麻木,,心肝气机郁滞，气血运行不畅，肢体失于濡养，故见身体麻木不仁。
940,身体痩弱,,心肝血虚，脾失健运，气血生化乏源，肌肉失养，故见身体瘦弱。
943,身痛痉挛,,身痛痉挛指肢体疼痛并伴肌肉拘急抽搐，多因阴血亏虚、筋脉失于濡养所致，属虚风内动之象。
960,神志昏迷,,邪热炽盛，内陷心包，蒙蔽清窍，扰乱神明，致神志昏愦不省人事。
953,神倦懒言,,神倦懒言指心脑气虚，神失所养，表现为精神疲惫、言语无力，属虚证。
955,神情呆滞,,神情呆滞，病位在心脑，病性属气虚，系心脑之气不足，神机失养而致反应迟钝、表情淡漠之象。
946,神昏狂躁,,神昏狂躁指邪热炽盛，内陷心包，扰乱神明，致神识昏蒙、躁动不安，病位在心脑，属热扰心神之危候。
930,蛇虫咬伤,,蛇虫咬伤，系指毒蛇、毒虫（如蜈蚣、蝎子、蜂等）螫咬人体所致之局部及全身性损伤。其症多见咬伤处红肿灼痛、麻木或血疱，甚则溃烂坏死；毒邪内攻者，可现头目眩晕、呕恶、心悸、烦躁，乃至神昏、抽搐、二便不通。病机为蛇虫毒邪经创口侵入肌肤，壅滞气血，化热生风，内扰脏腑，重则毒陷心包，阴阳离决。
964,肾区冷痛、,,肾阳不足，失于温煦，寒凝肾府，故见腰部冷痛，喜温喜按，伴畏寒肢冷。
965,声带充血,,声带充血，乃风热犯肺，金鸣失司，肾水不涵，虚火上灼喉窍所致。
945,神昏不语,,神昏不语，指神识昏蒙、呼之不应、言语不出之危候。病位在心脑，病性属热。多因外感温热邪毒，内陷心包，或热极生风，痰火互结，上蒙清窍，致心神失主，脑窍闭塞。临床表现为昏睡不醒，或深度昏迷，对刺激无反应，伴高热、烦躁、谵语、抽搐等。
976,湿热毒邪聚结肌肤,,湿热毒邪蕴结于皮肤腠理，导致红肿、糜烂、渗液或疮疡，多伴瘙痒、灼热感。
961,神志混乱,,神志混乱，指因邪热亢盛，内陷心包或上扰神明，致心脑功能失常所出现之意识障碍。临床表现为神昏谵语、躁扰不宁、甚则昏不知人，或伴高热、烦躁、舌绛、脉数等。其病机乃热毒炽盛，燔灼营血，蒙蔽心窍，扰乱脑神。
980,十二指肠溃疡出血,,胃热炽盛，灼伤胃络，血溢脉外，下注大肠，故见黑便或呕血，伴胃脘灼痛、口干、舌红苔黄。
983,时有隐痛,,时有隐痛，指疼痛不剧、时作时止，多因肝经气血不足、脉络失于濡养，属虚证。
984,食后腹胀拒按,,食后腹胀拒按，指进食后脘腹胀满、按压加重，乃脾气虚弱，运化失职，食滞气阻所致。
973,湿痹拘挛,,湿痹拘挛，指因脾虚失运，湿邪内盛，流注四肢经络，致气血痹阻，筋脉失养所现之证。临床以肢体沉重、关节酸痛、屈伸不利、肌肉拘急挛缩为特征，常伴脘痞纳呆、肢体浮肿、舌淡胖苔白腻、脉濡缓。病机为脾虚湿困，阻遏气机，筋脉失于濡润而挛急。
975,湿疮脓水浸淫,,湿疮脓水浸淫，指皮肤疮疡破溃后，渗出黄稠脓液，浸渍蔓延，周边潮红糜烂，瘙痒灼痛。其病位在肌肤，病性属湿热。多因湿热内蕴，外感毒邪，郁蒸肌肤，气血壅滞，化腐成脓，湿性下趋，热盛肉腐，故见脓水浸淫不已。
979,湿疹瘙痒,,湿疹瘙痒，指湿热蕴结皮肤所致之瘙痒性皮损。临床表现为皮肤潮红、丘疹、水疱，搔破则糜烂渗液，浸淫成片，瘙痒剧烈，反复发作。其病机多因脾失健运，湿邪内蕴，郁而化热，或外感湿热毒邪，湿热相搏，浸淫肌肤，阻滞气血，故痒痛并作。
985,食后胀痛,,食后胀痛，病位在脾胃，病性属脾气虚，指因中气不足、运化无力，致食入不化、气机壅滞，故饭后脘腹胀满疼痛。
982,石淋涩痛,,石淋涩痛，指因膀胱湿热蕴结，煎熬尿液成石，阻滞气机，损伤血络所致。临床以小便涩滞不畅，或排尿突然中断，尿道窘迫疼痛，少腹拘急，或腰腹绞痛难忍，痛引少腹，甚则尿中带血为主要表现。其病机为湿热下注膀胱，尿液受灼凝结成石，砂石阻塞水道，气滞不通则痛。
989,食乳不化,,食乳不化指婴儿或患者食入乳汁后难以消化，出现腹胀、腹泻或乳块不消，多因脾虚运化失职所致。
988,食积胀满,,食积胀满，指因脾虚运化失职，食滞中焦所致之脘腹胀满、按之不减、嗳腐吞酸、厌食呕恶、大便溏薄或酸臭不爽等症。其病机为脾虚不运，谷反为滞，气机壅塞，升降失常。
991,食少不化,,食少不化指饮食减少且食后难以腐熟运化，多因脾虚失运，胃纳减退，致水谷停滞中脘。
987,食积不消,,食积不消，指因脾虚运化失职，饮食停滞于胃腑所致之证。临床表现为脘腹胀满、嗳腐吞酸、纳呆厌食，大便或溏或结，夹有不消化食物，舌苔厚腻，脉滑或弱。其病机乃脾胃虚弱，腐熟及转输水谷之力不足，致食滞中焦，气机壅塞。
998,食滞不化,,食滞不化指脾虚运化失职，饮食停滞于胃脘，症见脘腹胀满、嗳腐吞酸、纳呆便溏。
999,食滞化热,,食积停滞于胃肠，郁而化热，症见脘腹胀满、嗳腐吞酸、口臭或便秘，乃脾虚运化失职所致。
1001,视力减退,,肝肾亏虚，精血不能上荣于目，目失濡养，故见视力减退，视物昏花。
1004,视物不清,,肝经气血阴精亏虚，目窍失于濡养，故见视物模糊、昏花不清。
1000,视觉异常,,肝经失养，目窍不充，故见视物昏花、干涩或目眩等视觉异常之候。
1005,视物昏暗,,肝血不足，目失濡养，故视物昏暗，此乃肝经亏虚之象。
994,食物积滞,,食物积滞，指因脾虚运化失职，饮食入胃后不能及时腐熟输布，停聚中焦所致之证。临床表现为脘腹胀满、嗳腐吞酸、纳呆厌食、大便溏薄或夹不消化食物，舌苔厚腻，脉弱或滑。其病机为脾虚不运，食停胃脘，气机壅滞，升降失常。
992,食少乏力,,食少乏力，指饮食减少、纳谷不馨，伴神疲体倦、四肢无力之症。病位在脾胃，病性属虚。多因饮食劳倦、思虑过度，损伤脾气，致运化失职，水谷精微生化乏源，气血不足，脏腑失养。临床常见食后脘闷、面色萎黄、大便溏薄、舌淡苔白、脉缓弱等象。
993,食少腹胀,,食少腹胀，指饮食减少、纳谷不馨，伴脘腹痞闷胀满、食后尤甚之症。病位在脾胃，病性属虚。多因脾气虚弱，运化失健，水谷不化，气机壅滞所致。临床常见面色萎黄、神疲乏力、大便溏薄等症，舌淡胖、苔白，脉缓弱。
1009,手抽搐,,手抽搐因阴虚不能制阳，肝阳亢逆化风，风动则筋脉挛急，故见肢体抽搐。
1010,手拘挛,,手拘挛指手指或腕部屈曲不伸、难以舒展，多因肝血亏虚、筋脉失于濡养所致。
1016,手足不温,,手足不温，指四肢末端清冷，多因阳气亏虚，温煦失职，气血运行不畅所致。
1017,手足发凉,,手足发凉，乃阳气亏虚，温煦失职，寒凝四肢，气血运行不畅所致。
1012,手术出血,,手术出血后，四肢乏力、创口难敛，乃脾气虚衰，统摄无权，血溢脉外，四肢失于濡养。
1023,双目上吊,,双目上吊，指目睛上翻、不能下视，多因肝肾阴亏、筋脉失养，虚风内动所致。
1018,手足麻木症,,手足麻木症指四肢因气血亏虚、脉络瘀阻或风痰入络，导致肌肤失于濡养而出现感觉减退或异常。
1019,手足瘈疲,,手足瘈疲指四肢筋脉拘急、抽搐或弛缓无力，多因热邪炽盛、耗伤阴液，筋脉失养所致。
1024,双乳痛,,双乳痛因肝气郁滞，气机不畅，循经上逆，致乳络壅塞不通而作痛，病位虽在乳，实与子宫气血失调相关。
1011,手麻木,,手麻木，指患者自觉手部肌肤感觉减退或消失，状如木触，或兼有针刺、蚁行之感。其病位在四肢筋脉，病性属虚，病势为筋脉失养。多因气血亏虚，络脉空虚，或营血不足，血虚生风，致筋脉失于濡养；亦可因气虚推动无力，血行滞涩，或痰瘀阻络，使气血不能荣于四末而发。
1028,睡卧不安,,心火亢盛，内扰心神，致神不守舍，故见入睡困难、辗转反侧、夜寐不宁。
1025,水浆难下,,水浆难下，指胃气虚衰，受纳无权，致水饮稀粥亦难咽下，属胃气败绝之象。
1015,手足不遂,,手足不遂，指四肢痿软无力，或运动失灵、屈伸不利，甚则不能随意活动之症。病位在四肢，病性属虚，病势为四肢失养。其临床表现多见肢体懈惰、抬举困难、握持不固、步履蹒跚。病因病机多由气血亏虚、营卫不充，或肝肾阴虚、筋骨失濡，致经脉失于荣养，机关不利而发。
1021,暑邪发热,,暑邪发热，系夏月感受暑热之邪所致。其热势壮盛，多伴汗出、口渴引饮、心烦、面赤、气粗、脉洪大等症。因暑为阳邪，其性炎热升散，易耗气伤津，故发热常伴汗出而热不解，且易兼夹湿邪，可见身重、胸闷、苔腻等。病机为暑热内炽，燔灼气分，津气两伤。
1034,四肢关节冷痛,,四肢关节冷痛，乃阳虚失温，寒凝经脉，气血痹阻所致，症见关节疼痛、畏寒喜暖、得温痛减。
1038,四肢厥逆,,四肢厥逆指脾气虚衰，阳气不达四末，致手足逆冷，甚则冷过肘膝，常伴神疲乏力、纳少便溏。
1045,四肢酸懒,,四肢酸懒因脾气虚弱，运化失职，气血生化不足，四肢肌肉失于濡养所致。
1033,四肢浮肿,,四肢浮肿，系指水湿泛溢四肢肌肤所致之肿胀，按之凹陷不起，皮色如常，常伴肢体困重、纳呆便溏。其病位在四肢，病性属本虚标实，病机乃脾虚失运，土不制水，湿邪内盛，流注四肢，发为浮肿。
1037,四肢倦乏,,四肢倦乏，指四肢肌肉懈怠无力、动作迟缓、不耐劳作的症状。临床表现为肢体酸软沉重，抬举无力，动则益甚，常伴神疲气短、食少便溏。其病机乃脾气虚弱，运化失司，水谷精微不能输布四肢肌肉，致筋脉失养，故见倦怠乏力。
1039,四肢挛急,,四肢挛急，指四肢筋脉拘急、屈伸不利、甚则抽搐之症。临床表现为手足或肘膝关节处肌肉筋脉紧张，难以自如伸展，常伴疼痛、麻木。其病机多由气血亏虚、津液耗伤，或寒湿侵袭，致筋脉失于濡养，挛缩不舒。
1049,嗖痛,,嗖痛指四肢筋脉掣引、游走性疼痛，因肝经湿热下注，阻滞经络，气血不通所致。
1040,四肢挛痛,,四肢挛痛，指四肢筋脉拘急、牵引作痛，甚则屈伸不利之症。多由营血亏虚、筋脉失于濡养，或寒湿侵袭、气血凝滞所致。临床表现为四肢肌肉、筋脉阵发性或持续性挛缩疼痛，遇寒或劳累加重，得温或按揉稍缓。其病机总属筋脉失养，或虚或实，皆可致挛痛。
1044,四肢酸,,四肢酸因脾气虚，运化失职，水谷精微不达四末，肌肉失养所致，症见肢体酸软乏力，劳则加重。
1056,痰白,,痰白量多，质清稀，属肺寒证，为寒邪客肺或阳虚津凝，肺失宣肃所致。
1048,四肢无力,,四肢无力，指四肢肌肉弛缓、懈怠，运动无力，甚则不能持物、步履艰难。多因脾气虚弱，运化失司，气血生化乏源，四肢肌肉失于濡养所致。临床常伴食少纳呆、腹胀便溏、面色萎黄、神疲懒言等症。
1057,痰白质稀,,肺感寒湿，气不布津，故咳吐白色清稀痰液，多伴畏寒、苔白滑。
1058,痰不易出,,肺热津伤，炼液为痰，痰质黏稠胶着，故咯吐艰涩难出。
1053,胎漏下血,,胎漏下血，指妊娠期间阴道不时少量出血，时下时止，或淋漓不断，但无腰酸腹痛、小腹坠胀等症。病位在子宫，病性属气虚。多因孕妇素体虚弱，或孕后劳倦伤气，气虚冲任不固，胎失所载，血失统摄，故见下血。
1041,四肢麻痹,,四肢麻痹，指患者自觉四肢肌肤麻木不仁、感觉减退或消失，甚则活动不利之症。其病位在四肢筋脉，病性属虚，病势为筋脉失养。多因气血亏虚、营卫不和，或肝肾阴虚、血不荣筋，致筋脉肌肉失于濡养；亦可因风痰瘀血阻络，经气不利而发。临床常伴肢体酸软、无力或拘急。
1054,胎盘不下,,胎盘不下，系指胎儿娩出后，胎盘滞留胞宫，逾时未出之证。病位在子宫，病性属气虚。临床表现为产后胎盘久不下，伴小腹坠胀、按之不痛、恶露量少色淡、神疲乏力、气短懒言。其病机多因产妇素体虚弱，或产程过长，耗伤气血，致中气下陷，无力推送胎盘外出。
1061,痰稠难出,,痰热壅肺，津液被灼，故痰质稠厚、胶着难咯，属肺热实证。
1064,痰多黄稠,,痰多黄稠，乃肺热炽盛，灼津炼液成痰，故见痰色黄、质稠厚，属热邪壅肺之象。
1066,痰多淸稀,,肺气虚损，宣肃失职，津液不化，聚而为饮，故见痰质清稀、量多易咯。
1067,痰多上气,,肾气虚衰，摄纳无权，致肺气上逆，津液不化，聚而成痰，故见痰多、气短而喘。
1068,痰多作喘,,痰多作喘，指因肾气虚衰、失于纳气，致肺气上逆，痰浊壅盛而见喘息、痰多之证。
1065,痰多咳嗽,,痰多咳嗽，病位在肺，病性属肺气虚。症见咳嗽无力，痰液清稀色白、量多易咯，动则咳甚，常伴气短声低、自汗畏风、神疲乏力。其病机为肺气不足，宣肃失司，津液不布，聚湿生痰，上渍于肺而致咳。
1059,痰稠,,痰稠者，指痰液质地黏稠、色多黄或白而胶黏，咯吐不爽，常伴咽干口燥、咳嗽气促。其病位在肺，病性属热，多因外感风热或肺经郁热，灼津炼液成痰；或热邪壅肺，肺失清肃，津液不布，聚而为痰。痰热互结，故见稠浊难咯。
1072,痰黄稠黏,,痰黄稠黏，乃肺热炽盛，灼津炼液成痰，热邪壅肺，肺失清肃之象。
1060,痰稠黄,,痰稠黄，指肺热壅盛，灼津炼液所致之痰质稠厚、色呈深黄之症。临床多见咳吐黄黏痰，或成块难咯，常伴咽痛、口渴、身热、舌红苔黄、脉滑数。其病机多由外感风热或寒郁化热，邪热犯肺，肺失清肃，津液被烁，聚而成痰，故见稠黄之象。
1073,痰黄黏稠,,痰黄黏稠，病位在肺，乃肺热炽盛，灼津炼液成痰，故见痰色黄、质稠黏，属热痰之象。
1071,痰黄稠,,痰黄稠，指肺热壅盛，灼津炼液，痰色黄、质稠厚之候。临床多见咳吐黄稠痰块，或痰中带脓血，伴胸痛、气粗、口渴、舌红苔黄腻、脉滑数。其病机为热邪犯肺，肺失清肃，津液被烁，痰热互结。
1077,痰鸣如吼,,痰鸣如吼，指喉中痰声漉漉、声如拽锯，为肺热壅盛，痰气搏结，气道不利之征。
1076,痰鸣,,肺气虚，宣肃无力，津液不布，聚而为痰，痰阻气道，呼吸时喉中痰声辘辘，谓之痰鸣。
1069,痰核痞块,,痰核痞块，指因肝气郁滞，气机不畅，津液输布失常，聚而成痰，痰气互结于肺，形成大小不一、质地较硬、推之可移或固定不移的结块。临床可见胸胁痞闷、咳嗽痰少、喉中如有炙脔，甚则呼吸不利。其病机为肝郁犯肺，气滞痰凝，日久可兼血瘀。
1085,痰稀,,痰稀色白，量多易出，伴见咳嗽、畏寒，乃寒湿之邪壅滞于肺，肺失宣降所致。
1080,痰热,,痰热壅肺，指肺热炽盛，炼液成痰，痰热互结于肺所致。临床以咳嗽气急、痰黄稠厚或带血、喉中痰鸣、胸胁胀痛、身热口渴、舌红苔黄腻、脉滑数为主要表现。多因外感风热或风寒入里化热，热灼肺津，津聚为痰，痰热阻肺，肺失宣肃而成。
1083,痰少,,痰少，指肺热证中痰液量少而质黏稠，甚则干咳无痰之象。其症多见咳声有力，痰色或黄或白，咯吐不利，常伴咽干口燥、鼻息气热。病机乃热邪壅肺，灼津炼液，致津亏痰凝，肺失清润。
1078,痰黏,,痰黏，指肺热壅盛，津液被灼，炼液为痰，痰质稠厚胶黏，难以咯出之症。临床表现为咳痰量少，色黄或白，质黏如丝，附着喉间，咯吐不爽，常伴咽干口燥、胸中烦热。其病机为热邪犯肺，肺失清肃，气不布津，津凝成痰，热灼痰稠，故见黏滞难出。
1081,痰热喘咳,,痰热喘咳，指肺热炽盛，炼液为痰，痰热壅阻气道，肺失宣肃所致之证。临床以咳嗽气粗，喘息不宁，喉中痰鸣，痰黄稠厚或如脓血，咯吐不爽，胸胁胀痛，身热口渴，舌红苔黄腻，脉滑数为主要表现。其病机多由外感风热入里，或饮食辛辣厚味，内生痰热，上干于肺，肺气逆而不降。
1084,痰盛,,痰盛（肺热证）指肺热炽盛，灼津炼液为痰，壅阻气道所致。临床以咳嗽气急、痰黄稠黏或如脓块、咯吐不爽、喉中痰鸣、胸胁胀痛、身热口渴、舌红苔黄腻、脉滑数为特征。其病机多因外感风热入里，或嗜食辛辣厚味，致热邪犯肺，肺失清肃，津液煎熬成痰。
1095,疼痛夜甚,,疼痛夜甚，因阳虚失温，阴寒内盛，夜间阴气更重，阳气愈衰，故疼痛加剧。
1097,体乏无力,,脾气虚则运化失职，气血生化不足，四肢肌肉失养，故见体乏无力。
1086,痰涎壅盛,,痰涎壅盛，指肺失宣肃，津液凝聚成痰，痰湿壅滞于肺所致之证候。临床表现为咳嗽痰多，痰质稠厚或如泡沫，易于咯出，喉中痰鸣，胸闷气促，甚则喘息不得卧。其病机多因外感寒湿、饮食不节或脾虚生痰，上渍于肺，肺气不利，痰随气升而壅盛。
1089,痰饮咳喘,,痰饮咳喘，指因肺失宣肃，津液停聚成痰成饮，壅塞气道，致肺气上逆所引发之咳喘。临床以咳嗽痰多、色白清稀或呈泡沫状、喉中痰鸣、胸闷气促、甚则喘息不得平卧为特征。其病机多由脾肾阳虚，水湿内停，上渍于肺，或外感寒湿，引动伏饮，肺气郁闭，升降失常所致。
1093,痰浊黄稠,,痰浊黄稠，指肺热壅盛，灼津炼液成痰，痰质稠厚色黄，咯吐不爽之症。临床多见咳嗽气急，痰黄如脓或结块，伴发热、口渴、咽痛、舌红苔黄腻、脉滑数。其病机为热邪犯肺，肺失清肃，津液被灼，炼液为痰，痰热互结，壅阻气道所致。
1099,体疲,,脾气虚则运化无权，气血生化不足，四肢肌肉失养，故见周身倦怠乏力、不耐劳作之体疲。
1090,痰壅,,痰壅，指肺气郁滞，津液凝聚成痰，壅塞气道之证。临床以咳嗽痰多、质稠易咯或喉中痰鸣、呼吸急促、胸膈痞闷、甚则张口抬肩、不能平卧为主症。其病因多由外感六淫、内伤七情或饮食劳倦，致肺失宣肃，气机不利，津停为痰，痰随气升，壅塞肺窍。
1096,体乏,,体乏，指肢体懈惰、神疲无力之症，病位在脾，病性属脾气虚。多因饮食不节、劳倦过度或思虑伤脾，致中气不足，运化无权，气血生化乏源，四肢肌肉失于充养。临床表现为周身困倦，少气懒言，食少腹胀，大便溏薄，面色萎黄，舌淡胖边有齿痕，脉缓弱。
1098,体倦,,体倦，指肢体懈惰、神疲乏力、不耐劳作的症状，病位在脾，病性属脾气虚。多因饮食不节、思虑过度或久病耗伤，致中气不足，运化失司，清阳不升，四肢肌肉失于濡养。临床表现为周身困重、少气懒言、食后尤甚，常伴纳呆腹胀、大便溏薄、面色萎黄。
1107,涕中带血,,肺热上灼鼻窍，迫血妄行，故见涕中夹血，多伴鼻燥咽干。
1100,体弱,,体弱（脾气虚）指因饮食劳倦、思虑过度或久病耗伤，致脾气不足，运化失健，气血生化乏源。临床表现为神疲乏力，少气懒言，面色萎黄，食少纳呆，腹胀便溏，或见形体消瘦、肌肉松软。病机为脾气虚弱，升清降浊无权，四肢肌肉失于充养。
1109,听衰,,听衰指听觉减退，因肝肾精血亏虚，耳窍失养所致，常见于老年或久病者。
1105,体虛,,肝肾亏虚指肝肾阴精或阳气不足，临床可见腰膝酸软、头晕目眩、耳鸣、遗精、月经不调等，多因久病劳损或年老体衰所致。
1106,涕黄稠,,涕黄稠，为肺热炽盛，熏灼津液，致鼻窍分泌物色黄质稠，常见于风热犯肺或痰热壅肺之证。
1103,体虚乏力,,体虚乏力，病位在脾，病性属脾气虚。指因脾气不足，运化失职，气血生化乏源，四肢肌肉失于充养所致之证。临床表现为神疲懒言，肢体倦怠，气短声低，食少纳呆，食后腹胀，大便溏薄，面色萎黄，舌淡苔白，脉缓弱。
1102,体虚多汗,,体虚多汗，因脾气虚弱，中气不足，卫外不固，津液外泄所致。症见自汗频作，动则尤甚，伴神疲乏力，气短懒言，纳少腹胀，面色萎黄，舌淡胖边有齿痕，苔薄白，脉缓弱。其病机为脾虚失运，气血生化乏源，肌腠疏松，玄府不密，故汗出不止。
1104,体虚欲脱,,体虚欲脱，指心肾阴阳气血极度耗伤，肝肾亏虚，真气不固，有阴阳离决之势。临床表现为神昏气短，汗出如油，四肢厥冷，脉微欲绝，或伴面色苍白、二便失禁。其病机多因久病重病，耗竭肝肾精血，心肾失养，虚阳浮越，终致元气欲脱。
1115,痛处拒按,,痛处拒按指按压时疼痛加剧，多因瘀血阻滞经络，气血不通，属实证，提示病性为血瘀。
1121,头部剌痛,,头部刺痛，固定不移，多因瘀血阻滞脑络，气血不通所致，属血瘀证。
1122,头部胀痛,,头部胀痛属气虚，乃清阳不升、浊阴不降，头窍失养而胀闷作痛，劳则加重。
1118,痛甚,,痛势剧烈，多因寒邪凝滞经脉，气血不通所致，其痛常伴拘急、得温稍减之象。
1123,头发早白,,头发早白，病位在心肾，病性属肝肾亏虚，指精血不足、心肾不交，发失濡养而早白。
1125,头剌痛,,头剌痛如锥如刺，痛处固定不移，乃瘀血阻络，血行不畅，不通则痛之象。
1111,停乳,,停乳，指哺乳期乳汁分泌骤然减少或停止，乳房胀硬、疼痛，甚则结块，伴胸胁胀满、善太息、情志抑郁或烦躁易怒。其病位在乳房，病性属肝气郁滞。多因情志不遂，肝失条达，气机不畅，乳络壅塞，致乳汁运行受阻而停。
1126,头面部神经痛,,头面部神经痛属经脉失养，系气血亏虚或津液不足，致经络濡润失常，虚风内动而作痛。
1127,头面疼痛,,头面疼痛因经脉失养所致，多由气血亏虚或津液不足，致经络失于濡润，不荣则痛。
1134,头痛日久,,头痛日久，气血亏虚，清阳不升，脑窍失养，故见隐痛绵绵、遇劳加重。
1114,痛,,痛属寒证、虚证者，其痛势绵绵，或拘急收引，得温则减，遇寒加剧。临床多见隐痛、冷痛、空痛，喜按喜暖，伴形寒肢冷、神疲乏力、面色㿠白、气短声微。病机乃阳气亏虚，脏腑经络失于温煦，或寒邪内侵，凝滞气血，不通则痛；虚则不荣，不荣亦痛。
1132,头疼痛,,头疼痛因湿热瘀滞所致，乃湿热之邪壅阻头部经络，气血运行不畅，瘀滞不通而痛。
1131,头身困重,,头身困重，系湿热瘀滞于头身，气机受阻，清阳不升，浊阴不降，故见头重如裹、肢体酸沉不爽。
1120,头部疖肿,,头部疖肿，系指生于头部的疖疮肿毒，多因风热毒邪上攻，或湿热内蕴，郁于肌肤所致。症见头皮局部红肿热痛，根脚浅显，突起如粟，或成脓溃破，脓出则愈。其病位在头，病性属热，病势急骤，易反复发作。
1129,头皮光亮,,头皮光亮，乃湿热上蒸，瘀滞毛窍，致脂溢分泌亢盛，发根失养，故见头皮油亮如涂脂。
1135,头痛如裹,,头痛如裹，指寒湿之邪困遏清阳，头部沉重如布帛包裹，伴见昏蒙、肢体酸困之象。
1128,头目不清,,头目不清，系因冲气上逆，浊阴不降，清阳被扰所致。症见头部昏蒙不爽，视物模糊或眼前发花，伴头晕、耳鸣、胸闷，甚则面赤心烦。其病机多由肝肾阴亏，冲脉之气失于涵养，挟痰浊或虚火上冲，壅滞清窍。
1149,吐痰清稀,,吐痰清稀，色白易咯，乃寒湿之邪侵及肺脏，肺失宣肃，津液不化，聚而为痰。
1148,吐痰,,肺失宣肃，津液不布，聚湿成痰，随气逆而咳吐黏腻痰涎，多伴胸闷脘痞。
1153,腿疲软,,腿疲软，指下肢痿弱无力，多因肝肾精血亏虚，筋骨失于濡养所致。
1139,头痈,,头痈因肝经郁热上攻，致头部生疮肿痛，红肿焮热，甚则化脓，属阳证热毒壅滞。
1147,吐衄,,吐衄，指血从口而出，或吐血，或鼻衄，甚则二者并见。病位在肺，因肺热炽盛，灼伤血络，迫血妄行所致。临床多见血色鲜红，伴咳嗽气促、胸胁胀痛、口干咽燥、舌红苔黄、脉滑数等症。
1136,头项强,,头项强，指头颈部经脉失于濡养，致肌肉筋脉拘急不舒，表现为颈项部僵硬、俯仰转侧不利，甚则连及后枕及肩背。其病机多因气血亏虚、津液不足，或年老肝肾精亏，致太阳、督脉经气不利；亦可因风寒湿邪外袭，阻滞经络，日久耗伤营血，筋脉失养而强急。
1137,头项痛,,头项痛，指头部及颈项部疼痛之症。其痛多表现为隐痛、空痛或酸痛，常伴颈项僵硬、转动不利，劳累或久病后加重。病位在头项，病性属虚，病机为气血亏虚或肝肾阴亏，致经脉失于濡养，不荣则痛。
1154,腿疲痛,,腿疲痛，指下肢酸软乏力伴疼痛，多因肝肾精血不足，筋骨失养所致。
1155,腿软,,腿软因肝肾亏虚，筋骨失养，表现为下肢痿弱无力，行走不稳，属虚证。
1156,腿疼痛，重者痛剧不能转侧,,腿疼痛、重着难移，乃肝肾精血亏虚，筋骨失养，寒湿内侵，痹阻经脉所致。
1146,吐脓,,吐脓，指肺中热毒壅盛，血肉腐败，化而为脓，随咳嗽咯吐而出。其脓色多黄稠腥臭，或如米粥，常伴胸痛、发热、口干、舌红苔黄腻、脉滑数。病机为热邪犯肺，灼津炼液，瘀热互结，酿成痈脓。
1151,吐泻腹痛,,吐泻腹痛，指胃失和降、脾失健运，清浊相干，气机逆乱所致之呕吐、泄泻与腹部疼痛并见之候。临床表现为脘腹疼痛阵作，恶心呕吐，泻下稀水或黏秽，肠鸣漉漉。病机多由外感秽浊、内伤饮食，或寒湿暑热直犯中焦，致升降枢机壅滞，气机痞塞，传导失司。
1163,外伤发炎,,外伤发炎指皮肉破损后，邪毒外侵，局部气血瘀滞、化热成痈，症见红肿热痛或溃脓，属中医“痈疽”范畴。
1169,脘腹刺痛,,脘腹刺痛，固定不移，乃瘀血阻于脾胃之络，气血不通所致。
1164,外伤红肿,,外伤红肿指外力损伤后，局部气血瘀滞、经络受阻，郁而化热，表现为皮色赤红、肿胀焮痛之证。
1162,椭圆形红斑,,椭圆形红斑，指皮肤出现边界清晰、形似椭圆之红色斑片，压之可褪色或否，常伴轻微瘙痒或无自觉症状。多因风热外袭，郁于肌腠；或湿热内蕴，熏蒸皮肤；或血热妄行，溢于脉络所致。其形椭圆者，乃邪气结聚，气血壅滞于局部之象。
1170,脘腹冷,,脘腹冷，指自觉胃脘及腹部寒冷，喜温喜按，得热则减，遇寒加重的症状。多因脾胃阳气虚衰，寒从中生，或外寒直中脾胃，致中焦失于温煦，气机凝滞。临床常伴纳呆、便溏、口淡不渴、舌淡苔白、脉沉迟等虚寒之象。
1179,脘腹胀闷,,脘腹胀闷，指胃脘及腹部胀满痞塞、闷滞不舒之感。多因肝气郁结，横逆犯胃，致中焦气机壅滞，脾胃升降失司。临床常伴嗳气频作、胁肋胀痛、纳呆食少，其胀闷随情志波动而增减。
1182,脘闷不舒,,脘闷不舒指胃脘部痞塞胀满、气机不畅之感，因肝气横逆犯胃，致胃失和降，气滞于中。
1165,外伤破溃,,外伤破溃，指因外力损伤（如跌扑、金刃、撞击等）导致皮肉筋骨受损，局部皮肤或黏膜完整性遭到破坏，出现裂口、破损或溃烂之症。临床表现为创口疼痛、出血或渗液，甚则筋肉暴露。其病机为外力直接伤及皮肉脉络，气血瘀滞，营卫失和，若染毒邪，可致红肿热痛或化脓溃烂。
1176,脘腹胁痛,,脘腹胁痛，指胃脘、腹部及两胁部位胀痛或窜痛，痛无定处，常随情志波动而增减。病位在脾胃，病性属肝气郁滞。多因情志不遂，肝失条达，横逆犯脾，致中焦气机壅滞，不通则痛。临床常伴胸闷太息、嗳气纳呆、脉弦等症。
1186,脘胁疼痛,,肝气郁滞，横逆犯胃，致中焦气机不畅，故见脘胁胀痛，痛连两胁。
1172,脘腹痞满,,脘腹痞满，指自觉胃脘及腹部痞塞胀满，按之柔软、不痛，触之无形。病位在脾胃，病性属脾气虚。多因饮食劳倦、思虑过度，损伤脾气，运化失司，中焦气机升降不利，清阳不升、浊阴不降，壅滞于中而致。临床常伴纳呆、食后胀甚、神疲乏力、大便溏薄等症。
1181,脘闷,,脘闷，指自觉胃脘部痞塞满闷、堵塞不舒之感，常伴嗳气、纳呆、胸胁胀痛。其病位在脾胃，病机为肝气郁结，横逆犯胃，致胃气壅滞，升降失司。多因情志不遂、恼怒忧思诱发，气机不畅则闷塞作矣。
1184,脘痞不饥,,脘痞不饥，指胃脘部痞塞胀满，虽饥而不欲食之症。多因胃阴亏虚，津液不足，失于濡润，纳化失司所致。临床常伴口干咽燥、大便干结、舌红少苔、脉细数等阴虚内热之象。
1189,微渴,,肾经郁热，津液未至大伤，故仅见轻微口渴，饮水不多，属肾热轻证。
1195,胃肠术后腹胀,,胃肠术后腹胀，系因脾胃虚弱，运化失职，气机壅滞于中焦所致。
1188,微恶风寒,,微恶风寒指轻微怕冷怕风，因肺卫不固、腠理疏松，风寒之邪易侵，脾胃虚弱则卫气生化不足，故见恶风恶寒。
1201,胃溃疡出血、十二指肠溃疡出血,,脾气虚损，统摄无权，致胃肠脉络失固，血溢脉外，发为溃疡出血。
1196,胃肠衰弱,,胃肠衰弱指脾胃运化失职，纳运无力，临床常见食少腹胀、大便溏薄、肢体倦怠，属脾胃气虚之证。
1194,胃肠积热,,胃肠积热指邪热壅滞胃肠，致腐熟传导失职，症见脘腹胀满、便秘或泻下秽臭、口干口臭等，多因饮食不节、脾胃虚弱运化不及所致。
1185,脘痞呕吐,,脘痞呕吐，指胃脘部痞塞胀满，伴见恶心呕吐之症。病位在脾胃，病机为脾胃升降失司，胃气壅滞，失于和降，反逆于上。临床表现为脘腹痞闷不舒，食入尤甚，呕吐酸腐或清水痰涎，嗳气频作，纳呆便溏。多因饮食不节、情志失调或外邪犯胃，致中焦气机阻滞，胃气上逆而发。
1206,胃痛绵绵,,胃痛绵绵指胃脘部隐隐作痛、持续不休，因胃气虚，运化无力，失于温养所致。
1205,胃痛拘急,,胃痛拘急，指脾阳亏虚，寒凝中焦，胃络失于温煦而致胃脘部挛急作痛，得温稍缓。
1187,脘胁胀痛,,脘胁胀痛，指胃脘部与两侧胁肋部同时出现胀满、疼痛之症。多因情志不遂，肝气郁结，横逆犯胃，致胃失和降，气机阻滞。临床表现为脘胁胀闷或走窜作痛，每因情志波动而加重，伴嗳气、善太息、纳呆，脉弦。病位在脾胃，病性属肝气犯胃，气机壅滞。
1210,胃脘嘈杂,,胃脘嘈杂指胃中空虚，似饥非饥，似辣非辣，难以名状的不适感，多因胃气虚弱，虚热内扰所致。
1207,胃痛隐隐,,胃痛隐隐，乃胃阴亏虚，失于濡润，虚热内扰所致，其痛势缓而绵绵不休，常伴口干、饥不欲食。
1209,胃脘不舒,,胃脘不舒指胃气虚弱，受纳运化失职，致胃脘部痞闷、胀满或隐痛，食后尤甚，伴纳呆、乏力等症。
1211,胃脘嘈杂不适,,胃脘部似饥非饥、似痛非痛、灼热不舒，乃胃气虚弱，运化失职，虚热内扰所致。
1213,胃脘剌痛,,胃脘刺痛，固定不移，拒按，乃瘀血停滞胃腑，脉络不通所致。
1212,胃脘刺痛,,胃脘刺痛，固定不移，拒按，多因瘀血内停，阻滞胃络所致，属血瘀证。
1217,胃脘痞闷,,胃脘痞闷指中焦气机壅滞，自觉心下痞塞满闷不舒，因脾气虚弱，运化失职，清气不升，浊阴不降所致。
1219,胃脘烧灼感,,胃脘烧灼感，指胃脘部灼热如焚，多因胃热炽盛，火邪上炎所致，常伴口干、吞酸。
1218,胃脘痞塞,,胃脘痞塞指中焦气机不畅，自觉心下至脐上部位痞闷堵塞，因脾气虚弱，运化失司，升降失常所致。
1215,胃脘挛痛,,胃脘挛痛，指胃脘部拘急挛缩、疼痛阵作，痛势较剧，喜温喜按，得热痛减，伴纳呆、脘腹冷感、大便溏薄。病位在肠胃，病性属脾胃阳虚。多因中阳不足，寒邪内生或外侵，寒凝气滞，胃络失于温煦，收引拘急而痛。
1227,胃中灼热,,胃中灼热，即胃脘部有烧灼感，多因胃火亢盛或阴虚内热，致胃气失和，热邪熏蒸于中焦。
1216,胃脘痞满,,胃脘痞满，指自觉心下（胃脘部）痞塞胀满、触之无形、按之柔软不痛之症。病位在肠胃，病性属脾气虚。多因饮食劳倦、思虑过度，损伤脾气，运化失职，中焦气机升降失常，清阳不升、浊阴不降，壅滞心下所致。临床常伴纳呆、食后腹胀、神疲乏力、大便溏薄等症。
1220,胃脘疼痛,,胃脘疼痛，指胃脘部灼热疼痛，痛势急迫，伴口渴喜冷饮、口臭、牙龈肿痛、大便干结或秘结、小便短黄，舌红苔黄，脉滑数。多因过食辛辣厚味，或情志郁结化火，致胃热炽盛，壅滞气机，不通则痛。
1231,无名肿痛,,无名肿痛，指体表局部无明确原因而突发红肿热痛，多由热毒壅滞、气血凝滞所致，属阳证、实证。
1222,胃脘胀满,,胃脘胀满，指胃脘部自觉痞塞胀闷、触之无形、按之不痛的症状。病位在肠胃，病性属胃气郁滞。多因饮食不节、情志不畅或外邪犯胃，致胃气壅滞，失于和降，气机不畅所致。临床常伴嗳气、纳呆、食后尤甚，甚则胸胁不舒。
1226,胃胀满,,胃胀满，指自觉胃脘部痞塞胀满，按之不硬，触之无形，常伴纳呆、嗳气、食后加重等症。其病位在肠胃，病性属胃气郁滞。多因饮食不节、情志不畅或外邪犯胃，致胃失和降，气机壅滞，不通则胀。
1232,无乳,,无乳因脾胃气虚，气血生化不足，乳汁化源匮乏所致，临床表现为产后乳汁甚少或全无，乳房柔软无胀感。
1233,五更溏泻,,五更溏泻指黎明前腹痛肠鸣，急迫泄泻，泻后痛减，因肾阳不足，命门火衰，不能温煦脾土所致。
1229,瘟疫发热,,瘟疫发热，系感受疫疠毒邪所致，病性属热毒。临床表现为起病急骤，壮热持续，或寒战高热，伴头痛如劈、身痛如杖、烦躁口渴、舌红绛苔黄燥、脉洪数。其病机为疫毒内侵，充斥表里，燔灼气血，正邪剧争，热势鸱张。
1237,膝部痿软,,膝部痿软指膝关节无力、难以支撑体重，多因肾精亏虚、骨髓失充所致，临床常见于腰膝酸软、步履艰难之证。
1238,膝软乏力,,膝软乏力，指肾虚精亏，骨髓失充，筋骨失养，致双膝酸软无力、不耐久行之证。
1243,下痢臭秽,,下痢臭秽指大便稀薄、次数增多，且气味腐臭秽浊，多因大肠湿热蕴结，腐熟传导失司所致。
1240,喜暖,,喜暖指患者自觉畏寒喜近温热，得暖则舒，多因肾阳虚衰，温煦失职，虚寒内生所致。
1248,下肢沉重,,下肢沉重，多因肾虚水湿不化，湿浊下注，致筋脉失养，故觉重滞难举。
1250,下肢痿软,,下肢痿软，指双下肢筋脉弛缓、软弱无力，甚则肌肉萎缩，步履艰难，多因肝肾精血亏虚，筋骨失养所致。
1251,下肢痿弱,,下肢痿弱指肝肾精血亏虚，筋骨失养，致双足软弱无力、肌肉萎缩，行动迟缓或废用。
1244,下痢脓血,,下痢脓血指大便中混杂脓血黏液，伴腹痛、里急后重，系大肠热毒壅滞，灼伤肠络，气血腐败所致。
1239,膝酸痛,,膝酸痛，指膝关节酸软无力、隐隐作痛，常伴屈伸不利、喜按喜温，遇劳加重、得卧稍减。其病位在膝，病性属虚，病势多缓。病因病机多由肾精亏虚，骨髓失充，筋骨失养所致，或兼肝肾阴虚、气血不足，虚风内扰而痛。
1249,下肢浮肿,,下肢浮肿，系肾阳虚衰，气化失司，水湿内停所致。症见双足、小腿乃至大腿按之凹陷不起，皮色光亮，晨轻暮重，常伴腰膝酸冷、畏寒肢凉、小便短少。其病机为命门火衰，不能温煦脾土，膀胱气化无权，水溢肌肤而成。
1247,下元虚冷,,下元虚冷，指肾阳虚衰，温煦失职，致下焦阴寒内盛之证。病位在肾，病性属虚寒。临床常见腰膝酸软冷痛、畏寒肢冷、小腹拘急、小便清长或频数、夜尿增多、男子阳痿精冷、女子带下清稀或宫寒不孕，舌淡胖苔白滑，脉沉迟无力。多由久病伤肾、房劳过度或年老肾亏，命门火衰，温煦无权所致。
1253,夏令中恶昏厥,,夏令中恶昏厥，指暑热之邪骤侵，蒙蔽清窍，致神机逆乱，猝然昏仆、不省人事之危候。
1254,项背强急不舒,,项背强急不舒指颈项与背部肌肉筋脉拘急、僵硬、活动不利，多因风寒外束或津血亏虚致太阳经脉失于濡养。
1245,下气甚痛,,下气甚痛，指气机壅滞于大肠，致腹中气聚攻冲、下迫作痛之症。其痛多呈胀痛或绞痛，痛处游走不定，常伴肠鸣、矢气频作，得矢气则痛减。病机系大肠气机郁滞，通降失司，气聚不散，甚则逆乱攻冲所致。
1266,小便不爽,,肾虚气化失司，膀胱开阖不利，故小便排出不畅、点滴不爽，属本虚标实之候。
1261,消痩,,脾气虚弱，运化失职，水谷精微不能输布濡养肌肉，故见形体日渐消痩。
1256,项背强直,,项背强直指颈项与背部筋肉僵硬、拘急不舒，活动受限，多因外邪束表或津血亏虚致经脉失于濡养。
1269,小便滴沥不净,,肾阳虚衰，气化失司，膀胱开阖不利，故小便频数而滴沥不尽。
1255,项背强痛,,项背强痛，指颈项及背部肌肉僵硬、拘急不舒，甚则活动受限、疼痛拒按之症。病位在项背，属太阳经与督脉所过。其病机多因风寒外束，太阳经气不利，或久病劳损，气血亏虚，经脉失于濡养，致筋脉挛急。临床常伴恶寒发热、转侧不利等。
1274,小便黄少,,小便黄少，因膀胱湿热熏灼，致尿液浓缩、排出不畅，色深量减，常伴尿道灼痛。
1272,小便黄,,小便黄，因膀胱湿热下注，致气化不利，湿热熏蒸，故尿色深黄而短赤。
1264,小便白浊,,小便白浊，指尿液浑浊如米泔或脂膏，排尿时无涩痛。病位在膀胱，病性属肾虚。多因肾气亏虚，封藏失职，脂液下流所致。临床常伴腰膝酸软、头晕耳鸣、神疲乏力等症。
1278,小便频急,,肾虚气化失司，膀胱约束无权，故见小便频数、急迫难忍。
1276,小便淋漓不尽,,膀胱湿热阻滞，气化失司，致小便频数涩痛、点滴难尽，属湿热下注之实证。
1263,魈血,,魈血，指肌肤出现青紫斑点或斑块，压之不褪色，且伴有神志恍惚、惊悸不安、妄见妄闻等精神异常表现之证候。多因热入营血，迫血妄行，或气虚不摄，血溢脉外，瘀阻心窍，神明被扰所致。其病机关键在血溢与神乱并见，临床需与单纯肌衄、发斑相鉴别。
1271,小便短少,,小便短少，指排尿量少、次数减少，甚则点滴而出。病位在膀胱，病性属肾阳虚衰。其临床表现：小便清长或短少，排尿无力，伴畏寒肢冷、腰膝酸软、神疲乏力。病机为肾阳不足，气化失司，膀胱开阖不利，水液不得正常输布与排泄。
1282,小便热,,小便热指排尿时尿道灼热感，系膀胱湿热蕴结，气化不利，热邪下迫所致。
1286,小儿多汗,,小儿多汗，病位在肾，病性属气虚，乃肾气不足，固摄失司，致津液外泄而汗出异常。
1280,小便频数短涩,,小便频数短涩，指排尿次数增多，每次尿量少而排出不畅，伴有尿道灼热涩痛之感。其病位在膀胱，病性属湿热。多因外感湿热之邪，或饮食不节，酿生湿热，下注膀胱，致膀胱气化不利，水道不通。临床常伴小便黄赤、小腹拘急或胀满，舌红苔黄腻，脉滑数。
1277,小便淋浊,,小便淋浊，指排尿时尿道涩痛，尿液混浊如米泔或夹有凝块，甚则点滴不畅。病位在膀胱，病性属湿热。多因外感湿热或饮食不节，酿生湿热，下注膀胱，气化不利，清浊不分所致。临床常伴小便频数、短赤、灼热，或小腹拘急。
1291,小儿积滞化热,,小儿脾胃虚弱，乳食停聚中焦，郁而化热，症见腹胀、纳呆、手足心热、夜卧不宁。
1285,小儿顿咳,,小儿顿咳，系肺气虚损，肃降无权，气逆不降所致。症见咳嗽阵作，咳声无力，痰液清稀，咳甚则气短汗出，神疲面白，纳呆便溏。病机为久咳耗伤肺气，宣肃失司，气机壅滞，发为顿咳。
1284,小便痛,,小便痛，指排尿时尿道及少腹急迫疼痛，或灼热涩痛。病位在膀胱，病性属湿热。多因外感湿热，或饮食不节，酿生湿热，下注膀胱，气化不利，水道涩滞所致。临床常伴小便频数短赤、淋漓不畅、小腹拘急，甚则尿血。
1290,小儿行迟,,小儿行迟，指小儿周岁以上，甚至二至三岁仍不能独立行走之证候。其病位在肾，病性属肝肾亏虚。临床表现为筋骨痿软，站立不稳，行步艰难，常伴齿发生迟、囟门不合。病机乃先天禀赋不足，肝肾精血亏虚，筋骨失于濡养，致发育迟缓。
1293,小儿急热惊风,,小儿急热惊风，指脾胃积热引动肝火，风火相煽，突发高热抽搐、神昏目窜之证。
1296,小腹拘急,,小腹拘急，指脾胃虚弱，中气下陷，筋脉失养而致小腹牵引、紧缩不舒之感。
1295,小儿饮食积滞,,小儿饮食积滞，因脾胃虚弱，运化失职，致乳食停聚不化，症见脘腹胀满、嗳腐吞酸、纳呆便溏。
1287,小儿疳积发热,,小儿疳积发热，指因脾气虚弱，运化失职，乳食积滞，蕴而生热所致之证。多见于疳证患儿，症见形体羸瘦，面色萎黄，脘腹胀满，纳呆食少，手足心热，午后发热，夜卧不宁，大便溏薄或完谷不化。其病机为脾虚不运，积滞内停，郁而化热，属本虚标实之候。
1294,小儿秋季腹泻,,小儿秋季腹泻，乃脾胃湿热内蕴，升降失司，清浊不分，致大便稀溏、色黄臭秽、肛门灼热，多发于秋令。
1298,小腹两侧胀痛,,小腹两侧胀痛，病位在子宫，因肝气郁滞，气机不畅，故见胀痛，常伴胸胁不舒、情志抑郁。
1292,小儿急惊,,小儿急惊，指因肝热炽盛，内扰于心，引动肝风所致之证。临床以骤然高热、神昏抽搐、两目上视、牙关紧闭、颈项强直、四肢痉挛为主要表现。其病机多由外感时邪，郁而化热，热极生风，风火相煽，上扰心神，横窜筋脉，故见惊厥之象。
1302,小腹喜热,,小腹喜热指患者小腹部得温热则舒，因胞宫阳虚、寒凝胞脉，故喜温喜按以助阳气散寒。
1303,小腹下坠,,小腹下坠，指子宫因气虚升举无力而下垂，自觉小腹有沉重下坠之感，常伴乏力、气短等症。
1304,小腹隐痛,,小腹隐痛，病位在子宫，因阳虚失煦，胞宫寒凝，故见绵绵作痛、喜温喜按。
1307,小腹坠痛,,小腹坠痛因中气虚陷，升举无力，致子宫失于固摄，表现为小腹下坠感伴隐痛，劳则加重。
1311,胁肋部疼痛,,胁肋疼痛虽病位在心肺，然其病性为肝气郁滞，乃肝失疏泄、气机不畅，横逆犯于胸胁所致。
1312,胁肋刺痛,,胁肋刺痛，病位在心肺，乃瘀血阻滞经络，气血不通所致，临床表现为刺痛固定不移，入夜尤甚。
1319,泄泻急迫,,泄泻急迫，指大便倾泻而下、势不可遏，病在大肠，因脾虚失运、湿浊下注所致。
1314,胁肋隐痛,,胁肋隐痛，乃肝阴不足，脉络失养所致，其痛绵绵，病位虽涉心肺，实责在肝之阴血亏虚。
1317,胁下痞块,,胁下痞块，指胁肋下触及有形结块，多因心肺瘀血阻滞，气血凝聚而成，属积证范畴。
1310,胁肋不舒,,胁肋不舒，指胁肋部自觉胀满、闷塞或隐痛不适之感，常伴善太息、情绪抑郁或烦躁。病位在心肺，因肝气郁滞，气机失于条达，横逆犯肺乘心，致胸胁气机壅塞，络脉不和。其病机重在气郁，郁久可化火或兼痰瘀。
1313,胁肋疼痛,,胁肋疼痛，指胁肋部刺痛或胀痛，痛处固定不移，入夜尤甚，甚则痛引胸背，或伴胸闷、心悸、唇舌紫暗、脉涩等症。其病位在心肺，病性属瘀血阻滞，多因心气不足、肺气郁滞，血行不畅，瘀阻胸胁脉络所致。
1322,泻痢不爽,,泻痢不爽指大便排出涩滞不畅，虽频作却量少难尽，伴里急后重，乃大肠湿热壅滞、气机不利所致。
1320,泻而不爽,,泻而不爽指大便虽下但排出不畅、黏滞难尽，因肝气郁结横逆犯脾，致大肠气机壅滞、传导失司。
1326,心烦不宁,,心烦不宁指心中烦热、躁动不安，多因火热之邪内扰心神，致神志不宁，常见于热证或情志失调。
1328,心烦喜呕,,心烦喜呕指肝气郁滞，气机不畅，上扰心神则心烦，横逆犯胃则胃失和降而欲呕。
1327,心烦难寐,,心烦难寐指心经火热内扰，心神不宁，症见烦躁不宁、难以入睡或彻夜不眠。
1323,心暴痛,,心暴痛，指心阳虚衰，阴寒内盛，心脉挛急所致之突发剧烈心痛。其痛势急迫，如锥刺刀绞，痛引肩背，伴心悸气短、面色㿠白、冷汗淋漓、四肢厥冷、唇甲青紫，甚则昏厥。病机乃心阳不振，寒凝脉涩，血行瘀阻，不通则痛。
1325,心烦不寐,,心烦不寐，指心中烦热、难以入寐之证。其病位在心，病性属火热扰心。临床表现为心烦意乱，辗转反侧，夜不能眠，甚则彻夜不寐，常伴口舌生疮、小便短赤、舌尖红、脉数等症。其病因病机多由情志化火、五志过极，或外感热邪内陷，致心火亢盛，扰动心神，神不守舍而发。
1335,心悸不宁,,心悸不宁指心中悸动不安，甚则不能自主，多因心血亏虚，心失所养，神气浮越所致。
1334,心悸不安,,心悸不安，指心中悸动不宁、惕惕然如人将捕之状，病位在心，病性属心血虚，乃心失血养、神不守舍所致。
1340,心气虚损,,心气虚损指心之阳气不足，鼓动无力，临床以心悸、气短、自汗、动则加剧、脉细弱或结代为主要表现。
1341,心前区刺痛,,心前区刺痛，固定不移，乃瘀血痹阻心脉，血行不畅所致，属实证。
1329,心腹刺痛,,心腹刺痛，指心前区及脘腹部出现针刺样疼痛，痛处固定不移，拒按，入夜尤甚，甚则引及肩背，伴胸闷、唇舌紫暗或有瘀斑、脉涩。其病机为瘀血阻滞心脉及脘腹脉络，气血运行不畅，不通则痛。多因气滞日久、寒凝血脉或外伤所致。
1342,心前区剌痛,,心前区刺痛如针刺，固定不移，乃心血瘀阻、脉络不通所致，属瘀血阻滞之实证。
1339,心气痛,,心气痛，指因肝气郁滞，气机不畅，上逆犯心所致之胸膺部疼痛。其痛多呈胀痛或窜痛，时作时止，常随情志波动而增减，伴胸闷、善太息、胁肋胀满。病机为肝失疏泄，气逆扰心，心脉痹阻。
1353,形体肥胖,,形体肥胖，责之肝失疏泄、脾虚运化无权，湿浊内停，脂膏壅滞。
1348,心胸烦热,,心胸烦热，指心阴亏虚，虚火内扰，致胸中烦闷、灼热不宁，常伴五心烦热、盗汗等症。
1350,新旧瘀痛,,新旧瘀痛指既有新发血瘀之刺痛，又有宿瘀之隐痛或固定痛，提示瘀血日久未去，新血亦滞，病势缠绵。
1352,形瘦,,形瘦者，肾精亏虚、脾失健运，肌肉失养而形体羸瘦，乃先后天俱损之象。
1330,心腹冷痛,,心腹冷痛，指心阳虚衰，温煦失职，阴寒内盛所致之胸膺及脘腹部冷感疼痛。其痛绵绵或拘急，得温稍减，遇寒加剧，常伴心悸气短、形寒肢冷、面白自汗、舌淡苔白滑、脉沉迟或结代等症。病机多为久病耗伤阳气，或寒邪直中少阴，致心阳不振，血脉凝滞，脏腑失煦。
1354,形体消瘦,,肾精亏虚，脾运失健，水谷精微化生不足，肌肉失于充养，故见形体日渐消瘦。
1362,胸部憋闷,,胸部憋闷，病位在心肺，乃气机郁滞不畅所致，临床表现为胸中痞塞、呼吸欠畅，常伴叹息或胀痛。
1364,胸部闷痛,,胸部闷痛，病位在心肺，乃气滞不行，胸阳失展，肺气不宣，故见闷塞疼痛，常伴叹息、胁胀。
1365,胸部疼痛,,胸部疼痛，病位在心肺，证属气滞，乃气机不畅、壅滞胸膈，不通则痛，常伴胀闷、走窜。
1373,胸腹胀满,,胸腹胀满，病在心肺，乃肝气郁滞，枢机不利，气机壅塞于胸膈脘腹所致。
1369,胸腹满闷,,胸腹满闷，病位在心肺，乃肝气郁滞，气机不畅，壅塞胸膈，故觉痞塞不舒。
1361,胸痹作痛,,胸痹作痛，指心阳虚衰，胸阳不振，心肺失煦所致之胸部闷痛或绞痛。其痛常遇寒加重，得温稍减，伴心悸气短、形寒肢冷、面色㿠白、舌淡胖苔白滑、脉沉迟或结代。病机多由久病耗伤阳气，或年高脏气虚衰，致心阳不足，鼓动无力，血行滞涩，痹阻心肺脉络而作痛。
1367,胸腹积水,,胸腹积水，病位在心肺，病性属心阳虚。症见胸胁胀满，腹部膨隆，按之如囊裹水，甚则喘促不得卧，小便短少。其病机乃心阳不振，君火不明，肺失宣降，通调失职，水液内停，泛溢胸腹所致。
1371,胸腹水肿,,胸腹水肿，指水液停聚胸腹，表现为胸胁胀满、腹部膨隆、按之如囊裹水，甚则喘咳不得平卧、小便短少。病位在心肺，病性属心阳虚衰。心阳不振，不能下温肾水、运化血脉，致水气内停，上凌心肺，泛溢胸腹而成。
1372,胸腹疼痛,,胸腹疼痛，病位在心肺，病性属阳虚。症见胸膺及脘腹冷痛、隐痛，喜温喜按，遇寒加重，常伴心悸气短、咳喘无力、畏寒肢冷、面色㿠白。其病机为心肺阳气衰微，温煦失职，寒凝气滞，络脉拘急，不通则痛。
1370,胸腹闷胀,,胸腹闷胀，指胸膈及脘腹部自觉痞塞满闷、胀满不舒，甚则气窜作痛。其病位在心肺，病性属肝气郁滞。多因情志不遂，肝失疏泄，气机郁结，横逆犯肺乘脾，致心肺气机壅塞，脾胃升降失常。临床常伴太息、胁胀、纳呆、脉弦等症。
1368,胸腹冷痛,,胸腹冷痛，指心阳虚衰，胸阳不振，阴寒内盛所致之胸膺及脘腹部冷感疼痛。临床多表现为胸痛彻背，或脘腹冷痛喜温喜按，伴心悸气短、畏寒肢冷、面白唇紫。其病机为心阳不足，温运失职，寒凝气滞，血脉痹阻。
1366,胸腹刺痛,,胸腹刺痛，指胸膺及脘腹部出现如针刺、刀割样疼痛，痛处固定不移，入夜尤甚，拒按，甚则引及肩背。其病位在心肺，病性属瘀血阻滞。多因气滞日久、血行不畅，或外伤、寒凝等致血络瘀阻，不通则痛。常伴舌质紫暗或有瘀斑、脉涩等瘀血征象。
1377,胸膈满闷,,胸膈满闷指肝气郁滞，气机不畅，壅塞于心肺之部位，导致胸膈痞塞、呼吸欠畅、闷胀不舒之候。
1386,胸闷不适,,胸闷不适，乃肝气郁滞，气机不畅，壅遏胸中，心肺失于宣降所致。
1374,胸腹胀闷,,胸腹胀闷，指胸膺及脘腹部痞塞满闷、胀而不舒之感。病位在心肺，关乎气机升降。因肝气郁滞，疏泄失职，横逆犯肺乘脾，致心肺气机壅遏，胸中阳气不展，故见胸闷太息；肝木克土，脾胃升降失常，则脘腹胀满，食后尤甚。其症常随情志波动而增减。
1375,胸腹胀痛,,胸腹胀痛，指胸胁与脘腹部同时出现胀满疼痛之症。病位在心肺，然其病机责于肝气郁滞，疏泄失职，气机不畅，横逆犯于胸膈，下及脘腹。临床表现为胸胁胀痛，脘腹痞满，攻窜不定，时作时止，常随情志波动而增减，或伴嗳气、太息、纳呆。
1378,胸膈痞满,,胸膈痞满，指胸膺及膈下脘腹部位自觉痞塞胀闷、按之柔软不痛之症。病位在心肺，病性属肝气郁滞。多因情志不遂，肝失疏泄，气机郁结，横逆犯肺乘心，致胸中气机壅塞，心肺宣降不利。临床常伴胁胀、善太息、嗳气、脉弦等症。
1383,胸满郁闷,,胸满郁闷指肝气郁滞，气机不畅，壅塞胸中，心肺失宣，症见胸部满闷、情志抑郁不舒。
1380,胸膈痞塞,,胸膈痞塞，指胸膈部自觉痞闷堵塞、气机不畅之症。病位在心肺，多因肝气郁滞，疏泄失职，气机逆乱，上冲胸膈，致心肺气机壅塞。临床表现为胸膈满闷不舒，如有物阻，呼吸欠畅，甚则太息、胁胀，常随情志波动而增减。
1388,胸闷作痛,,胸闷作痛，指胸中痞闷且伴有疼痛，病位在心肺，多因肝气郁滞、气机不畅，致心肺气血运行受阻而发。
1385,胸闷不畅,,胸闷不畅，指胸中痞塞满闷，呼吸欠畅之感，病位在心肺，多因肝气郁滞，疏泄失职，气机逆乱，上冲胸膈，致心肺气机壅塞。临床常伴胁胀、善太息、情志抑郁或易怒，脉多弦。
1387,胸闷不舒,,胸闷不舒，指胸膺满闷、痞塞不畅之感，病位在心肺，病性属肝气郁滞。临床表现为胸胁胀闷，善太息，情志抑郁时加重，或伴嗳气、咽中如梗。其因多由情志不遂，肝失条达，气机郁结，横逆犯肺，壅遏胸中，致心肺气机升降不利而发。
1392,胸痛彻背,,胸痛彻背指疼痛从胸部放射至背部，病位在心肺，病性为心胸郁热，乃热邪壅滞、气机不通所致。
1381,胸膈胀满,,胸膈胀满，指胸膺及膈下脘腹部自觉痞塞胀闷不舒，甚则气逆喘促。病位在心肺，病性属肝气郁滞。多因情志不遂，肝失条达，气机郁结，横逆犯肺乘心，致胸中气机壅塞，心肺宣降失司。临床常伴胁肋胀痛、善太息、嗳气频作，每因情志波动而加重。
1400,胸胁剌痛,,胸胁刺痛，病位在心肺，因肝气郁滞，气机不畅，血行瘀阻，络脉不通所致，常伴胀闷、善太息。
1397,胸胁刺痛,,胸胁刺痛，指胸胁部如针刺样疼痛，痛处固定不移，拒按，入夜尤甚，甚则引及肩背。其病位在心肺，病性属瘀血阻滞，多因气滞日久、血行不畅，或外伤、寒凝等致血络瘀阻，不通则痛。
1395,胸脘胀满,,胸脘胀满，指胸膺及脘腹部自觉痞塞胀闷不舒之候。其病位在心肺，病性属心胸郁热。临床多见胸中烦热、脘腹痞胀、气逆欲呕、口渴喜冷饮、溲黄便秘。多因热邪内郁心肺，气机壅滞，升降失司，浊气不降，故胸脘胀满。
1398,胸胁挫伤,,胸胁挫伤，系因外力撞击或用力不当，致胸胁部经脉受损，气血瘀滞，复因肝气郁滞，气机不畅，病位在心肺。临床表现为胸胁胀痛或刺痛，痛处固定，咳嗽、深呼吸或转侧时加重，可伴胸闷、善太息、烦躁易怒。其病机为肝郁气滞，血行不畅，瘀阻胸胁，心肺气机失于宣降。
1402,胸胁痞闷,,胸胁痞闷指肝气郁滞，气机不畅，导致胸胁部痞塞胀闷不舒，病位虽在心肺，实由肝失疏泄、气郁胸胁所致。
1394,胸脘痞闷,,胸脘痞闷，指胸膺及脘腹部自觉满闷不舒、堵塞不畅之感，按之柔软、不痛不胀。其病位在心肺，病性属心胸郁热。多因情志不遂、气郁化火，或外感热邪内陷，致热壅胸膈、气机痹阻，肺失宣降、心火内燔，故见胸脘痞塞、烦热不舒，常伴口干、心烦、舌红苔黄等症。
1396,胸脘胀闷,,胸脘胀闷，指胸膺及脘腹部痞塞满闷、胀而不舒之感。其病位在心肺，病性属心胸郁热。临床多伴见心烦易怒、口干欲饮、咳喘气粗、大便干结等症。病因多由情志不遂，气郁化火，或外感热邪内陷，热壅胸膈，气机阻滞，升降失常所致。
1401,胸胁闷痛,,胸胁闷痛，指胸胁部满闷不舒，伴胀痛或窜痛之症。病位在心肺，责之肝气郁滞，气机不畅。临床表现为胸胁胀闷、疼痛走窜，常随情志波动而增减，或伴太息、嗳气。其病机乃肝失条达，气滞胸胁，心肺气机受阻，不通则痛。
1406,胸胁隐痛,,胸胁隐痛，病位在心肺，因肝气郁滞，气机不畅，络脉失和，故见胸胁部隐隐作痛。
1404,胸胁疼痛,,胸胁疼痛，指胸胁部胀痛或窜痛，痛无定处，常随情志波动而增减，伴胸闷、善太息。病位在心肺，病性属肝气郁滞。因情志不遂，肝失条达，气机郁结，横逆犯肺，阻于心胸脉络，致气血运行不畅，不通则痛。
1403,胸胁气滞,,胸胁气滞，指肝气郁滞，气机不畅，逆乱于胸胁心肺之部。症见胸胁胀闷、窜痛，善太息，或伴咳嗽、心悸，情志抑郁则加重。其病机为肝失疏泄，气机郁结，横逆上冲，致心肺气机壅滞，络脉不通。
1411,胸胁作痛,,胸胁作痛指因肝气郁滞，气机不畅，导致心肺所居之胸胁部位出现胀痛或窜痛，常伴情志不舒。
1414,胸中憋闷,,胸中憋闷，病位在心肺，因肝气郁滞，气机不畅，胸阳失展，故觉胸闷如窒。
1409,胸胁胀闷,,胸胁胀闷，指胸胁部满闷不舒、如有物阻之感。病位在心肺，因肝气郁滞，疏泄失职，气机不畅，横逆犯肺乘心，致心肺气机壅塞。临床常伴善太息、情志抑郁或烦躁，甚则胸痛、咳喘。
1410,胸胁胀痛,,胸胁胀痛，指胸胁部胀满疼痛，多因肝气郁滞，气机不畅，横逆犯及心肺所致。临床表现为胸胁胀闷、走窜作痛，常随情志波动而增减，可伴善太息、急躁易怒。其病机为肝失疏泄，气滞胸胁，络脉痹阻。
1416,胸中闷热,,胸中闷热，乃肝气郁滞，气机不畅，郁而化火，上扰心肺，致胸膈痞闷、烦热不舒之候。
1407,胸胁胀,,胸胁胀，指胸胁部自觉胀满不舒，甚则牵引作痛。病位在心肺，病机多由肝气郁滞，疏泄失职，气机不畅，横逆犯肺，或上扰心胸，致胸中气机壅塞。临床常伴胸闷、善太息、情志抑郁或烦躁易怒，脉多弦。
1415,胸中满闷,,胸中满闷指心肺气机不畅，因肝气郁滞，疏泄失职，致胸中气机壅塞，自觉痞塞满闷不舒。
1408,胸胁胀满,,胸胁胀满，指胸胁部自觉胀满不舒，甚则气窜作痛。病位在心肺，因肝气郁滞，疏泄失职，气机不畅，横逆犯肺乘心，致胸中气机壅塞。临床常伴胸闷太息、胁肋胀痛、情志抑郁或易怒，脉弦。
1417,胸中闷痛,,胸中闷痛，病位在心肺，因肝气郁滞，气机不畅，血行受阻，故见胸闷而痛。
1412,胸胀满,,胸胀满，指胸膺部自觉胀闷不舒，甚则满闷如塞，呼吸欠畅之症。病位在心肺，其病机多由肝气郁滞，疏泄失职，气机逆乱，上冲胸膈，致心肺气机壅塞不通。临床常伴见善太息、胁肋胀痛、情志抑郁或易怒，每因情绪波动而加重。
1422,嗅觉不灵,,肺气虚弱，宣发肃降失职，鼻窍失于温养，故嗅觉减退。
1413,胸胀痛,,胸胀痛，指胸膺部胀满疼痛之症，病位在心肺，多因肝气郁滞，疏泄失职，气机不畅，横逆犯肺，或气滞血瘀，痹阻胸中脉络所致。临床表现为胸胁胀痛，痛无定处，常随情志波动而增减，伴胸闷、善太息、嗳气频作，甚则呼吸不利。其病机核心为肝郁气逆，肺气不降，心肺气血运行受阻。
1423,嗅觉迟钝,,肺气虚弱，宣发肃降失司，清阳不升，鼻窍失养，故嗅觉不敏。
1419,羞明多眵,,羞明多眵指目畏光且分泌物增多，因肝经湿热上攻于目，致目窍失清，热迫津溢。
1421,羞明畏光,,肝阴不足，目失濡养，虚火上扰，故见目涩羞明，畏光难睁。
1420,羞明流泪,,羞明流泪指目畏光、遇光则涩痛欲闭且泪液自溢，多因肝经郁热上攻于目，致目窍失和、泪液分泌失常。
1432,虚劳久咳,,虚劳久咳，病位在肺，因肾虚失纳，气不归元，致肺气上逆而咳，迁延难愈。
1428,虚烦不眠,,虚烦不眠，指心中烦乱、难以入睡或睡而易醒之证。病位在心，病性属热，病势由邪热内扰所致。临床表现为心烦不寐，胸中懊憹，口干舌燥，或身热汗出，舌红苔黄，脉数。其病机为外感热病后期，余热未尽，或情志化火，邪热扰心，心神不宁，故致虚烦不眠。
1430,虚寒性出血,,虚寒性出血，指因脾肾阳虚，统摄无权，血不归经所致之出血。病位在脾，关乎肾。临床多见血色淡红或暗晦，质稀薄，伴面色㿠白、形寒肢冷、纳少便溏、腰膝酸软、舌淡胖苔白滑、脉沉迟无力。其病机为命门火衰，脾阳不振，中焦虚寒，失于统摄，血溢脉外。
1446,血热吐紐,,血热吐衄，指胃热炽盛，迫血妄行，致吐血或鼻衄，伴见口渴、舌红脉数等症。
1441,血管神经性头痛,,血管神经性头痛，属中医“头风”范畴，多因风邪上扰、气血逆乱或痰瘀阻络，致头部脉络拘急或失养，发为阵发性或持续性掣痛、胀痛。
1433,虚劳咳喘,,虚劳咳喘，指因肾虚失纳，肺气不降所致之咳喘。症见咳声低微，气短不足以息，动则喘甚，腰膝酸软，或伴潮热盗汗、形寒肢冷。其病机为肾精亏虚，摄纳无权，气浮于上，肺失肃降。
1450,血压偏高,,血压偏高属肝阳上亢，系肝气郁结化火，阳亢于上，扰动清窍，临床常见头晕、头痛、面红目赤、烦躁易怒等症。
1453,血肿疼痛,,血热灼伤脉络，迫血妄行，离经之血瘀积局部，致肿胀刺痛，皮色紫红，伴灼热感。
1436,虚热不退,,虚热不退指因阴液亏耗，阳无所制，或气血不足，虚阳浮越，导致发热缠绵难愈。临床表现为低热持续，午后或夜间为甚，伴五心烦热、颧红盗汗、口干咽燥、舌红少苔、脉细数等。其病机多由热病后期阴伤未复，或久病劳损、情志内伤，致阴血亏虚，虚火内扰，阳气外浮而热势不退。
1464,咽部不适,,肺热循经上攻咽喉，致咽部红肿灼痛、干痒异物感，伴口干咳黄痰，治宜清肺利咽。
1447,血热吐衄,,血热吐衄，指胃热炽盛，迫血妄行所致之吐血、衄血证。其病位在胃，病性属热。临床以吐血鲜红或紫暗，量多势急，常伴口干、口臭、齿衄、便秘、舌红苔黄、脉滑数为特征。多因嗜食辛辣炙煿，或情志化火，致胃火内燔，灼伤血络，血随气逆而外溢。
1469,咽部肿痛,,肺热壅盛，循经上攻咽喉，致气血壅滞、脉络不通，故见咽部红肿疼痛。
1468,咽部肿,,咽部肿，因肺热上攻咽喉，致气血壅滞，局部红肿，常伴咽痛、吞咽不利。
1467,咽部红肿,,咽部红肿，指咽部黏膜及周围组织色红、肿胀，甚则疼痛、吞咽不利之候。其病位在肺，病性属热，多因外感风热或肺经蕴热，循经上攻咽喉，热壅血瘀所致。临床常见咽部充血、肿胀，或伴灼热、干燥、咳嗽、痰黄等症。
1461,牙龈肿,,牙龈肿，系指牙龈局部红肿、胀痛，甚则焮热溢脓之症。病位在脾，因脾开窍于口，龈为胃之络；病性属胃火旺盛，多由过食辛辣厚味，或情志化火，致胃腑积热，循经上炎，灼伤龈肉，气血壅滞而成。临床常伴口干、口臭、便秘、舌红苔黄、脉滑数等阳明热盛之象。
1471,咽干喉痛,,咽干喉痛，指咽喉干燥、疼痛不适之症，病位在肺，病性属热。临床表现为咽喉干燥灼热，甚则红肿疼痛，吞咽不利，常伴干咳少痰、口渴欲饮。其病因病机多由外感风热之邪，或肺经郁热，热邪上灼咽喉，津液耗伤，肺失清润所致。
1472,咽干燥,,咽干燥，指咽喉部津液不足，自觉干涩不适之症。其病位在肺，病性属热。多因肺热炽盛，耗伤津液，或热邪上灼咽喉，致清道失润。临床表现为咽喉干涩、口渴欲饮，常伴干咳少痰、声音嘶哑、舌红苔黄等。
1474,咽膈不利,,咽膈不利指肺热壅盛，气机不畅，致咽喉至胸膈部位有梗阻、不适或吞咽不爽之感。
1473,咽干灼热,,肺热上灼咽喉，津液耗伤，故见咽部干燥、灼热疼痛，属肺热津亏之象。
1475,咽红,,咽红为肺热上攻之象，多因风热袭肺或肺经郁热，致咽喉脉络壅滞，色赤如朱，常伴肿痛。
1476,咽红肿痛,,咽红肿痛，乃肺热上攻咽喉，致局部气血壅滞、热毒灼络，症见喉核赤肿、吞咽刺痛。
1466,咽部红,,咽部红，指咽部黏膜色泽鲜红或深红，甚则赤肿，多伴灼热、干燥、疼痛或吞咽不利。病位在肺，病性属热，常因外感风热或肺经郁热上攻咽喉所致。其病机为热邪壅肺，循经上灼咽窍，致气血壅滞、脉络充盈而现红色。临床多见于风热喉痹、乳蛾等证。
1479,咽喉干燥,,肺热上灼咽喉，津液耗伤，故见咽喉干燥，常伴口渴、干咳。
1478,咽喉干,,咽喉干，指咽部干燥不适，甚则干痛、欲饮之症。病位在肺，病性属热。多因外感风热或肺热内盛，耗伤津液，肺失清润，咽喉失濡所致。临床常伴干咳少痰、声音嘶哑、口干欲饮、舌红苔薄黄等症。
1488,咽黏膜充血,,咽黏膜充血，乃肺热循经上攻咽喉，致局部脉络壅滞、气血不畅之象。
1487,咽喉灼热,,咽喉灼热，系肺热壅盛，熏灼咽喉，致局部如火烧感，常伴红肿疼痛，属肺经实热证。
1490,咽下不利,,肺热壅盛，灼津炼液，致咽喉失润、气机不利，故吞咽食物时觉涩滞不畅。
1492,咽痈,,咽痈指热毒壅结于肺系，致咽喉红肿高突、化脓疼痛，属肺经热毒炽盛之实证。
1493,咽燥,,温热之邪犯肺，耗伤津液，致咽喉失润，临床表现为咽干灼热、渴欲饮水。
1482,咽喉痛,,咽喉痛，病位在肺，病性属肺热。症见咽喉红肿疼痛，吞咽时尤甚，或伴干咳、痰黄黏稠，口干欲饮，舌红苔黄，脉数。多因外感风热之邪，或肺经郁热上攻咽喉，热灼津伤，气血壅滞所致。
1484,咽喉肿,,咽喉肿，系肺热壅盛，上攻咽喉所致。症见咽喉红肿疼痛，甚则吞咽不利，或伴口干喜冷饮、咳嗽痰黄、身热、舌红苔黄、脉数。其病机为邪热犯肺，肺失清肃，热毒循经上灼咽喉，气血壅滞而肿。
1486,咽喉肿痈,,咽喉肿痈，系肺经蕴热，热毒壅滞于咽喉所致。症见咽喉红肿高突，疼痛剧烈，吞咽困难，甚则化脓成痈，伴发热、口渴、咳嗽痰黄。病机为肺热炽盛，灼津炼液，气血凝滞，腐肉成脓。
1494,咽中有痰,,咽中有痰，病位在肺，乃痰湿内蕴，肺失宣肃，津液凝聚成痰，阻于咽喉，故觉喉间有痰，咯之不尽。
1497,言语不清,,心脉瘀阻，神机失养，舌窍不利，故见言语謇涩、吐字不清。
1498,言语不淸,,言语不清，指心之脉络瘀阻，神机失养，舌窍不利，致语言謇涩、表达含糊。
1495,咽灼热感,,肺热循经上攻咽喉，致咽部灼热疼痛，多伴口干、咳嗽，属热邪壅肺之象。
1502,眼边刺痒,,眼边刺痒，乃肝风内动，风邪上扰于目，致目眦脉络不和，痒如针刺之状。
1500,颜面部红斑,,颜面部红斑因肝阳上亢，血热上冲于面所致，常见于面颊、鼻部，色红或紫，伴头晕目眩、心烦易怒。
1501,颜面皮肤光亮油腻,,颜面皮肤光亮油腻，乃肝阳上亢，气火上冲，蒸腾津液外泄所致，多见于阳热体质或肝郁化火之证。
1506,眼睑红烂,,眼睑红烂，指眼睑边缘红肿、糜烂，多因肝经湿热上攻于目，湿热熏灼所致。
1503,眼底瘀血,,眼底瘀血，乃肝血瘀滞，目络受阻，血溢脉外所致，症见目内瘀斑，视物昏蒙。
1505,眼睑赤烂,,眼睑赤烂指眼睑边缘红肿、糜烂、脱屑，多因肝经湿热上攻于目所致，临床常见睑缘炎等病。
1508,眼睛痛痒,,肝经湿热循经上扰于目，致目眦红赤、痛痒交作，伴分泌物黏稠。
1499,言语謇涩,,言语謇涩，指患者自觉舌体僵硬，言语不利，吐字不清或词不达意。病位在心，因心开窍于舌，心脉通于舌本；病性属脉络瘀阻，多由气血凝滞、痰瘀互结，阻塞心之脉络，致舌窍失养、机关不利。临床常伴舌质紫暗、脉涩等瘀血之象。
1521,腰部疼痛,,腰部疼痛因肾虚所致者，临床常见腰膝酸软、隐痛喜按，劳则加重，乃肾精亏虚、腰府失养之象。
1522,腰部痿软,,腰部痿软指肾精亏虚，腰府失养，表现为腰膝酸软无力，常伴头晕耳鸣、尺脉弱等症。
1518,阳虚欲脱,,阳虚欲脱指阳气极度衰微，有即将亡失之危候，症见冷汗淋漓、四肢厥冷、气息微弱、脉微欲绝，乃阴阳离决之象。
1510,眼目昏花,,眼目昏花，指视物模糊不清、眼前如蒙烟雾或见飞蚊黑花之症。病位在肝与目，病性属虚。多因肝血亏虚，目窍失于濡养所致。临床表现为视物昏渺，不耐久视，或伴头晕心悸、面色无华、爪甲不荣，舌淡苔薄，脉细弱。
1523,腰骶酸痛,,腰骶酸痛，病位在肾与膀胱，因肾虚失于温养，致腰府失充、经脉不利，常见酸软隐痛，劳则加重。
1524,腰骶痛,,腰骶痛因肾虚所致者，多属肾精不足，腰府失养，症见酸软隐痛，劳则加重，伴膝软乏力。
1515,阳痿,,阳痿，系因肾虚所致宗筋失养，临房阴茎痿软不举，或举而不坚，难以完成房事。其病位在肾，病性属虚。多由禀赋不足、房劳过度或久病伤肾，致肾精亏虚、命门火衰，宗筋失于温煦濡养而痿软不用。
1511,眼目昏涩,,眼目昏涩，指双目视物模糊不清，伴干涩不爽、转动欠利之感，常兼见目珠隐痛、畏光羞明、不耐久视。其病位在肝目，病性属虚。多因肝血亏虚，目窍失于濡养，津液不能上承所致。血虚则目失所养，故视昏；津亏则目失润泽，故干涩。
1525,腰骶胀痛,,腰骶胀痛，病位在肾与膀胱，因肾虚失于温养，气化不利，故见腰骶部酸胀作痛，劳则加重。
1526,腰腹疼痛,,腰腹疼痛，病位在肾与膀胱，因肾虚失于温养，致腰腹失煦、经脉拘急而痛。
1530,腰脊疼痛,,腰脊疼痛，病位在肾与膀胱，因肾虚失于濡养，致腰脊酸软隐痛，劳则加重，伴膝胫无力。
1512,眼生翳膜,,眼生翳膜，指目睛外覆遮蔽视物之翳障，状如浮云、薄纱或厚膜，伴视物昏蒙、干涩羞明。病位在肝目，病性属虚。因肝血亏虚，目窍失于濡养，神膏不充，致玄府滞涩，翳膜渐生。其翳多色淡、边缘不清，常兼头晕、夜盲、脉细弦等血虚之候。
1535,腰腿疼痛重着,,腰腿疼痛重着，指腰腿沉重、酸胀、活动不利，多因肾虚湿浊下注，膀胱气化不利所致。
1529,腰脊酸痛,,腰脊酸痛属肾虚失养，肾府不充，故见腰脊酸软作痛，劳则加重，伴见膝胫无力、精神疲惫。
1533,腰腿酸软,,腰腿酸软指肾精亏虚，筋骨失养，临床表现为腰部及下肢酸楚无力、不耐久立劳作，常伴膝胫酸软。
1528,腰脊冷痛,,腰脊冷痛，指腰部及脊柱自觉寒冷、疼痛，得温则减，遇寒加剧，常伴腰膝酸软、畏寒肢冷、小便清长等症。其病位在肾与膀胱，病性属虚寒。多因肾阳不足，命门火衰，腰府失于温煦，寒湿内生或外寒乘虚侵袭，致经脉凝滞，气血不通而作痛。
1540,腰膝痠软,,腰膝痠软指肾精亏虚，腰府失养、膝骨不充，表现为腰膝酸楚无力、不耐久立劳作，常伴头晕耳鸣、尺脉弱等肾虚征象。
1538,腰膝关节疼痛,,腰膝关节疼痛，指腰脊与膝部酸软疼痛，遇劳加重，得卧稍减。其病位在肾与膀胱，病性属虚。多因肾精亏虚，骨髓失充，筋骨失养所致。症见腰膝酸软无力，隐痛喜按，常伴头晕耳鸣、胫酸膝冷、小便清长或夜尿频多。
1537,腰膝关节酸重,,腰膝关节酸重，指腰膝及关节部位自觉酸楚、沉重、活动不利之症。病位在肾与膀胱，病性属肾虚。多因肾精亏虚，骨髓失充，筋骨失养；或肾阳不足，气化失司，湿浊下注，留着关节。临床常伴腰膝酸软无力、畏寒肢冷、遇劳加重、得温稍减等表现。
1539,腰膝冷痛,,腰膝冷痛，指腰部及膝部自觉寒冷、酸楚疼痛，遇寒加重，得温则减，常伴畏寒肢冷、小便清长、夜尿频多。其病位在肾与膀胱，病性属虚属寒。多因肾阳虚衰，温煦失职，腰膝失于濡养，寒湿内生，或外寒乘虚侵袭，致气血凝滞，经络不通而痛。
1548,夜间遗尿,,肾阳虚衰，膀胱气化失司，夜间阴盛阳微，固摄无权，致寐中尿液自遗。
1541,腰膝酸冷,,腰膝酸冷，指腰部与膝关节自觉酸楚不适，伴发冷感，得温则减，遇寒加重。病位在肾与膀胱，病性属肾虚。多因肾阳不足，温煦失职，腰为肾之府，膝为肾所主，阳虚则寒，故见腰膝酸冷无力。常伴畏寒肢冷、小便清长、夜尿频多等症。
1544,腰膝酸重,,腰膝酸重，指腰部与膝关节自觉酸楚、沉重、活动不利之症。病位在肾与膀胱，多因肾虚精亏，筋骨失于濡养，或兼寒湿、水湿下注，致经气不利。临床常伴腰膝无力、畏寒喜暖、小便清长或余沥不尽，舌淡苔白，脉沉细无力。
1543,腰膝酸痛,,腰膝酸痛，指腰部与膝关节处酸软无力、隐隐作痛，常伴屈伸不利、喜按喜温。病位在肾与膀胱，病性属肾虚。多因房劳过度、年老久病，致肾精亏耗，骨髓失充，腰府膝络失养；或肾阳不足，温煦失职，寒湿内侵，经络痹阻而作痛。
1547,药食中毒,,药食中毒，指因误食有毒药物或变质、有毒食物，毒邪内侵脏腑，扰乱气血所致之证。临床多见恶心呕吐、腹痛腹泻、头晕目眩、心悸气短，甚则神昏谵语、唇甲青紫、二便失禁。其病机为毒损中焦，升降失司，毒入营血，蒙蔽清窍。
1551,夜寐不安,,肝火亢盛，上扰心神，致夜间阳不入阴，心神不宁，故见入睡困难、多梦易醒。
1545,腰膝疼痛,,腰膝疼痛，指腰部及膝关节酸软疼痛，常伴屈伸不利、遇劳加重、得卧稍减。其病位在肾与膀胱，病性属虚。多因肾精亏虚，骨髓失充，腰府膝络失养所致；或肾阳不足，温煦失职，寒湿内侵，留着关节。临床以隐痛、空痛、喜按喜温为特征，常兼头晕耳鸣、下肢痿弱。
1550,夜盲昏花,,夜盲昏花，因肝血不足，目失所养，且心主血脉，血虚不能上荣于目，故见入暮视物不清。
1552,夜梦,,肝血不足，血不养心，神魂失舍，故入夜多梦纷纭。
1554,夜眠不宁,,肝血亏虚，魂不归舍，心神失养，故见夜间睡眠不安、多梦易醒。
1555,夜尿频,,肾虚气化失司，膀胱固摄无权，夜间阴盛阳微，故小便频数清长。
1553,夜眠不安,,夜眠不安，病位在心，病性为肝血虚，乃肝血不足，血不养心，心神失舍，故见入睡困难、多梦易醒。
1556,夜尿频多,,肾虚气化失司，膀胱固摄无权，故夜间阴盛阳微时小便频数清长。
1565,易感风邪,,肺卫气虚，腠理疏松，卫外不固，故风邪乘虚侵袭，表现为反复感冒、恶风、自汗。
1568,易怒,,肝火亢盛，气机逆乱，疏泄失职，故情绪急躁易怒，常伴头痛目赤、胁痛口苦等症。
1563,抑郁,,抑郁为心肝气机不畅，肝失疏泄而气滞，心神被扰，临床见情志不舒、胸胁胀满、善太息。
1566,易饥,,胃火炽盛，腐熟水谷功能亢进，故虽多食易饥，常伴口渴、便秘、舌红苔黄等热象。
1571,阴道干燥,,阴道干燥因脾虚运化失职，水谷精微不能上输下布，致阴液亏乏，失于濡润。
1574,阴疽初起,,阴疽初起，指四肢因阴寒内盛、气血凝滞而初现漫肿无头、皮色不变、酸痛不热之证。
1567,易惊,,易惊，指遇事易受惊吓，或无故自觉恐慌、心悸不安之症。病位在肝，病性属肝血虚。肝藏血，血舍魂，肝血不足则魂失所养，神不守舍，故见触事易惊、善恐、寐中多梦易醒，常伴头晕目眩、面色无华、爪甲不荣、舌淡脉细等血虚之象。
1581,饮食不化,,饮食不化指食物入胃后难以腐熟运化，多因脾胃虚弱，纳运失职，症见脘腹胀满、完谷不化。
1569,翳膜遮睛,,翳膜遮睛，指眼内渐生翳障，遮蔽瞳神，视物模糊或失明之证。病位在目，内属于肝。多因肝血亏虚，目窍失养，或兼虚热内生，气血瘀滞，致翳膜渐生。临床常见目涩昏花，翳膜色淡或微黄，边缘不清，伴头晕心悸、面色无华等血虚之象。
1573,阴疽不敛,,阴疽不敛，指发于四肢之阴疽，疮形漫肿平塌，皮色不变或紫暗，痛不甚剧，溃后脓水清稀，或流败絮状物，久不收口，疮口难敛。多因阴寒内盛，阳气衰微，气血凝滞，无力托毒生肌所致。
1587,阴部肿块,,肾经循行所过之阴部出现肿块，乃瘀血阻滞下焦，气血凝滞不通所致。
1584,饮食少进,,饮食少进指脾胃运化功能减弱，纳食减少，食后易胀，多因脾胃虚弱，受纳腐熟失职所致。
1575,阴疽肿痛,,阴疽肿痛，系阴寒内盛、凝滞四肢经脉所致。其症见患处漫肿无头，皮色不变或晦暗，按之坚硬如石，痛有定处而喜暖拒按，得温稍减。病机为阳气衰微，寒凝血瘀，痰浊内结，阻于筋骨，发为阴毒。
1576,阴囊湿痒,,阴囊湿痒，指阴囊皮肤潮湿、瘙痒，甚则浸渍糜烂、焮红灼痛。病位在肝肾，病性属肝经湿热。多因嗜食肥甘厚味，或久居湿地，致湿热之邪循肝经下注，蕴结阴器，浸渍肌肤，故见潮湿瘙痒；湿热郁蒸，气血壅滞，则焮红灼痛。
1590,嬴瘦,,嬴瘦指肌肉枯削、形体羸弱，因脾肾亏虚，先天精气不足、后天运化失司，致气血生化无源，筋骨肌肉失于充养。
1579,音哑,,音哑，指声音嘶哑甚至完全不能发声之症，病位在肺，病性属肺气失宣。临床表现为发声不扬、声低气怯，甚则语声不出。其病因病机多由外邪袭肺，肺气壅遏，宣降失常，或金实不鸣；亦可因久病肺虚，气阴耗伤，声道失润，致金破不鸣。
1591,癭瘤初起,,癭瘤初起，因肝气郁滞，气机不畅，痰气凝结于颈前，故见颈前结块肿大，尚未坚硬。
1580,饮酒过多,,饮酒过多，指因过量摄入酒浆，致酒毒内蕴，熏灼脏腑，扰乱气血之候。临床可见面赤目红，语多妄诞，步履不稳，呕恶痰涎，甚则昏仆不省。其病机为酒性大热有毒，先伤胃腑，熏蒸肝胆，上扰心神，久则耗伤阴血，酿生湿热痰浊。
1600,痈肿疮疡,,痈肿疮疡，系热毒壅滞皮肤所致。症见局部红肿高突，灼热疼痛，根盘紧束，甚则化脓破溃。其病机为外感六淫化火，或内蕴湿热，致气血凝滞，营卫不和，热盛肉腐而成脓。
1598,痈疽肿痛,,痈疽肿痛，指发于皮肤肌表之阳证疮疡，因热毒壅滞、气血凝涩所致。症见局部红肿高突，焮热疼痛，根盘紧束，甚则溃腐流脓。其病机为热毒炽盛，腐肉成脓，经络阻隔，不通则痛。
1605,右上腹隐隐作痛,,右上腹隐痛属肠腑气机不畅，因肝经湿热蕴结，疏泄失常，湿热下注肠道，故见隐痛绵绵。
1595,痈疽疔毒,,痈疽疔毒，乃热毒壅滞肌肤所致之疮疡急症。其症见局部红肿高突、灼热疼痛，根盘紧束，甚则脓头显露，溃破流脓。病机为外感六淫化火，或内蕴湿热，致气血凝滞，热盛肉腐而成。若毒势深重，可伴寒战高热、神昏谵语，属走黄内陷之危候。
1604,有血块,,有血块指经血或出血中夹杂紫暗色凝块，多因寒凝、气滞或瘀血内阻，致血行不畅，凝结成块。
1597,痈疽肿毒,,痈疽肿毒，系热毒壅滞皮肤、气血凝滞所致。其症见局部红肿高突，灼热疼痛，根盘紧束，成脓易溃者为痈；若漫肿无头，皮色不变或紫暗，痛剧难溃，溃后脓水稀薄者为疽。病机为外感六淫化火，或饮食厚味、情志内伤，致热毒炽盛，腐肉成脓。
1594,痈疽不溃,,痈疽不溃，指热毒壅滞肌肤，痈疽成脓后逾期不溃或溃而脓出不畅之证。临床表现为局部红肿高突，灼热疼痛，触之应指，但久不破溃，或溃后脓液稠厚难出。其病机为热毒炽盛，气血壅结，正气未虚而邪气深伏，或兼湿痰瘀血阻滞，致脓成不溃。
1596,痈疽难溃,,痈疽难溃，指热毒壅滞肌肤，疮肿高突，色红灼热，疼痛剧烈，然经久不溃或溃而脓出不畅之候。其病机乃热毒炽盛，气血凝滞，腠理闭塞，致脓毒内伏，不得外透。临床多见局部焮赤肿硬，触痛明显，伴发热口渴，舌红苔黄，脉数有力。
1606,右胁胀满,,右胁胀满指右侧胁肋部胀闷不舒，病位在肝，由肝气郁滞、疏泄失职、气机不畅所致。
1602,涌吐痰涎,,涌吐痰涎，指肌肤疮疡肿毒之际，口中泛溢黏稠痰涎，甚则呕恶欲吐之症。多因热毒壅盛，内攻于肺，肺失清肃，津液煎灼成痰；或热毒炽盛，引动胃气上逆，痰随气升所致。其痰色多黄稠，或夹腥臭，常伴身热、烦躁、肌肤焮赤肿痛。
1608,瘀血不尽,,瘀血不尽指体内离经之血未能完全消散或排出，留滞经络脏腑，阻碍气血运行，常表现为刺痛、癥积、舌紫暗等。
1601,痈肿溃烂,,痈肿溃烂，指热毒壅滞肌肤，血肉腐败成脓，疮口破溃、脓水浸淫之候。临床见局部红肿高突，焮热疼痛，溃后脓液黄稠或夹败絮状物，甚则腐肉难脱，久不收口。其因多由外感六淫化火，或过食膏粱厚味，致热毒内蕴，气血凝滞，肉腐为脓，终致皮肤溃烂。
1609,瘀血肿胀,,瘀血肿胀指因血液运行不畅，瘀滞于局部脉络，导致气机壅塞，水湿停聚，而见局部肿起、皮色紫暗、刺痛拒按的病理表现。
1613,语言不利,,语言不利指患者言语表达困难或含糊不清，多因风痰阻络、舌本失养或心神蒙蔽所致，常见于中风、痰厥等病证。
1620,月经量多，味臭,,肝经湿热下注胞宫，迫血妄行，故经量增多；湿热蕴腐，则经血秽臭。
1615,郁闷心烦,,郁闷心烦，指心中郁闷不舒、烦躁不安，常伴胸胁满闷、善太息、失眠多梦、口苦咽干等症。其病机为邪热内扰心神，热郁胸膈或肝经郁热，致气机不畅、神明失宁。多见于热病后期或情志化火之证。
1611,瘀阻经闭,,瘀阻经闭，指因瘀血内阻胞宫，冲任不通所致之经闭。临床表现为月经数月不行，伴小腹刺痛或胀痛拒按，经色紫暗有块，块下痛减，舌紫暗或有瘀点，脉沉涩。其病因多由情志抑郁、寒凝气滞或外伤等致血行不畅，瘀滞胞脉，胞宫失养而经水断绝。
1625,晕船,,晕船系因胃失和降，浊气上逆所致，临床表现为眩晕、恶心呕吐，多因水湿内停或风痰扰动清窍。
1618,月经后错,,月经后错，指月经周期延后7日以上，甚或每隔四五十日一至，连续出现两个周期以上者。病位在子宫，病性属血虚。多因营血亏虚，冲任失养，血海不能按时满溢所致。临床常伴经色淡红、质稀，面色萎黄或苍白，头晕心悸，唇甲色淡，舌淡苔薄，脉细弱等症。
1627,运动劳损,,运动劳损指因过度活动或姿势不当，导致筋肉、经络受损，气血运行不畅，表现为局部酸痛、肿胀或活动不利，属中医“筋伤”范畴。
1623,月经先后不定期,,月经先后不定期，指月经周期紊乱，或提前或延后七日以上，连续三个周期者。病位在子宫，病性属气虚。多因脾气虚弱，化源不足，统摄无权，冲任失固，血海蓄溢失常所致。临床可见经期或前或后，经量或多或少，色淡质稀，伴神疲乏力、气短懒言、纳少便溏等症。
1612,鱼蟹中毒,,鱼蟹中毒，指因误食腐败或未熟鱼蟹，或素体脾胃虚寒、不耐腥膻，致邪毒内犯胃肠所引发之病证。临床以脘腹绞痛、恶心呕吐、腹泻如注、大便腥臭、或伴皮肤风团、瘙痒、舌苔白腻或黄腻、脉弦滑或濡数为特征。其病机为秽浊毒邪壅滞中焦，升降失司，清浊相干，甚则毒气内陷，扰动营血。
1643,真元不足,,真元不足指肝肾精血亏虚，命门火衰，临床可见腰膝酸软、畏寒肢冷、阳痿早泄、脉沉细等，属肾阳虚衰之证。
1645,癥积,,肝经瘀血日久，结聚成块，固定不移，按之有形，是为癥积。
1626,晕眩,,晕眩是指自觉头目昏花、旋转不定，或如坐舟车，甚则站立不稳、恶心欲呕的一种症状。其病位在脑，与肝、脾、肾三脏功能失调密切相关。病因病机多由肝阳上亢、气血亏虚、肾精不足、痰湿中阻或瘀血阻络所致，导致清窍失养或风火痰瘀上扰清空。临床需辨虚实，实者多兼胀痛、呕恶，虚者常伴神疲、耳鸣。
1633,燥咳少痰,,燥咳少痰，指肺失清润，干咳无痰或痰少而黏、咯吐不利之候。多因秋令温燥袭肺，耗伤肺津，肺气上逆所致。临床以干咳、痰少黏稠、咽干鼻燥、舌红少津、脉浮数为特征。
1628,脏器下垂,,脏器下垂，指因脾虚失运、中气下陷，升举无力所致之内脏位置下移之证。临床常见胃、肾、子宫、直肠等脏器下垂，伴脘腹重坠、食后尤甚、气短乏力、声低懒言、久泻脱肛、小便频数等症。其病机多由饮食劳倦、久病耗伤，致脾气虚衰，清阳不升，统摄无权，脏器失于固摄而下陷。
1634,燥渴,,燥渴，指肺津耗伤，口干欲饮之症。多因温燥之邪犯肺，灼伤肺阴，津液不能上承所致。临床表现为口干咽燥，渴而欲饮，饮不解渴，伴干咳无痰或痰少黏稠难咯，鼻干唇燥，舌红少津，苔薄白而干或薄黄，脉浮数或细数。
1639,谵狂,,谵狂，指因邪热炽盛，内扰心神所致之神志失常。临床表现为言语错乱、躁动不安、登高而歌、弃衣而走、打人毁物、不避亲疏。其病机为热入心营，或阳明热盛，上扰神明，致心窍被蒙，神不守舍。
1629,脏血,,脏血，指体内脏腑蓄积瘀滞之败血，或由血热、血寒、气滞、外伤等致血行不畅，瘀阻于脏腑经络。临床可见局部刺痛固定不移、癥积肿块、面色晦暗、唇舌紫绀、肌肤甲错，或见出血色暗夹块，女子可见经闭、痛经。其病机总属血不循经，瘀滞内停，久则阻碍气机，耗伤正气。
1649,癥块,,肝经瘀血日久，结聚成有形之癥块，固定不移，按之坚硬，常伴胁痛、刺痛等症。
1651,支气管扩张出血,,肺气亏虚，统摄无权，血溢脉外，故见支气管扩张反复咯血，伴气短乏力。
1647,癥瘕腹痛,,癥瘕腹痛，指因肝失疏泄，气滞血瘀，日久结于少腹所致之腹痛。其痛多固定不移，痛处拒按，或可触及有形包块，按之坚硬，甚则牵引腰背及前阴。常伴胁胀、烦躁、月经不调或经色紫暗有块。病机为肝气郁结，血行涩滞，瘀阻胞宫或肝经，不通则痛。
1654,肢倦乏力,,脾气虚损，运化失职，气血生化不足，四肢肌肉失于濡养，故见肢体倦怠、神疲乏力。
1652,肢浮肿,,肢浮肿（脾气虚证）指因脾气虚弱，运化失职，水湿内停，泛溢肌肤所致之肢体浮肿。其肿多以下肢为甚，按之凹陷不易恢复，常伴面色萎黄、神疲乏力、纳少便溏、脘腹胀闷等症。病机核心为脾虚不运，清阳不升，水湿下注。
1648,癥瘕痞块,,癥瘕痞块，指胁下或腹内结块，固定不移，按之坚硬，或伴刺痛、拒按，甚则面色晦暗、肌肤甲错。病位在肝，因肝气郁结，气滞血瘀，日久瘀血阻滞肝络，凝聚成块。其病性属实，病势渐深，常兼见舌紫暗有瘀斑、脉涩等瘀血之征。
1658,肢体不利,,肢体不利指四肢活动不灵便，因肝肾亏虚，精血不足，筋骨失养所致。
1659,肢体不用,,肢体不用，指四肢痿软无力、活动不利，多因肝肾精血亏虚，筋骨失于濡养所致。
1660,肢体沉重,,湿邪困阻脾土，脾失健运，清阳不升，湿浊流注四肢，故觉肢体沉重、活动不利。
1661,肢体乏力,,脾气虚，运化失职，气血生化不足，四肢肌肉失于濡养，故见肢体倦怠乏力。
1653,肢节疼痛,,肢节疼痛，指四肢关节或肢体出现酸楚、胀痛或走窜痛，痛无定处，常伴情绪抑郁、胁肋胀满。其病位在脾肝，病性属肝气郁滞。因肝失疏泄，气机不畅，横逆犯脾，脾虚失运，湿浊内生，流注肢节，经络阻滞不通，故发为疼痛。
1655,肢冷,,肢冷，指四肢末端逆冷，尤以手足为甚，常伴畏寒蜷卧、腰膝酸软、小便清长、夜尿频多、脉沉迟无力等症。其病位在肾，病性属阳虚。因肾阳为一身阳气之根本，肾阳虚衰，温煦失职，阳气不能布达四末，故见肢冷。
1656,肢麻,,肢麻，指四肢末端或局部肌肤麻木不仁，感觉减退之症。病位在肝、脾，病性属血虚。多因肝血不足，筋脉失于濡养，或脾虚生化乏源，气血不能充达四末所致。临床常伴面色无华、头晕目眩、爪甲不荣、舌淡脉细等血虚见症。
1662,肢体浮肿,,脾虚失运，湿邪内停，泛溢肌肤，故见肢体浮肿。
1664,肢体活动受限,,脾气虚，运化失职，四肢肌肉失于濡养，故见肢体活动不利、屈伸无力。
1663,肢体关节疼痛,,肢体关节疼痛，因脾气虚弱，气血生化不足，四肢失于濡养，不荣则痛。
1665,肢体肌肉萎缩,,脾气虚弱，运化失职，气血生化不足，四肢肌肉失于濡养，故见肢体肌肉萎缩。
1657,肢酸,,肢酸，指四肢肌肉、筋脉自觉酸楚不适，或伴乏力、沉重感，按揉可暂缓，活动后或加重。其病位在四肢，多因气血亏虚，筋脉失于濡养；或湿邪浸渍，阻遏气机，致经气不利；亦可因过劳耗气，营卫不和所致。临床需辨虚实，虚者多伴倦怠，实者常兼困重。
1667,肢体困重,,脾气虚弱，运化失职，水湿内停，浸渍四肢，故见肢体沉重、活动不利。
1668,肢体剌痛,,肢体刺痛，固定不移，乃瘀血阻滞经脉，气血运行不畅所致，常伴夜间痛甚、拒按等症。
1670,肢体麻木拘挛,,血虚不能濡养四肢筋脉，致肢体麻木不仁、屈伸不利，甚则挛急抽搐。
1671,肢体酸痛,,肢体酸痛指四肢肌肉、关节出现酸楚不适与疼痛感，多因湿邪阻络、气血运行不畅或外感风寒湿邪所致。
1674,肢体胸痛,,脾气虚弱，运化失职，四肢肌肉失于濡养，故见肢体困重或疼痛，胸中气机不畅则发胸痛。
1666,肢体拘挛,,肢体拘挛，指四肢筋脉挛急、屈伸不利之症，多由脾气虚弱，运化失司，气血生化乏源，四肢肌肉筋脉失于濡养所致。临床表现为肢体肌肉紧张、僵硬，活动时牵掣不舒，甚则拘急难伸，常伴乏力、纳少、面色萎黄等脾虚之象。
1672,肢体酸重,,肢体酸重，指四肢肌肉、关节自觉酸楚不适、沉重如裹，活动欠利之症。多因湿邪困阻，或脾虚失运，湿浊内生，流注四肢，阻遏气机，致经脉气血运行不畅。临床常伴身困乏力、纳呆、舌苔白腻等。
1678,痔疮肿,,痔疮肿，系热毒壅滞大肠所致。症见肛门肿物突起，色红灼痛，甚则糜烂渗液，伴大便艰涩或下血鲜红。其病机为嗜食辛辣厚味，或湿热下注，致热毒结聚魄门，气血瘀滞而成肿。
1693,周身乏力,,肝肾气虚，推动无力，精血不充，故周身乏力，动则尤甚。
1691,肿胀麻木,,肿胀麻木，乃气机阻滞，经络不通，气血运行不畅所致，症见局部胀满、重着、感觉迟钝或消失。
1689,肿硬作痛,,肿硬作痛指局部肿胀坚硬、触按疼痛，多由气机阻滞、血行不畅所致，属气滞血瘀之象。
1680,痔血,,痔血，系因热伤大肠血络所致。临床表现为便时或便后肛门下血，血色鲜红，或点滴而下，或喷射如箭，常伴肛门灼热、大便干结。其病机多由嗜食辛辣醇酒，或外感湿热，致大肠积热，热迫血妄行，络伤血溢，下注肛门而成。
1681,痔肿,,痔肿，系因血热蕴结大肠所致。症见肛门肿物突起，色红灼痛，甚则坠胀、便时出血，血色鲜红。其病机多由嗜食辛辣厚味，或湿热下注，致肠络瘀滞，血热妄行，壅结肛门而成。
1700,浊涕臭气,,浊涕臭气，指鼻腔流出黄稠腥臭之涕，乃肺热炽盛，蒸灼津液，化腐成脓所致。
1703,子宫功能性出血,,脾气虚损，统摄无权，冲任不固，致子宫非时下血，量多或淋漓不止。
1686,肿毒,,肿毒，系热毒壅盛、气血凝滞所致之局部红肿热痛、甚则化脓之证候。其状初起如粟，焮赤灼痛，边界清晰，按之坚硬，溃后脓出黄稠。病机为外感六淫化火，或内伤七情、饮食厚味，致热毒内蕴，壅遏经络，腐肉成脓。
1688,肿痛羞明,,肿痛羞明，指目珠红肿疼痛，畏光羞明，不敢睁视之候。多因风热外袭或肝经火盛，上攻于目，致气血壅滞，热灼脉络。临床常见目赤如鸠，眵多黏结，遇光则痛剧，常伴头痛、口苦、脉弦数等。
1705,子痫抽搐,,子痫抽搐指妊娠晚期或新产后，因肝肾阴血亏虚、筋脉失养，导致虚风内动而出现肢体抽搐、神昏等危重证候。
1708,足抽搐,,足抽搐系因肝血亏虚或津液耗伤，致筋脉失于濡养，挛急不舒，临床表现为足部肌肉不自主收缩、抽动之症。
1694,转筋挛急,,转筋挛急，指四肢筋脉拘急、牵引作痛，甚则屈伸不利之证。临床表现为肢体肌肉突发痉挛、强硬，或手足抽掣，难以舒缓。其病机多由气血亏虚、津液耗伤，或寒湿侵袭，致筋脉失于濡养，挛急而痛。
1695,转筋挛痛,,转筋挛痛，指四肢筋脉拘急、扭转，伴牵掣疼痛，甚则屈伸不利之症。多因气血亏虚、寒湿侵袭或吐泻伤津，致筋脉失于濡养，挛急作痛。其病在筋，属本虚标实，常反复发作，遇寒或劳则加重。
1709,足跟疼痛,,足跟疼痛属肾虚者，乃肾精亏虚、骨髓失充，致足跟失养而作痛，常伴腰膝酸软、行走无力。
1710,足胫红肿热痛,,足胫红肿热痛，指湿热或热毒下注，壅滞足胫经络，致局部红肿灼痛，属湿热下注之实证。
1711,足拘挛,,足拘挛指阴液亏虚，筋脉失于濡养，导致足部筋肉挛急、屈伸不利之症。
1715,足膝红肿,,足膝红肿，乃湿热下注或热毒壅滞于下肢关节，致局部气血凝涩、经络不通，表现为红、肿、热、痛之象。
1716,足膝红肿热痛,,足膝红肿热痛，指湿热下注或热毒壅滞于下肢关节，致局部红肿灼热、疼痛拒按，属湿热痹阻之热证。
1717,足肿胀,,足肿胀因脾气虚运化失职，水湿内停，下注于足，故见足部浮肿，按之凹陷，伴乏力、纳少等症。
1712,足冷,,足冷，指患者自觉足部寒冷，甚则如冰，虽覆衣被、得温亦难缓解之症。病位在四肢，病性属阳虚。其临床表现常伴下肢不温、畏寒喜暖、腰膝酸软、小便清长等。病因病机多由肾阳不足，命门火衰，不能温煦下焦，阳气不达四末所致。
1714,足痿筋挛,,足痿筋挛，指因肝血亏虚，筋脉失于濡养所致之四肢痿软无力、肌肉枯削，伴见筋脉拘急、屈伸不利、或时作抽搐之症。其病位在四肢筋脉，病性属虚，病势为肝血不足，血不荣筋，故见痿弱与挛急并见。
1713,足麻木,,足麻木，指双足感觉迟钝、不知痛痒，或如虫行、针刺，甚则步履不稳。其病位在四肢，病性属肝血虚。肝藏血，主筋，血虚则筋脉失养，络脉空虚，风邪乘虚扰动，故见足部麻木不仁。常伴头晕目眩、面色无华、爪甲不荣等症。
1720,不得平卧,,不得平卧，指患者自觉气逆不能平卧，卧则气壅喘促，甚则须坐起或倚息以缓解之候。其状多伴胸闷、咳嗽、痰鸣。病机多属肺失肃降、肾不纳气，或水气凌心、痰饮阻肺，致肺气上逆，气机壅塞，故卧则气逆更甚。常见于喘证、支饮、心水等病。
1723,不饥食少,,不饥食少，指患者虽饮食入口，但无饥饿感，且进食量明显减少，甚则终日不思饮食。其临床表现以胃脘痞闷、纳谷不馨、食后胀满为特征。多因脾胃虚弱，运化失职，或湿浊、食积、肝气等阻滞中焦，致胃气失于和降，受纳腐熟功能减退所致。
1721,不眠,,不眠，亦称“不得卧”或“目不瞑”，指经常不能获得正常睡眠为特征的一类病证。轻者入寐困难，或寐而易醒，或醒后不能再寐，重者彻夜不眠。其病机总属阳盛阴衰，阴阳失交。多因思虑劳倦，内伤心脾；或情志不遂，肝郁化火；或阴虚火旺，心肾不交；或胃气不和，痰热内扰等，致心神失养或心神被扰而发。
1722,不语,,不语，指患者神识清楚而语言不能，或言语涩滞难出之症。多因邪阻心窍，如痰浊、瘀血蒙蔽心神；或热病伤阴，心气耗损，舌本失养；亦有因脏气衰微，如中风脱证所致。临床表现为欲言而不能，或仅能发声而语不成句，常伴神志异常、肢体不利等。
1726,中暑发痧,,中暑发痧，指夏月感受暑湿秽浊之气，邪郁肌表，内扰肠胃所致。症见猝然胸闷呕恶，脘腹胀痛，头昏目眩，身热汗出不畅，或肌肤起粟，甚则神昏肢厥，脉濡数或沉伏。其病机为暑湿交阻，气机逆乱，清阳不升，浊阴不降。
1727,中风痰迷,,中风痰迷，系指因脏腑失调，痰浊内盛，蒙蔽清窍所致之证。临床以猝然昏仆，不省人事，喉中痰鸣，口眼歪斜，半身不遂，或神志昏蒙，言语謇涩，舌强不语，苔白腻或黄腻，脉弦滑等为主要表现。其病机多由肝阳暴亢，或脾虚生痰，风痰上扰，阻闭脑络，神明失用而成。
1725,中恶昏迷,,中恶昏迷指因触冒秽浊不正之气，或突受惊恐，致气机逆乱、神明被蒙，而骤然神志昏愦、不省人事之危候。临床多伴面色青紫或苍白、四肢厥冷、口噤握拳、呼吸急促或断续，甚则二便失禁。其病机核心为邪毒秽浊骤犯，闭塞清窍，扰乱神明，属内闭外脱之变。
1729,久咳胸痛,,久咳胸痛，指咳嗽反复发作，迁延不愈，并伴见胸部疼痛之症。其临床表现以咳嗽日久，咳引胸胁作痛，或胸中闷痛、刺痛，常因深呼吸、转侧或咳嗽加剧。病机多因久咳耗伤肺气，气滞血瘀，或痰浊阻络，肺络失和；亦可因邪伏于肺，郁而化热，灼伤肺络所致。
1730,久溃不敛,,久溃不敛，指疮疡、溃疡经久不愈，疮口流脓或渗液，肉芽组织生长迟缓，难以愈合之象。其临床表现为疮面暗淡、脓液清稀或夹败絮，或疮口下陷、边缘僵硬。多因气血亏虚、正气不足，无力托毒生肌；或余毒未尽、瘀血阻滞，新血难生所致。常见于虚劳、消渴、痈疽后期等病证。
1728,久不收口,,久不收口，指疮疡、溃疡或外伤创面经久不愈，逾月甚至数月不能愈合之症。临床表现为创面肉芽淡白或晦暗，脓液清稀或干涸，边缘硬实如缸口，四周皮肤紫暗。其病机多属气血两虚，无力托毒生肌；或阳虚寒凝，血脉瘀滞；或余毒未尽，正气已衰，致肌失濡养，新肉难生。
1738,乳闭,,乳闭，指产后乳汁分泌甚少或全无，不能满足哺乳需求之证。其临床表现以乳房胀硬、乳汁不行，或乳房柔软、乳汁清稀为特征。病因病机多属气血亏虚，化源不足，或肝郁气滞，乳络壅塞，亦有痰湿阻滞、瘀血内停所致者。
1732,乳房结块,,乳房结块，指乳房内出现可触及的肿块或结节，大小不一，质地或软或硬，边界清晰或欠清，可伴胀痛或压痛，常随月经周期或情志变化而消长。其病机多责之于肝郁气滞、痰瘀互结，或冲任失调、气血凝滞，日久可致毒聚成岩。
1733,乳痈肿痛,,乳痈肿痛是指发生于乳房部的痈肿，伴有明显疼痛之症。临床表现为乳房局部红肿、灼热、结块，触痛显著，甚则皮色焮红，疼痛拒按，可伴恶寒发热、乳汁排泄不畅。其病因病机多因肝气郁结，胃热壅滞，或外感邪毒，致乳络闭阻，气血凝滞，郁而化热，腐肉成脓。
1739,二便不利,,二便不利，指大便排出困难与小便不畅或涩痛并见之症。临床表现为大便秘结、数日一行，或便质不干但排便费力；小便短少、频数不爽，或点滴而出，甚则癃闭。其病机多责之肺、脾、肾、三焦气化失司，或湿热、瘀血阻滞，致水液与糟粕运行不畅。
1743,产后手足浮肿,,产后手足浮肿，指产妇分娩后出现四肢末端（手、足）肿胀之症。临床表现为手足按之凹陷，或皮色光亮，活动不利，常伴倦怠乏力、纳差、小便短少等。其病因多系产后气血骤虚，气化失司，水湿内停；或瘀血阻滞，水道不通，泛溢肌肤所致。
1745,产后淤阻,,产后淤阻，指产妇分娩后，恶露排出不畅或停滞不下，瘀血内阻胞宫所致之证候。临床表现为小腹疼痛拒按，恶露量少、色紫暗有块，或伴发热、口渴不欲饮，舌紫暗或有瘀点，脉沉涩。其病机多因产时受寒，或情志不畅，气滞血瘀，或气虚推动无力，致瘀血留滞胞宫，冲任受阻。
1741,亦气疼痛,,亦气疼痛，指因气机郁滞或气机逆乱所致的疼痛，其特点为痛处走窜不定，或胀痛、刺痛，时作时止，常随情志波动而增减。多由情志不遂、肝气郁结，或饮食劳倦、气机失调，致气滞血瘀，经络不通，不通则痛。临床常见胸胁脘腹等处胀闷疼痛，嗳气或矢气后暂缓。
1747,产后瘀滞腹痛,,产后瘀滞腹痛是指产妇分娩后，恶露排出不畅或瘀血内阻胞宫，以致小腹疼痛拒按、痛处固定、得热稍减、恶露量少色暗有块、块下痛减为主要表现的病证。其病机多因产时感寒、气滞或气虚运血无力，致瘀血留滞胞脉，不通则痛。
1746,产后瘀滞,,产后瘀滞，指产妇分娩后，恶露排出不畅或停滞不下，瘀血内阻胞宫所致之证候。临床多见小腹疼痛拒按、恶露量少色暗有块、或伴发热、舌紫暗有瘀点、脉弦涩。其病机多因产时耗气伤血，气虚推动无力，或感寒凝滞，或情志郁结，致血行不畅，瘀阻胞脉。
1748,产后瘀血,,产后瘀血，指妇人产后恶露不下或下而不畅，瘀血内阻胞宫之证。临床表现为小腹疼痛拒按，恶露量少、色紫暗有块，或伴发热、口渴不欲饮，舌紫暗或有瘀点，脉沉涩。多因产时感寒、气滞或气虚，致血行不畅，瘀滞胞脉而成。
1750,产后瘀阻,,产后瘀阻，指产后恶露排出不畅，或瘀血内停胞宫所致之证候。临床表现为小腹疼痛拒按，恶露量少、色紫暗有块，或伴发热、口渴不欲饮，舌紫暗或有瘀点，脉弦涩。其病机多因产时受寒，或气滞血瘀，致瘀血阻滞胞脉，气血运行不畅。
1749,产后瘀血腹痛,,产后瘀血腹痛是指新产后恶露排出不畅，瘀血内阻胞宫，以致小腹疼痛拒按、痛处固定不移、得热稍减、恶露量少或夹有血块、块下痛减，常伴面色晦暗、舌紫暗或有瘀点、脉沉涩或弦涩。其病机多因产时感寒、气滞或劳伤，致血行不畅，瘀滞胞脉，不通则痛。
1751,产后瘀阻腹痛,,产后瘀阻腹痛，指新产后恶露排出不畅，瘀血内阻胞宫所致之小腹疼痛。其痛多呈刺痛或胀痛，痛处固定不移，拒按，得热稍减，伴恶露量少、色紫暗有块，或块下痛减。病机为产后胞脉空虚，寒邪乘袭或气滞血瘀，致瘀血阻滞冲任，不通则痛。
1755,伤酒口渴,,伤酒口渴，指因饮酒过度，酒性辛热，耗伤胃阴，或蕴湿生热，上蒸于口所致之口干欲饮。症见口渴引饮，或伴口苦、舌苔黄腻，甚则心中懊憹。其病机为酒毒湿热内蕴，津液输布失常，或酒热灼伤胃津，故见口渴。
1753,产后血虚发热,,产后血虚发热，指新产之后，因失血过多，阴血骤虚，阳气浮越于外所致之发热。其热多为低热，朝凉暮热，或午后潮热，伴面色萎黄或㿠白，头晕心悸，神疲乏力，自汗或盗汗，恶露量少色淡。病机乃血虚不能濡养脏腑，阴不维阳，虚阳外越而发热。治当补血益气，引火归原，方如圣愈汤或当归补血汤加减。
1759,体倦乏力,,体倦乏力是指患者自觉身体困倦、精神疲惫、肢体懈怠无力，动则尤甚的一种症状。其临床表现常伴少气懒言、声低息微、不耐劳作。病因病机多由脾胃虚弱，气血生化不足；或久病耗伤，元气亏虚；或湿浊困阻，气机不畅，致肌肉筋脉失于濡养所致。
1758,伤食腹痛腹泻,,伤食腹痛腹泻，指因饮食不节，宿食停滞胃肠，气机阻滞，传导失常所致之腹痛、腹泻。症见脘腹胀满疼痛，痛则欲泻，泻后痛减，大便酸臭或如败卵，嗳腐吞酸，不思饮食，舌苔厚腻，脉滑实。其病机为食积内停，壅塞肠道，腑气不通则痛；腐浊下迫则泻。
1761,作喘,,作喘，指呼吸急促，张口抬肩，难以平卧之症。其临床表现以气息急促、喉中痰鸣或无声，甚则鼻翼煽动、唇甲青紫为特征。多因外邪袭肺、痰浊内阻、肝气上逆或肾不纳气，致肺气壅塞或肾失摄纳，气机升降失常而作。
1762,便塘,,便溏，指大便稀薄、不成形，甚则如水样，但排便次数可正常或稍增。其状如鸭粪，质软而黏滞，常伴腹胀、纳呆。多因脾虚失运，水湿内停，下注大肠所致；或由湿邪困脾、肝郁乘脾、命门火衰等引起，病机总属脾运失常，清浊不分。
1763,偏正头痛,,偏正头痛是指头痛部位偏于一侧（偏头痛）或痛在前额、巅顶、后枕等正中部位（正头痛）的统称。临床表现为阵发性或持续性疼痛，可呈胀痛、刺痛、掣痛或空痛，常伴恶心、眩晕、目胀等症。其病因病机多由外感风、寒、湿、热之邪，或内伤肝阳上亢、痰浊中阻、瘀血阻络、气血亏虚，导致清阳不升、浊阴不降，经络闭阻，脑窍失养而发。
1764,健忘多梦,,健忘多梦，指记忆力减退、遇事善忘，且寐中梦境纷纭、睡眠不酣之症。临床表现为昼日神思恍惚，言谈不知首尾，夜卧则梦扰不安，甚则彻夜难眠。其病机多责之心脾两虚，气血不足，心神失养；或肾精亏耗，髓海空虚，脑失所充；亦可因痰火内扰，瘀血阻络，致神明不宁。
1765,关窍不通,,关窍不通指人体关节、孔窍或经络枢纽之处气机阻滞、功能失常的病理状态。临床表现为关节屈伸不利、僵硬疼痛，或九窍（眼、耳、鼻、口、前后阴）闭塞不通，如目昏、耳聋、鼻塞、二便癃闭等。其病因病机多由外邪侵袭、痰瘀阻络、气血亏虚或脏腑失调，致经隧壅塞，窍道失于通利。
1766,关节痿软,,关节痿软，指肢体关节弛缓无力、活动不利，甚则肌肉萎缩、不能随意运动之症。多因肝肾亏虚，精血不足，筋骨失养；或湿热浸淫，气血阻滞，筋脉弛纵；亦可由肺热叶焦，津伤及肾所致。临床常伴腰膝酸软、步履艰难，久则关节变形，属痿证范畴。
1768,关节酸,,关节酸，指患者自觉关节部位酸楚不适、绵绵不休，常伴乏力、沉重感，活动后或遇寒湿加重，得温按稍缓。其病机多责之肝肾不足、气血亏虚，筋骨失于濡养；或风寒湿邪痹阻经络，气血运行不畅，酸楚乃作。临床常见于痹证、虚劳等病，需与关节疼痛、肿胀相鉴别。
1775,历节痹痛,,历节痹痛，指周身关节遍历性疼痛，甚则肿大变形、屈伸不利，痛处游走或固定不移，常伴晨僵、恶风畏寒。其病机多由风寒湿热之邪杂至，痹阻经络，气血运行不畅；或肝肾亏虚，筋骨失养，痰瘀互结所致。
1769,内伤出血,,内伤出血，指因脏腑功能失调、气血逆乱所致之非外伤性出血。其血或溢于上，见咳血、吐血、衄血；或泄于下，见便血、尿血、崩漏；或渗于肌肤，见紫斑、瘀点。病机多由气虚不摄、血热妄行、瘀血阻络或阴虚火旺，致血不循经，溢于脉外。临床当辨虚实寒热，审因论治。
1771,冻疮.,,冻疮是指因寒邪侵袭，气血凝滞所致，多发于手足、耳廓、面颊等暴露部位的局限性瘀血性皮肤病。临床表现为局部皮肤先呈苍白、麻木，继而红肿、焮热，遇暖则痒痛加剧，甚则出现水疱、紫暗、溃烂。其病机为寒性收引，阳气不达，气血运行涩滞，经络阻塞，肌肤失于温养。
1773,劳伤腰痛,,劳伤腰痛，系因劳力过度、房室不节或久病体虚，致肾精亏损、筋骨失养，或兼气血瘀滞所致。其症多见腰部酸软隐痛，喜按喜揉，遇劳则甚，卧则减轻，常伴膝腿无力、神疲气短。病机以肾虚为本，或夹瘀血、湿浊，属本虚标实之候。
1776,历节风痛,,历节风痛，指周身关节游走性疼痛、肿胀、屈伸不利，甚则痛如虎啮、关节变形之证。其病多由肝肾亏虚，营卫不和，复感风寒湿邪，郁而化热，或素体湿热内蕴，外邪引动，致气血痹阻，经脉不通。临床以关节红肿灼痛、游走不定、遇寒加重或得热稍缓为特征，常伴发热、汗出、口渴等症。
1781,口眼㖞斜,,口眼㖞斜，指一侧目睛闭合不全、口角歪向对侧之症。多由风邪中络，或肝风内动，痰瘀阻络所致。临床可见患侧额纹消失、眼裂扩大、鼻唇沟变浅、鼓腮漏气、咀嚼不利，甚则流涎。病位在头面经络，涉及阳明、少阳经筋。
1780,口㖞,,口㖞，指口唇向一侧歪斜，不能随意回正之症。临床多伴见额纹消失、眼睑闭合不全、鼻唇沟变浅、鼓腮漏气、饮食漏涎等。其病机多属风邪中络，或内风挟痰阻于阳明、少阳经脉，致气血痹阻，筋脉失养而弛缓不收；亦有因气血亏虚、络脉空虚，外风乘虚而入者。
1778,发痧,,发痧，又称痧证，系因感受秽浊不正之气或暑湿疫毒，致气机闭塞、血运不畅，壅遏经络脏腑所致。临床以突发头昏胸闷、恶心欲呕、脘腹痞胀、四肢酸楚或麻木、肌肤灼热或冷汗淋漓，甚则神昏肢厥、指甲青紫为特征。其证多属实证、热证，或兼夹湿浊，重者可见痧筋显露，刮痧后皮肤出现紫红痧点。
1783,口眼干燥综合征,,口眼干燥综合征，系指津液输布失常，口、眼等孔窍失于濡润，表现为口干欲饮、频频饮水不解，眼干涩、视物模糊，甚则泪液、唾液分泌显著减少，常伴鼻腔干燥、皮肤干涩、大便干结等症。其病机多属阴虚津亏，或燥热伤津，亦可因气不布津、湿阻气机所致，病位涉及肺、脾、胃、肝、肾诸脏。
1782,口眼喝斜,,口眼喝斜，指一侧口角及眼睑歪斜、闭合不全之症。临床表现为患侧额纹消失，眼裂增大，不能闭合，鼻唇沟变浅，口角向健侧歪斜，鼓腮漏气，进食时食物易滞留于齿颊间。其病机多因风邪中络，或肝风内动，痰瘀阻络，致气血痹阻，经筋失养，弛缓不收。常见于中风病及面瘫。
1787,吐泻转筋,,吐泻转筋，指以剧烈呕吐、泄泻，并伴见四肢筋脉挛急、抽搐，甚则转筋入腹为特征之症候。多因暴吐暴泻，津液骤失，筋脉失于濡养；或寒湿、湿热秽浊之邪壅滞中焦，气机逆乱，气血不行，筋脉拘急所致。常见于霍乱、急性胃肠炎等病。
1784,口蜗,,口蜗，指口唇周围肌肉抽动、收缩，状如蜗牛蠕动之象。其症多见于唇周筋肉不自主、频繁或阵发性掣动，甚则牵引面颊。多因风邪外袭，客于阳明经脉；或肝风内动，上扰唇口；亦可见于脾虚生风，津液不濡所致。
1790,呕吐腹痛,,呕吐腹痛，指胃气上逆而致呕吐，并伴腹部疼痛之症候。其临床表现常为呕吐频作，或吐酸苦水、或吐宿食，腹痛或胀或痛，痛势或急或缓，拒按或喜温。病机多因外邪犯胃、饮食不节、情志失调或脾胃虚寒，致胃失和降，气机逆乱，腑气不通，不通则痛。
1789,呕吐呃逆,,呕吐呃逆，指胃气上逆所致之呕吐与呃逆并见。呕吐为胃失和降，气逆于上，迫使胃内容物从口而出；呃逆乃膈间气机不利，气逆上冲，喉间呃呃连声，声短而频。二者常因外感寒邪、饮食不节、情志失调或久病胃虚，致胃气壅滞或虚气上逆，动膈冲咽而发。临床可见恶心呕物、呃声急促，伴脘腹胀满、纳呆等症。
1791,呕哕,,呕哕，指胃气上逆，有声无物谓之哕，有声有物谓之呕，二者常并见，故合称呕哕。临床表现为喉间呃呃连声，或伴恶心、呕吐胃内容物。其病机多由外邪犯胃、饮食不节、情志失调或脾胃虚弱，致胃失和降，气逆于上。
1792,呕逆吐酸,,呕逆吐酸，指胃气上逆，口中泛吐酸水或酸腐之物，甚则伴有干呕、嗳气之症。其临床表现以呕吐酸水、脘胁胀痛、嘈杂不适为主，常因肝郁化火、横逆犯胃，或饮食不节、积滞内停，致胃失和降、酸浊上泛。病机多属肝胃郁热或食积化热，久则可见脾胃虚寒、浊气上逆之变。
1793,咯吐不出,,咯吐不出，指痰涎或异物阻于喉间、气道，虽欲咯出而难以排出之状。临床表现为患者自觉喉中痰阻，频频清嗓或用力咯咳，但痰液黏着难出，或仅能咯出少量黏涎。其病机多因肺燥津亏，痰液稠厚而胶着；或脾虚湿盛，痰浊内蕴，气机不利；亦有因外邪束肺，肺失宣肃，痰气交阻所致。
1798,咽喉干痛,,咽喉干痛，指咽喉部干燥不适，伴灼热、刺痛或异物感，甚则吞咽不利。多因外感风热燥邪，或肺胃郁热上蒸，或阴虚津亏，虚火上炎所致。其病机总属津液不足，咽喉失于濡润，或火热上灼，气机不利。临床当辨虚实，实者多兼红肿，虚者常伴干痒。
1795,咳嗽气喘,,咳嗽气喘，指肺气失于宣降，上逆而作咳，并伴呼吸急促、气息不续之候。临床以咳声频作、气促难平、甚则张口抬肩、喉中痰鸣为特征。其病机多因外邪袭肺、痰浊阻肺、肝火犯肺或久病肺肾两虚，致肺气壅塞或肾不纳气，气机升降失常。
1794,咳喘痰多,,咳喘痰多，指咳嗽、气喘并见，且痰涎壅盛、量多易出或难出之候。临床表现为咳声重浊，气促喘息，喉中痰鸣，咯吐痰液或清稀或稠厚。其病机多因脾失健运，水湿内停，聚而生痰，上渍于肺；或外邪束表，肺失宣肃，津液不布，酿痰阻气。痰浊壅肺，肺气上逆，故见咳喘痰多。
1802,喉痹肿痛,,喉痹肿痛，指咽喉部红肿疼痛，甚则吞咽不利、呼吸不畅之症。其病位在咽喉，属肺胃所主。多因风热外袭，肺失清肃，热毒壅结咽喉；或过食辛热炙煿，胃火炽盛，上灼喉窍；亦有阴虚火旺，虚火上炎所致者。临床常伴咽干灼热、声音嘶哑、咳嗽痰黄等症。
1803,喉肿痛,,喉肿痛，指咽喉部红肿疼痛之症，甚则吞咽不利、呼吸欠畅。多因外感风热或肺胃蕴热，上攻咽喉，热毒壅滞，气血不畅所致；亦可由阴虚火旺，虚火上炎而发。临床当辨其虚实，实者肿痛剧烈，多伴发热；虚者痛势绵绵，咽干微红。
1801,喉痹乳蛾,,喉痹乳蛾，系指咽喉部红肿疼痛，甚则喉核（扁桃体）肿大如乳头或蚕蛾，或表面有黄白脓点，吞咽不利，伴发热、咽干、咳嗽等症。其病位在咽喉，病性多属热毒壅盛或阴虚火旺。病因多由外感风热邪毒，或肺胃积热上攻，或虚火上炎所致。病机为邪热结于咽喉，气血壅滞，腐肉成脓。
1808,四肢挛急疼痛,,四肢挛急疼痛，指四肢筋脉、肌肉出现拘急、抽搐、牵掣，甚则屈伸不利、强硬不舒，并伴明显疼痛之症。其状或如转筋，或如抽掣，时作时止，动则加剧。多因寒邪凝滞、气血亏虚、津液耗伤、肝血不足，致筋脉失于温煦濡养，或湿热浸淫、瘀血阻络，使经气不通而作。
1809,四肢痿软,,四肢痿软，指四肢筋肉弛缓无力，甚则萎弱不用，运动功能减退或丧失之症。临床表现为上肢或下肢软弱无力，抬举、持物、步履困难，日久可见肌肉萎缩。其病机多责之于肺热津伤、湿热浸淫、脾胃虚弱或肝肾亏损，致气血津液不足，筋脉失于濡养。
1812,夏伤暑湿,,夏伤暑湿，指夏季感受暑热湿邪，邪气郁遏肌表、困阻中焦所致之证。临床以身热不扬、汗出不畅、头重如裹、胸闷脘痞、纳呆呕恶、大便溏滞、肢体酸困、舌苔白腻或黄腻、脉濡数为主要表现。其病机为暑湿交蒸，湿遏热伏，气机不畅，脾胃运化失司。
1810,壮热烦渴,,壮热烦渴，指高热炽盛（体温显著升高，持续不退），伴口渴引饮、烦躁不安之症。多因外感温热邪气，或伤寒化热入里，邪热亢盛，燔灼气分，耗伤津液所致。其热势壮盛，故见身大热、不恶寒；津液被灼，则口渴喜冷饮；热扰心神，故烦躁不宁。临床常见于阳明经证、气分热盛等证候。
1815,外感发热,,外感发热是指因感受六淫之邪或疫疠之气，邪正交争于肌表，导致营卫失和、肺气失宣所引发的体温升高。临床以恶寒发热、头身疼痛、鼻塞流涕、脉浮为主要表现，常伴咳嗽、咽痛等症。其病机为外邪束表，卫阳被郁，正邪相搏，阳气不得泄越而致发热。
1813,外伤出血,,外伤出血，指因外力损伤皮肉筋骨，致脉络破损，血溢脉外之证。临床表现为伤口流血，血色鲜红或暗红，量可多可少，或伴局部肿痛、瘀斑。其病机为外力所伤，络脉受损，血不循经，离经妄行。轻者仅皮表渗血，重者血出如涌，甚则气随血脱，面色苍白，肢冷汗出。
1823,头痛头晕,,头痛头晕是指头部疼痛与眩晕并见之证候。临床表现为头部胀痛、刺痛或空痛，兼见视物旋转、站立不稳、头重脚轻，甚则恶心呕吐。其病机多责之肝阳上亢，气血亏虚，或痰浊中阻，瘀血阻络，致清阳不升、浊阴不降，脑窍失养或受扰而发。
1824,头痛目赤,,头痛目赤，指头痛与目赤肿痛并见之症。临床表现为头部胀痛或掣痛，双目红赤，或伴灼热、畏光、多眵。其病机多因风热外袭，上攻头目；或肝火上炎，循经冲扰清窍；亦可见于肝阳上亢，气血逆乱。常兼见口苦、烦躁、脉弦数等。
1814,外伤肿痛,,外伤肿痛是指因跌仆、撞击、扭挫、金刃等外力损伤筋肉、骨骼或脉络，导致局部气血运行受阻，瘀滞不通，或血溢脉外，停积于皮下、肌腠之间，而见患处肿胀、疼痛、皮色青紫或红赤，活动受限，压之痛甚。其病机总属“气滞血瘀”，络脉受损，不通则痛；水湿津液输布失常，聚而为肿。
1818,大头瘟疫,,大头瘟疫，又名“大头风”“大头伤寒”，系感受风热时毒，壅于上焦，攻冲头面所致。症见头面红肿如斗，或腮项漫肿，发热恶寒，咽喉肿痛，口渴烦躁，甚则神昏谵语。其病机为风热疫毒上攻，气血凝滞于头面，属温毒范畴，治宜清热解毒、疏风散邪。
1827,头身疼痛,,头身疼痛是指患者头部与躯体同时出现疼痛不适的自觉症状。临床表现为头痛连及项背、周身肌肉关节酸楚或重着疼痛，常伴恶寒发热、无汗或汗出等表证。其病因病机多由外感六淫之邪，尤以风寒湿邪侵袭肌表，致卫阳郁遏、经气不利，或内伤气血亏虚、经脉失养所致。
1830,妇女断乳,,妇女断乳，指产妇哺乳期内乳汁分泌自然减少或停止，或非哺乳期乳房无乳汁溢出之症。临床表现为乳房胀满感渐消，乳汁量少质稀，甚则全无，或伴乳房柔软不痛。其病因病机多因气血亏虚，化源不足，或肝郁气滞，乳络不通，亦有因哺乳过久、产后失养所致者。
1831,妇女湿热带下,,妇女湿热带下，指带下量明显增多，色黄或黄绿，质黏稠如脓，或呈泡沫状、米泔水样，气味腥臭或秽臭，常伴阴部瘙痒、灼热疼痛，小便短赤，口苦咽干，舌红苔黄腻，脉滑数或濡数。其病因多由肝经湿热下注，或脾虚湿蕴化热，湿热之邪循经下注，损伤任带二脉，致带脉失约，津液不化而外溢。
1836,子宫颈癌,,子宫颈癌，属中医学“癥瘕”、“崩漏”、“带下”等范畴。其病位在胞宫，病性多属本虚标实。临床以非经期阴道不规则流血、带下量多臭秽或夹血丝、小腹坠痛、腰骶酸痛为主要表现。病因多由湿热瘀毒久蕴胞宫，或肝郁脾虚、冲任失调，致气滞血瘀、痰湿凝聚，日久结而成癥。
1851,小便遗沥,,小便遗沥，指排尿后仍有少量尿液点滴不尽，或小便不能自主控制而频自溢出。其症多表现为尿后余沥、沾湿衣裤，或伴尿频、尿急。病机多属肾气不固，膀胱失约；或中气下陷，气化无权；亦可因湿热下注，扰动膀胱，致开阖失司。
1844,寒积便秘,,寒积便秘指寒邪内结，阳气不通，传导失司所致之便秘。症见大便艰涩难下，或数日一行，伴腹中冷痛、得温稍减，手足不温，畏寒喜暖，口淡不渴，舌淡苔白滑，脉沉迟。其病机多由素体阳虚，或过食生冷，寒凝胃肠，阳气不行，津液不布，糟粕停滞所致。
1837,实热积滞便秘,,实热积滞便秘是指因邪热内炽，与肠中糟粕相搏，致腑气不通所引发的便秘。症见大便干结难下，数日一行，腹胀满硬痛，拒按，伴面赤身热，口干口臭，心烦不宁，小便短赤，舌红苔黄燥，脉滑数有力。其病机多由外感热邪入里，或过食辛辣厚味，致胃肠积热，耗伤津液，燥屎内结，腑气壅滞。
1839,寒湿呕逆,,寒湿呕逆，指因寒湿内盛，中焦阳气被遏，胃失和降，气机上逆所致之证。临床表现为呕吐清水或涎沫，脘腹痞闷，食少纳呆，口淡不渴，或伴头身困重，舌苔白腻，脉濡缓或沉迟。其病机多由外感寒湿，或过食生冷，致脾阳受损，寒湿停聚，阻遏气机，胃气不降反升。
1848,小便短赤涩痛,,小便短赤涩痛，指排尿时尿量短少、色深红或黄赤，且伴有尿道灼热、涩滞不畅、刺痛或急迫不适之感。其病位在膀胱与下焦，多因湿热蕴结膀胱，气化不利，或心火下移小肠，热灼津伤所致。常见于淋证、热淋、血淋等病证中。
1850,小便赤,,小便赤，指尿液色泽深黄至红赤，甚或如浓茶、洗肉水状，排尿时或伴灼热涩痛。其病机多属热邪内蕴，或湿热下注膀胱，灼伤血络；亦可因心火亢盛，移热小肠所致。临床常见于实热证，如膀胱湿热、心火上炎，亦可见于阴虚火旺之虚热证。
1842,寒疝腹痛,,寒疝腹痛指因寒邪凝滞肝脉或阳虚阴盛，致气机收引、经脉挛急，以少腹拘急冷痛、痛引睾丸或阴股、得温痛减、遇寒加剧为主要表现的病证。其病机多由外感寒湿、过食生冷，或素体阳虚，寒积于内，搏结肝经，气血运行涩滞所致。临床常伴畏寒肢冷、舌淡苔白、脉沉弦或沉紧等症。
1854,小儿惊啼,,小儿惊啼，指婴幼儿于睡眠中突发惊叫啼哭，或白昼无故惊恐啼泣，伴面色乍青乍赤、神情不安、易惊惕、指纹青紫等症。其病机多因心肝火盛，或暴受惊恐，神不守舍；亦有因乳食积滞，郁而化热，上扰神明所致。临床需辨虚实，实者多声高而急，虚者声低而怯。
1858,小儿疳热,,小儿疳热，指因乳食不节、积滞化热，或病后失调、气阴耗伤，致脾胃虚弱、运化失司，蕴生内热，熏灼肌肤之证。临床以形体羸瘦、面色萎黄、毛发枯槁、肚大青筋、午后潮热、夜寐不宁、口渴喜饮、大便不调为特征。其病机总属脾虚肝旺，虚实夹杂，热由积生或虚热内扰。
1864,尿热涩痛,,尿热涩痛，指排尿时尿道灼热、艰涩不畅，伴刺痛或涩痛之感。其临床表现以小便频急、灼热涩痛、淋漓不畅为特征，常兼见小便黄赤、小腹拘急。多因湿热下注膀胱，气化不利，或心火移热于小肠，热灼尿道所致。常见于淋证、热淋等病证。
1857,小儿慢惊,,小儿慢惊，指小儿因久病、吐泻或攻伐太过，损伤脾胃，致土虚木亢，或热病后期阴液耗伤，虚风内动，而见抽搐时作时止、抽动无力、神志不清、面色萎黄或潮红、四肢不温、大便稀溏等症。其病机多属脾肾阳虚、肝木乘土，或肝肾阴虚、虚风内扰，病势缠绵，属虚证范畴。
1862,少阴伏风头痛,,少阴伏风头痛，指风邪潜伏少阴经所致之头痛。其痛多位于巅顶或后枕，痛势较剧，呈抽掣或冷痛感，常伴畏寒肢冷、腰膝酸软、脉沉细或弦紧。病机为肾阳素虚，风邪乘虚深伏少阴，循经上扰清空，阳气不得舒展。
1861,小儿高热抽搐,,小儿高热抽搐，指因外感时邪或内蕴痰热，致热势炽盛，引动肝风，症见体温骤升（常超39℃），突发四肢抽搐、颈项强直、两目上视、牙关紧闭，甚则神昏口噤。其病机多由邪热燔灼肝经，筋脉失养，风火相扇所致。多见于6月至3岁小儿，属急惊风范畴。
1860,小儿痰热惊痫,,小儿痰热惊痫，指痰热内蕴，扰动肝风，上蒙清窍所致之抽搐、神昏证候。临床多表现为发热、喉中痰鸣、突然惊厥、两目上视、牙关紧闭、四肢抽搐，甚则口吐白沫、神志不清，常伴烦躁不安、面赤唇红、便秘溲黄、舌红苔黄腻、脉滑数。其病机多因乳食不节或外感时邪，酿生痰热，引动肝风，风痰相搏，闭阻经络，扰乱心神而发。
1869,崩漏下血,,崩漏下血，指妇女非经期阴道突然大量出血，或淋漓下血日久不止。其来势急、血量多者为“崩”，势缓、量少而淋漓不断者为“漏”，二者常相互转化。病机多因血热、气虚、血瘀或肾虚，致冲任不固，不能制约经血。临床可见血色鲜红或暗紫，夹有血块，伴腹痛、乏力、腰酸等症。
1863,尿少涩痛,,尿少涩痛，指排尿量减少，排尿时尿道有滞涩不畅之感，且伴明显疼痛或灼热刺痛。其临床表现以小便短少、点滴而出、艰涩难行、尿道刺痛或涩痛为主，常兼小腹拘急或胀满。多因湿热下注膀胱，气化不利；或肝气郁结，水道涩滞；或久病肾阴亏虚，虚火灼烁尿道所致。病机关键在膀胱气化失司，水道不通，涩滞作痛。
1866,尿闭,,尿闭指小便闭塞不通，点滴难出，甚则小腹胀急疼痛，属癃闭之重证。其病位在膀胱与肾，涉及三焦、肺、脾。多因湿热蕴结、肺热气壅、肝郁气滞、瘀血败精阻塞，或肾元亏虚、气化失司所致。临床以排尿困难、小便不通为主，常伴小腹拘急或胀满。
1872,带下阴痒,,带下阴痒指妇人阴道内流出异常分泌物，伴外阴及阴道瘙痒不适的病症。临床表现为带下量多，色、质、气味异常，如白带清稀或黄稠，或如豆渣、泡沫状，阴痒时作，甚则灼痛难忍。其病机多因湿热下注，或感染虫毒，或肝肾阴虚、血燥生风所致，常涉及肝、脾、肾三脏功能失调。
1877,庁肿,,庁肿，指皮肤局部红肿、灼热、疼痛，根脚浅显，肿势局限，脓出即愈之浅表疮疡。多因外感风热邪毒，或湿热火毒内蕴，致气血凝滞，营卫不和，壅结于肌肤腠理而成。其形如粟米或豆粒，色红，触之灼热，轻者无全身症状，重者可伴发热、口渴。
1878,弛缓胃肌,,弛缓胃肌，指胃腑肌肉松弛，收缩无力，以致胃体下垂、蠕动减缓之证候。临床多见脘腹痞胀、食后尤甚，纳呆嗳气，甚则胃脘坠痛，或伴水声漉漉。其病机多由脾胃气虚，中气下陷，升举无力；或饮食劳倦，损伤胃络，致胃肌弛纵不收。
1886,心腹暴痛,,心腹暴痛指胸脘至腹部突然发生剧烈疼痛，痛势急迫如刺如绞，难以忍受，常伴面色苍白、冷汗淋漓、四肢厥冷，甚则唇甲青紫、气促呕逆。其病机多由寒邪内侵、气滞血瘀、食积痰阻或脏腑阳气暴脱所致，气血骤然壅塞不通，或络脉挛急，故痛势暴烈。
1885,心胸郁闷,,心胸郁闷，指患者自觉胸膺部位满闷不舒，似有物阻，欲得叹息或捶拍方快，常伴胁胀、善太息、情绪不宁。其病位在胸膈，涉及心、肺、肝三脏。多因情志不遂，肝气郁结，气机失于条达，或痰浊、瘀血内阻，致胸中阳气不展，清旷之区壅塞而成。
1888,心腹瘀痛,,心腹瘀痛是指心胸部及脘腹部出现固定性刺痛、绞痛或钝痛，痛处拒按，入夜尤甚，或可触及癥块，伴面色晦暗、唇舌紫暗或有瘀斑、脉涩或结代。其病机多因气滞血瘀，或寒凝血脉，或外伤瘀阻，导致心腹脉络不通，不通则痛。
1887,心腹疼痛,,心腹疼痛是指心下至腹部（涵盖胃脘、大腹、小腹）出现的疼痛症状。其临床表现可呈胀痛、刺痛、隐痛、绞痛或拘急作痛，常伴脘痞、呕恶、泄泻或便秘。病因多由外感寒邪、饮食不节、情志失调或脏腑虚寒，导致气机郁滞、血行不畅或经脉失养，病机总属“不通则痛”或“不荣则痛”。
1897,恶露不行,,恶露不行指产后恶露应下不下，或所下甚少，涩滞不畅，或时断时续。临床表现为产后数日恶露量少或无，色暗紫或夹血块，伴小腹疼痛拒按。其病机多因产时受寒，血为寒凝；或气滞血瘀，瘀阻胞宫；或素体气虚，无力运血所致。
1903,感冒风寒,,感冒风寒，乃外感风寒之邪，束于肌表，卫阳被郁所致。症见恶寒重，发热轻，头身疼痛，无汗，鼻塞流清涕，喷嚏，咳嗽痰白清稀，口不渴，舌苔薄白，脉浮紧。其病机为风寒外袭，腠理闭塞，肺气失宣，卫气抗邪于表。
1893,急性鼓膜炎,,急性鼓膜炎，系风热外袭或肝胆火郁，上攻耳窍所致。症见耳内卒然疼痛，痛势如刺如钻，甚则牵引头面，伴耳鸣、听力减退，鼓膜充血、红肿或见小疱，脉多浮数或弦数。其病机为邪热壅滞耳络，气血瘀阻，故痛剧而窍闭。
1898,惊痛,,惊痛，指患者突发惊恐，并伴发剧烈疼痛之症。其痛势急迫，或如针刺，或如刀割，常随惊悸而作，痛止则惊缓。多因暴受惊恐，气机逆乱，血行瘀阻，或肝胆郁火，扰动心神，致气血壅滞于经络、脏腑而发。临床常见于胸痹、胁痛、头痛等病证中。
1909,手足瘈疭,,手足瘈疭，指手足筋脉拘急与弛缓交替发作之状，瘈者筋急引缩，疭者筋缓纵伸。临床表现为手足屈伸不利，时作时止，或伴抽搐、震颤。其病机多责之于肝风内动，或热极生风，或阴虚血少、筋脉失养，亦可见于气血亏虚、筋脉失濡。
1911,扭挫伤痛,,扭挫伤痛，指因外力致筋肉、经络受损，气血瘀滞不通所引发的局部疼痛、肿胀、活动受限之症。其痛多呈刺痛或胀痛，拒按，伤处可见青紫瘀斑，重则关节屈伸不利。病机总属气滞血瘀，络脉痹阻；若迁延不愈，可兼夹寒湿或致筋脉失养。
1923,早期肝硬化,,早期肝硬化，系肝积之渐成，病位在肝，涉及脾肾。多由湿热疫毒久羁，或酒毒伤肝，致气滞血瘀，肝络失和。临床常见胁肋隐痛或胀痛、脘痞纳呆、面色晦暗、朱砂掌、蜘蛛痣，舌质紫暗或有瘀斑，脉弦涩。其病机核心为肝郁脾虚，瘀血阻络，兼有正虚。
1914,挛痛,,挛痛，指筋肉拘急收缩、牵引作痛之症。其状如筋脉抽掣，痛处固定或游走，常伴屈伸不利、活动受限。多因寒邪凝滞经脉，或肝血亏虚、筋脉失养，亦可因湿热浸淫、瘀血阻络所致。病机总属筋脉挛急，气血不通，不通则痛。
1926,时疫感冒,,时疫感冒，指感受时行疫疠之气所致的急性外感热病。其临床特征为起病急骤，传变迅速，多呈流行性，症见突发高热、恶寒、头身剧痛、咽痛、咳嗽、乏力，常伴恶心呕吐或腹泻。病因为时行疫毒侵袭肺卫，兼夹风、寒、湿、热之邪，邪正交争剧烈，易入里化热，壅遏气机，甚则内陷营血。
1915,损伤出血,,损伤出血，指因外力或内损导致脉络破损，血溢脉外之证。临床表现为局部或全身性出血，血色鲜红或暗红，可伴疼痛、肿胀、瘀斑，甚则气随血脱而见神昏、肢冷、脉微。其病机多由金刃跌扑、撞击扭挫等外伤直接损及血络，或内因气滞血瘀、脉络失和，复因劳损引动，致血不循经而外溢。
1922,无痰,,无痰，指患者自觉喉中或气道无痰液咯出，或咳嗽时无痰涎伴随。临床表现为干咳少痰，或咳声清亮而无痰浊，常伴咽干口燥、声音嘶哑。其病因病机多属肺阴亏虚，津液不足，或燥热伤肺，肺失濡润；亦可因肝火犯肺，灼津成燥；或久病肺气耗伤，气不布津所致。
1927,昏花,,昏花，指视物模糊、不清爽利，或眼前如蒙烟雾、闪动黑花之状。其病多责之肝肾阴亏，精血不能上荣于目；或气血两虚，目失濡养；亦可因痰湿、肝火上扰清窍所致。临床常伴头晕、目涩、不耐久视等症，属目系失养之候。
1928,昏迷不醒,,昏迷不醒，指神志深度丧失，对外界刺激无任何反应，呼之不应、推之不醒的危重证候。其临床表现为目合口开、手撒遗尿、鼻鼾息微或喉中痰鸣。病机多属邪闭清窍，神明失用，或阴阳离决，神气耗脱。常见于中风、中暑、温病热入心包、痰浊蒙窍或脱证等。
1929,晐嗽,,晐嗽，指肺气上逆，冲击喉间而作声，兼有痰涎排出之证。其声重浊而痰出，多因外邪袭肺，或痰浊、水饮内停，致肺失宣肃，气逆而咳。临床以咳嗽连声、喉中痰鸣、咯吐痰涎为主要表现，常伴胸闷、脘痞等症。
1943,水肿胀满,,水肿胀满是指体内水液代谢失常，泛溢肌肤，导致头面、眼睑、四肢、腹背甚至全身浮肿，按之凹陷不易恢复，常伴有胸腹胀满、小便短少、呼吸喘促等症。其病机多因肺、脾、肾三脏功能失调，三焦气化不利，水湿内停，泛溢肌肤所致。
1933,杨梅疮,,杨梅疮，指皮肤出现形似杨梅、色红紫而凸起之斑疹，多先见于胸背，后延四肢，终至全身，溃烂后形如杨梅，脓汁腥秽，疼痛瘙痒。其病由感受霉疮毒气，蕴于血分，外发肌肤所致，属梅毒之典型皮损表现。
1938,气喘痰多,,气喘痰多，指呼吸急促、喉间痰鸣，咳吐痰涎量多之症。其临床表现以气促难续、痰声漉漉、痰色或白或黄、质或清稀或稠厚为特征。多因肺失宣肃，脾失健运，肾不纳气，致水湿停聚成痰，痰阻气道，肺气上逆而发。常见于喘证、哮病、肺胀等病。
1955,淋巴结肿痛,,淋巴结肿痛，指颈、腋、腹股沟等部位出现可触及之肿块，按之疼痛，或自觉胀痛、灼痛。其病多因外感风热、痰火凝结，或肝气郁结、气滞血瘀，致热毒壅滞、痰瘀互结于经络。临床常伴发热、口干、局部红肿等症，属中医“瘰疬”、“痰核”范畴。
1944,水肿胀满尿少,,水肿胀满尿少，指全身或局部浮肿，腹部胀满，小便量少之症候。多因肺、脾、肾三脏功能失调，水液代谢障碍，水湿内停，泛溢肌肤所致。临床常见头面、四肢或全身浮肿，按之凹陷，脘腹胀满，小便短少，甚则腹大如鼓。其病机多属本虚标实，常与风水相搏、水湿浸渍、湿热壅盛或脾肾阳虚相关。
1956,淋沥涩痛,,淋沥涩痛指排尿时尿道灼热刺痛，尿流不畅，点滴而出，或伴小腹拘急、痛引腰腹。其病机多因湿热下注膀胱，气化不利；或肝郁气滞，水道涩滞；或久病肾虚，气化失司。临床常见于热淋、气淋、血淋等证，总属膀胱气机壅塞，水道涩滞所致。
1963,湿热淋证,,湿热淋证，系湿热之邪蕴结下焦，膀胱气化不利所致。临床以小便频数短涩、滴沥刺痛、小腹拘急引痛为特征，常伴尿色黄赤混浊，或见砂石、血尿，兼有身热口渴、舌红苔黄腻、脉滑数等湿热之象。其病机为湿热壅滞，水道不通。
1948,泻痢后重,,泻痢后重是指腹痛窘迫，时时欲泻，肛门重坠，便下不爽之症。其状如厕频数，临圊努责，排便涩滞，所下黏腻脓血或稀溏。病机多属湿热蕴结肠道，气机壅滞，腑气不通；或脾虚湿阻，中气下陷，升清失司。常见于痢疾、泄泻等病证。
1947,泛酸,,泛酸是指胃中酸水上泛至口腔或咽部，常伴烧灼感，多因肝胃郁热、寒热错杂或脾胃虚弱所致。临床表现为自觉酸味液体从胃脘上冲至咽喉或口中，或见吐酸、吞酸，可兼见脘痞、嗳气、纳差。其病机多责之肝气犯胃，胃失和降，或中阳不足，寒湿内停，酸水泛溢。
1959,温疫时毒,,温疫时毒，指感受疫疠之邪所致的一类急性外感热病。其临床表现为起病急骤，传变迅速，初起即见壮热、烦渴、头痛如劈、身痛如被杖，或伴咽喉肿痛、肌肤斑疹、吐血衄血等热毒炽盛之象。其病因病机为疫毒戾气从口鼻而入，直犯募原，充斥三焦，燔灼气血，易致内陷心包、耗气伤阴、动血生风等危候。
1965,湿热痢疾,,湿热痢疾，乃湿热之邪壅滞肠腑，气血阻滞，传导失司所致。症见腹痛，里急后重，下痢赤白脓血，肛门灼热，小便短赤。常伴发热、口渴、舌苔黄腻、脉滑数。病机为湿热交蒸，腐灼肠络，气机不畅。
1969,湿痹病,,湿痹者，乃风寒湿邪杂至，湿邪偏胜，痹阻经络所致。症见肢体关节沉重、酸楚、肿胀，痛有定处，屈伸不利，肌肤麻木不仁，每遇阴雨天加重。其病机为湿性重浊黏滞，阻滞气血，经气不通，故见肿痛沉重。
1964,湿热疮满,,湿热疮满，指湿热之邪壅滞肌肤或脘腹，致局部疮疡浸淫、肿胀饱满之候。临床多见疮面红赤、渗出黄稠脂水，或伴脘腹痞闷胀满、纳呆呕恶、大便黏滞不爽、小便短黄。其病机乃湿热交蒸，郁阻气机，腐肉为脓，或困阻中焦，升降失常。
1990,焮肿,,焮肿，指局部皮肤红肿灼热、触之焮手、边界清晰或弥漫的征象。多因火热毒邪壅滞，气血壅盛，热胜肉腐所致。常见于痈、疔、丹毒等阳证疮疡，临床常伴疼痛、脓成或发热，属阳热实证。
1973,澹语,,澹语，指患者神识昏蒙或不清时，言语低微、重复、断续，声出不彻，似睡非睡间喃喃自语之状。其病机多因热入心包，扰乱神明，或痰浊蒙蔽心窍，心神失主所致。临床常见于温病邪陷心包、中风闭证等危重阶段，与谵语之高声有力、妄言骂詈者有别。
1974,火毒疮疡,,火毒疮疡，指因火热毒邪壅盛，蕴结肌肤，腐肉败血所致之疮疡。其症见局部红肿高突，灼热剧痛，溃破后脓液黄稠，或伴发热、口渴、便秘、溲赤等全身热象。病机多由外感六淫化火，或过食膏粱厚味，内生积热，致气血凝滞，营卫不和，热胜肉腐而成。
1993,牙龈肿痛出血,,牙龈肿痛出血，指牙齿周围龈肉红肿高起，触痛明显，咀嚼时痛甚，或自发性渗血、刷牙时出血之症。其病位在齿龈，多因胃火炽盛，循经上炎，灼伤龈络；或肾阴亏虚，虚火上浮，灼烁龈肉；亦有脾不统血，气不摄血所致者。临床常伴口臭、口干、龈肉萎缩或牙齿松动等。
2003,疝气疼痛,,疝气疼痛，指少腹、阴囊或腹股沟部出现胀痛、坠痛或绞痛，常因啼哭、咳嗽、用力等诱发或加重，可伴阴囊偏坠、肿块时现时消。其病机多责之于肝气郁结、寒湿凝滞或中气下陷，致气机逆乱，筋脉挛急，或小肠坠入阴囊，气血不通则痛。
2001,疗毒,,疗毒，指因感受火热毒邪，或情志内伤、饮食不节，致脏腑蕴热，火毒结聚于肌肤而发之疮疡。其临床表现为初起局部红肿热痛，根脚坚硬，形如粟米或脓头，继而迅速肿大，疼痛剧烈，伴恶寒发热、口渴、便秘溲赤等全身症状。其病机核心为火毒壅滞，气血凝滞，若毒不外泄，易致内陷营血，甚则成走黄之变。
2002,疗疮,,疗疮是指肌肤局部初起如粟米状，或痒或麻，继而红肿热痛，根脚坚硬，形如钉丁之状的一种急性化脓性疾患。其病机多因恣食膏粱厚味，脏腑蕴热，火毒结聚；或外感风热火毒，内侵经络，气血凝滞而成。其特点是发病迅速，变化多端，易致毒邪走散，内攻脏腑，属疮疡中之重症。
2008,疟疾寒热,,疟疾寒热，指疟邪伏于少阳，正邪交争所致之寒热往来、休作有时之症。临床表现为先寒战鼓颔，寒罢则壮热头痛，口渴引饮，热退汗出，脉弦。其病机为疟邪出入营卫，阴阳相争，邪正相搏，故寒热交替，定时而作。
2004,疝气痛,,疝气痛，指少腹、阴囊或腹股沟部位出现胀痛、坠痛或牵引作痛，常因啼哭、咳嗽、用力等诱发或加重，甚则痛引腰背，或伴阴囊偏坠、肿块时现时消。其病多由肝气郁结、寒湿凝滞或中气下陷，致气机逆乱，筋脉挛急，或小肠坠入阴囊所致。
2014,疫毒感冒,,疫毒感冒系外感疫疠之邪，侵袭肺卫所致。起病急骤，传变迅速，临床以突发高热、恶寒甚或寒战、头身剧痛、咽喉肿痛、咳嗽气促、神疲乏力为主要表现，常伴恶心呕吐、腹痛腹泻等消化道症状。其病因为时行疫毒，具有强烈传染性，病机为疫邪壅盛，正邪交争剧烈，易化热入里，内陷营血，甚则逆传心包。
2019,疮疡痈肿,,疮疡痈肿，指发于体表肌肤之阳性疮疡，表现为局部红、肿、热、痛，根盘紧束，界限清晰，甚则化脓破溃。其病机多由外感六淫邪毒，或内伤七情、饮食不节，致热毒壅滞，气血凝滞，营卫不和，经络阻隔而成。属阳证、实证范畴。
2015,疮满,,疮满是指胸脘部自觉痞塞胀满，按之柔软、不痛，触之无形的一种症状。其病位在胸脘，多因脾胃虚弱、运化失职，或肝气郁结、气机不畅，或痰湿内阻、食积停滞，致中焦气机壅滞而成。临床常伴纳呆、嗳气、恶心等症，以虚中夹实、气机痞塞为病机关键。
2020,疮疡肿毒,,疮疡肿毒，泛指体表外科感染性疾病的总称。临床表现为局部红肿、灼热、疼痛，或见脓疱、溃烂，甚则伴有发热、恶寒等全身症状。其病因病机多由外感六淫邪毒，或内伤七情、饮食不节，致热毒壅滞，气血凝滞，营卫不和，经络阻塞，蕴结于皮肉筋骨而成。
2021,疮疳,,疮疳，指肌肤疮疡溃后，久不收口，形成慢性溃疡，并伴见形体羸瘦、面色萎黄、纳呆食少等虚损之候。其病机多因湿热毒邪未尽，气血耗伤，脾肾亏虚，肌肤失于濡养所致。临床以疮口凹陷、边缘如缸口、脓水清稀或夹败絮样物、缠绵难愈为特征。
2022,疮痈,,疮痈是指发于体表肌肤、肌肉之间的急性化脓性疾患。其临床表现为局部红肿热痛，范围局限，根脚收束，肿势高突，轻者无全身症状，重者可伴恶寒发热。其病因病机多由外感六淫邪毒，或过食膏粱厚味，内蕴湿热火毒，致营卫不和，气血凝滞，经络壅遏，热胜肉腐而成脓。
2024,疮癞,,疮癞，指皮肤生疮，溃后结痂，状如癞皮，或瘙痒、流滋、脱屑之证候。多因湿热内蕴，外感风毒，或血燥生风，肌肤失养所致。其症可见疮疹成片，搔破津水，结痂如鳞，缠绵难愈，甚则蔓延全身。
2023,疮痈肿毒,,疮痈肿毒，指体表局部气血凝滞、营卫不和、热毒壅聚所致的化脓性疾患。其临床表现为初起局部红肿热痛，根盘紧束，继而成脓溃破，或伴恶寒发热、口渴、便秘等全身症状。病机多由外感六淫化火，或内伤七情、饮食不节，致热毒内蕴，气血壅塞，肉腐成脓。
2028,病后虚热不退,,病后虚热不退，指热病后期，邪气已去而正气未复，阴液耗伤，虚热内生，症见低热缠绵，午后或夜间为甚，伴口干咽燥、五心烦热、盗汗、舌红少苔、脉细数。其病机多属热病耗伤气阴，阴虚不能制阳，或余邪未尽，留恋不解，致虚热稽留不去。
2025,疳肿,,疳肿，指因疳积日久，脾虚失运，气血亏虚，湿热瘀毒互结，发于体表或深着脏腑所形成的肿块。其临床表现多见局部漫肿、按之柔软或硬结，皮色如常或微红，甚则破溃流脓稀薄，久不收口，常伴形体羸瘦、面色萎黄、纳呆腹胀等疳证之象。病机总属本虚标实，脾虚为本，湿、热、瘀、毒为标。
2027,疼痛麻木,,疼痛麻木，指肢体或局部肌肤自觉疼痛兼有麻木感，痛处固定或走窜，麻如虫行，木不知痛痒。多因气血亏虚，脉络失养，或风、寒、湿、痰、瘀血等邪气痹阻经络，气血运行不畅所致。其病机总属“不荣”与“不通”，临床常见于痹证、中风后遗症、痿证等。
2033,痈疮肿毒,,痈疮肿毒，指发于体表肌肤之急性化脓性疾患，属阳证疮疡。临床表现为局部红、肿、热、痛，根盘紧束，界限清晰，成脓易溃，脓液稠厚。其病因病机多为外感六淫邪毒，或内蕴湿热火毒，致气血凝滞，经络壅遏，营卫失和，热胜肉腐而成。
2031,痈疖肿毒,,痈疖肿毒是指肌肤局部出现红肿热痛、根盘紧束、突起高肿，甚则化脓破溃的一种急性化脓性疾患。其病机多由外感六淫邪毒，或过食膏粱厚味、内蕴湿热火毒，致营卫不和、气血凝滞、经络壅遏而成。临床以局部灼热、疼痛拒按、脓成则波动应指为特征，重者可伴恶寒发热、口渴等全身症状。
2030,痈疖,,痈疖是指发于肌肤浅表、局部红肿热痛、根脚浅显、易脓易溃的急性化脓性疾患。其临床表现为初起局部皮肤粟粒样脓头或肿块，焮红灼热，疼痛拒按，继则肿势高突，脓成则按之中软，溃后脓出黄稠，肿消痛减。病因病机多由外感六淫毒邪，或过食膏粱厚味，内蕴湿热火毒，致营卫不和，气血凝滞，经络壅遏而成。
2036,痈疽疮疡,,痈疽疮疡，泛指发于体表之化脓性感染疾患。痈者，阳证也，红肿热痛，根盘紧束，脓出稠黄，易溃易敛；疽者，阴证也，漫肿无头，皮色不变，痛深彻骨，难溃难敛；疮疡则为诸般体表疮毒之总称。其病因多由外感六淫邪毒、内伤七情、饮食不节，致营卫不和，气血凝滞，经络阻隔，热盛肉腐而成脓。
2039,痈肿疮毒,,痈肿疮毒，指发于体表肌肤之急性化脓性疾患。其症初起局部红肿热痛，根盘紧束，继而肿势高突，脓成则痛如鸡啄，溃后脓出黄稠，毒随脓泄而渐愈。病机多由外感六淫火毒，或内生湿热火毒，致气血凝滞，经络壅遏，营卫失和，热盛肉腐而成脓。
2058,痰热喘嗽,,痰热喘嗽，指痰热壅肺，肺失清肃所致之喘促咳嗽。症见咳嗽气急，喉中痰鸣，痰多黄稠或如脓，咯吐不爽，或伴发热、胸痛、口渴、面赤、舌红苔黄腻、脉滑数。多因外感风热或寒邪入里化热，灼津成痰，痰热互结，阻遏肺气，宣降失常而作。
2035,痈疽疮毒,,痈疽疮毒，泛指发于体表之化脓性感染疾患。痈者，红肿高起，焮热疼痛，皮薄光泽，属阳证，易脓易溃；疽者，漫肿平塌，皮色不变，或紫暗，痛不甚剧，属阴证，难消难敛。疮毒则指热毒壅聚，腐肉成脓之病理状态。其病因多由外感六淫火毒，或内伤七情、饮食厚味，致脏腑蕴热，气血凝滞，经络阻隔而成。
2051,痧胀腹痛吐泻,,痧胀腹痛吐泻，指因秽浊疫疠之气壅遏中焦，气机逆乱，升降失司所致之证。临床表现为突发腹部胀急绞痛，伴呕吐、泄泻，泻下物多秽浊如米泔，或伴恶寒发热、头身困重、胸脘痞闷。其病机为暑湿秽浊或疫毒之邪内侵，阻滞气机，清浊相干，邪正交争，甚则内闭外脱。
2064,瘟疫,,瘟疫，指感受疫疠之气而发生的急性流行性传染病。临床以起病急骤、传变迅速、病情险重为特征，常见高热、烦渴、斑疹、出血、神昏谵妄、舌绛苔燥等症。其病因乃天地间乖戾之疫毒，从口鼻而入，伏于膜原，充斥表里，弥漫三焦，易化火内陷营血，扰动心神，耗伤气阴。
2061,痹疽,,痹疽，系指因风寒湿邪杂至，或湿热毒邪内蕴，致气血凝滞、经络痹阻，进而发于肌肤、筋骨之疮疡类病证。其临床表现为局部初起漫肿、皮色不变或焮红，继则疼痛彻骨，溃后脓水清稀或夹败絮样物，久不收口，甚则伤筋蚀骨。病机总属正虚邪实，本虚标实，以肝肾亏虚、气血不足为本，邪毒壅滞、痰瘀互结为标。
2070,療痂,,療痂，指皮肤疮疡或外伤愈合后，局部结成的坚硬、干燥、色暗或褐黑的痂壳。其形成多因热毒未清、气血凝滞，或津亏血燥、肌肤失养所致。临床表现为痂皮紧附创面，不易脱落，脱落后可见肉芽淡红或苍白，愈合缓慢。此症常提示余邪未尽或正气亏虚，需辨其虚实寒热以施治。
2069,療疬,,瘰疬，指发生于颈项、耳后、腋下等部位的结核性肿块，形如串珠，累累如贯珠之状。初起肿核坚实，推之可移，皮色如常，不痛不热；日久则核体增大，皮色暗红，融合成块，或溃破流脓，脓水清稀，夹有败絮状物，常伴潮热、盗汗、咳嗽等虚劳之象。其病多因肝郁气滞、痰火凝结，或肺肾阴虚、虚火灼津，痰浊瘀阻经络所致。
2071,癌痕,,癌痕，指因癌毒内蕴、气血痰瘀互结于脏腑经络，日久形成有形之癥积，或经手术、放化疗后遗留之局部组织损伤与功能异常。其临床表现可见局部肿块坚硬不移，或手术瘢痕处疼痛、麻木、肤色紫暗，甚则牵及周身，伴见神疲乏力、纳差消瘦等正气亏虚之象。其病机总属正虚邪实，癌毒与痰瘀胶结难解，络脉闭阻，气血失和。
2072,癌肿,,癌肿，指体内脏腑组织异常增生形成的肿块，其形坚硬如石，推之不移，表面凹凸不平，或伴疼痛、出血、消瘦、发热等症。多因正气亏虚，脏腑功能失调，气滞、血瘀、痰凝、毒聚相互胶结，日久而成。病性多属本虚标实，病势缠绵，易耗伤气血，损伤脏腑，甚则传舍他处。
2075,癣疮,,癣疮，指发生于皮肤浅表之瘙痒性、传染性疾患，以皮损呈斑丘疹、水疱、鳞屑、结痂，或见环形、多环形边界清晰之斑片，自觉瘙痒剧烈为特征。其病多由风、湿、热、虫邪客于腠理，或血虚风燥，肌肤失养所致。
2077,癥瘕结块,,癥瘕结块是指腹内出现有形可征、固定不移或聚散无常的包块，伴胀满或疼痛。癥者，坚硬不移，痛有定处，属血分；瘕者，聚散无常，痛无定处，属气分。其病机多由情志郁结、饮食内伤，致肝脾失调，气滞血瘀，或痰湿寒热互结，日久成积。
2081,癲狂,,癲狂为精神失常之重症，癲证以沉默痴呆、语无伦次、静而多喜为特征；狂证以喧扰不宁、躁妄打骂、动而多怒为特征。二者病机多由七情内伤、痰气郁结或痰火上扰，致阴阳失调、神明逆乱。癲多属阴，狂多属阳，然二者可相互转化，总属心脑神机失用。
2076,癣疾,,癣疾，乃皮肤浅表之真菌感染所致，以皮损处境界清晰、形态不一、瘙痒脱屑为主要表现。其状或圆或斜，如钱如癣，可发于头面、躯干、四肢等处。病机多由风湿热邪郁于肌肤，或虫毒侵袭，兼夹血虚风燥，致腠理不密，气血失和，肌肤失养。临床常见白屑、红斑、丘疹、水疱，甚则糜烂、结痂，反复发作，缠绵难愈。
2085,白带过多,,白带过多，指带下量明显增多，色、质、气味异常，或伴阴痒、腰腹坠痛等症。其病机多责之脾肾亏虚，湿邪下注，或湿热、湿毒蕴结胞宫，任带二脉失固。临床常见带下色白质稀如涕者属虚寒，色黄质稠秽臭者属湿热，色赤或杂色如脓者多属热毒。
2086,白浊带下,,白浊带下，指妇女阴道中流出白色稠浊或如米泔样分泌物，质黏或稀，量多不止，常伴腥臭或秽浊气味。其病多因脾肾阳虚，湿浊下注；或湿热蕴结，损伤任带二脉，致带脉失约，精浊下渗。临床需辨其寒热虚实，以别证治。
2096,皮肤顽癣,,皮肤顽癣，指皮肤局部出现边界清晰、形态不一的斑块，表面粗糙增厚，覆有鳞屑，伴剧烈瘙痒，搔抓后易脱屑或渗液，反复发作，迁延难愈。其病机多因风、湿、热、毒蕴结肌肤，日久血虚风燥，肌肤失养所致；或与情志内伤、饮食不节、外感邪气相关。
2090,白细胞减少症,,白细胞减少症，中医谓之“虚劳”“血虚”范畴，系指外周血中白细胞计数持续低于正常值。临床常见神疲乏力、头晕气短、自汗盗汗、易于感冒、面色少华或萎黄，甚则低热、纳差、心悸失眠。其病机多由先天禀赋不足、劳倦内伤、久病失养，或药毒所伤，致脾肾亏虚、气血生化乏源；亦可因邪毒内侵，耗伤营血，终致正气虚损，营卫失和。
2104,眩悸,,眩悸，指患者自觉头晕目眩，同时伴有心中悸动不安之症。其状轻者闭目可缓，重则如坐舟车，甚则不能站立，心悸惕惕，动辄加剧。病机多属气血亏虚，清阳不升，心失所养；或为痰饮内停，水气凌心，上蒙清窍，扰动心神所致。
2097,目暗,,目暗，指视物昏暗不清、目力减退之症，常伴干涩、羞明或眼前黑花飘动。其病机多属肝血不足，目失濡养；或肾精亏虚，髓海不充；亦可因脾虚清阳不升，或痰湿、瘀血阻络所致。临证需辨虚实，虚者多兼头晕耳鸣、腰膝酸软，实者常伴目胀、胸闷。
2098,目涩痛,,目涩痛，指双目自觉干涩、滞涩，兼有疼痛之感，或如异物入目，或伴灼热、羞明、频眨。其病位在目窍，多因肝血不足，津液亏耗，目失濡养；或肺阴亏虚，虚火上炎；亦可由风热外袭，或湿热内蕴，阻滞经络，气血不畅所致。临床常见于干眼、结膜炎等目疾。
2107,睾丸肿痛,,睾丸肿痛，指单侧或双侧睾丸肿胀、疼痛，或牵及少腹、腰骶部。其状或肿硬如石，或灼热红肿，或坠胀隐痛。多因肝经湿热下注、气滞血瘀，或寒凝肝脉、痰湿互结所致。常见于子痈、疝气、睾丸扭转等病证，临证当辨虚实寒热，以明病机。
2106,眼结膜炎,,眼结膜炎，中医称“目赤”或“暴风客热”，系风热之邪外袭，或肝火上炎，上攻于目所致。临床以白睛红赤、灼热疼痛、畏光流泪、眵多黏结为主要表现，甚则眼睑浮肿。其病位在目窍，病性多属热属实，病势急骤。
2112,筋伤骨折,,筋伤骨折，指因外力跌扑、撞击、扭挫等致筋骨脉络受损，骨之连续性中断或筋之弛纵挛急。临床表现为局部肿胀、疼痛、瘀斑、活动受限，甚则畸形、骨擦音、异常活动。其病机为气血瘀滞，经络闭阻，筋骨失于濡养。
2116,筋骨痛,,筋骨痛是指肢体筋骨部位出现疼痛的症状，常表现为酸痛、胀痛、刺痛或重着感，可伴活动不利、拘挛或麻木。其病位在筋与骨，多因外感风寒湿邪、痹阻经络，或肝肾亏虚、筋骨失养，或跌仆闪挫、气滞血瘀所致。临床需辨虚实寒热，以明其本。
2114,筋骨折伤,,筋骨折伤，指因外力撞击、跌仆闪挫等致筋骨脉络受损，气血瘀滞，局部肿胀、疼痛、活动受限，甚则畸形、骨擦音或骨擦感。其病机为暴力伤及筋骨，血溢脉外，气滞血瘀，经络不通，故肿痛并见；若骨折错位，则功能丧失。
2117,筋骨痪软,,筋骨痪软，指肢体筋脉弛缓、骨骼关节软弱无力，甚则肌肉萎缩、运动功能减退或丧失之症。临床表现为四肢或局部痿弱不用，抬举、持物、步履困难，伴麻木不仁。其病机多因肺热叶焦、津液不布，或湿热浸淫、气血不荣，或肝肾亏虚、髓枯筋痿所致。
2119,类血友病,,类血友病，指患者呈现类似血友病之出血倾向，临床表现为肌肤瘀斑、关节肿痛、齿衄、鼻衄，甚则内脏出血，血色淡红或暗红，缠绵难愈。其病机多属先天禀赋不足，肝肾阴虚，虚火内动，灼伤脉络；或脾气虚弱，统摄无权，血溢脉外。总属本虚标实，以气血阴阳亏虚为本，血溢脉外为标。
2118,筋骨痰软,,筋骨痰软，指肢体筋脉弛缓、骨节痿弱无力，活动不利或肌肉萎缩之症。临床表现为四肢软弱不举，甚则不能持物、步履，伴酸楚麻木。其病因多由肺热叶焦、湿热浸淫、肝肾亏虚或脾胃虚弱，致津液不布，痰浊内生，阻滞经络，筋骨失于濡养。病机总属本虚标实，虚在气血精津不足，实在痰湿瘀阻。
2125,经多,,经多，指月经周期基本正常，而经量明显增多，或行经时间延长，总量增多者。临床表现为经来量多如涌，或色淡质稀，或色深红质稠，或夹血块。其病机多因气虚冲任不固，血失统摄；或血热迫血妄行；或血瘀阻滞，新血不得归经所致。
2124,细菌性感染引起炎症肿毒,,细菌性感染所致炎症肿毒，系外感六淫化热，或饮食不节、情志失调，致热毒内蕴，气血壅滞，营卫失和，热盛肉腐而成。其症见局部红肿灼痛，边界不清，甚则溃破流脓，伴发热口渴、舌红苔黄、脉数有力。病机总属热毒炽盛，气血凝滞，肉腐成脓。
2123,细菌性感染,,细菌性感染，中医谓之“热毒内侵”或“邪毒壅盛”。系外感六淫化火，或疫疠之邪直中，致气血壅滞、肉腐成脓。临床多见局部红、肿、热、痛，或伴发热、口渴、舌红苔黄、脉数等实热证候。其病机为毒邪炽盛，正邪交争，营卫失调，甚则入营动血，内陷脏腑。
2127,经闭痛经,,经闭痛经，指女子月经应至而未至，或经行之际小腹疼痛，甚则痛引腰骶，经色紫暗夹块，块下痛减。其病机多属冲任瘀阻，或寒凝胞宫，气血运行不畅，不通则痛；亦可因肝肾亏虚、气血不足，冲任失养，不荣则痛。临床当辨虚实寒热，以明其本。
2126,经络气滞,,经络气滞，指人体经络系统中气血运行不畅、壅滞不通的病理状态。临床表现为局部胀痛、窜痛或刺痛，痛无定处，时轻时重，常随情志波动而增减，可伴见胸闷、胁胀、嗳气、善太息等。其病因多由情志抑郁、气机不舒，或外邪阻遏、跌仆闪挫所致，病机为经气郁滞，络脉失和，气血运行受阻。
2128,结块,,结块，指体内或体表出现可触及之有形肿块，或聚或散，或硬或软，推之可移或固定不移。其成因多由气滞血瘀、痰湿凝结、热毒壅聚或正虚邪恋所致。临床需辨其部位、质地、活动度及伴随症状，以审证求因，如瘰疬、癥瘕、积聚等皆属此范畴。
2130,结核性瘘管,,结核性瘘管，系因肺肾阴虚、虚火灼津，或气血亏耗、毒邪深伏所致。其症见疮口久不敛合，时流稀薄脓水或败絮状物，色白或灰暗，周围皮色紫暗，触之硬痛不显，常伴潮热、盗汗、消瘦等虚劳之象。病位多在骨节、颈腋及胸腹，属阴疽之变，缠绵难愈。
2133,绝经期眩晕,,绝经期眩晕是指妇女在绝经前后，因肾气渐衰、天癸将竭、冲任亏虚，精血不足，髓海失养，或阴虚阳亢、肝风内动所致之眩晕。临床表现为头晕目眩，视物旋转，时作时止，常伴耳鸣、腰膝酸软、心烦易怒、烘热汗出、失眠多梦等绝经期诸症。其病机多属本虚标实，肾虚为本，风火痰瘀为标。
2132,结胸痞满,,结胸痞满是指胸脘部自觉满闷不舒，甚则疼痛拒按，按之硬满或如物阻塞之证。其病位在胸膈与心下，多因表邪误下，邪热内陷与痰水互结，或寒实内停，气机壅滞所致。临床以心下硬满、疼痛、按之石硬或但满不痛、干呕、短气、不大便等为特征，分大结胸、小结胸及寒实结胸等类型。
2135,继发性血小板减少性紫癜,,继发性血小板减少性紫癜，系因外感邪毒、药毒内侵或他病久延，损伤气血，致血不循经，溢于脉外。临床以皮肤瘀点、瘀斑，或伴鼻衄、齿衄、月经过多等出血表现为特征。其病机多属热毒炽盛，迫血妄行；或气血亏虚，统摄无权；亦可因瘀血阻络，血不归经。
2136,缠身蛇丹,,缠身蛇丹，亦称蛇串疮、火带疮，系因肝经郁火、脾经湿热内蕴，外感毒邪，搏结于肌肤所致。其症见皮肤焮红，簇集性水疱沿一侧周围神经呈带状分布，痛如火燎，灼热难忍，疱壁紧张，破溃则糜烂，愈后常留疼痛。
2140,聤耳流脓,,聤耳流脓，指耳内长期或反复流出脓性分泌物，其色或黄或白，质或稠或稀，常伴耳内疼痛、听力减退、耳鸣等症。多因风热湿邪上犯耳窍，或肝胆湿热循经上蒸，日久则气血瘀滞，腐化成脓；亦有因肾阴亏虚、虚火上炎，致耳窍失养、邪毒留恋而脓液清稀者。
2138,聘耳流脓,,聘耳流脓，系指耳内长期或反复流出脓性分泌物，其色或黄或白，质或稠或稀，常伴耳内疼痛、听力减退、耳鸣等症。多因风热湿邪上犯耳窍，或肝胆湿热循经上蒸，日久则气血瘀滞，腐肉成脓；亦有因肾阴亏虚，虚火上炎，致耳窍失养，脓液清稀者。此症常责之于脓耳失治或反复发作，迁延难愈。
2144,肝热头晕,,肝热头晕，指因肝经郁热或肝火上炎，扰动清窍所致之头晕。症见头目眩晕、胀痛，常伴面红目赤、口苦咽干、烦躁易怒、胁肋灼痛、便秘溲黄，甚则耳鸣如潮。其病机多由情志不遂，肝气郁结化火，或嗜食辛辣厚味，助热生火，循经上冲巅顶，清阳被扰而作眩。
2145,肝病出血,,肝病出血，指因肝脏功能失调，疏泄失职，藏血无权，致血不循经，溢于脉外之证。临床多见齿衄、鼻衄、肌衄，甚则呕血、黑便。其病机多由肝郁化火，灼伤血络；或肝阴不足，虚火内扰；或肝病及脾，脾不统血所致。总属肝不藏血，血溢妄行之候。
2141,肉暗紫黑,,肉暗紫黑，指肌肉色泽晦暗，呈紫黑或青紫色之象。临床多见于局部外伤、瘀血内停，或久病入络、气血瘀滞之证。其色紫黑主瘀血深重，暗滞无华则兼见气血衰败。常伴疼痛固定、拒按、肌肤甲错等症。病机多因寒凝、气滞、气虚或外伤致血行不畅，瘀阻肌腠，日久则色变紫黑。
2148,肝肾阴虚眩晕,,肝肾阴虚眩晕，指因肝肾阴液亏虚，水不涵木，肝阳上扰清窍所致之眩晕。其症多见头晕目眩，耳鸣如蝉，头重脚轻，腰膝酸软，伴见五心烦热，咽干口燥，舌红少苔，脉弦细数。病机为肝肾阴亏，髓海失充，虚风内动。
2147,肝肾不足腰膝酸冷,,肝肾不足，腰膝酸冷，系指肝肾阴精亏虚，阳气失于温煦，致腰膝失养、寒从内生之证。临床表现为腰膝酸软无力，局部发冷喜温，遇寒加重，可伴头晕耳鸣、夜尿频多、脉沉细等。其病机多因久病劳损、年老体衰或房劳过度，致肝肾精血不足，筋骨失濡，阳虚生寒。
2149,肝肾阴虚眩晕耳鸣,,肝肾阴虚眩晕耳鸣，系指因肝肾阴液亏虚，水不涵木，虚阳上扰，或髓海失充所致之眩晕与耳鸣并见。临床表现为头晕目眩，耳鸣如蝉，昼夜不休，遇劳或恼怒加重，常伴腰膝酸软、五心烦热、咽干颧红、舌红少苔、脉细数等阴虚内热之象。其病机多由久病劳损、房室不节或情志化火，耗伤肝肾真阴，致清窍失养，虚风内动。
2151,肝胆病,,肝胆病，泛指肝胆功能失调所致诸证。其临床表现多见胁肋胀痛或灼痛、口苦咽干、目赤或目黄、烦躁易怒、善太息，或见寒热往来、呕恶纳呆、女子月经不调、乳房胀痛，甚则身目发黄、小便短赤。其病因病机多由情志郁结、气机不畅，或湿热内蕴、肝胆疏泄失司，或阴血亏虚、肝失濡养所致。
2157,肠痈肿痛,,肠痈肿痛是指发生于肠腑的痈疡，以右下腹或脐周持续性胀痛、灼痛或跳痛，拒按，甚则腹皮拘急、反跳痛为主要表现。多因饮食不节、寒温失调、情志不畅等致肠道传导失司，糟粕积滞，气血瘀阻，郁而化热，热盛肉腐成痈。临床常伴发热、恶心、便秘或泄泻等症。
2160,肠风泻血,,肠风泻血，指因风热或湿热下注大肠，损伤血络所致之便血。其血色鲜红，多先血后便，或血下如溅，质清稀，常伴肛门灼热、大便不畅或泄泻。病机多由外感风热，或嗜酒辛燥，湿热蕴结，风火交迫，迫血妄行而下。
2161,肢体不遂,,肢体不遂，指肢体一侧或双侧运动功能障碍，轻则活动不利、重则痿废不用，常伴麻木、拘挛或弛缓。多由风、痰、瘀阻滞经络，或气血亏虚、肝肾不足，筋脉失养所致。其病位在经络、筋肉，与心、肝、脾、肾相关，属中风、痿证等病常见之候。
2155,肠燥便秘,,肠燥便秘系指因津液亏耗，肠道失于濡润，传导失司所致之大便干结、排出困难之证。临床表现为大便干燥坚硬，状如羊屎，数日一行，临厕努挣难下，常伴口干咽燥、舌红少津、苔黄燥或剥脱、脉细数。其病机多由素体阴虚、热病伤津、年老津亏或过食辛燥，致大肠津枯，无水行舟。
2165,肢节拘挛,,肢节拘挛，指四肢关节屈伸不利、活动受限，甚则筋肉挛缩、难以舒展之症。多因风寒湿邪客于经络，或肝血亏虚、筋脉失养，或痰瘀阻络所致。临床表现为关节僵硬、屈伸困难，常伴疼痛、麻木，日久可致肌肉萎缩。
2162,肢体痿软,,肢体痿软，指四肢或某一肢体筋肉弛缓无力，甚则痿废不用，活动受限，日久可见肌肉萎缩。其症多因肺热津伤、湿热浸淫、脾胃虚弱或肝肾亏虚，致气血津液不足，筋脉失于濡养；亦可因瘀血阻络，经气不通所致。临床以肢体软弱无力、不能随意运动为主要表现，常伴麻木、瘦削等症。
2163,肢体酸,,肢体酸指自觉四肢或躯干肌肉、关节酸楚不适，似痛非痛，酸软无力，常伴沉重感或活动欠利。其病机多因湿邪浸渍、气血亏虚或肝肾不足，致筋脉失于濡养；亦可因劳倦过度、气滞血瘀，经络壅滞不通所致。临床需辨虚实，实证多兼困重，虚证常伴乏力。
2164,肢体重,,肢体重，指肢体自觉沉重、活动不利、如被束缚或裹湿布之感。临床表现为四肢或偏于一侧沉重酸楚，抬举无力，常伴困倦、纳呆、舌苔白腻。其病因病机多由湿邪困阻，或脾虚失运，水湿内停，流注四肢经络，致气血运行不畅；亦可因气虚血弱，筋肉失养而见沉重。
2166,肩臂痛,,肩臂痛是指疼痛发生于肩关节及上臂部位，可牵及颈项、肘臂，甚则活动受限。其临床表现多为酸痛、胀痛、冷痛或刺痛，或伴抬举、旋后困难。病因病机多责之于风寒湿邪客于经络，气血凝滞不通；或劳损外伤，瘀血阻络；亦可因肝肾亏虚，筋骨失养所致。
2167,肩臂酸,,肩臂酸是指肩部及上臂出现酸楚不适、沉重乏力之感，常伴活动欠利、喜按喜揉。其病机多因气血不足，筋脉失于濡养；或湿邪困阻，气机不畅；亦可因劳损过度，经络气血瘀滞所致。临床多见于痹证、虚劳等范畴。
2171,肺捞,,肺痨，系因痨虫侵袭，肺体受损，阴虚火旺所致之慢性传染性疾病。临床以咳嗽、咯血、潮热、盗汗、胸痛、消瘦为主症，甚则气急、声嘶。其病机初起多属肺阴亏耗，日久则阴虚火旺，或气阴两虚，终至阴阳俱损。
2168,肩臂酸痛麻木,,肩臂酸痛麻木，指肩部及上臂出现酸楚、疼痛、沉重、麻木不仁，甚则活动不利之症。其状或酸胀难举，或刺痛固定，或麻木如蚁行。多因风寒湿邪客于经络，气血凝滞不通；或劳损内伤，肝肾亏虚，筋脉失养所致。病位在肩臂之经筋脉络，与手三阳经、手太阴经相关。
2170,肺出血,,肺出血，指血自肺系而来，经气道咳嗽而出，或纯血鲜红，或痰血相兼，甚则咯血盈口之症。其病位在肺，病性多属热伤肺络或阴虚火旺，亦可因气虚不摄、瘀血阻络所致。临床以咳嗽咯血、喉中血腥、胸胁胀痛、面赤咽干等为主要表现，重者可伴气促、面色苍白。
2174,肺热喘嗽,,肺热喘嗽，指邪热壅肺，肺失清肃，气逆不降所致之咳嗽喘息。临床以咳嗽气粗、喘息声高、痰黄黏稠、咯吐不爽、咽干口渴、面赤身热、舌红苔黄、脉滑数为特征。多因外感风热入里，或寒邪化热，或嗜食辛辣厚味，内生痰热，壅遏肺气而成。
2173,肺热咳喘,,肺热咳喘，指邪热壅肺，肺失清肃，气逆不降所致之咳喘证候。临床以咳嗽气粗、痰黄黏稠、咯吐不爽、喘息气急、鼻煽、胸胁胀痛为主症，常伴身热、口渴、咽痛、小便短赤、大便干结，舌红苔黄，脉滑数。其病机多由外感风热入里，或风寒化热，或过食辛热厚味，致热邪内蕴于肺，肺气郁闭，宣降失常。
2178,肺痨咳血,,肺痨咳血，系因痨虫蚀肺，肺体受损，肺络破溢所致。症见咳嗽、咯血或痰中带血，血色鲜红，常伴潮热、盗汗、消瘦、胸痛、口干咽燥。病位在肺，病性属虚中夹实，阴虚火旺灼伤肺络，或气阴两虚，络损血溢。
2175,肺热痰壅,,肺热痰壅，指邪热壅肺，炼液成痰，痰热互结，阻于气道之证。临床以咳嗽气急、痰黄稠量多、或痰中带血、喉中痰鸣、胸闷胸痛、发热口渴、舌红苔黄腻、脉滑数为主要表现。多因外感风热入里，或风寒化热，热灼津液，痰热胶结，肺失宣肃所致。
2177,肺痈吐脓,,肺痈吐脓，指肺叶生疮，血败肉腐，化而为脓，随咳嗽排出脓液腥臭之症。临床表现为咳吐大量脓血痰，或如米粥，腥臭异常，胸中烦满而痛，甚则喘不得卧。其病机多因热毒壅肺，痰瘀互结，酿脓溃破，肺络损伤所致。
2180,肺结核咳嗽,,肺结核咳嗽，系因痨虫侵袭肺脏，耗伤气阴，肺失清肃所致。其咳声多低弱或干咳少痰，或痰中带血丝，甚则咯血，常伴潮热、盗汗、颧红、消瘦、胸痛、乏力等阴虚火旺之候。病位在肺，病性属虚，以阴虚为本，燥热为标，久则气阴两虚，甚则阴损及阳。
2182,肺虚咳血,,肺虚咳血，系因肺气亏虚，气不摄血，或肺阴不足，虚火灼络所致。临床表现为咳嗽无力，痰中带血，或咳吐纯血，血色淡红或鲜红，伴气短声低、神疲乏力、自汗或盗汗、口干咽燥。其病机多由久病咳喘、耗伤肺气，或劳损过度、阴液亏虚，致肺络失固，血溢脉外。
2184,肾冷痛,,肾冷痛，指腰部或少腹部因肾阳虚衰、寒邪内侵所致之冷感与疼痛并见之症候。其痛多绵绵不休，得温则减，遇寒加剧，常伴腰膝酸软、畏寒肢冷、小便清长或夜尿频多。病机多由久病伤肾、房劳过度，或外感寒湿直中少阴，致肾阳亏虚，温煦失职，寒凝气滞，经络不通而作痛。
2187,肾炎水肿,,肾炎水肿，系指因肾失开阖，水湿内停，泛溢肌肤所致之水肿。其症多见眼睑、头面先肿，继则延及四肢、胸腹，甚则全身浮肿，按之凹陷不易恢复，常伴小便短少、腰膝酸软、畏寒肢冷或咽痛、血尿等。病机多责之肾阳虚衰，气化不利，或风邪外袭，肺失通调，水湿壅滞。
2183,肾与小腹冷痛,,肾与小腹冷痛，指自觉肾区（腰部）及小腹部疼痛，伴寒冷感，得温则减，遇寒加剧。临床多表现为腰部酸冷坠痛，小腹拘急冷痛，或牵及阴部，常伴畏寒肢冷、小便清长、大便溏薄等症。其病因病机多由肾阳亏虚，寒湿内侵或寒凝胞宫、小肠，致经脉气血凝滞不通，失于温煦而作痛。
2193,胀满疼痛,,胀满疼痛，指胸腹脘胁等部位自觉撑胀、满闷，并兼有疼痛之感。其状或胀重于痛，或痛胀并作，按之或可缓解，或反加重。多因气机壅滞，或食积、痰饮、瘀血内阻，致脏腑经络不通，气机升降失常而发。
2190,肾虚腰膝酸痛,,肾虚腰膝酸痛是指因肾精亏虚、腰府失养所致，以腰部及膝关节酸软无力、隐隐作痛为主要表现的病症。临床多见腰膝酸软、喜按喜揉、遇劳加重、卧则减轻，常伴头晕耳鸣、神疲乏力、夜尿频多等症。其病机多由久病劳损、年老肾衰或房劳过度，致肾精不足，筋骨失于濡养，不荣则痛。
2198,胆石症,,胆石症系因肝胆气郁，湿热蕴结，日久煎熬胆汁成石，阻滞胆腑所致。临床以右胁下或脘腹疼痛，痛引肩背，口苦呕恶，厌食油腻，或伴寒热、黄疸为主要表现。其病位在胆，与肝、脾、胃相关；病性多属本虚标实，以气滞、湿热、瘀血为标，肝脾失调为本。
2191,肾虚阳痿,,肾虚阳痿，指因肾精亏虚、命门火衰或肾阴不足，导致宗筋失养、作强不能，临房阴茎痿软不举，或举而不坚、坚而不久之证。常伴腰膝酸软、头晕耳鸣、畏寒肢冷（肾阳虚）或潮热盗汗（肾阴虚）、精神萎靡、夜尿频多等症。其病机多由房劳过度、久病伤肾、年老体衰所致，肾气衰微则阳事不兴。
2196,胃肠道肿瘤,,胃肠道肿瘤，中医谓之“积聚”“癥瘕”范畴。其症多见脘腹痞满胀痛，食少纳呆，或见呕恶、便血、黑便，日久则形体羸瘦、神疲乏力。病位在胃肠，涉及肝脾。病机多因饮食不节、情志失调，致脾胃运化失司，气滞血瘀，痰湿内蕴，日久毒聚成积。病性属本虚标实，正虚为脾肾亏虚，邪实为气、血、痰、毒互结。
2200,胸中痞闷,,胸中痞闷，指自觉胸膺部位满闷不舒，堵塞不畅，按之柔软不痛，或伴呼吸欠畅、嗳气则舒。其病位在心胸，多因痰浊、气滞、食积、寒凝等阻滞胸中气机，或由中气不足、清阳不升所致。临床需辨虚实，实者多胀满拒按，虚者多痞塞喜按。
2201,胸痹刺痛,,胸痹刺痛，指胸部刺痛如针刺、痛处固定不移，甚则引及肩背，常伴胸闷、短气，入夜尤甚。多因瘀血痹阻心脉，或寒凝、气滞日久致血行不畅，心脉挛急不通而作痛。其病机要点为“瘀阻心脉，不通则痛”，临床多见于胸痹之血瘀证。
2205,胸膈不舒,,胸膈不舒，指患者自觉胸膺与膈下部位痞闷、窒塞、不畅或胀满之感，常伴嗳气、纳呆、呼吸欠畅等症。其病位在胸膈，涉及心肺与脾胃。多因情志郁结、气机失畅，或痰浊内阻、食积停滞，致胸中阳气不展，膈间气机壅塞而成。
2203,胸腔积水,,胸腔积水，亦称“悬饮”，指水饮停聚胸胁，表现为胸胁胀满、咳唾引痛、气短喘促，甚则不能平卧。其病位在肺、脾、肾，病性多属本虚标实。病因多由外感寒湿、劳倦内伤，致三焦气化失司，肺失通调，脾失转输，肾失蒸化，水液停积胸胁而成。
2207,脉结代,,脉结代指脉象迟缓而时一止，止无定数者为结；脉来动而中止，良久方来，止有定数者为代。二者常并称，多见于心之气血阴阳亏虚，或痰瘀阻络、心脉痹阻之证。临床表现为脉律不整，间歇停顿，常伴心悸、胸闷、气短等症。
2209,脘痛,,脘痛，指胃脘部（上腹部近心窝处）自觉疼痛之症。其痛可呈胀痛、刺痛、隐痛、灼痛或绞痛，常伴嗳气、泛酸、纳呆、痞满等症。病位在胃，与肝脾相关。多因外感寒邪、饮食不节、情志失调或脾胃虚弱，致胃气郁滞，失于和降，不通则痛；或胃络失养，不荣则痛。
2208,脓水淋漓,,脓水淋漓，指疮疡溃后或皮肤破损处，脓液持续渗出，质稀或稠，量多不止，浸淫肌肤，久不收口之症。多因湿热毒邪壅滞，气血腐败，或正气亏虚，托毒无力，致脓水不绝。其色黄稠者多属热毒实证，色淡清稀者多属气血两虚或阴寒凝滞。
2202,胸脘痞闷胀满,,胸脘痞闷胀满，指胸膈与胃脘部自觉痞塞不通、闷窒不舒，且伴有胀满之感，按之柔软、不痛或微痛。其病位在心下、胸膈，病性多属气机阻滞。常因情志抑郁、饮食不节或痰湿内阻，致中焦气机升降失常，浊气不降、清气不升，壅滞于胸脘而成。临床可见脘腹饱胀、嗳气频作、纳呆食少，甚则胸胁窜痛。
2204,胸腹胀闷疼痛,,胸腹胀闷疼痛，指胸胁与脘腹部自觉胀满、痞塞不舒，甚则疼痛之症。临床表现为胸膈痞闷，胁肋胀痛，脘腹痞胀，或攻窜作痛，嗳气、矢气后稍减，常伴纳呆、呕恶。其病机多由气机郁滞，升降失常所致，或因情志不遂，肝气横逆犯胃；或饮食不节，湿浊痰食内停，阻遏中焦气机；亦可因寒凝、血瘀等邪阻脉络，致气滞不通，不通则痛。
2210,脘痞吐泻,,脘痞吐泻，指胃脘部痞塞胀满，伴见呕吐、泄泻并作之证候。临床表现为脘腹痞闷不舒，恶心呕吐，大便稀溏或水样，次数增多。其病机多由外感寒湿、暑湿，或内伤饮食生冷，致中焦气机阻滞，升降失常，胃失和降则呕，脾失健运则泻，气机痞塞则脘痞。
2212,脘腹挛急疼痛,,脘腹挛急疼痛，指上腹部及腹部肌肉筋脉拘急、牵引作痛，呈阵发性或持续性紧缩感，痛势较剧，按之或得温可暂缓。其病位在脘腹，涉及肝脾。多因寒邪内侵，凝滞气机；或肝气郁结，横逆犯脾；或脾胃虚寒，失于温养，致经脉挛急、气血不通而痛。
2211,脘痞呕恶,,脘痞呕恶，指胃脘部痞塞胀满不舒，兼见恶心欲吐或呕吐之症。其临床表现以心下痞闷、按之柔软不痛，伴泛恶、嗳气、纳呆为主。多因中焦气机阻滞，胃失和降所致，常见于湿浊中阻、食积停滞、痰饮内停或脾胃虚弱等证，病机关键在脾升胃降失常，浊气上逆。
2214,脘腹胀满冷痛,,脘腹胀满冷痛，指自觉胃脘及腹部胀满不舒，伴发冷感及疼痛，得温则减，遇寒加重的症状。多因寒邪内侵，或脾阳不足，寒湿内生，气机阻滞所致。临床常伴纳呆、喜温喜按、大便溏薄等症。
2215,脘腹胁肋疼痛,,脘腹胁肋疼痛，指上腹部、两胁及胁肋部同时或交替出现胀痛、刺痛、窜痛或隐痛之症。多因肝气郁结，横逆犯胃，或肝胆湿热、瘀血阻络，致气机不畅，经脉失和。临床常伴嗳气、纳呆、口苦、烦躁易怒等，疼痛随情志波动而增减。
2213,脘腹痞满胀痛,,脘腹痞满胀痛，指自觉胃脘及腹部胀闷不舒，按之柔软，触之无形，且伴疼痛之感。其病位在脾胃与肠腑，病性多属虚实夹杂。临床表现为脘腹痞塞满闷，胀痛时作，得食或情志不畅则加重，嗳气或矢气后稍缓。病因病机多由饮食不节、情志失调、脾胃虚弱，致中焦气机阻滞，升降失常，或兼痰湿、食积、瘀血内停，壅塞不通而作。
2216,脘腹虛痛,,脘腹虛痛，指脘腹部疼痛绵绵，痛势不甚，时作时止，喜温喜按，得食稍减，空腹或劳累后加重，伴神疲乏力、纳少便溏、舌淡苔白、脉沉细弱等症。其病机多由脾胃虚弱，中气不足，或久病耗伤，气血亏虚，致脘腹失于温养，虚寒内生，气机不利而作痛。
2217,脚气肿毒,,脚气肿毒，指湿浊下注，壅遏气血，致足胫及足部红肿灼热、胀痛难忍，甚则皮破流脂、糜烂腥臭之证。多因外感湿热邪毒，或饮食不节、脾虚生湿，湿郁化热，湿热相搏，下注足胫，阻滞经络，气血凝滞而成。其症常伴身热、小便短赤，重者可致步履艰难。
2218,脚气肿胀,,脚气肿胀，指因湿浊下注、水湿内停所致之足部及踝部浮肿、按之凹陷、皮色如常或微红，常伴沉重、酸楚、乏力，甚则步履艰难。其病多由外感水湿、饮食不节、脾运失健，致湿邪流注下焦，壅遏经络，气血不畅而成。
2220,脱力劳伤,,脱力劳伤，指因过度劳累、强力负重或久劳耗气，导致肢体筋肉失于濡养，出现周身懈惰、四肢酸软无力、动则益甚，伴神疲气短、懒言声低、脉虚软无力等症。其病机多属劳力过度，耗伤脾肺之气，气不充形，筋肉失养。
2221,脾肾虚泻,,脾肾虚泻，系因脾肾阳虚，运化失司，封藏无权所致。临床以黎明前脐腹作痛，肠鸣即泻，泻后痛减，完谷不化，形寒肢冷，腰膝酸软，舌淡苔白，脉沉细为主要表现。其病机为命门火衰，不能温煦脾土，水湿下注，大肠传导失约。
2223,脾虚食少,,脾虚食少，指因脾气虚弱，运化失职，纳谷不香，食量减少之证。临床表现为食欲减退，食后脘腹胀满，大便溏薄，面色萎黄，神疲乏力，舌淡苔白，脉缓弱。其病机多由饮食不节、劳倦过度或思虑伤脾，致中气不足，受纳腐熟功能减退。
2219,脚癣,,脚癣，俗称“脚湿气”，系因湿热下注，或久居湿地，外染虫毒，蕴结肌肤所致。症见趾间或足底初起小水疱，瘙痒难忍，搔破则滋水浸淫，或见皮肤粗糙、脱屑、皲裂，甚则糜烂、红肿。其病多由脾胃湿热内蕴，复感风、湿、热、虫之邪，郁于腠理而成。
2225,腰冷痛,,腰冷痛，指腰部自觉寒冷且伴疼痛，得温则减，遇寒加剧之症。其痛多绵绵或拘急，常伴腰膝酸软、畏寒肢冷。病机多属肾阳不足，寒湿内侵，或久病劳损，致腰部经脉失于温煦，气血凝滞不通。
2226,腰腿疼痛,,腰腿疼痛是指腰部及下肢（单侧或双侧）出现酸、麻、胀、重、痛等不适感，甚则活动受限、步履艰难。其病位在腰府、筋骨、经络，常因外感风寒湿邪、跌仆闪挫、劳损日久，或肝肾亏虚、气血不足，致经脉痹阻、筋骨失养而发。临床需辨虚实寒热，以明病机。
2228,腰膝关节酸重疼痛,,腰膝关节酸重疼痛，指腰膝及关节部位自觉酸楚、沉重，伴活动不利或疼痛，常遇阴雨天或劳倦加重。其病位在筋骨、关节，多因寒湿、湿热之邪痹阻经络，或肝肾亏虚、气血不足，筋骨失于濡养所致。临床可见腰膝酸软无力，关节重着肿胀，屈伸不利，得温痛减，遇寒痛增。
2229,腰膝痿软,,腰膝痿软，指腰部与膝关节部位自觉酸软无力，甚则难以久立、步履不健，常伴下肢痿弱不任身之症。其病位在腰膝，多责之于肝肾亏虚、精血不足，筋骨失于濡养；或湿热下注、经络阻滞，致气血不荣。临床当辨虚实，虚者多伴头晕耳鸣、遗精早泄，实者常兼肢体困重、小便黄赤。
2234,腹绞痛,,腹绞痛，指腹部突发性、阵发性剧烈疼痛，痛势如绞，难以忍受，常伴腹皮拘急、拒按或欲便不得。其病位多在肠胃、肝脾，病性多属实证或虚实夹杂。病因常由外感寒邪、饮食不节、气滞血瘀或虫积内扰，致气机壅塞、脉络绌急、不通则痛。
2243,膝酸,,膝酸，指自觉膝关节酸软无力、不耐久行久立，常伴屈伸不利、隐痛或酸胀感。其病位在膝，多责之于肝肾不足、筋骨失养，或风寒湿邪痹阻经络、气血运行不畅所致。临床需辨虚实：虚者酸软喜按，劳则加重；实者酸胀沉重，遇寒湿则甚。
2238,膝关节沉重,,膝关节沉重，指患者自觉膝部如有物附着，屈伸不利，活动笨拙，常伴酸胀、乏力感。其病位在筋骨、关节，多因湿邪下注，或痰瘀阻络，气血运行不畅所致；亦可由肝肾亏虚，筋骨失养，湿浊内生引起。临床常见于着痹、鹤膝风等病证。
2235,腹腔积水,,腹腔积水，亦称“水臌”，指水液停聚腹腔，致腹部胀满如鼓之症。临床表现为腹部膨隆，叩之呈浊音，甚则腹皮绷急、青筋显露，伴小便短少、下肢浮肿。其病机多由肝脾肾三脏功能失调，气滞血瘀，水湿内停；或因湿热蕴结、虫积、癥瘕等阻滞水道，致水液泛溢腹腔而成。
2248,菌痢,,菌痢，即痢疾，系因外感湿热疫毒或内伤饮食生冷，致肠腑传导失司，气血凝滞，脂膜血络受损。临床以腹痛、里急后重、下痢赤白脓血、肛门灼热为主症。病位在肠，病性多属湿热或疫毒壅滞，甚则伤及气阴，或成虚寒久痢。
2251,虚热烦渴,,虚热烦渴指因阴液亏虚，虚火内扰，津液耗伤所致之口渴多饮，常伴五心烦热、潮热盗汗、舌红少苔、脉细数等症。其病机多由热病后期阴伤未复，或久病劳损、情志过极，致阴不制阳，虚热内生，津液无以上承而渴。
2244,膝酸软,,膝酸软，指自觉膝关节酸楚无力、支撑感减弱，常伴屈伸不利、不耐久行久立之症。其病位在膝，多属肝肾亏虚、筋骨失养，或气血不足、经脉不充；亦可因风寒湿邪痹阻，或劳损过度、耗伤精血所致。临证当辨虚实，虚者多伴腰脊酸软、胫膝无力，实者常兼沉重冷痛、屈伸牵掣。
2258,蛇咬蝎螫,,蛇咬蝎螫，指因毒蛇、蝎子等虫兽咬伤或螫伤所致之局部及全身证候。临床可见伤处红肿灼痛、麻木或紫黑溃烂，甚则毒气攻心，出现神昏、抽搐、喘促、脉数等危象。其病机为虫兽毒邪经皮肉侵入，壅滞经络，气血逆乱，毒入营血，内扰脏腑。
2253,虫积食滞,,虫积食滞是指肠道寄生虫（如蛔虫）内扰，兼夹饮食停滞，导致脾胃运化失常的证候。临床多见脘腹胀满、疼痛时作，食欲异常（嗜食异物或厌食），大便不调（或秘或泻，或下蛔虫），伴面黄肌瘦、夜卧不安、磨牙、鼻痒等。其病机多因饮食不洁，虫卵随食入胃，孳生肠道，复因饮食不节，损伤脾胃，食积与虫积互结，阻滞气机，升降失司所致。
2256,蚕豆病,,蚕豆病，又名胡豆黄，乃因禀赋不足，食入蚕豆或触其花粉而发。其病位在血分，病性属本虚标实。临床以骤然发病、身目发黄、小便如浓茶、头晕乏力、恶心呕吐、甚则面色苍白、唇甲不荣、气息微弱为特征。病机为先天脾肾亏虚，湿浊内蕴，复感蚕豆之毒，伤及气血，致血败发黄，甚则气随血脱。
2262,蛔虫腹痛,,蛔虫腹痛，指因蛔虫内扰肠道所致之腹部疼痛。其痛多呈阵发性，绕脐而作，甚则攻撑钻顶，痛剧时患儿辗转不安、面色苍白、冷汗自出，可伴呕吐清涎或蛔虫，腹部可触及条索状包块。病机多由饮食不洁，虫卵入肠，化生蛔虫，扰动肠腑，气机阻滞，不通则痛。
2269,血热发斑,,血热发斑是指热入营血，迫血妄行，溢于肌肤所致之斑疹。其斑色鲜红或紫暗，多呈片状，压之不褪色，常伴身热夜甚、心烦不寐、口渴、甚则神昏谵语、舌绛、脉数等症。病机多由外感温热病邪，或内伤七情、五志化火，致血分热盛，灼伤脉络，血溢脉外而成。
2268,血热便血,,血热便血系热邪内扰血分，迫血妄行，下注大肠所致。临床表现为大便下血，血色鲜红或深红，质稠，多伴肛门灼热、口干咽燥、心烦、小便短赤、舌红苔黄、脉数有力。其病机多因嗜食辛辣厚味、酗酒，或外感热邪，致胃肠积热，热伤肠络，血溢脉外。
2264,蟹中毒,,蟹中毒，指因误食死蟹、生蟹或未熟透之蟹，或食蟹时同食寒凉、不洁之物，致邪毒内侵胃肠，引发以脘腹剧痛、恶心呕吐、腹泻如注、或见皮疹瘙痒、头晕心悸、甚则唇甲青紫、呼吸困难为主要表现的急症。其病机多因蟹性咸寒，兼挟风毒，损伤脾胃，扰乱气机，毒邪内攻，甚则蒙蔽清窍、阻遏阳气。
2270,血热发疹,,血热发疹是指因热入血分，迫血妄行，血热炽盛，外发于肌肤所致之皮疹。其疹色鲜红或紫暗，多呈斑片状，压之不褪色，可伴身热夜甚、烦躁、口渴、舌绛、脉数等症。病机多为温热病邪深入营血，或素体血热，复感热邪，致血络受损，热毒外透肌肤而发疹。
2267,血淋涩痛,,血淋涩痛是指小便频数短涩，滴沥刺痛，欲出未尽，小腹拘急，或痛引腰腹，且尿中带血，或夹血丝、血块为主要表现的病证。其病机多因湿热下注膀胱，灼伤血络；或心火亢盛，移热小肠；或阴虚火旺，虚火灼络；亦可因脾肾亏虚，气不摄血所致。临床以“淋而兼血，涩痛难忍”为特征，属热证、实证居多，久病亦可虚实夹杂。
2271,血热吐血,,血热吐血，指因热邪炽盛，迫血妄行，致血溢脉外，从口而出之证。临床表现为吐血鲜红或紫暗，量多势急，常伴口干咽燥、身热烦躁、面赤舌红、苔黄脉数。其病机多由外感热邪、过食辛辣或情志化火，致胃热壅盛，血热沸腾，络破血溢。
2272,血热咯血,,血热咯血是指热邪炽盛，灼伤肺络，迫血妄行，血溢脉外，随咳嗽而出之证。临床表现为咯出鲜红血液，或痰血相兼，常伴发热、口渴、心烦、面赤、舌红绛、苔黄燥、脉滑数或洪数。其病机多因外感风热燥邪，或肝郁化火，或嗜食辛辣厚味，致肺热壅盛，络伤血溢。
2274,血热紫癜,,血热紫癜是指因热毒内炽，迫血妄行，溢于肌肤所致之紫斑。其症见皮肤出现大小不等、色泽鲜红或紫红之斑点、斑块，压之不褪色，常伴发热、口渴、心烦、尿赤、便秘，甚则鼻衄、齿衄。病机多由外感热邪或内蕴积热，灼伤脉络，血不循经，外溢肌表而成。
2279,赘疣,,赘疣，指发于皮肤浅表之良性赘生物，形如粟米或豆粒，表面粗糙，状如花蕊，质地坚硬或柔软，数目不等，不痛不痒或微有瘙痒。其病多由风邪搏于肌肤，或肝虚血燥，筋气不荣，复感外邪，气血凝滞，郁结而生。
2275,血热血淋,,血热血淋指热邪侵入血分，灼伤膀胱脉络，迫血妄行所致之淋证。临床以小便频急、涩痛灼热，尿中带血或夹血丝、血块，血色鲜红，伴心烦口渴、舌红苔黄、脉滑数或细数为特征。其病机多由心火下移小肠，或湿热蕴结下焦，热盛动血，血溢脉外，与溲俱下而成。
2276,血热衄血,,血热衄血，指因热邪内炽，迫血妄行，上溢清窍所致之鼻衄。其症多见鼻中出血，血色鲜红，量多势急，常伴面红目赤、口干烦渴、舌红苔黄、脉数有力。病机多由外感风热燥邪，或嗜食辛辣厚味，或情志过极化火，致血分蕴热，灼伤鼻络，血不循经而外溢。
2284,跌扑损伤,,跌扑损伤，指因外力撞击、跌仆、闪挫等所致筋骨皮肉经脉受损之证候。临床表现为局部青紫肿痛、活动受限，甚则骨折筋伤、皮破出血。其病机为外力骤加，气血逆乱，经脉受损，血溢脉外，气滞血瘀，不通则痛。
2278,贲门部痉挛,,贲门部痉挛，系指贲门失于通降，气机逆乱，致食物吞咽受阻、胸膈痞塞之证。临床表现为吞咽困难，食入即吐或食后良久复吐，胸骨后闷痛或牵掣感，常伴嗳气、反酸。其病机多由情志抑郁，肝气犯胃，或饮食不节，痰气交阻，致胃气上逆，贲门挛急不舒。
2283,趺扑肿痛,,趺扑肿痛，指因跌打损伤、撞击或闪挫等外力作用，导致局部经络受损、气血瘀滞，出现皮肉青紫、肿胀、疼痛，甚则活动受限之症。其病机为血溢脉外，瘀阻不通，不通则痛；气滞水停，聚而成肿。临床常见于四肢关节及肌肉丰厚处，轻者仅见微肿微痛，重者可伴骨节错缝或骨折。
2281,赤白痢疾,,赤白痢疾，指下痢脓血，赤白相杂，里急后重，腹痛频作之证。其因多由湿热疫毒壅滞肠中，气血凝滞，脂络受损，化为脓血；或寒湿伤及肠胃，气机不畅，传导失司所致。临床以大便中见赤白黏冻、排便窘迫为特征。
2285,跌扑闪挫,,跌扑闪挫，指因外力跌仆、撞击或不当扭转、牵拉等动作，导致筋肉、关节、经络受损之病证。临床表现为局部肿胀、疼痛、活动受限，或见青紫瘀斑，重者可伴关节错缝、筋伤骨损。其病机为外力骤至，气血逆乱，经络阻滞，瘀血内停，不通则痛；若伤及筋骨，则枢机不利，屈伸失常。
2287,跌打扭伤,,跌打扭伤是指因外力撞击、跌仆闪挫或关节过度扭转，导致局部经络受损、气血瘀滞，以伤处肿胀、疼痛、青紫瘀斑、活动受限为主要表现的病证。其病机为外力致筋肉、脉络受损，血溢脉外而成瘀，气滞不通则痛；严重者可伴骨节错缝或筋伤。临床常见局部压痛、灼热或功能障碍，属中医“伤筋”“瘀血”范畴。
2286,跌打伤肿,,跌打伤肿，指因外力撞击、跌仆、扭挫等损伤筋肉、脉络，致局部气血瘀滞、壅塞不通所引发的肿胀。临床表现为伤处青紫红肿、灼热疼痛，或见瘀斑，活动受限，重者皮肉破损、筋伤骨错。其病机为血溢脉外，瘀积肌腠，气机阻滞，不通则痛。
2288,跌打骨折,,跌打骨折，指因外力撞击、跌仆闪挫等暴力损伤，致骨骼断折、筋脉受损之病证。临床以局部肿胀、青紫瘀斑、疼痛剧烈、功能活动障碍、畸形或骨擦音为特征。其病机为外力伤及筋骨，血溢脉外，气滞血瘀，经络阻闭，骨断不续。
2292,醉酒,,醉酒，指因饮酒过量，酒毒湿热之邪内扰脏腑，致气机逆乱、神志不清之证。临床表现为头晕目眩、面红目赤、恶心呕吐、语无伦次、步履蹒跚，甚则昏睡不醒、二便失禁。其病机为酒性辛热，先伤胃气，上熏于脑，扰动心神，湿热蕴结中焦，升降失常。
2294,金疮出血,,金疮出血，指因金刃、刀箭等锐器所伤，致皮肉筋脉破损，血溢脉外之证。其症见伤口裂开，鲜血外流，色红或紫暗，可伴疼痛、肿胀。病机为金刃直接损伤脉络，营血失于约束而外溢；若出血过多，可致气随血脱，出现面色苍白、肢冷汗出等危候。
2290,郁闷,,郁闷，指患者自觉情志不舒，胸膈满闷，欲言不能，欲叹为快的一种症状。临床多伴见胁肋胀痛、善太息、脘痞纳呆、咽中如梗。其病因多由情志不遂，肝失条达，气机郁滞所致；或思虑过度，脾运不健，气结于中。病机关键在气机郁结，升降失常，常可化火、生痰、致瘀，变生诸证。
2299,阳毒发斑,,阳毒发斑，指因感受疫毒或热毒炽盛，燔灼营血，迫血妄行，外溢肌肤所致之斑疹。其斑色鲜红或紫黑，形如锦纹，多起于胸背，渐及四肢，伴高热烦躁、口渴引饮、甚则神昏谵语、舌绛苔焦、脉洪数。病机核心为热毒内陷营血，血热沸腾，络脉受损。
2300,阳痪,,阳痪，指肢体弛缓、痿软无力，甚则肌肉萎缩、不能随意运动之证。多因阳气虚衰，失于温煦与推动，或热病后期阴液耗伤，筋脉失养所致。临床常伴神疲乏力、畏寒肢冷、脉沉细等症，病机总属阳气亏虚，筋脉失濡。
2301,阳痿不孕,,阳痿不孕，指男子阳事不举或举而不坚，难以完成房事，并由此导致配偶长期不能受孕之症。其病机多责之于命门火衰，肾阳不足，宗筋失于温煦；或肝郁气滞，气血失和，宗筋弛纵；或湿热下注，阻遏阳气，宗筋不用。临床常伴腰膝酸软、畏寒肢冷、神疲乏力等肾虚之候，或伴胁胀、烦躁、阴囊潮湿等肝郁湿热之象。
2302,阳瘘,,阳痿，亦称“阴痿”，指男子临房时阴茎痿软不举，或举而不坚，难以完成正常性交的病症。其病位在宗筋，与肝、肾、心、脾相关。多因命门火衰、肾精亏虚，或肝郁气滞、湿热下注，或惊恐伤肾、心脾两虚所致。临床表现为阴茎痿软不举，或举而易泄，常伴腰膝酸软、神疲乏力、畏寒肢冷或心烦易怒等症。
2306,阴虚劳嗽,,阴虚劳嗽，系因肺肾阴亏，虚火灼津所致。症见干咳少痰，或痰中带血，咳声短促，午后潮热，颧红盗汗，口干咽燥，甚则音哑。病机为阴虚火旺，肺失濡润，肃降无权，虚火刑金。
2305,阴寒腹痛,,阴寒腹痛指因寒邪直中或阳虚阴盛，寒凝气滞所致之腹部拘急疼痛。其痛势剧烈，得温则减，遇寒加剧，常伴腹中冷感、肠鸣漉漉、四肢不温、口淡不渴、大便清稀或小便清长。病机为寒性收引，凝滞经脉，阳气不通，气血涩滞，不通则痛。
2308,阴道滴虫,,阴道滴虫，指带下量多，色黄或黄绿，质稀薄或泡沫状，气味腥臭，伴阴部瘙痒、灼痛，甚则尿频、尿急。多因湿热下注，虫毒侵蚀，或肝经郁热，脾虚湿盛，湿浊蕴结，化腐生虫所致。其病位在阴户、胞宫，病性属湿热、虫毒。
2303,阳萎,,阳萎，指成年男子阴茎痿软不举，或临房举而不坚，不能完成正常性交之病证。其临床表现以阴茎痿软无力、难以勃起或勃起不坚、坚而不久为主，常伴腰膝酸软、神疲乏力、畏寒肢冷或心烦易怒等症。病因多责之于命门火衰、肾精亏虚，或肝郁气滞、湿热下注、惊恐伤肾，致宗筋失养、弛纵不用。病机总属肝肾受损，气血阴阳失调，宗筋失于濡润温煦。
2309,院腹冷痛,,脘腹冷痛，指胃脘及腹部自觉寒冷，伴发疼痛，得温痛减，遇寒加剧之症。临床多表现为绵绵作痛或拘急绞痛，常兼喜温喜按、畏寒肢冷、纳呆便溏。其病机多由外寒直中、过食生冷，或脾肾阳虚、阴寒内盛，致中焦阳气不振，寒凝气滞，脉络收引而痛。
2315,面目肌肤浮肿,,面目肌肤浮肿，指眼睑、头面及四肢肌肤按之凹陷、应手而起或不起之征象。其肿势或起于目窠，渐及周身，皮色光亮。多因风邪外袭、肺失宣肃，或脾肾阳虚、水湿内停，泛溢肌肤所致。临床当辨阳水、阴水，以别虚实。
2310,院腹括闷,,脘腹括闷是指患者自觉胃脘部及腹部有拘急、紧缩、痞塞不畅之感，按之或觉板硬，常伴胀满、嗳气、纳呆等症。其病机多因寒邪内侵、气机郁滞，或饮食不节、痰湿内阻，致中焦气机升降失常，腑气不通。临床需辨寒热虚实，实证多兼疼痛拒按，虚证则时缓时急、喜温喜按。
2317,风寒挟湿头痛,,风寒挟湿头痛，系外感风寒湿邪，客于太阳经脉，致清阳不升、气血凝滞之证。症见头痛如裹，昏重不爽，痛连项背，遇风遇寒或阴雨天加重，常伴恶寒发热、肢体酸楚、胸闷纳呆、舌苔白腻、脉浮紧或濡缓。病机为风寒束表，湿浊内遏，经络壅塞。
2320,风水浮肿,,风水浮肿，指因风邪外袭，肺失宣肃，水道不通，水湿泛溢肌肤所致之浮肿。其症常起病急骤，肿势多从头面眼睑开始，迅及全身，皮肤鲜泽光亮，按之凹陷易复，多伴发热恶寒、咽喉肿痛、咳嗽或脉浮等表证。病机核心为风遏水阻，肺气不宣。
2319,风寒湿痹痛,,风寒湿痹痛，指风、寒、湿三邪杂至，合而为痹，阻滞经络、筋骨、关节所致之疼痛。临床以肢体关节酸楚、重着、疼痛，屈伸不利为特征，其痛或游走不定（风胜），或痛有定处、遇寒加剧（寒胜），或肌肤麻木、沉重肿胀（湿胜）。病机为卫外不固，邪气乘虚侵袭，气血痹阻不通。
2321,风湿关节疼痛,,风湿关节疼痛，指因风、寒、湿邪杂合侵袭人体，闭阻经络、气血运行不畅所致之肢体关节疼痛。其痛多呈游走性或固定不移，常伴关节酸楚、重着、屈伸不利，甚则肿胀变形。病机以邪阻经络、气血凝滞、不通则痛为核心，久则肝肾亏虚、筋骨失养，虚实夹杂。
2322,风湿关节痿软疼痛,,风湿关节痿软疼痛，指肢体关节因风湿之邪侵袭，导致筋脉失养、关节不利，表现为关节酸楚重着、屈伸不利、肌肉痿软无力，甚则疼痛缠绵、活动受限。其病机多由风寒湿邪杂合痹阻经络，气血运行不畅，日久肝肾亏虚、筋骨失濡所致。
2326,风湿痹病,,风湿痹病，乃因风寒湿热等外邪侵袭人体，闭阻经络，气血运行不畅所致。临床以肢体关节、肌肉、筋骨等处疼痛、酸楚、重着、麻木、屈伸不利，甚或关节肿大灼热、变形僵直为主要表现。其病机总属邪正交争，经络壅滞，气血痹阻不通，日久可损及肝肾，耗伤气血。
2327,风湿肢体痿软疼痛,,风湿肢体痿软疼痛，系指肢体筋脉弛缓、软弱无力，甚则肌肉萎缩，且兼见关节肌肉酸楚、重着、疼痛之症。其病多因风湿之邪侵袭经络，气血痹阻，筋脉失于濡养所致。临床常见肢体困重、屈伸不利，遇阴雨天加重，舌苔白腻，脉濡缓。
2328,风湿肩臂疼痛,,风湿肩臂疼痛，指风、寒、湿邪侵袭肩臂经络，致气血痹阻不通所引发的疼痛。临床表现为肩臂酸楚、重着、疼痛，或游走不定，或痛有定处，遇寒加重，得温稍减，常伴关节屈伸不利、活动受限。其病机多为卫外不固，风寒湿邪乘虚客于肩臂经脉，气血凝滞，脉络失和。
2330,风湿顽痹,,风湿顽痹指风寒湿热之邪深伏经络、筋骨，日久不愈，气血凝滞，痰瘀互结所致之痹证。临床表现为肢体关节重着、疼痛剧烈、固定不移，或关节肿大、僵硬、变形，屈伸不利，甚则肌肉萎缩、活动受限，缠绵难愈，遇寒湿加重。其病机多为正虚邪恋，痰瘀胶结，痹阻经络。
2331,风湿骨痛,,风湿骨痛，指因风、寒、湿、热等外邪侵袭人体，闭阻经络，气血运行不畅所致之肢体关节疼痛。其临床表现为关节、肌肉、筋骨等处酸楚、重着、麻木、肿胀，甚则屈伸不利、活动受限。病机总属邪正交争，经络痹阻，不通则痛。
2329,风湿肿痛,,风湿肿痛，指因风、寒、湿邪杂合侵袭，痹阻经络，致气血运行不畅，以肢体关节、肌肉等处出现肿胀、疼痛、重着、屈伸不利为主要表现的病候。其痛多游走不定，或固定不移，常伴酸楚麻木，遇阴雨寒冷则加剧。病机总属邪阻经络，气血凝滞，不通则痛；湿邪留滞关节，则见肿胀。
2334,风热郁肺咽痛,,风热郁肺咽痛，指风热外袭，肺失宣肃，热邪郁结于咽喉所致之疼痛。临床表现为咽喉红肿灼痛，吞咽时加重，常伴发热、微恶风寒、咳嗽痰黄、口渴、舌尖红、苔薄黄、脉浮数。其病机为风热犯肺，肺气壅遏，热毒循经上攻咽喉，气血壅滞不通而痛。
2340,饮食不消,,饮食不消，指饮食入胃后，难以腐熟运化，表现为食后脘腹胀满、嗳腐吞酸、纳呆厌食，甚则完谷不化、大便溏泄。其病机多因脾胃虚弱，运化失职；或饮食不节，积滞内停；或湿浊困脾，气机阻滞，致水谷精微不能正常输布。
2345,高热抽搐,,高热抽搐，指体温骤升至极高（常超39℃）时，出现四肢抽搐、颈项强直、角弓反张、神昏谵妄等症。其病机多由外感温热疫毒，内陷心包，引动肝风；或热盛伤津，筋脉失濡所致。临床常见于小儿，属“急惊风”范畴，病势急骤，易耗气伤阴，甚则危及生命。
2336,风疹丹毒,,风疹丹毒，指皮肤突发红色斑疹、丘疹，形如云片，瘙痒无度，游走不定，甚则融合成片，灼热如丹之证。其病机多由风热外袭，郁于肌腠，或血分蕴热，复感风邪，风热相搏，发于皮肤所致。临床常伴恶风、发热、口渴等表证，疹退后不留痕迹。
2338,风痹病,,风痹病，亦称行痹，乃因风寒湿邪杂至，尤以风邪偏盛，侵袭经络、肌肉、关节所致。其病机为风性善行数变，致气血痹阻不通。临床以肢体关节酸痛、游走不定、屈伸不利为主要表现，常伴恶风、发热等表证。痛处可涉及肩、肘、腕、膝等多处关节，呈游走性疼痛，遇风则甚。
2348,高血压病,,高血压病，中医称“风眩”或“眩晕”，系因情志失调、饮食不节、劳倦内伤或年老体衰，致肝肾阴虚、肝阳上亢，或痰湿内阻、瘀血阻络，气血逆乱于上。临床以头晕目眩、头胀头痛、面红目赤、心烦易怒、失眠多梦、耳鸣健忘为主症，甚则肢麻震颤。病位在肝、肾，涉及心、脾，病性多属本虚标实，阴虚阳亢为基本病机。
2349,鱼中毒,,鱼中毒，指因误食有毒鱼类或食入腐败变质之鱼，致邪毒内侵胃肠，扰乱气血所致。临床以脘腹绞痛、恶心呕吐、腹泻如注、唇舌及肢端麻木、甚则头晕目眩、呼吸困难、脉微欲绝为主要表现。其病机为毒邪壅滞中焦，升降失司，毒入营血，内扰心神，甚则闭阻经络，气机逆乱。
2354,麻醉止痛,,麻醉止痛，指通过药物或针刺等手段，使患者局部或全身痛觉暂时消失，以利于手术或治疗操作。其机理在于阻滞经络气血之运行，或抑制神气之感应，使痛觉传导中断。临床表现为施术部位或全身痛觉丧失，触觉或温觉可部分保留，神志清醒或呈浅寐状态，肌肉松弛，无痛感反应。
2355,麻风,,麻风，乃因疠气内侵，营卫壅滞，气血失和所致。其症初起肌肤麻木不仁，渐次出现红斑、紫斑、白斑，或结节、肿块，甚则皮损溃烂、眉毛脱落、鼻柱塌陷、指节畸形。病机总属疠毒入络，痰瘀互结，久则损及脏腑，阴阳俱虚。
2359,黄水病,,黄水病，指皮肤或疮面渗出淡黄色、黏稠液体（黄水）为主要表现的病证。其临床特征为局部湿烂、瘙痒，浸淫成片，结痂后易复发。多因湿热内蕴，外感风邪，风湿热邪相搏，郁于肌肤；或脾虚湿盛，湿浊下注所致。常见于浸淫疮、黄水疮等皮肤病。
2360,黄疽,,黄疸是指以身目发黄、小便黄为主要临床表现的病证，尤以目睛黄染为特征。其病机多因湿热蕴结、肝胆疏泄失常，或寒湿阻遏、脾虚血亏，致胆汁不循常道，溢于肌肤而发黄。临床需辨阳黄、阴黄及急黄之别。
2357,黄水淋漓,,黄水淋漓，指皮肤疮疡或湿疹破溃后，渗出淡黄色黏稠液体，连绵不绝，浸淫四窜之状。其色黄属热，质稠为湿，多因湿热内蕴，外发肌表，或脾虚湿盛，郁而化热，湿热相搏，蒸腐肌肤所致。常见于浸淫疮、黄水疮等病，伴瘙痒、糜烂，甚则结黄痂。
2362,黏稠难咯,,黏稠难咯，指痰液质地稠厚，胶着难出，咯吐费力或不易咯净之状。临床多见痰色或黄或白，黏附喉间，甚则咳引胸痛。其病机多因热灼津液，炼液为痰，或阴虚火旺，虚火煎灼，亦可因脾虚湿聚，湿郁化热，痰热互结所致。
2361,黄肿胀满,,黄肿胀满，指肢体或腹部肿胀、皮色发黄、按之凹陷或绷急，伴脘腹胀满、纳呆、小便短少等症。多因湿热内蕴，或脾虚湿困，水湿停聚，气机壅滞所致。其病机关键在湿、热、气、水互结，壅塞三焦，外溢肌肤，内滞脘腹。
2363,鼻塞不通,,鼻塞不通，指鼻腔气机不畅，呼吸不利，甚则张口呼吸之症。临床表现为鼻窍壅塞，嗅觉减退，或伴流涕、头痛。其病机多因外感六淫，肺气失宣，或内伤七情、饮食劳倦，致肺脾气虚，清阳不升，或痰浊、瘀血阻滞鼻窍。总属肺窍不利，气机升降失常。
