Herb_ID,Herb_cn_name,status,detail_url,reason
HERB000002,阿比西尼亚牛筋果,not_found,,no exact pharmacopoeia herb result
HERB000005,阿尔及利亚鸢尾,not_found,,no exact pharmacopoeia herb result
HERB000003,阿尔及利亚棉蓟,not_found,,no exact pharmacopoeia herb result
HERB000004,阿尔及利亚补血草,not_found,,no exact pharmacopoeia herb result
HERB000001,阿比西尼亚刺桐,not_found,,no exact pharmacopoeia herb result
HERB000014,阿根廷鼠曲草,not_found,,no search results
HERB000011,阿福泽尔马钱子,not_found,,no exact pharmacopoeia herb result
HERB000016,阿江榄仁,not_found,,no exact pharmacopoeia herb result
HERB000010,阿富汗黑麦草,not_found,,no search results
HERB000006,阿尔泰银莲花,not_found,,no exact pharmacopoeia herb result
HERB000009,阿富汗杜鹃花,not_found,,no exact pharmacopoeia herb result
HERB000018,阿拉伯胶金合欢,not_found,,no search results
HERB000019,阿拉伯金合欢,not_found,,no search results
HERB000032,阿育魏实,not_found,,no exact pharmacopoeia herb result
HERB000026,阿诺特花椒,not_found,,no exact pharmacopoeia herb result
HERB000041,埃及鼠尾草,not_found,,no search results
HERB000039,埃及假虎刺,not_found,,no exact pharmacopoeia herb result
HERB000040,埃及千里光,not_found,,no exact pharmacopoeia herb result
HERB000048,埃利斯多孔菌,not_found,,no exact pharmacopoeia herb result
HERB000007,阿尔泰紫菀,not_found,,no exact pharmacopoeia herb result
HERB000038,埃及大翅蓟,not_found,,no exact pharmacopoeia herb result
HERB000008,阿富汗丁香,not_found,,no exact pharmacopoeia herb result
HERB000068,矮紫金牛,not_found,,no exact pharmacopoeia herb result
HERB000065,矮向日葵,not_found,,no exact pharmacopoeia herb result
HERB000020,阿拉伯婆婆纳,not_found,,no exact pharmacopoeia herb result
HERB000025,阿曼苏丹没药,not_found,,no exact pharmacopoeia herb result
HERB000052,埃塞俄比亚羽扇豆,not_found,,no exact pharmacopoeia herb result
HERB000062,矮桐子,not_found,,no exact pharmacopoeia herb result
HERB000021,阿里红,not_found,,no exact pharmacopoeia herb result
HERB000037,埃及车轴草,not_found,,no exact pharmacopoeia herb result
HERB000063,爱娃筋骨草,not_found,,no exact pharmacopoeia herb result
HERB000071,安哥拉八角枫,not_found,,no exact pharmacopoeia herb result
HERB000057,艾实,not_found,,no exact pharmacopoeia herb result
HERB000073,安哥拉黄瓜,not_found,,no search results
HERB000072,安哥拉八角枫,not_found,,no exact pharmacopoeia herb result
HERB000074,安哥拉紫檀,not_found,,no search results
HERB000050,艾纳香,not_found,,no exact pharmacopoeia herb result
HERB000035,矮大黄,not_found,,no exact pharmacopoeia herb result
HERB000049,艾麻黄,not_found,,no exact pharmacopoeia herb result
HERB000022,阿里山五味子,not_found,,no exact pharmacopoeia herb result
HERB000046,艾菊,not_found,,no exact pharmacopoeia herb result
HERB000067,艾叶黄芩,not_found,,no exact pharmacopoeia herb result
HERB000088,安乃近,not_found,,no search results
HERB000080,安徽贝母,not_found,,no exact pharmacopoeia herb result
HERB000083,安徽银莲花,not_found,,no exact pharmacopoeia herb result
HERB000098,澳大利亚桑,not_found,,no exact pharmacopoeia herb result
HERB000082,安徽松木,not_found,,no search results
HERB000095,暗棕炭团菌,not_found,,no exact pharmacopoeia herb result
HERB000085,龙舌兰,not_found,,no search results
HERB000096,澳大利亚红豆杉,not_found,,no exact pharmacopoeia herb result
HERB000101,奥地利鳞毛蕨,not_found,,no exact pharmacopoeia herb result
HERB000086,安罗,not_found,,no exact pharmacopoeia herb result
HERB000121,澳洲坚果,not_found,,no exact pharmacopoeia herb result
HERB000078,暗红委陵菜,not_found,,no exact pharmacopoeia herb result
HERB000092,按油,not_found,,no exact pharmacopoeia herb result
HERB000033,阿月浑子,not_found,,no search results
HERB000120,澳洲百脉根,not_found,,no exact pharmacopoeia herb result
HERB000115,奥托肉豆蔻,not_found,,no exact pharmacopoeia herb result
HERB000084,氨基比林,not_found,,no exact pharmacopoeia herb result
HERB000091,按叶,not_found,,no exact pharmacopoeia herb result
HERB000097,澳大利亚千金藤,not_found,,no exact pharmacopoeia herb result
HERB000122,澳洲茄,not_found,,no exact pharmacopoeia herb result
HERB000093,暗紫贝母,not_found,,no exact pharmacopoeia herb result
HERB000044,埃及种植鸢尾,not_found,,no exact pharmacopoeia herb result
HERB000123,澳洲商陆,not_found,,no exact pharmacopoeia herb result
HERB000124,澳洲屎豆,not_found,,no exact pharmacopoeia herb result
HERB000114,凹头苋,not_found,,no exact pharmacopoeia herb result
HERB000109,凹舌兰,not_found,,no exact pharmacopoeia herb result
HERB000136,八角黄皮,not_found,,no exact pharmacopoeia herb result
HERB000117,凹叶厚朴,not_found,,no exact pharmacopoeia herb result
HERB000138,八角茴香油,not_found,,no exact pharmacopoeia herb result
HERB000135,八角枫,not_found,,no exact pharmacopoeia herb result
HERB000141,巴拿马合欢,not_found,,no exact pharmacopoeia herb result
HERB000144,霸王鞭,not_found,,no search results
HERB000107,凹脉丁公藤,not_found,,no exact pharmacopoeia herb result
HERB000152,巴西香无患子,not_found,,no exact pharmacopoeia herb result
HERB000140,巴拉圭茶,not_found,,no exact pharmacopoeia herb result
HERB000118,凹叶瑞香,not_found,,no exact pharmacopoeia herb result
HERB000131,巴伐利亚龙胆,not_found,,no exact pharmacopoeia herb result
HERB000153,巴西页岩,not_found,,no search results
HERB000149,巴西千里光,not_found,,no exact pharmacopoeia herb result
HERB000148,巴西马兜铃,not_found,,no exact pharmacopoeia herb result
HERB000157,八仙花,not_found,,no search results
HERB000147,巴西萝芙木,not_found,,no search results
HERB000150,巴西千里光,not_found,,no exact pharmacopoeia herb result
HERB000128,巴旦杏仁,not_found,,no exact pharmacopoeia herb result
HERB000119,凹叶野百合,not_found,,no exact pharmacopoeia herb result
HERB000158,八月扎,not_found,,no exact pharmacopoeia herb result
HERB000139,八角莲,not_found,,no exact pharmacopoeia herb result
HERB000180,白饭树根,not_found,,no exact pharmacopoeia herb result
HERB000179,白饭树,not_found,,no exact pharmacopoeia herb result
HERB000161,白扁豆,ok_no_empty_fields,https://ydz.chp.org.cn/#/item?bookId=1&entryId=162,matched page but target columns already had values
HERB000156,八仙草,not_found,,no exact pharmacopoeia herb result
HERB000166,白刺,not_found,,no exact pharmacopoeia herb result
HERB000142,巴拿马山石榴,not_found,,no exact pharmacopoeia herb result
HERB000168,白刺花,not_found,,no exact pharmacopoeia herb result
HERB000155,巴夏嘎,not_found,,no exact pharmacopoeia herb result
HERB000164,白鲳,not_found,,no exact pharmacopoeia herb result
HERB000159,白八角莲,not_found,,no exact pharmacopoeia herb result
HERB000170,白刺花叶,not_found,,no exact pharmacopoeia herb result
HERB000171,白刺花子,not_found,,no exact pharmacopoeia herb result
HERB000163,白草霜,not_found,,no exact pharmacopoeia herb result
HERB000169,白刺花根,not_found,,no exact pharmacopoeia herb result
HERB000160,白背叶,not_found,,no exact pharmacopoeia herb result
HERB000193,百合花,not_found,,no search results
HERB000172,白葱,not_found,,no exact pharmacopoeia herb result
HERB000194,白鹤灵芝,not_found,,no exact pharmacopoeia herb result
HERB000176,白鹅膏,not_found,,no exact pharmacopoeia herb result
HERB000197,白花菜子,not_found,,no exact pharmacopoeia herb result
HERB000188,白果树皮,not_found,,no exact pharmacopoeia herb result
HERB000178,白饭豆,not_found,,no exact pharmacopoeia herb result
HERB000200,百花蜂斗菜,not_found,,no exact pharmacopoeia herb result
HERB000201,白花甘西鼠尾草,not_found,,no exact pharmacopoeia herb result
HERB000195,百合子,not_found,,no exact pharmacopoeia herb result
HERB000206,白花蛇,not_found,,no search results
HERB000190,白果紫草,not_found,,no exact pharmacopoeia herb result
HERB000185,白鬼笔,not_found,,no exact pharmacopoeia herb result
HERB000202,百花蒿,not_found,,no exact pharmacopoeia herb result
HERB000191,白蒿,not_found,,no exact pharmacopoeia herb result
HERB000187,白果根,not_found,,no exact pharmacopoeia herb result
HERB000203,白花爵床,not_found,,no exact pharmacopoeia herb result
HERB000196,白鹤乌头,not_found,,no exact pharmacopoeia herb result
HERB000213,白花映山红,not_found,,no exact pharmacopoeia herb result
HERB000214,白花罂粟,not_found,,no exact pharmacopoeia herb result
HERB000212,白花夏至草,not_found,,no exact pharmacopoeia herb result
HERB000219,败酱,not_found,,no exact pharmacopoeia herb result
HERB000210,白花藤,not_found,,no exact pharmacopoeia herb result
HERB000221,败酱草,not_found,,no exact pharmacopoeia herb result
HERB000211,白花夏枯草,not_found,,no exact pharmacopoeia herb result
HERB000199,白花丹参,not_found,,no exact pharmacopoeia herb result
HERB000209,白花水飞蓟,not_found,,no exact pharmacopoeia herb result
HERB000231,白兰花,not_found,,no search results
HERB000204,白花龙胆,not_found,,no exact pharmacopoeia herb result
HERB000184,白钩藤,not_found,,no exact pharmacopoeia herb result
HERB000228,白蜡树,not_found,,no exact pharmacopoeia herb result
HERB000183,柏根白皮,not_found,,no exact pharmacopoeia herb result
HERB000233,百里香,not_found,,no exact pharmacopoeia herb result
HERB000198,白花丹,not_found,,no exact pharmacopoeia herb result
HERB000207,白花射干,not_found,,no exact pharmacopoeia herb result
HERB000205,白花前胡,not_found,,no exact pharmacopoeia herb result
HERB000222,白胶香,not_found,,no exact pharmacopoeia herb result
HERB000247,白毛夏枯草,not_found,,no search results
HERB000227,白菊花根,not_found,,no exact pharmacopoeia herb result
HERB000226,白槿花,not_found,,no exact pharmacopoeia herb result
HERB000223,白芥,not_found,,no exact pharmacopoeia herb result
HERB000215,白花油麻藤,not_found,,no exact pharmacopoeia herb result
HERB000230,白兰根,not_found,,no exact pharmacopoeia herb result
HERB000232,白藜芦醇,not_found,,no exact pharmacopoeia herb result
HERB000234,百里香酚,not_found,,no exact pharmacopoeia herb result
HERB000218,白坚木,not_found,,no exact pharmacopoeia herb result
HERB000256,白皮松,not_found,,no search results
HERB000249,白梅花,not_found,,no exact pharmacopoeia herb result
HERB000240,白萝卜清膏,not_found,,no exact pharmacopoeia herb result
HERB000246,白毛藤,not_found,,no exact pharmacopoeia herb result
HERB000239,百两金,not_found,,no exact pharmacopoeia herb result
HERB000241,白马骨,not_found,,no exact pharmacopoeia herb result
HERB000254,白牛胆,not_found,,no exact pharmacopoeia herb result
HERB000263,白柔毛香茶菜,not_found,,no exact pharmacopoeia herb result
HERB000264,百蕊草,not_found,,no search results
HERB000252,白木乌桕,not_found,,no exact pharmacopoeia herb result
HERB000238,白蔹子,not_found,,no exact pharmacopoeia herb result
HERB000272,白鼠狼,not_found,,no exact pharmacopoeia herb result
HERB000253,白木香,not_found,,no exact pharmacopoeia herb result
HERB000271,白首乌,not_found,,no search results
HERB000273,柏树叶,not_found,,no exact pharmacopoeia herb result
HERB000260,白屈菜根,not_found,,no exact pharmacopoeia herb result
HERB000255,白牛膝,not_found,,no exact pharmacopoeia herb result
HERB000262,百日青,not_found,,no exact pharmacopoeia herb result
HERB000251,白木通根,not_found,,no exact pharmacopoeia herb result
HERB000250,白木通,not_found,,no exact pharmacopoeia herb result
HERB000269,白舌根,not_found,,no exact pharmacopoeia herb result
HERB000258,白千层,not_found,,no exact pharmacopoeia herb result
HERB000293,白药子,not_found,,no search results
HERB000268,白芍药,not_found,,no exact pharmacopoeia herb result
HERB000297,白夜米仔兰,not_found,,no exact pharmacopoeia herb result
HERB000265,白散沫花,not_found,,no exact pharmacopoeia herb result
HERB000294,白叶瓜馥木,not_found,,no exact pharmacopoeia herb result
HERB000277,白苏叶,not_found,,no exact pharmacopoeia herb result
HERB000261,百日草,not_found,,no exact pharmacopoeia herb result
HERB000292,百眼藤,not_found,,no exact pharmacopoeia herb result
HERB000278,白苏子,not_found,,no exact pharmacopoeia herb result
HERB000282,白头翁花,not_found,,no exact pharmacopoeia herb result
HERB000287,白鲜树,not_found,,no exact pharmacopoeia herb result
HERB000279,百岁叶,not_found,,no exact pharmacopoeia herb result
HERB000276,白苏梗,not_found,,no exact pharmacopoeia herb result
HERB000299,白叶香茶菜,not_found,,no exact pharmacopoeia herb result
HERB000283,白头翁叶,not_found,,no exact pharmacopoeia herb result
HERB000291,白亚麻,not_found,,no exact pharmacopoeia herb result
HERB000302,白玉兰,not_found,,no search results
HERB000307,白芝麻,not_found,,no search results
HERB000274,白水仙,not_found,,no exact pharmacopoeia herb result
HERB000306,柏枝节,not_found,,no exact pharmacopoeia herb result
HERB000289,白鲜根,not_found,,no exact pharmacopoeia herb result
HERB000324,板栗,not_found,,no exact pharmacopoeia herb result
HERB000288,白香草木樨,not_found,,no exact pharmacopoeia herb result
HERB000284,白土苓,not_found,,no exact pharmacopoeia herb result
HERB000327,瓣蕊唐松草,not_found,,no search results
HERB000303,白羽扇豆,not_found,,no exact pharmacopoeia herb result
HERB000298,白叶藤,not_found,,no exact pharmacopoeia herb result
HERB000314,半边苏,not_found,,no exact pharmacopoeia herb result
HERB000319,斑鸠,not_found,,no search results
HERB000333,斑叶萍蓬草,not_found,,no exact pharmacopoeia herb result
HERB000336,半月形铁线蕨,not_found,,no exact pharmacopoeia herb result
HERB000296,白叶莓,not_found,,no exact pharmacopoeia herb result
HERB000342,榜嘎,not_found,,no exact pharmacopoeia herb result
HERB000334,斑叶萍蓬草,not_found,,no exact pharmacopoeia herb result
HERB000347,报春石斛,not_found,,no exact pharmacopoeia herb result
HERB000343,棒叶蕨藻,not_found,,no exact pharmacopoeia herb result
HERB000304,白芸花,not_found,,no exact pharmacopoeia herb result
HERB000300,白罂粟,not_found,,no exact pharmacopoeia herb result
HERB000346,报春花,not_found,,no exact pharmacopoeia herb result
HERB000352,豹骨,not_found,,no exact pharmacopoeia herb result
HERB000353,抱茎苦荬菜,not_found,,no exact pharmacopoeia herb result
HERB000350,宝盖灵芝,not_found,,no exact pharmacopoeia herb result
HERB000308,白芷叶,not_found,,no exact pharmacopoeia herb result
HERB000356,暴马子,not_found,,no exact pharmacopoeia herb result
HERB000355,抱茎獐牙菜,not_found,,no exact pharmacopoeia herb result
HERB000365,飞燕草,not_found,,no search results
HERB000315,斑地锦,not_found,,no exact pharmacopoeia herb result
HERB000332,斑叶地锦,not_found,,no exact pharmacopoeia herb result
HERB000329,斑纹芦荟,not_found,,no exact pharmacopoeia herb result
HERB000357,毛豆,not_found,,no search results
HERB000310,白竹鼠,not_found,,no exact pharmacopoeia herb result
HERB000331,半夏曲,not_found,,no exact pharmacopoeia herb result
HERB000320,斑鸠菊,not_found,,no exact pharmacopoeia herb result
HERB000368,孢子甘蓝,not_found,,no exact pharmacopoeia herb result
HERB000372,北侧金盏花,not_found,,no search results
HERB000382,贝加尔唐松草,not_found,,no exact pharmacopoeia herb result
HERB000377,北非雪松,not_found,,no search results
HERB000390,北美艾蒿,not_found,,no search results
HERB000351,保肝浸膏,not_found,,no exact pharmacopoeia herb result
HERB000339,斑子麻黄,not_found,,no exact pharmacopoeia herb result
HERB000367,苞叶香茶菜,not_found,,no exact pharmacopoeia herb result
HERB000393,北美红杉,not_found,,no search results
HERB000359,薄片矢车菊,not_found,,no exact pharmacopoeia herb result
HERB000388,北马兜铃,not_found,,no exact pharmacopoeia herb result
HERB000349,宝盖草,not_found,,no exact pharmacopoeia herb result
HERB000371,北苍术,not_found,,no exact pharmacopoeia herb result
HERB000391,北美鹅掌楸,not_found,,no search results
HERB000360,包片鼠尾草,not_found,,no exact pharmacopoeia herb result
HERB000392,北美鬼臼,not_found,,no search results
HERB000394,北美球子蕨,not_found,,no exact pharmacopoeia herb result
HERB000399,北美洲山梗菜,not_found,,no exact pharmacopoeia herb result
HERB000381,北黄花菜,not_found,,no exact pharmacopoeia herb result
HERB000385,贝壳杉,not_found,,no exact pharmacopoeia herb result
HERB000395,北美葶苈子,not_found,,no exact pharmacopoeia herb result
HERB000375,北方枸杞根皮,not_found,,no exact pharmacopoeia herb result
HERB000402,杯鞘石斛,not_found,,no exact pharmacopoeia herb result
HERB000379,北海当归,not_found,,no exact pharmacopoeia herb result
HERB000400,贝母,not_found,,no exact pharmacopoeia herb result
HERB000417,毕澄茄,not_found,,no exact pharmacopoeia herb result
HERB000376,北方乌头,not_found,,no exact pharmacopoeia herb result
HERB000389,北马兜铃根,not_found,,no exact pharmacopoeia herb result
HERB000419,篦齿眼子菜,not_found,,no exact pharmacopoeia herb result
HERB000401,贝母兰,not_found,,no exact pharmacopoeia herb result
HERB000412,北越钩藤,not_found,,no exact pharmacopoeia herb result
HERB000425,秘鲁古柯,not_found,,no search results
HERB000396,北美香柏,not_found,,no exact pharmacopoeia herb result
HERB000424,秘鲁钩藤,not_found,,no exact pharmacopoeia herb result
HERB000431,蓖麻油,not_found,,no exact pharmacopoeia herb result
HERB000411,北野菊,not_found,,no exact pharmacopoeia herb result
HERB000436,彼氏堆心菊,not_found,,no exact pharmacopoeia herb result
HERB000427,秘鲁香蕉,not_found,,no exact pharmacopoeia herb result
HERB000441,壁纸唐松草,not_found,,no exact pharmacopoeia herb result
HERB000421,碧冬茄,not_found,,no exact pharmacopoeia herb result
HERB000409,北五味子,not_found,,no exact pharmacopoeia herb result
HERB000437,萝芙木,not_found,,no search results
HERB000444,鳞毛蕨,not_found,,no exact pharmacopoeia herb result
HERB000448,遍地锦,not_found,,no exact pharmacopoeia herb result
HERB000405,北水苦荬,not_found,,no exact pharmacopoeia herb result
HERB000430,蓖麻叶,not_found,,no exact pharmacopoeia herb result
HERB000429,蓖麻根,not_found,,no exact pharmacopoeia herb result
HERB000398,北美圆柏,not_found,,no exact pharmacopoeia herb result
HERB000447,鞭打绣球,not_found,,no exact pharmacopoeia herb result
HERB000434,蓖麻叶,not_found,,no exact pharmacopoeia herb result
HERB000407,北乌头,not_found,,no exact pharmacopoeia herb result
HERB000456,蝙蝠葛,not_found,,no exact pharmacopoeia herb result
HERB000459,绞股蓝,not_found,,no exact pharmacopoeia herb result
HERB000453,扁豆花,not_found,,no search results
HERB000416,荜茇根,not_found,,no exact pharmacopoeia herb result
HERB000465,变色马兜铃,not_found,,no exact pharmacopoeia herb result
HERB000468,鞭苔,not_found,,no search results
HERB000474,变异凤尾蕨,not_found,,no exact pharmacopoeia herb result
HERB000445,马利筋,not_found,,no exact pharmacopoeia herb result
HERB000454,扁豆藤,not_found,,no exact pharmacopoeia herb result
HERB000471,变形木兰,not_found,,no exact pharmacopoeia herb result
HERB000466,变色石竹,not_found,,no exact pharmacopoeia herb result
HERB000455,扁豆叶,not_found,,no exact pharmacopoeia herb result
HERB000469,扁桃,not_found,,no exact pharmacopoeia herb result
HERB000433,蓖麻子与蓖麻油,not_found,,no exact pharmacopoeia herb result
HERB000451,变豆菜叶,not_found,,no exact pharmacopoeia herb result
HERB000440,碧玉散,not_found,,no exact pharmacopoeia herb result
HERB000480,变种尖槐藤,not_found,,no exact pharmacopoeia herb result
HERB000438,碧桃干,not_found,,no exact pharmacopoeia herb result
HERB000452,扁豆根,not_found,,no exact pharmacopoeia herb result
HERB000443,马利筋,not_found,,no exact pharmacopoeia herb result
HERB000495,冰果唐松草,not_found,,no exact pharmacopoeia herb result
HERB000462,扁茎沿阶草,not_found,,no exact pharmacopoeia herb result
HERB000460,山黧豆,not_found,,no exact pharmacopoeia herb result
HERB000467,扁蒴藤,not_found,,no exact pharmacopoeia herb result
HERB000461,扁茎黄芪,not_found,,no exact pharmacopoeia herb result
HERB000476,边缘鳞盖蕨,not_found,,no exact pharmacopoeia herb result
HERB000500,冰糖,not_found,,no exact pharmacopoeia herb result
HERB000506,菠菜,not_found,,no search results
HERB000507,伯格斑鸠菊,not_found,,no exact pharmacopoeia herb result
HERB000473,鞭叶铁线蕨,not_found,,no exact pharmacopoeia herb result
HERB000485,别致琉璃草,not_found,,no exact pharmacopoeia herb result
HERB000487,滨海前胡,not_found,,no exact pharmacopoeia herb result
HERB000510,薄荷油,not_found,,no exact pharmacopoeia herb result
HERB000478,扁枝槲寄生,not_found,,no exact pharmacopoeia herb result
HERB000492,冰豆,not_found,,no exact pharmacopoeia herb result
HERB000513,伯利兹花椒,not_found,,no exact pharmacopoeia herb result
HERB000479,变种长叶暗罗,not_found,,no exact pharmacopoeia herb result
HERB000477,边缘鳞毛蕨,not_found,,no exact pharmacopoeia herb result
HERB000482,鞭柱唐松草,not_found,,no search results
HERB000521,菠萝蜜,not_found,,no search results
HERB000523,播娘蒿,not_found,,no exact pharmacopoeia herb result
HERB000481,扁竹根,not_found,,no exact pharmacopoeia herb result
HERB000493,柄果槲寄生,not_found,,no exact pharmacopoeia herb result
HERB000511,伯乐树,not_found,,no exact pharmacopoeia herb result
HERB000520,博落回,not_found,,no exact pharmacopoeia herb result
HERB000524,黄瓜,not_found,,no search results
HERB000529,波士茄,not_found,,no exact pharmacopoeia herb result
HERB000499,冰蛇床,not_found,,no exact pharmacopoeia herb result
HERB000486,滨海当归,not_found,,no exact pharmacopoeia herb result
HERB000534,波斯罂粟,not_found,,no exact pharmacopoeia herb result
HERB000505,波瓣合叶苔,not_found,,no exact pharmacopoeia herb result
HERB000502,并头黄芩,not_found,,no exact pharmacopoeia herb result
HERB000531,波士吴茱萸,not_found,,no exact pharmacopoeia herb result
HERB000494,柄果花椒,not_found,,no exact pharmacopoeia herb result
HERB000501,并头草,not_found,,no exact pharmacopoeia herb result
HERB000561,苍耳,not_found,,no exact pharmacopoeia herb result
HERB000562,蔡文千金藤,not_found,,no exact pharmacopoeia herb result
HERB000565,蚕豆茎,not_found,,no exact pharmacopoeia herb result
HERB000558,菜豆树,not_found,,no exact pharmacopoeia herb result
HERB000563,蚕豆,not_found,,no exact pharmacopoeia herb result
HERB000577,苍耳,not_found,,no exact pharmacopoeia herb result
HERB000568,蚕茧,not_found,,no search results
HERB000566,蚕豆壳,not_found,,no exact pharmacopoeia herb result
HERB000522,菠萝香藤,not_found,,no exact pharmacopoeia herb result
HERB000539,波叶山橙,not_found,,no exact pharmacopoeia herb result
HERB000569,蚕桑,not_found,,no search results
HERB000538,波叶枯木,not_found,,no exact pharmacopoeia herb result
HERB000564,蚕豆荚壳,not_found,,no exact pharmacopoeia herb result
HERB000551,捕蝇草,not_found,,no exact pharmacopoeia herb result
HERB000533,波斯益母草,not_found,,no exact pharmacopoeia herb result
HERB000570,蚕沙,not_found,,no exact pharmacopoeia herb result
HERB000512,波棱瓜子,not_found,,no exact pharmacopoeia herb result
HERB000567,蚕豆叶,not_found,,no exact pharmacopoeia herb result
HERB000578,苍耳根,not_found,,no exact pharmacopoeia herb result
HERB000541,波叶乌头,not_found,,no exact pharmacopoeia herb result
HERB000537,波叶大黄,not_found,,no exact pharmacopoeia herb result
HERB000589,草地毛茛,not_found,,no exact pharmacopoeia herb result
HERB000552,不育红,not_found,,no exact pharmacopoeia herb result
HERB000583,苍山香茶菜,not_found,,no exact pharmacopoeia herb result
HERB000599,草莓,not_found,,no search results
HERB000591,草甸千里光,not_found,,no exact pharmacopoeia herb result
HERB000550,补血草,not_found,,no exact pharmacopoeia herb result
HERB000590,草地乌头,not_found,,no exact pharmacopoeia herb result
HERB000597,草寇仁,not_found,,no exact pharmacopoeia herb result
HERB000602,草酸,not_found,,no exact pharmacopoeia herb result
HERB000609,糙叶败酱,not_found,,no exact pharmacopoeia herb result
HERB000593,草菇,not_found,,no search results
HERB000611,草原大蓟,not_found,,no exact pharmacopoeia herb result
HERB000612,草原老鹳草,not_found,,no exact pharmacopoeia herb result
HERB000588,草苁蓉,not_found,,no exact pharmacopoeia herb result
HERB000579,苍耳花,not_found,,no exact pharmacopoeia herb result
HERB000600,草莓车轴草,not_found,,no exact pharmacopoeia herb result
HERB000587,草本威灵仙,not_found,,no exact pharmacopoeia herb result
HERB000573,苍白秤钩风,not_found,,no exact pharmacopoeia herb result
HERB000619,茶花,not_found,,no search results
HERB000601,草芍药,not_found,,no exact pharmacopoeia herb result
HERB000595,草胡椒,not_found,,no exact pharmacopoeia herb result
HERB000622,叉歧繁缕,not_found,,no search results
HERB000598,草帽假杜鹃,not_found,,no exact pharmacopoeia herb result
HERB000627,茶树,not_found,,no search results
HERB000620,茶梅,not_found,,no search results
HERB000603,草问荆,not_found,,no exact pharmacopoeia herb result
HERB000633,茶油,not_found,,no exact pharmacopoeia herb result
HERB000606,草乌头,not_found,,no exact pharmacopoeia herb result
HERB000645,蟾蜍,not_found,,no exact pharmacopoeia herb result
HERB000608,草香豌豆,not_found,,no exact pharmacopoeia herb result
HERB000625,叉蕊薯蓣,not_found,,no exact pharmacopoeia herb result
HERB000605,草乌酒,not_found,,no exact pharmacopoeia herb result
HERB000628,茶树根,not_found,,no exact pharmacopoeia herb result
HERB000642,柴黄姜,not_found,,no exact pharmacopoeia herb result
HERB000641,柴黄姜,not_found,,no exact pharmacopoeia herb result
HERB000616,侧子,not_found,,no exact pharmacopoeia herb result
HERB000649,黄檀,not_found,,no search results
HERB000647,潺槁木姜子,not_found,,no exact pharmacopoeia herb result
HERB000631,茶芎,not_found,,no exact pharmacopoeia herb result
HERB000635,茶子,not_found,,no exact pharmacopoeia herb result
HERB000659,长柄凤尾蕨,not_found,,no exact pharmacopoeia herb result
HERB000654,长白山报春,not_found,,no search results
HERB000618,层孔菌,not_found,,no exact pharmacopoeia herb result
HERB000629,茶条槭,not_found,,no exact pharmacopoeia herb result
HERB000653,蝉翼藤,not_found,,no exact pharmacopoeia herb result
HERB000636,茶子心,not_found,,no exact pharmacopoeia herb result
HERB000637,叉子圆柏,not_found,,no exact pharmacopoeia herb result
HERB000661,长柄七叶树,not_found,,no exact pharmacopoeia herb result
HERB000665,常春油麻藤,not_found,,no exact pharmacopoeia herb result
HERB000663,长春花,not_found,,no search results
HERB000655,长白松,not_found,,no exact pharmacopoeia herb result
HERB000664,常春藤,not_found,,no exact pharmacopoeia herb result
HERB000626,茶室蛇鞭菊,not_found,,no exact pharmacopoeia herb result
HERB000660,长柄胡椒,not_found,,no exact pharmacopoeia herb result
HERB000640,柴胡装千里光,not_found,,no exact pharmacopoeia herb result
HERB000634,察隅遍地金,not_found,,no exact pharmacopoeia herb result
HERB000639,柴胡装千里光,not_found,,no exact pharmacopoeia herb result
HERB000662,长柄圆柏,not_found,,no exact pharmacopoeia herb result
HERB000656,长瓣金莲花,not_found,,no exact pharmacopoeia herb result
HERB000646,蟾蜍胆,not_found,,no exact pharmacopoeia herb result
HERB000648,蟾皮,not_found,,no exact pharmacopoeia herb result
HERB000669,长萼香茶菜,not_found,,no exact pharmacopoeia herb result
HERB000684,长话版克亚树,not_found,,no search results
HERB000667,长萼金莲木皮,not_found,,no exact pharmacopoeia herb result
HERB000668,长萼瞿麦,not_found,,no exact pharmacopoeia herb result
HERB000672,长梗冬青,not_found,,no exact pharmacopoeia herb result
HERB000670,长梗百蕊草,not_found,,no exact pharmacopoeia herb result
HERB000687,长话图拉书,not_found,,no search results
HERB000674,长梗南五味子,not_found,,no exact pharmacopoeia herb result
HERB000675,长梗郁李仁,not_found,,no exact pharmacopoeia herb result
HERB000681,长果雪胆,not_found,,no exact pharmacopoeia herb result
HERB000683,长胡椒,not_found,,no exact pharmacopoeia herb result
HERB000671,长梗粗榧,not_found,,no exact pharmacopoeia herb result
HERB000676,长管假茉莉,not_found,,no exact pharmacopoeia herb result
HERB000685,长话钩藤,not_found,,no exact pharmacopoeia herb result
HERB000677,长管香茶菜,not_found,,no exact pharmacopoeia herb result
HERB000679,长果荜茇,not_found,,no exact pharmacopoeia herb result
HERB000678,长管萱草,not_found,,no exact pharmacopoeia herb result
HERB000702,菖蒲,not_found,,no exact pharmacopoeia herb result
HERB000682,长果罂粟,not_found,,no exact pharmacopoeia herb result
HERB000673,长梗绞股蓝,not_found,,no exact pharmacopoeia herb result
HERB000680,长果山橙,not_found,,no exact pharmacopoeia herb result
HERB000690,长喙桉,not_found,,no exact pharmacopoeia herb result
HERB000697,长毛风毛菊,not_found,,no exact pharmacopoeia herb result
HERB000714,长尾复叶耳蕨,not_found,,no search results
HERB000698,绒叶含笑,not_found,,no exact pharmacopoeia herb result
HERB000694,长距延胡索,not_found,,no exact pharmacopoeia herb result
HERB000700,长毛籽远志,not_found,,no exact pharmacopoeia herb result
HERB000707,长生铁角蕨,not_found,,no exact pharmacopoeia herb result
HERB000708,长蒴黄麻,not_found,,no exact pharmacopoeia herb result
HERB000716,香茅,not_found,,no search results
HERB000692,长角豆,not_found,,no exact pharmacopoeia herb result
HERB000705,长蕊琉璃草,not_found,,no exact pharmacopoeia herb result
HERB000703,长前胡,not_found,,no exact pharmacopoeia herb result
HERB000699,长毛香科科,not_found,,no exact pharmacopoeia herb result
HERB000719,长药隔重楼,not_found,,no exact pharmacopoeia herb result
HERB000704,长柔毛委陵菜,not_found,,no exact pharmacopoeia herb result
HERB000712,长筒瞿麦,not_found,,no exact pharmacopoeia herb result
HERB000725,长叶车前,not_found,,no exact pharmacopoeia herb result
HERB000715,长尾婆婆纳,not_found,,no exact pharmacopoeia herb result
HERB000727,长叶榧树,not_found,,no exact pharmacopoeia herb result
HERB000724,长叶长春花,not_found,,no exact pharmacopoeia herb result
HERB000721,长叶暗罗,not_found,,no exact pharmacopoeia herb result
HERB000710,长穗地榆,not_found,,no exact pharmacopoeia herb result
HERB000732,长叶千里光,not_found,,no exact pharmacopoeia herb result
HERB000750,朝鲜白头翁,not_found,,no exact pharmacopoeia herb result
HERB000735,长叶天名精,not_found,,no exact pharmacopoeia herb result
HERB000722,长叶薄荷,not_found,,no exact pharmacopoeia herb result
HERB000733,长叶水麻,not_found,,no exact pharmacopoeia herb result
HERB000720,长叶艾菊,not_found,,no exact pharmacopoeia herb result
HERB000737,长叶野萝卜,not_found,,no exact pharmacopoeia herb result
HERB000734,长叶松,not_found,,no exact pharmacopoeia herb result
HERB000756,朝鲜狼牙刺,not_found,,no exact pharmacopoeia herb result
HERB000736,长叶香茶菜,not_found,,no exact pharmacopoeia herb result
HERB000757,朝鲜冷杉,not_found,,no exact pharmacopoeia herb result
HERB000740,唐松草,not_found,,no exact pharmacopoeia herb result
HERB000759,朝鲜罗万,not_found,,no exact pharmacopoeia herb result
HERB000726,长叶地榆,not_found,,no exact pharmacopoeia herb result
HERB000739,长圆叶小波,not_found,,no exact pharmacopoeia herb result
HERB000761,朝鲜五角枫,not_found,,no exact pharmacopoeia herb result
HERB000744,潮风草,not_found,,no exact pharmacopoeia herb result
HERB000768,车前叶蓝蓟,not_found,,no exact pharmacopoeia herb result
HERB000766,车前,not_found,,no exact pharmacopoeia herb result
HERB000728,长叶哥纳香,not_found,,no exact pharmacopoeia herb result
HERB000741,长籽马钱,not_found,,no exact pharmacopoeia herb result
HERB000773,陈冬菜卤汁,not_found,,no exact pharmacopoeia herb result
HERB000754,朝鲜槐,not_found,,no exact pharmacopoeia herb result
HERB000755,朝鲜蓟,not_found,,no exact pharmacopoeia herb result
HERB000782,西南唐松草,not_found,,no exact pharmacopoeia herb result
HERB000776,辰砂,not_found,,no exact pharmacopoeia herb result
HERB000748,炒神曲,not_found,,no exact pharmacopoeia herb result
HERB000729,长叶厚壳桂,not_found,,no exact pharmacopoeia herb result
HERB000786,蛏子,not_found,,no search results
HERB000753,朝鲜当归,not_found,,no exact pharmacopoeia herb result
HERB000793,赤豆,not_found,,no exact pharmacopoeia herb result
HERB000770,车前子,ok_no_empty_fields,https://ydz.chp.org.cn/#/item?bookId=1&entryId=99,matched page but target columns already had values
HERB000785,澄茄子,not_found,,no exact pharmacopoeia herb result
HERB000763,炒香干蟾蜍,not_found,,no exact pharmacopoeia herb result
HERB000775,陈皮,ok_no_empty_fields,https://ydz.chp.org.cn/#/item?bookId=1&entryId=293,matched page but target columns already had values
HERB000751,朝鲜苍术,not_found,,no exact pharmacopoeia herb result
HERB000804,赤松,not_found,,no search results
HERB000780,秤杆升麻,not_found,,no exact pharmacopoeia herb result
HERB000769,车前与车前草,not_found,,no exact pharmacopoeia herb result
HERB000771,车桑子叶,not_found,,no exact pharmacopoeia herb result
HERB000797,翅果藤,not_found,,no exact pharmacopoeia herb result
HERB000778,陈棕炭,not_found,,no exact pharmacopoeia herb result
HERB000779,秤杆草,not_found,,no exact pharmacopoeia herb result
HERB000795,赤梗藤,not_found,,no exact pharmacopoeia herb result
HERB000794,赤茯苓,not_found,,no exact pharmacopoeia herb result
HERB000791,齿瓣延胡索,not_found,,no exact pharmacopoeia herb result
HERB000799,赤楠,not_found,,no exact pharmacopoeia herb result
HERB000762,朝鲜淫羊藿,not_found,,no exact pharmacopoeia herb result
HERB000806,赤小豆,ok_no_empty_fields,https://ydz.chp.org.cn/#/item?bookId=1&entryId=243,matched page but target columns already had values
HERB000758,朝鲜连翘,not_found,,no exact pharmacopoeia herb result
HERB000810,驰野美登木,not_found,,no exact pharmacopoeia herb result
HERB000796,翅果黄芪,not_found,,no exact pharmacopoeia herb result
HERB000803,赤石脂,ok_no_empty_fields,https://ydz.chp.org.cn/#/item?bookId=1&entryId=244,matched page but target columns already had values
HERB000805,赤硝,not_found,,no exact pharmacopoeia herb result
HERB000814,虫白蜡,ok_no_empty_fields,https://ydz.chp.org.cn/#/item?bookId=1&entryId=206,matched page but target columns already had values
HERB000808,赤阳子,not_found,,no exact pharmacopoeia herb result
HERB000802,赤芍药,not_found,,no exact pharmacopoeia herb result
HERB000820,崇明八角莲,not_found,,no exact pharmacopoeia herb result
HERB000813,齿叶橐吾,not_found,,no exact pharmacopoeia herb result
HERB000811,齿叶睡莲,not_found,,no exact pharmacopoeia herb result
HERB000829,臭茉莉,not_found,,no exact pharmacopoeia herb result
HERB000830,臭牡丹,not_found,,no exact pharmacopoeia herb result
HERB000834,臭味红豆,not_found,,no exact pharmacopoeia herb result
HERB000819,重楼排草,not_found,,no exact pharmacopoeia herb result
HERB000828,臭冷杉,not_found,,no exact pharmacopoeia herb result
HERB000817,重唇鱼,not_found,,no exact pharmacopoeia herb result
HERB000838,樗白皮,not_found,,no search results
HERB000833,臭山羊,not_found,,no exact pharmacopoeia herb result
HERB000824,臭阿魏,not_found,,no exact pharmacopoeia herb result
HERB000815,重瓣萱草,not_found,,no exact pharmacopoeia herb result
HERB000839,除虫菊,not_found,,no search results
HERB000840,雏菊,not_found,,no search results
HERB000835,臭梧桐,not_found,,no exact pharmacopoeia herb result
HERB000816,重瓣栀子,not_found,,no exact pharmacopoeia herb result
HERB000825,臭柏,not_found,,no exact pharmacopoeia herb result
HERB000851,川产九节龙,not_found,,no exact pharmacopoeia herb result
HERB000809,齿叶草,not_found,,no exact pharmacopoeia herb result
HERB000831,臭牡丹根,not_found,,no exact pharmacopoeia herb result
HERB000827,臭节草根,not_found,,no exact pharmacopoeia herb result
HERB000826,臭草,not_found,,no exact pharmacopoeia herb result
HERB000836,臭梧桐根,not_found,,no exact pharmacopoeia herb result
HERB000861,川蚣,not_found,,no exact pharmacopoeia herb result
HERB000832,臭苜蓿根,not_found,,no exact pharmacopoeia herb result
HERB000846,樗叶花椒皮,not_found,,no exact pharmacopoeia herb result
HERB000857,川东獐牙菜,not_found,,no exact pharmacopoeia herb result
HERB000845,樗叶花椒根,not_found,,no exact pharmacopoeia herb result
HERB000854,川滇金丝桃,not_found,,no exact pharmacopoeia herb result
HERB000859,川鄂淫羊藿,not_found,,no exact pharmacopoeia herb result
HERB000874,川黔翠雀花,not_found,,no search results
HERB000853,川党参,not_found,,no exact pharmacopoeia herb result
HERB000847,川八角莲,not_found,,no exact pharmacopoeia herb result
HERB000860,川防风,not_found,,no exact pharmacopoeia herb result
HERB000863,川黄芩,not_found,,no exact pharmacopoeia herb result
HERB000856,川滇淫羊藿,not_found,,no exact pharmacopoeia herb result
HERB000864,川槿皮,not_found,,no exact pharmacopoeia herb result
HERB000850,川赤芍,not_found,,no exact pharmacopoeia herb result
HERB000885,穿心莲叶,not_found,,no search results
HERB000889,川藏香茶菜,not_found,,no exact pharmacopoeia herb result
HERB000866,川黎果,not_found,,no exact pharmacopoeia herb result
HERB000883,川西獐牙菜,not_found,,no exact pharmacopoeia herb result
HERB000881,川乌,ok_no_empty_fields,https://ydz.chp.org.cn/#/item?bookId=1&entryId=54,matched page but target columns already had values
HERB000844,樗叶花椒,not_found,,no exact pharmacopoeia herb result
HERB000890,串珠耳叶苔,not_found,,no exact pharmacopoeia herb result
HERB000867,川楝皮,not_found,,no exact pharmacopoeia herb result
HERB000873,穿破石,not_found,,no exact pharmacopoeia herb result
HERB000898,椿白皮,not_found,,no exact pharmacopoeia herb result
HERB000907,刺柏,not_found,,no search results
HERB000909,刺菜蓟,not_found,,no search results
HERB000869,穿龙薯蓣,not_found,,no exact pharmacopoeia herb result
HERB000865,川菊,not_found,,no exact pharmacopoeia herb result
HERB000896,垂子买麻藤,not_found,,no exact pharmacopoeia herb result
HERB000875,川山橙,not_found,,no exact pharmacopoeia herb result
HERB000852,川赤芍,not_found,,no exact pharmacopoeia herb result
HERB000912,茨菇,not_found,,no exact pharmacopoeia herb result
HERB000882,川西淫羊藿,not_found,,no exact pharmacopoeia herb result
HERB000906,唇柱苣苔,not_found,,no exact pharmacopoeia herb result
HERB000914,刺果番荔枝,not_found,,no search results
HERB000886,船形乌头,not_found,,no exact pharmacopoeia herb result
HERB000900,福寿草,not_found,,no exact pharmacopoeia herb result
HERB000891,木防己,not_found,,no exact pharmacopoeia herb result
HERB000927,刺梨,not_found,,no search results
HERB000911,刺豆蔻,not_found,,no exact pharmacopoeia herb result
HERB000899,唇萼薄荷,not_found,,no exact pharmacopoeia herb result
HERB000916,刺果松,not_found,,no exact pharmacopoeia herb result
HERB000913,刺瑰,not_found,,no exact pharmacopoeia herb result
HERB000931,刺南蛇藤,not_found,,no exact pharmacopoeia herb result
HERB000923,刺黄连,not_found,,no exact pharmacopoeia herb result
HERB000915,刺果甘草,not_found,,no exact pharmacopoeia herb result
HERB000917,刺果苏木,not_found,,no exact pharmacopoeia herb result
HERB000919,刺花椒,not_found,,no exact pharmacopoeia herb result
HERB000926,刺壳花椒,not_found,,no exact pharmacopoeia herb result
HERB000901,椿根皮,not_found,,no exact pharmacopoeia herb result
HERB000938,刺头复叶耳蕨,not_found,,no search results
HERB000920,刺花莲子草,not_found,,no exact pharmacopoeia herb result
HERB000944,十大功劳叶,not_found,,no search results
HERB000939,刺猬皮,not_found,,no exact pharmacopoeia herb result
HERB000934,刺三加,not_found,,no exact pharmacopoeia herb result
HERB000895,垂珠算盘子,not_found,,no exact pharmacopoeia herb result
HERB000921,刺槐花,not_found,,no exact pharmacopoeia herb result
HERB000959,臭冷杉,not_found,,no exact pharmacopoeia herb result
HERB000922,刺槐角,not_found,,no exact pharmacopoeia herb result
HERB000930,刺芒柄花,not_found,,no exact pharmacopoeia herb result
HERB000948,葱,not_found,,no exact pharmacopoeia herb result
HERB000935,磁石,ok_no_empty_fields,https://ydz.chp.org.cn/#/item?bookId=1&entryId=584,matched page but target columns already had values
HERB000950,葱花,not_found,,no search results
HERB000953,枞木,not_found,,no search results
HERB000954,葱实,not_found,,no exact pharmacopoeia herb result
HERB000932,刺楸树皮,not_found,,no exact pharmacopoeia herb result
HERB000961,粗柄铁线莲,not_found,,no exact pharmacopoeia herb result
HERB000958,雪莲,not_found,,no exact pharmacopoeia herb result
HERB000967,粗果唐松草,not_found,,no exact pharmacopoeia herb result
HERB000942,刺五加叶,not_found,,no exact pharmacopoeia herb result
HERB000928,刺马前子,not_found,,no exact pharmacopoeia herb result
HERB000968,粗果香茶菜,not_found,,no exact pharmacopoeia herb result
HERB000969,簇花獐牙菜,not_found,,no exact pharmacopoeia herb result
HERB000972,粗糠柴,not_found,,no exact pharmacopoeia herb result
HERB000941,刺五加片,not_found,,no exact pharmacopoeia herb result
HERB000955,葱须,not_found,,no exact pharmacopoeia herb result
HERB000957,葱汁,not_found,,no exact pharmacopoeia herb result
HERB000945,刺异叶花椒,not_found,,no exact pharmacopoeia herb result
HERB000952,丛粒藻,not_found,,no exact pharmacopoeia herb result
HERB000964,粗糙蛇鞭菊,not_found,,no exact pharmacopoeia herb result
HERB000936,刺天茄,not_found,,no exact pharmacopoeia herb result
HERB000960,醋,not_found,,no exact pharmacopoeia herb result
HERB000976,粗毛鳞盖蕨,not_found,,no exact pharmacopoeia herb result
HERB000933,刺人参,not_found,,no exact pharmacopoeia herb result
HERB000977,粗毛南蛇藤,not_found,,no exact pharmacopoeia herb result
HERB000956,葱叶,not_found,,no exact pharmacopoeia herb result
HERB000962,粗糙菝葜,not_found,,no exact pharmacopoeia herb result
HERB000999,粗壮金鸡纳,not_found,,no exact pharmacopoeia herb result
HERB000965,粗糙矢车菊,not_found,,no exact pharmacopoeia herb result
HERB000971,粗茎乌头,not_found,,no exact pharmacopoeia herb result
HERB000970,粗茎秦艽,not_found,,no exact pharmacopoeia herb result
HERB001001,粗壮女贞,not_found,,no exact pharmacopoeia herb result
HERB000982,粗蛇鞭菊,not_found,,no exact pharmacopoeia herb result
HERB000973,醋柳果,not_found,,no exact pharmacopoeia herb result
HERB000979,粗毛栓菌,not_found,,no exact pharmacopoeia herb result
HERB000998,粗壮龙胆,not_found,,no exact pharmacopoeia herb result
HERB000974,粗毛甘草,not_found,,no exact pharmacopoeia herb result
HERB001004,灯芯柳珊瑚,not_found,,no exact pharmacopoeia herb result
HERB001005,催眠睡茄,not_found,,no exact pharmacopoeia herb result
HERB000995,粗硬毛铁苋菜,not_found,,no exact pharmacopoeia herb result
HERB000996,粗硬毛豚草,not_found,,no exact pharmacopoeia herb result
HERB001008,催吐萝芙木,not_found,,no exact pharmacopoeia herb result
HERB000988,醋酸地塞米松,not_found,,no exact pharmacopoeia herb result
HERB001000,粗壮咖啡,not_found,,no exact pharmacopoeia herb result
HERB000980,粗毛淫羊藿,not_found,,no exact pharmacopoeia herb result
HERB000978,粗毛牛舌草,not_found,,no exact pharmacopoeia herb result
HERB000993,粗叶悬钩子,not_found,,no exact pharmacopoeia herb result
HERB001023,大豆,not_found,,no exact pharmacopoeia herb result
HERB000987,醋酸,not_found,,no exact pharmacopoeia herb result
HERB001015,大波斯菊,not_found,,no search results
HERB001028,大萼香茶菜,not_found,,no exact pharmacopoeia herb result
HERB000981,粗皮山核桃,not_found,,no exact pharmacopoeia herb result
HERB000992,粗叶榕,not_found,,no exact pharmacopoeia herb result
HERB001032,大风子,not_found,,no exact pharmacopoeia herb result
HERB001002,粗壮酸藤子,not_found,,no exact pharmacopoeia herb result
HERB001031,大飞扬草,not_found,,no search results
HERB001039,大果桃金娘,not_found,,no exact pharmacopoeia herb result
HERB001009,翠云草,not_found,,no exact pharmacopoeia herb result
HERB001016,大草寇,not_found,,no exact pharmacopoeia herb result
HERB001006,翠雀花,not_found,,no exact pharmacopoeia herb result
HERB001013,大白顶草,not_found,,no exact pharmacopoeia herb result
HERB001044,大红罂粟,not_found,,no exact pharmacopoeia herb result
HERB001027,大萼金丝桃,not_found,,no exact pharmacopoeia herb result
HERB001025,大渡乌头,not_found,,no exact pharmacopoeia herb result
HERB001019,大车前,not_found,,no exact pharmacopoeia herb result
HERB001012,大芭蕉,not_found,,no exact pharmacopoeia herb result
HERB001017,大长春花,not_found,,no exact pharmacopoeia herb result
HERB001020,大翅蓟,not_found,,no exact pharmacopoeia herb result
HERB001022,大丁草,not_found,,no exact pharmacopoeia herb result
HERB001043,大红菇,not_found,,no exact pharmacopoeia herb result
HERB001018,大巢菜,not_found,,no exact pharmacopoeia herb result
HERB001048,大花哥纳香,not_found,,no exact pharmacopoeia herb result
HERB001054,大花金挖耳,not_found,,no exact pharmacopoeia herb result
HERB001052,大花剪秋罗,not_found,,no exact pharmacopoeia herb result
HERB001030,达尔文小檗,not_found,,no exact pharmacopoeia herb result
HERB001040,大果西番莲,not_found,,no exact pharmacopoeia herb result
HERB001036,大果柏木,not_found,,no exact pharmacopoeia herb result
HERB001042,大黑头草,not_found,,no exact pharmacopoeia herb result
HERB001046,大花倒地铃,not_found,,no exact pharmacopoeia herb result
HERB001038,大果咖啡,not_found,,no exact pharmacopoeia herb result
HERB001037,大果大戟,not_found,,no exact pharmacopoeia herb result
HERB001055,大花菊,not_found,,no exact pharmacopoeia herb result
HERB001041,大黑,not_found,,no exact pharmacopoeia herb result
HERB001059,大花杓兰,not_found,,no exact pharmacopoeia herb result
HERB001050,大花黄花蒿,not_found,,no exact pharmacopoeia herb result
HERB001049,大花红景天,not_found,,no exact pharmacopoeia herb result
HERB001057,大花马齿苋,not_found,,no exact pharmacopoeia herb result
HERB001064,大花妖文殊兰,not_found,,no exact pharmacopoeia herb result
HERB001053,大花金鸡菊,not_found,,no exact pharmacopoeia herb result
HERB001045,大花糙苏,not_found,,no exact pharmacopoeia herb result
HERB001068,大花紫玉盘,not_found,,no exact pharmacopoeia herb result
HERB001058,大花山牵牛,not_found,,no exact pharmacopoeia herb result
HERB001060,大花五味子,not_found,,no exact pharmacopoeia herb result
HERB001062,大花旋覆花,not_found,,no exact pharmacopoeia herb result
HERB001056,大花落新妇,not_found,,no exact pharmacopoeia herb result
HERB001061,大花细辛,not_found,,no exact pharmacopoeia herb result
HERB001067,大花紫薇,not_found,,no exact pharmacopoeia herb result
HERB001084,大丽花,not_found,,no search results
HERB001085,大理鹿蹄草,not_found,,no exact pharmacopoeia herb result
HERB001063,大花旋覆花,not_found,,no exact pharmacopoeia herb result
HERB001065,大花淫羊藿,not_found,,no exact pharmacopoeia herb result
HERB001051,大花樫木,not_found,,no exact pharmacopoeia herb result
HERB001091,大马士革蔷薇,not_found,,no search results
HERB001070,大黄豆卷,not_found,,no exact pharmacopoeia herb result
HERB001097,打破碗花花,not_found,,no exact pharmacopoeia herb result
HERB001093,大米,not_found,,no exact pharmacopoeia herb result
HERB001071,大黄茎,not_found,,no exact pharmacopoeia herb result
HERB001107,大头蒜,not_found,,no exact pharmacopoeia herb result
HERB001083,大狼毒,not_found,,no exact pharmacopoeia herb result
HERB001082,大金钱草,not_found,,no exact pharmacopoeia herb result
HERB001108,大头橐吾,not_found,,no exact pharmacopoeia herb result
HERB001095,大棚藤,not_found,,no exact pharmacopoeia herb result
HERB001106,大头黄花蒿,not_found,,no exact pharmacopoeia herb result
HERB001081,大金牛草,not_found,,no exact pharmacopoeia herb result
HERB001116,大雪花莲,not_found,,no search results
HERB001087,大良姜,not_found,,no exact pharmacopoeia herb result
HERB001112,达乌里秦艽,not_found,,no exact pharmacopoeia herb result
HERB001115,大星芹,not_found,,no exact pharmacopoeia herb result
HERB001102,大青叶胆,not_found,,no exact pharmacopoeia herb result
HERB001110,大团囊虫草,not_found,,no exact pharmacopoeia herb result
HERB001096,大平丝芋,not_found,,no exact pharmacopoeia herb result
HERB001090,大马金,not_found,,no exact pharmacopoeia herb result
HERB001098,大前胡,not_found,,no exact pharmacopoeia herb result
HERB001088,大马兜铃,not_found,,no exact pharmacopoeia herb result
HERB001103,大三叶升麻,not_found,,no exact pharmacopoeia herb result
HERB001092,大麻叶泽兰,not_found,,no exact pharmacopoeia herb result
HERB001111,大尾摇,not_found,,no exact pharmacopoeia herb result
HERB001099,大青木根,not_found,,no exact pharmacopoeia herb result
HERB001100,大青杨,not_found,,no exact pharmacopoeia herb result
HERB001118,大叶桉叶,not_found,,no exact pharmacopoeia herb result
HERB001119,大叶白头翁,not_found,,no exact pharmacopoeia herb result
HERB001109,大菟丝子,not_found,,no exact pharmacopoeia herb result
HERB001113,大乌泡,not_found,,no exact pharmacopoeia herb result
HERB001133,大叶井口边草,not_found,,no exact pharmacopoeia herb result
HERB001126,大叶钩藤根,not_found,,no exact pharmacopoeia herb result
HERB001123,大叶吊兰,not_found,,no exact pharmacopoeia herb result
HERB001131,大叶花椒根,not_found,,no exact pharmacopoeia herb result
HERB001130,大叶花椒,not_found,,no exact pharmacopoeia herb result
HERB001124,大叶冬青,not_found,,no exact pharmacopoeia herb result
HERB001125,大叶钩藤,not_found,,no exact pharmacopoeia herb result
HERB001146,大叶寄树兰,not_found,,no exact pharmacopoeia herb result
HERB001127,大叶骨碎补,not_found,,no exact pharmacopoeia herb result
HERB001141,大叶南洋参,not_found,,no exact pharmacopoeia herb result
HERB001134,大叶菊,not_found,,no exact pharmacopoeia herb result
HERB001120,大叶菜,not_found,,no exact pharmacopoeia herb result
HERB001147,大叶糖胶树,not_found,,no exact pharmacopoeia herb result
HERB001121,大叶柴胡,not_found,,no exact pharmacopoeia herb result
HERB001135,大叶苣荬菜,not_found,,no exact pharmacopoeia herb result
HERB001138,大叶落新妇,not_found,,no exact pharmacopoeia herb result
HERB001122,大叶臭花椒,not_found,,no exact pharmacopoeia herb result
HERB001148,大叶唐松草,not_found,,no exact pharmacopoeia herb result
HERB001142,大叶牛防风,not_found,,no exact pharmacopoeia herb result
HERB001154,大叶杨,not_found,,no search results
HERB001137,大叶萝芙木,not_found,,no exact pharmacopoeia herb result
HERB001132,大叶金花草,not_found,,no exact pharmacopoeia herb result
HERB001144,大叶茜草,not_found,,no exact pharmacopoeia herb result
HERB001159,大叶醉鱼草,not_found,,no exact pharmacopoeia herb result
HERB001139,大叶帽柱木,not_found,,no exact pharmacopoeia herb result
HERB001145,大叶蛇葡萄,not_found,,no exact pharmacopoeia herb result
HERB001153,大叶香薷,not_found,,no exact pharmacopoeia herb result
HERB001150,大叶土木香,not_found,,no exact pharmacopoeia herb result
HERB001140,大叶南洋杉,not_found,,no exact pharmacopoeia herb result
HERB001143,大叶牛奶菜,not_found,,no exact pharmacopoeia herb result
HERB001166,大锥香茶菜,not_found,,no exact pharmacopoeia herb result
HERB001149,大叶藤黄,not_found,,no exact pharmacopoeia herb result
HERB001160,大一枝箭,not_found,,no exact pharmacopoeia herb result
HERB001151,大叶仙茅,not_found,,no exact pharmacopoeia herb result
HERB001173,代赭石,not_found,,no search results
HERB001168,大子买麻藤,not_found,,no exact pharmacopoeia herb result
HERB001155,大冶有木云香,not_found,,no exact pharmacopoeia herb result
HERB001170,大籽獐牙菜,not_found,,no exact pharmacopoeia herb result
HERB001152,大叶香茶菜,not_found,,no exact pharmacopoeia herb result
HERB001161,大一枝箭,not_found,,no exact pharmacopoeia herb result
HERB001178,淡红枪刀药,not_found,,no exact pharmacopoeia herb result
HERB001157,大叶紫玉盘,not_found,,no exact pharmacopoeia herb result
HERB001176,胆矾,not_found,,no search results
HERB001174,单瓣狗牙花,not_found,,no exact pharmacopoeia herb result
HERB001183,淡黄獐牙菜,not_found,,no exact pharmacopoeia herb result
HERB001163,大陨石,not_found,,no exact pharmacopoeia herb result
HERB001167,大籽筋骨草,not_found,,no exact pharmacopoeia herb result
HERB001162,大鱼鳔花,not_found,,no exact pharmacopoeia herb result
HERB001156,大叶芸香草,not_found,,no exact pharmacopoeia herb result
HERB001169,大籽雪胆,not_found,,no exact pharmacopoeia herb result
HERB001165,大皂荚,not_found,,no exact pharmacopoeia herb result
HERB001172,玳瑁,not_found,,no exact pharmacopoeia herb result
HERB001175,淡豆豉,ok_no_empty_fields,https://ydz.chp.org.cn/#/item?bookId=1&entryId=519,matched page but target columns already had values
HERB001177,单盖铁线蕨,not_found,,no exact pharmacopoeia herb result
HERB001180,淡黄苦马豆,not_found,,no exact pharmacopoeia herb result
HERB001187,丹爵床,not_found,,no exact pharmacopoeia herb result
HERB001171,玳玳花,not_found,,no exact pharmacopoeia herb result
HERB001179,淡黄巴豆,not_found,,no exact pharmacopoeia herb result
HERB001182,淡黄香茶菜,not_found,,no exact pharmacopoeia herb result
HERB001185,丹吉尔鸢尾,not_found,,no exact pharmacopoeia herb result
HERB001186,丹吉尔鸢尾,not_found,,no exact pharmacopoeia herb result
HERB001181,淡黄木犀草,not_found,,no exact pharmacopoeia herb result
HERB001217,倒扣草,not_found,,no search results
HERB001214,稻草,not_found,,no search results
HERB001219,倒卵叶蒲公英根,not_found,,no exact pharmacopoeia herb result
HERB001220,倒捻子,not_found,,no exact pharmacopoeia herb result
HERB001216,道孚香茶菜,not_found,,no exact pharmacopoeia herb result
HERB001195,单条草,not_found,,no exact pharmacopoeia herb result
HERB001194,单穗石松,not_found,,no exact pharmacopoeia herb result
HERB001218,倒卵叶伏石蕨,not_found,,no exact pharmacopoeia herb result
HERB001237,灯芯柳珊瑚,not_found,,no exact pharmacopoeia herb result
HERB001188,单粒小麦,not_found,,no exact pharmacopoeia herb result
HERB001226,德国龙胆草,not_found,,no exact pharmacopoeia herb result
HERB001223,倒叶瘤足蕨,not_found,,no search results
HERB001196,胆星,not_found,,no exact pharmacopoeia herb result
HERB001227,德国鸢尾,not_found,,no exact pharmacopoeia herb result
HERB001208,单子山楂,not_found,,no exact pharmacopoeia herb result
HERB001238,灯油藤子,not_found,,no exact pharmacopoeia herb result
HERB001199,单叶蔓荆子,not_found,,no exact pharmacopoeia herb result
HERB001198,单叶蔓荆,not_found,,no exact pharmacopoeia herb result
HERB001205,淡竹叶根,not_found,,no exact pharmacopoeia herb result
HERB001230,德拉梦的金丝桃,not_found,,no exact pharmacopoeia herb result
HERB001233,灯台树,not_found,,no exact pharmacopoeia herb result
HERB001234,灯台叶,not_found,,no exact pharmacopoeia herb result
HERB001231,德钦红景天,not_found,,no exact pharmacopoeia herb result
HERB001200,单叶新月蕨,not_found,,no exact pharmacopoeia herb result
HERB001241,地不容,not_found,,no search results
HERB001207,单子麻黄,not_found,,no exact pharmacopoeia herb result
HERB001212,党参芦头,not_found,,no exact pharmacopoeia herb result
HERB001243,地丁,not_found,,no exact pharmacopoeia herb result
HERB001252,地椒,not_found,,no search results
HERB001244,地耳草,not_found,,no exact pharmacopoeia herb result
HERB001258,地钱,not_found,,no search results
HERB001232,灯笼草,not_found,,no exact pharmacopoeia herb result
HERB001264,百步穿杨,not_found,,no search results
HERB001239,灯盏细辛,not_found,,no exact pharmacopoeia herb result
HERB001260,地虱,not_found,,no exact pharmacopoeia herb result
HERB001245,地枫,not_found,,no exact pharmacopoeia herb result
HERB001248,迪根金丝桃,not_found,,no exact pharmacopoeia herb result
HERB001272,地中海柏木,not_found,,no search results
HERB001242,地胆头,not_found,,no exact pharmacopoeia herb result
HERB001279,滇白珠树,not_found,,no exact pharmacopoeia herb result
HERB001275,地中海马桑,not_found,,no exact pharmacopoeia herb result
HERB001240,地蟞虫,not_found,,no exact pharmacopoeia herb result
HERB001253,地锦,not_found,,no exact pharmacopoeia herb result
HERB001259,地梢瓜,not_found,,no exact pharmacopoeia herb result
HERB001288,滇龙胆草,not_found,,no exact pharmacopoeia herb result
HERB001265,地棠草,not_found,,no exact pharmacopoeia herb result
HERB001263,地梭罗,not_found,,no exact pharmacopoeia herb result
HERB001289,滇牡丹,not_found,,no exact pharmacopoeia herb result
HERB001250,地瓜子,not_found,,no exact pharmacopoeia herb result
HERB001286,滇鸡骨常山,not_found,,no exact pharmacopoeia herb result
HERB001262,地梭罗,not_found,,no exact pharmacopoeia herb result
HERB001291,颠茄,not_found,,no exact pharmacopoeia herb result
HERB001290,滇南红厚壳,not_found,,no exact pharmacopoeia herb result
HERB001270,地羊鹊,not_found,,no exact pharmacopoeia herb result
HERB001267,地桃花,not_found,,no exact pharmacopoeia herb result
HERB001283,滇钩藤,not_found,,no exact pharmacopoeia herb result
HERB001266,棣棠花,not_found,,no exact pharmacopoeia herb result
HERB001298,吊灯树,not_found,,no exact pharmacopoeia herb result
HERB001284,滇黄精,not_found,,no exact pharmacopoeia herb result
HERB001282,淀粉,not_found,,no exact pharmacopoeia herb result
HERB001269,地下车轴草,not_found,,no exact pharmacopoeia herb result
HERB001297,滇紫草,not_found,,no exact pharmacopoeia herb result
HERB001295,滇藏木兰,not_found,,no exact pharmacopoeia herb result
HERB001302,钓樟枝叶,not_found,,no exact pharmacopoeia herb result
HERB001292,颠茄草,ok_no_empty_fields,https://ydz.chp.org.cn/#/item?bookId=1&entryId=603,matched page but target columns already had values
HERB001276,大毛蕊花,not_found,,no exact pharmacopoeia herb result
HERB001285,滇黄芩,not_found,,no exact pharmacopoeia herb result
HERB001319,东安那托利亚矢车菊,not_found,,no exact pharmacopoeia herb result
HERB001287,滇姜花,not_found,,no exact pharmacopoeia herb result
HERB001304,叠鞘石斛,not_found,,no exact pharmacopoeia herb result
HERB001294,滇西乌头,not_found,,no exact pharmacopoeia herb result
HERB001306,鼎湖钓樟,not_found,,no exact pharmacopoeia herb result
HERB001316,丁香油,not_found,,no exact pharmacopoeia herb result
HERB001300,吊岩风,not_found,,no exact pharmacopoeia herb result
HERB001322,东北多足蕨,not_found,,no exact pharmacopoeia herb result
HERB001320,暗花金挖耳,not_found,,no exact pharmacopoeia herb result
HERB001296,垫状卷柏,not_found,,no exact pharmacopoeia herb result
HERB001326,东北雷公藤,not_found,,no exact pharmacopoeia herb result
HERB001303,跌打老,not_found,,no exact pharmacopoeia herb result
HERB001308,丁茄,not_found,,no exact pharmacopoeia herb result
HERB001301,钓樟根皮,not_found,,no exact pharmacopoeia herb result
HERB001324,东北胡桃木,not_found,,no exact pharmacopoeia herb result
HERB001310,丁香根,not_found,,no exact pharmacopoeia herb result
HERB001325,东北蛔蒿,not_found,,no exact pharmacopoeia herb result
HERB001313,丁香罗勒油,not_found,,no exact pharmacopoeia herb result
HERB001312,丁香罗勒,not_found,,no exact pharmacopoeia herb result
HERB001321,东北刺人参,not_found,,no exact pharmacopoeia herb result
HERB001338,东方飞燕草,not_found,,no exact pharmacopoeia herb result
HERB001314,丁香树皮,not_found,,no exact pharmacopoeia herb result
HERB001317,丁香枝,not_found,,no exact pharmacopoeia herb result
HERB001328,东北牡蒿,not_found,,no exact pharmacopoeia herb result
HERB001340,东方钩藤,not_found,,no exact pharmacopoeia herb result
HERB001318,顶羽菊,not_found,,no exact pharmacopoeia herb result
HERB001343,东方荚果蕨,not_found,,no exact pharmacopoeia herb result
HERB001344,东方天仙子,not_found,,no exact pharmacopoeia herb result
HERB001341,东方狗牙花,not_found,,no exact pharmacopoeia herb result
HERB001349,东方洋地黄,not_found,,no exact pharmacopoeia herb result
HERB001347,东方西门菲草,not_found,,no search results
HERB001339,东方狗脊,not_found,,no exact pharmacopoeia herb result
HERB001354,东风桔叶子,not_found,,no exact pharmacopoeia herb result
HERB001359,东京巴豆,not_found,,no exact pharmacopoeia herb result
HERB001327,东北龙胆,not_found,,no exact pharmacopoeia herb result
HERB001331,东北延胡索,not_found,,no exact pharmacopoeia herb result
HERB001351,东非玛茜,not_found,,no exact pharmacopoeia herb result
HERB001357,冬瓜子,not_found,,no exact pharmacopoeia herb result
HERB001330,东北天南星,not_found,,no exact pharmacopoeia herb result
HERB001364,东南景天,not_found,,no exact pharmacopoeia herb result
HERB001367,东亚唐松草,not_found,,no exact pharmacopoeia herb result
HERB001342,东方核桃,not_found,,no exact pharmacopoeia herb result
HERB001311,丁香露,not_found,,no exact pharmacopoeia herb result
HERB001352,东风菜,not_found,,no exact pharmacopoeia herb result
HERB001366,冬青叶美登木,not_found,,no exact pharmacopoeia herb result
HERB001369,东亚紫金牛,not_found,,no exact pharmacopoeia herb result
HERB001373,豆包菌,not_found,,no exact pharmacopoeia herb result
HERB001370,剑麻,not_found,,no search results
HERB001334,东当归,not_found,,no exact pharmacopoeia herb result
HERB001350,东非决明,not_found,,no exact pharmacopoeia herb result
HERB001383,兜状荷包牡丹,not_found,,no exact pharmacopoeia herb result
HERB001372,豆瓣菜,not_found,,no search results
HERB001382,豆油,not_found,,no exact pharmacopoeia herb result
HERB001388,杜衡,not_found,,no search results
HERB001379,豆薯,not_found,,no search results
HERB001348,东方香可可,not_found,,no exact pharmacopoeia herb result
HERB001353,东风橘根,not_found,,no exact pharmacopoeia herb result
HERB001356,冬瓜仁,not_found,,no exact pharmacopoeia herb result
HERB001376,豆豉姜,not_found,,no exact pharmacopoeia herb result
HERB001399,杜鹃兰,not_found,,no exact pharmacopoeia herb result
HERB001375,豆豉草,not_found,,no exact pharmacopoeia herb result
HERB001362,东莨菪碱,not_found,,no exact pharmacopoeia herb result
HERB001389,杜虹花,not_found,,no exact pharmacopoeia herb result
HERB001397,杜鹃花,not_found,,no exact pharmacopoeia herb result
HERB001398,杜鹃花叶,not_found,,no search results
HERB001371,东瀛珊瑚木,not_found,,no exact pharmacopoeia herb result
HERB001377,豆腐柴,not_found,,no exact pharmacopoeia herb result
HERB001380,豆叶九里香,not_found,,no exact pharmacopoeia herb result
HERB001395,独角莲,not_found,,no exact pharmacopoeia herb result
HERB001408,杜宇鼠尾草,not_found,,no search results
HERB001363,冬淩草,not_found,,no exact pharmacopoeia herb result
HERB001396,杜茎山,not_found,,no exact pharmacopoeia herb result
HERB001385,毒扁豆,not_found,,no exact pharmacopoeia herb result
HERB001386,毒豆,not_found,,no exact pharmacopoeia herb result
HERB001390,毒胡萝卜,not_found,,no exact pharmacopoeia herb result
HERB001387,毒鹅膏,not_found,,no exact pharmacopoeia herb result
HERB001422,短梗胡枝子,not_found,,no exact pharmacopoeia herb result
HERB001391,毒花椒,not_found,,no exact pharmacopoeia herb result
HERB001400,毒马钱,not_found,,no exact pharmacopoeia herb result
HERB001417,短柄和叶澜,not_found,,no exact pharmacopoeia herb result
HERB001414,短瓣金莲花,not_found,,no exact pharmacopoeia herb result
HERB001402,毒芹根,not_found,,no exact pharmacopoeia herb result
HERB001432,短毛金线草根,not_found,,no exact pharmacopoeia herb result
HERB001433,短片藁本,not_found,,no exact pharmacopoeia herb result
HERB001401,毒漆藤,not_found,,no exact pharmacopoeia herb result
HERB001420,煅磁石,not_found,,no exact pharmacopoeia herb result
HERB001415,短棒石斛,not_found,,no exact pharmacopoeia herb result
HERB001419,断刺花椒,not_found,,no exact pharmacopoeia herb result
HERB001412,煅白矾,not_found,,no exact pharmacopoeia herb result
HERB001418,断翅黄芪,not_found,,no exact pharmacopoeia herb result
HERB001411,短茎古当归,not_found,,no exact pharmacopoeia herb result
HERB001429,煅龙骨,not_found,,no exact pharmacopoeia herb result
HERB001431,短毛独活,not_found,,no exact pharmacopoeia herb result
HERB001430,煅龙牡,not_found,,no exact pharmacopoeia herb result
HERB001421,短萼黄连,not_found,,no exact pharmacopoeia herb result
HERB001423,煅狗骨,not_found,,no exact pharmacopoeia herb result
HERB001442,椴树,not_found,,no exact pharmacopoeia herb result
HERB001428,煅龙齿,not_found,,no exact pharmacopoeia herb result
HERB001447,短小蛇根草,not_found,,no exact pharmacopoeia herb result
HERB001426,断节参,not_found,,no exact pharmacopoeia herb result
HERB001437,短柔毛飞燕草,not_found,,no exact pharmacopoeia herb result
HERB001434,端绒毛钩藤,not_found,,no exact pharmacopoeia herb result
HERB001444,短葶山麦冬,not_found,,no exact pharmacopoeia herb result
HERB001436,端绒毛大蓟,not_found,,no exact pharmacopoeia herb result
HERB001439,短柔毛止泻木,not_found,,no exact pharmacopoeia herb result
HERB001435,端绒毛钩藤,not_found,,no exact pharmacopoeia herb result
HERB001443,短碎胡椒,not_found,,no exact pharmacopoeia herb result
HERB001438,短柔毛马兜铃,not_found,,no exact pharmacopoeia herb result
HERB001462,对虾,not_found,,no search results
HERB001461,对生玛茜,not_found,,no exact pharmacopoeia herb result
HERB001445,煅瓦楞,not_found,,no exact pharmacopoeia herb result
HERB001452,短叶龙胆,not_found,,no exact pharmacopoeia herb result
HERB001446,短线小米草,not_found,,no exact pharmacopoeia herb result
HERB001470,钝形凹顶藻,not_found,,no exact pharmacopoeia herb result
HERB001459,煅自然铜,not_found,,no exact pharmacopoeia herb result
HERB001473,钝性鸡蛋花,not_found,,no search results
HERB001450,短叶假木贼,not_found,,no exact pharmacopoeia herb result
HERB001451,短叶绢蒿,not_found,,no exact pharmacopoeia herb result
HERB001449,短叶红豆杉,not_found,,no exact pharmacopoeia herb result
HERB001455,短叶罗汉松叶,not_found,,no exact pharmacopoeia herb result
HERB001471,遁形白叶藤,not_found,,no exact pharmacopoeia herb result
HERB001457,短叶山蚂蝗,not_found,,no exact pharmacopoeia herb result
HERB001467,对叶元胡,not_found,,no exact pharmacopoeia herb result
HERB001466,对叶榕,not_found,,no exact pharmacopoeia herb result
HERB001483,盾叶唐松草,not_found,,no exact pharmacopoeia herb result
HERB001460,短柱八角,not_found,,no exact pharmacopoeia herb result
HERB001464,对叶豆,not_found,,no exact pharmacopoeia herb result
HERB001486,盾叶茅膏菜,not_found,,no exact pharmacopoeia herb result
HERB001475,盾叶大戟,not_found,,no exact pharmacopoeia herb result
HERB001479,蹲野胡椒,not_found,,no exact pharmacopoeia herb result
HERB001468,钝苞雪莲,not_found,,no exact pharmacopoeia herb result
HERB001474,钝叶车轴草,not_found,,no exact pharmacopoeia herb result
HERB001465,对叶金腰,not_found,,no exact pharmacopoeia herb result
HERB001469,钝裂银莲花,not_found,,no exact pharmacopoeia herb result
HERB001496,多刺绿绒蒿,not_found,,no exact pharmacopoeia herb result
HERB001481,盾叶薯蓣,not_found,,no exact pharmacopoeia herb result
HERB001480,钝叶决明,not_found,,no exact pharmacopoeia herb result
HERB001463,堆心菊,not_found,,no exact pharmacopoeia herb result
HERB001484,钝叶土牛膝,not_found,,no exact pharmacopoeia herb result
HERB001502,多花菜豆,not_found,,no exact pharmacopoeia herb result
HERB001503,多花黑麦草,not_found,,no search results
HERB001509,多花水仙,not_found,,no exact pharmacopoeia herb result
HERB001478,蹲野桂皮,not_found,,no exact pharmacopoeia herb result
HERB001492,多次柴胡,not_found,,no exact pharmacopoeia herb result
HERB001510,多花藤黄,not_found,,no exact pharmacopoeia herb result
HERB001494,刺黄花稔,not_found,,no exact pharmacopoeia herb result
HERB001482,钝叶酸模,not_found,,no exact pharmacopoeia herb result
HERB001491,多齿千里光,not_found,,no exact pharmacopoeia herb result
HERB001490,多变小冠花,not_found,,no exact pharmacopoeia herb result
HERB001477,盾叶鬼臼,not_found,,no exact pharmacopoeia herb result
HERB001504,多花黄精,not_found,,no exact pharmacopoeia herb result
HERB001488,多被银莲花,not_found,,no exact pharmacopoeia herb result
HERB001500,多花八角莲,not_found,,no exact pharmacopoeia herb result
HERB001525,多岁罗汉松是,not_found,,no exact pharmacopoeia herb result
HERB001521,朵蕊白花菜,not_found,,no exact pharmacopoeia herb result
HERB001513,多花杨梅,not_found,,no exact pharmacopoeia herb result
HERB001497,多根乌头,not_found,,no exact pharmacopoeia herb result
HERB001505,多花蓝果树,not_found,,no exact pharmacopoeia herb result
HERB001518,多买南美肉豆蔻,not_found,,no exact pharmacopoeia herb result
HERB001506,多花山麻杆,not_found,,no exact pharmacopoeia herb result
HERB001528,剁碎鼠尾草,not_found,,no search results
HERB001529,剁碎豚草,not_found,,no search results
HERB001508,多花芍药,not_found,,no exact pharmacopoeia herb result
HERB001498,多果树,not_found,,no exact pharmacopoeia herb result
HERB001507,多花山麻根,not_found,,no exact pharmacopoeia herb result
HERB001533,惰性金发藓,not_found,,no search results
HERB001523,多舌飞蓬,not_found,,no exact pharmacopoeia herb result
HERB001537,多序岩黄耆,not_found,,no exact pharmacopoeia herb result
HERB001512,多花小波,not_found,,no exact pharmacopoeia herb result
HERB001517,多买钩藤,not_found,,no exact pharmacopoeia herb result
HERB001515,多裂委陵菜,not_found,,no exact pharmacopoeia herb result
HERB001527,多穗石柯叶,not_found,,no exact pharmacopoeia herb result
HERB001530,多头风轮菜,not_found,,no exact pharmacopoeia herb result
HERB001516,多裂乌头,not_found,,no exact pharmacopoeia herb result
HERB001514,多家草,not_found,,no exact pharmacopoeia herb result
HERB001534,多雄蕊领春木,not_found,,no exact pharmacopoeia herb result
HERB001544,多指阔苞菊,not_found,,no search results
HERB001535,多雄蕊商陆,not_found,,no exact pharmacopoeia herb result
HERB001549,多汁甜姐菜,not_found,,no exact pharmacopoeia herb result
HERB001532,多香果,not_found,,no exact pharmacopoeia herb result
HERB001554,鄂报春,not_found,,no search results
HERB001550,多汁甜姐草,not_found,,no exact pharmacopoeia herb result
HERB001522,多伞阿魏,not_found,,no exact pharmacopoeia herb result
HERB001536,多须公,not_found,,no exact pharmacopoeia herb result
HERB001538,多叶百脉根,not_found,,no exact pharmacopoeia herb result
HERB001539,多叶棘豆,not_found,,no exact pharmacopoeia herb result
HERB001542,多枝柴胡,not_found,,no exact pharmacopoeia herb result
HERB001543,多枝柽柳,not_found,,no exact pharmacopoeia herb result
HERB001570,峨眉唐松草,not_found,,no exact pharmacopoeia herb result
HERB001563,俄国西门菲草,not_found,,no search results
HERB001573,鹅绒委陵菜,not_found,,no exact pharmacopoeia herb result
HERB001565,俄勒冈荷包牡丹,not_found,,no exact pharmacopoeia herb result
HERB001541,多枝桉,not_found,,no exact pharmacopoeia herb result
HERB001540,多叶金丝桃,not_found,,no exact pharmacopoeia herb result
HERB001567,峨眉翠雀花,not_found,,no search results
HERB001580,莪术油,not_found,,no exact pharmacopoeia herb result
HERB001564,阿胶,ok_no_empty_fields,https://ydz.chp.org.cn/#/item?bookId=1&entryId=291,matched page but target columns already had values
HERB001546,多指龙血树,not_found,,no exact pharmacopoeia herb result
HERB001576,鄂西香茶菜,not_found,,no exact pharmacopoeia herb result
HERB001557,鹅肠菜,not_found,,no exact pharmacopoeia herb result
HERB001552,多种芦荟提取物,not_found,,no exact pharmacopoeia herb result
HERB001551,多汁止疼黄,not_found,,no exact pharmacopoeia herb result
HERB001574,峨参,not_found,,no exact pharmacopoeia herb result
HERB001545,多枝龙胆,not_found,,no exact pharmacopoeia herb result
HERB001591,二七狗牙花,not_found,,no exact pharmacopoeia herb result
HERB001594,儿十蕊商陆,not_found,,no exact pharmacopoeia herb result
HERB001572,鹅绒藤,not_found,,no exact pharmacopoeia herb result
HERB001578,鹅掌藤,not_found,,no exact pharmacopoeia herb result
HERB001583,儿茶,ok_no_empty_fields,https://ydz.chp.org.cn/#/item?bookId=1&entryId=8,matched page but target columns already had values
HERB001571,峨眉野黄连,not_found,,no exact pharmacopoeia herb result
HERB001577,鹅掌草,not_found,,no exact pharmacopoeia herb result
HERB001597,耳形瘤足蕨,not_found,,no search results
HERB001582,耳草,not_found,,no exact pharmacopoeia herb result
HERB001585,二齿香科科,not_found,,no exact pharmacopoeia herb result
HERB001586,二次陨石,not_found,,no exact pharmacopoeia herb result
HERB001560,鹅膏,not_found,,no exact pharmacopoeia herb result
HERB001593,二色华鼠尾草,not_found,,no exact pharmacopoeia herb result
HERB001598,二星杨二兰,not_found,,no exact pharmacopoeia herb result
HERB001605,发菜,not_found,,no search results
HERB001608,法国蔷薇,not_found,,no search results
HERB001584,儿茶钩藤,not_found,,no exact pharmacopoeia herb result
HERB001612,番荔枝,not_found,,no search results
HERB001616,番茄,not_found,,no search results
HERB001614,番木瓜,not_found,,no search results
HERB001620,番石榴籽,not_found,,no exact pharmacopoeia herb result
HERB001600,二爷金罂粟,not_found,,no exact pharmacopoeia herb result
HERB001618,番石榴皮,not_found,,no exact pharmacopoeia herb result
HERB001589,二角多甲藻,not_found,,no exact pharmacopoeia herb result
HERB001588,二沟黄芪,not_found,,no exact pharmacopoeia herb result
HERB001611,繁华止泻木,not_found,,no exact pharmacopoeia herb result
HERB001601,耳叶牛皮消,not_found,,no exact pharmacopoeia herb result
HERB001609,法抗乌头,not_found,,no exact pharmacopoeia herb result
HERB001595,而行鸡血藤,not_found,,no exact pharmacopoeia herb result
HERB001596,二星金合欢,not_found,,no exact pharmacopoeia herb result
HERB001634,肥城酸浆,not_found,,no exact pharmacopoeia herb result
HERB001632,菲菜,not_found,,no exact pharmacopoeia herb result
HERB001607,法国金雀儿,not_found,,no exact pharmacopoeia herb result
HERB001644,菲律宾罗汉松,not_found,,no search results
HERB001636,飞猴面包果,not_found,,no exact pharmacopoeia herb result
HERB001627,防己叶菝葜,not_found,,no exact pharmacopoeia herb result
HERB001615,番木瓜叶,not_found,,no exact pharmacopoeia herb result
HERB001646,菲律宾肉豆蔻,not_found,,no exact pharmacopoeia herb result
HERB001602,二一拖包地钱,not_found,,no exact pharmacopoeia herb result
HERB001655,飞燕草,not_found,,no search results
HERB001629,芳香堆心菊,not_found,,no exact pharmacopoeia herb result
HERB001619,番石榴叶,not_found,,no exact pharmacopoeia herb result
HERB001623,防风花,not_found,,no exact pharmacopoeia herb result
HERB001645,菲律宾千里光,not_found,,no exact pharmacopoeia herb result
HERB001625,方海,not_found,,no exact pharmacopoeia herb result
HERB001635,飞蛾藤,not_found,,no exact pharmacopoeia herb result
HERB001651,菲律宾肉豆蔻,not_found,,no exact pharmacopoeia herb result
HERB001633,费城飞蓬,not_found,,no exact pharmacopoeia herb result
HERB001647,菲律宾罗汉松,not_found,,no search results
HERB001650,菲律宾千里光,not_found,,no exact pharmacopoeia herb result
HERB001624,防风叶,not_found,,no exact pharmacopoeia herb result
HERB001649,菲律宾千斤拔,not_found,,no exact pharmacopoeia herb result
HERB001653,腓尼基刺柏,not_found,,no search results
HERB001617,番石榴干,not_found,,no exact pharmacopoeia herb result
HERB001642,飞龙掌血,not_found,,no exact pharmacopoeia herb result
HERB001663,非洲橄榄,not_found,,no exact pharmacopoeia herb result
HERB001661,非洲番荔枝,not_found,,no exact pharmacopoeia herb result
HERB001660,非洲闭鞘姜,not_found,,no exact pharmacopoeia herb result
HERB001656,肥一点红,not_found,,no exact pharmacopoeia herb result
HERB001664,非洲格木,not_found,,no exact pharmacopoeia herb result
HERB001628,芳香白珠,not_found,,no exact pharmacopoeia herb result
HERB001669,非洲剑雪封喉,not_found,,no search results
HERB001659,非洲百子莲,not_found,,no exact pharmacopoeia herb result
HERB001668,非洲黄檀,not_found,,no exact pharmacopoeia herb result
HERB001671,非洲罗勒,not_found,,no exact pharmacopoeia herb result
HERB001673,非洲蛙,not_found,,no exact pharmacopoeia herb result
HERB001670,非洲枯木,not_found,,no exact pharmacopoeia herb result
HERB001638,飞蓟草,not_found,,no exact pharmacopoeia herb result
HERB001643,飞龙掌血,not_found,,no exact pharmacopoeia herb result
HERB001686,粪箕笃,not_found,,no search results
HERB001662,非洲防己,not_found,,no exact pharmacopoeia herb result
HERB001691,分路猪殃殃,not_found,,no search results
HERB001658,肥皂草,not_found,,no exact pharmacopoeia herb result
HERB001657,费约果,not_found,,no exact pharmacopoeia herb result
HERB001688,粉瘤菌,not_found,,no exact pharmacopoeia herb result
HERB001652,菲律宾石梓,not_found,,no exact pharmacopoeia herb result
HERB001693,分时唐松草,not_found,,no exact pharmacopoeia herb result
HERB001665,非洲钩藤,not_found,,no exact pharmacopoeia herb result
HERB001674,非洲止泻木,not_found,,no exact pharmacopoeia herb result
HERB001696,分支颇具,not_found,,no exact pharmacopoeia herb result
HERB001704,凤凰木,not_found,,no search results
HERB001677,粉芭蕉,not_found,,no exact pharmacopoeia herb result
HERB001672,非洲帽柱木,not_found,,no exact pharmacopoeia herb result
HERB001684,粉红色西番莲,not_found,,no exact pharmacopoeia herb result
HERB001681,分叉马钱子,not_found,,no exact pharmacopoeia herb result
HERB001680,分叉当归,not_found,,no exact pharmacopoeia herb result
HERB001715,凤尾蕨,not_found,,no exact pharmacopoeia herb result
HERB001707,凤梨,not_found,,no search results
HERB001685,粉红色西番莲,not_found,,no exact pharmacopoeia herb result
HERB001690,坟墓草,not_found,,no exact pharmacopoeia herb result
HERB001682,粉防己,not_found,,no exact pharmacopoeia herb result
HERB001709,风轮菜,not_found,,no exact pharmacopoeia herb result
HERB001700,蜂斗菜,not_found,,no exact pharmacopoeia herb result
HERB001694,粉团花,not_found,,no exact pharmacopoeia herb result
HERB001718,凤仙花,not_found,,no exact pharmacopoeia herb result
HERB001717,凤仙,not_found,,no exact pharmacopoeia herb result
HERB001719,凤仙透骨草,not_found,,no exact pharmacopoeia herb result
HERB001695,分心木,not_found,,no exact pharmacopoeia herb result
HERB001722,风箱树根,not_found,,no exact pharmacopoeia herb result
HERB001697,蜂巢草,not_found,,no exact pharmacopoeia herb result
HERB001724,风箱树叶,not_found,,no exact pharmacopoeia herb result
HERB001716,凤尾爬山虎,not_found,,no search results
HERB001720,枫香寄生,not_found,,no exact pharmacopoeia herb result
HERB001692,分肉层孔菌,not_found,,no exact pharmacopoeia herb result
HERB001721,枫香树,not_found,,no exact pharmacopoeia herb result
HERB001728,凤丫蕨,not_found,,no exact pharmacopoeia herb result
HERB001727,风信子,not_found,,no search results
HERB001714,凤尾茶,not_found,,no exact pharmacopoeia herb result
HERB001733,佛甲草,not_found,,no search results
HERB001723,枫香树皮,not_found,,no exact pharmacopoeia herb result
HERB001710,风毛菊,not_found,,no exact pharmacopoeia herb result
HERB001708,风铃草,not_found,,no exact pharmacopoeia herb result
HERB001740,浮海石,not_found,,no exact pharmacopoeia herb result
HERB001744,福橘,not_found,,no exact pharmacopoeia herb result
HERB001748,弗雷是杜鹃花,not_found,,no search results
HERB001742,弗吉尼亚狗脊蕨,not_found,,no exact pharmacopoeia herb result
HERB001731,紫菀花,not_found,,no exact pharmacopoeia herb result
HERB001729,凤眼草,not_found,,no exact pharmacopoeia herb result
HERB001739,扶芳藤,not_found,,no exact pharmacopoeia herb result
HERB001753,富宁藤,not_found,,no exact pharmacopoeia herb result
HERB001738,伏尔加侧金盏花,not_found,,no exact pharmacopoeia herb result
HERB001766,茯神木,not_found,,no exact pharmacopoeia herb result
HERB001745,阜康阿魏根,not_found,,no exact pharmacopoeia herb result
HERB001699,丰城鸡血藤,not_found,,no exact pharmacopoeia herb result
HERB001747,扶郎花,not_found,,no exact pharmacopoeia herb result
HERB001730,凤羽花,not_found,,no exact pharmacopoeia herb result
HERB001741,弗吉尼亚地笋,not_found,,no exact pharmacopoeia herb result
HERB001765,茯神,not_found,,no exact pharmacopoeia herb result
HERB001763,扶桑叶,not_found,,no exact pharmacopoeia herb result
HERB001772,浮叶眼子菜,not_found,,no exact pharmacopoeia herb result
HERB001764,辐射松,not_found,,no exact pharmacopoeia herb result
HERB001751,伏毛山豆根,not_found,,no exact pharmacopoeia herb result
HERB001756,覆盆子叶,not_found,,no exact pharmacopoeia herb result
HERB001755,覆盆子根,not_found,,no exact pharmacopoeia herb result
HERB001786,干花豆,not_found,,no exact pharmacopoeia herb result
HERB001759,芙蓉菊根,not_found,,no exact pharmacopoeia herb result
HERB001789,橄榄白蜡伞,not_found,,no exact pharmacopoeia herb result
HERB001798,甘青铁线莲,not_found,,no exact pharmacopoeia herb result
HERB001762,扶桑花,not_found,,no exact pharmacopoeia herb result
HERB001793,甘露秦,not_found,,no exact pharmacopoeia herb result
HERB001803,甘肃槐树,not_found,,no exact pharmacopoeia herb result
HERB001781,甘草稍,not_found,,no exact pharmacopoeia herb result
HERB001791,橄榄仁,not_found,,no exact pharmacopoeia herb result
HERB001743,福建细辛,not_found,,no exact pharmacopoeia herb result
HERB001792,干老鸡骨常山,not_found,,no exact pharmacopoeia herb result
HERB001784,肝风草,not_found,,no exact pharmacopoeia herb result
HERB001768,福寿草?,not_found,,no exact pharmacopoeia herb result
HERB001783,干地黄,not_found,,no exact pharmacopoeia herb result
HERB001812,刚果剑雪封喉,not_found,,no search results
HERB001794,干鹿肉,not_found,,no exact pharmacopoeia herb result
HERB001802,甘肃贝母,not_found,,no exact pharmacopoeia herb result
HERB001809,甘蔗,not_found,,no search results
HERB001785,甘葛藤根,not_found,,no exact pharmacopoeia herb result
HERB001816,岗梅,not_found,,no exact pharmacopoeia herb result
HERB001790,橄榄核,not_found,,no exact pharmacopoeia herb result
HERB001799,甘青乌头,not_found,,no exact pharmacopoeia herb result
HERB001813,刚果萝芙木,not_found,,no search results
HERB001800,甘薯,not_found,,no search results
HERB001817,岗松,not_found,,no search results
HERB001780,甘草节,not_found,,no exact pharmacopoeia herb result
HERB001815,刚毛藤山柳,not_found,,no exact pharmacopoeia herb result
HERB001833,高贵波罗蜜,not_found,,no search results
HERB001797,甘青青兰,not_found,,no exact pharmacopoeia herb result
HERB001807,赣皖乌头,not_found,,no exact pharmacopoeia herb result
HERB001808,甘西鼠尾草,not_found,,no exact pharmacopoeia herb result
HERB001782,甘草头,not_found,,no exact pharmacopoeia herb result
HERB001805,甘肃山楂,not_found,,no exact pharmacopoeia herb result
HERB001844,高加索鳞毛蕨,not_found,,no exact pharmacopoeia herb result
HERB001804,甘肃黄芩,not_found,,no exact pharmacopoeia herb result
HERB001842,高加索摆线,not_found,,no search results
HERB001810,杠板归根,not_found,,no exact pharmacopoeia herb result
HERB001826,高大翠雀花,not_found,,no search results
HERB001835,高贵假紫草,not_found,,no exact pharmacopoeia herb result
HERB001823,高春黄菊,not_found,,no exact pharmacopoeia herb result
HERB001847,高加索罂粟,not_found,,no exact pharmacopoeia herb result
HERB001824,高丛珍珠梅,not_found,,no exact pharmacopoeia herb result
HERB001814,刚毛柽柳,not_found,,no exact pharmacopoeia herb result
HERB001832,高飞燕草,not_found,,no exact pharmacopoeia herb result
HERB001848,高加索紫金,not_found,,no exact pharmacopoeia herb result
HERB001834,高贵春黄菊,not_found,,no exact pharmacopoeia herb result
HERB001850,高丽参,not_found,,no search results
HERB001855,高山扁枝石松,not_found,,no exact pharmacopoeia herb result
HERB001829,高当归,not_found,,no exact pharmacopoeia herb result
HERB001851,高粱,not_found,,no search results
HERB001828,高达山蓝,not_found,,no exact pharmacopoeia herb result
HERB001857,高山花椒,not_found,,no exact pharmacopoeia herb result
HERB001862,高山罗汉松,not_found,,no exact pharmacopoeia herb result
HERB001853,高梁泡,not_found,,no exact pharmacopoeia herb result
HERB001863,高山唐松草,not_found,,no exact pharmacopoeia herb result
HERB001840,高黄芩,not_found,,no exact pharmacopoeia herb result
HERB001866,高山罂粟,not_found,,no exact pharmacopoeia herb result
HERB001845,高加索龙胆,not_found,,no exact pharmacopoeia herb result
HERB001846,高加索乌头,not_found,,no exact pharmacopoeia herb result
HERB001873,茖葱,not_found,,no exact pharmacopoeia herb result
HERB001841,高灰毛豆,not_found,,no exact pharmacopoeia herb result
HERB001878,格里菲斯十大功劳,not_found,,no exact pharmacopoeia herb result
HERB001869,高原唐松草,not_found,,no exact pharmacopoeia herb result
HERB001871,戈壁天门冬,not_found,,no search results
HERB001875,葛谷,not_found,,no exact pharmacopoeia herb result
HERB001843,高加索蓝盆花,not_found,,no exact pharmacopoeia herb result
HERB001876,葛花,not_found,,no search results
HERB001849,高咖啡,not_found,,no exact pharmacopoeia herb result
HERB001883,葛蔓,not_found,,no exact pharmacopoeia herb result
HERB001879,格里菲斯藤黄,not_found,,no search results
HERB001882,哥伦比亚木瓣树?,not_found,,no exact pharmacopoeia herb result
HERB001888,格式鼠尾草,not_found,,no exact pharmacopoeia herb result
HERB001881,哥伦比亚巴豆,not_found,,no exact pharmacopoeia herb result
HERB001860,高山火绒草,not_found,,no exact pharmacopoeia herb result
HERB001868,高一枝黄花,not_found,,no exact pharmacopoeia herb result
HERB001858,高山黄华,not_found,,no exact pharmacopoeia herb result
HERB001890,各样西番莲,not_found,,no search results
HERB001859,高山黄华根,not_found,,no exact pharmacopoeia herb result
HERB001898,公兴马兜铃,not_found,,no exact pharmacopoeia herb result
HERB001864,高山条蕨,not_found,,no exact pharmacopoeia herb result
HERB001900,枸骨树皮,not_found,,no exact pharmacopoeia herb result
HERB001902,枸骨子,not_found,,no exact pharmacopoeia herb result
HERB001867,高乌头,not_found,,no exact pharmacopoeia herb result
HERB001887,葛上亭长,not_found,,no exact pharmacopoeia herb result
HERB001904,枸橘,not_found,,no search results
HERB001891,葛叶,not_found,,no exact pharmacopoeia herb result
HERB001906,枸橘核,not_found,,no exact pharmacopoeia herb result
HERB001895,贡嘎山乌头,not_found,,no exact pharmacopoeia herb result
HERB001870,高泽兰,not_found,,no exact pharmacopoeia herb result
HERB001886,隔山消,not_found,,no exact pharmacopoeia herb result
HERB001911,枸杞,not_found,,no exact pharmacopoeia herb result
HERB001916,狗肉,not_found,,no search results
HERB001894,工布乌头,not_found,,no exact pharmacopoeia herb result
HERB001884,哥纳香,not_found,,no exact pharmacopoeia herb result
HERB001897,功劳子,not_found,,no exact pharmacopoeia herb result
HERB001921,构树白皮,not_found,,no exact pharmacopoeia herb result
HERB001920,构树,not_found,,no exact pharmacopoeia herb result
HERB001892,革叶猕猴桃,not_found,,no exact pharmacopoeia herb result
HERB001922,构树根,not_found,,no exact pharmacopoeia herb result
HERB001899,枸骨根,not_found,,no exact pharmacopoeia herb result
HERB001910,钩毛茜草,not_found,,no exact pharmacopoeia herb result
HERB001914,枸杞叶,not_found,,no exact pharmacopoeia herb result
HERB001905,狗桔刺,not_found,,no exact pharmacopoeia herb result
HERB001934,古巴萝芙木,not_found,,no search results
HERB001907,枸橘叶,not_found,,no exact pharmacopoeia herb result
HERB001935,古城玫瑰树,not_found,,no exact pharmacopoeia herb result
HERB001912,枸杞根皮,not_found,,no exact pharmacopoeia herb result
HERB001913,枸杞小波,not_found,,no exact pharmacopoeia herb result
HERB001909,枸橘枳实,not_found,,no exact pharmacopoeia herb result
HERB001918,狗肾,not_found,,no exact pharmacopoeia herb result
HERB001930,钩状胡椒,not_found,,no exact pharmacopoeia herb result
HERB001931,钩状胡椒,not_found,,no exact pharmacopoeia herb result
HERB001939,谷壳,not_found,,no search results
HERB001917,狗舌草,not_found,,no exact pharmacopoeia herb result
HERB001945,孤挺花,not_found,,no search results
HERB001936,鼓槌石斛,not_found,,no exact pharmacopoeia herb result
HERB001951,挂金灯跟,not_found,,no exact pharmacopoeia herb result
HERB001944,孤挺花,not_found,,no search results
HERB001919,狗屎花,not_found,,no exact pharmacopoeia herb result
HERB001932,钩状石斛,not_found,,no exact pharmacopoeia herb result
HERB001925,钩藤根,not_found,,no exact pharmacopoeia herb result
HERB001923,构树果,not_found,,no exact pharmacopoeia herb result
HERB001946,孤挺花杂交种,not_found,,no search results
HERB001954,瓜篓子,not_found,,no exact pharmacopoeia herb result
HERB001927,狗心,not_found,,no exact pharmacopoeia herb result
HERB001929,钩枝藤,not_found,,no exact pharmacopoeia herb result
HERB001959,拐芹,not_found,,no exact pharmacopoeia herb result
HERB001928,狗仔花,not_found,,no exact pharmacopoeia herb result
HERB001949,瓜馥木,not_found,,no exact pharmacopoeia herb result
HERB001973,灌木萝芙木,not_found,,no search results
HERB001971,灌木奥拓斯特草,not_found,,no search results
HERB001963,关公须,not_found,,no exact pharmacopoeia herb result
HERB001937,骨节草,not_found,,no exact pharmacopoeia herb result
HERB001974,灌木天门冬,not_found,,no search results
HERB001943,骨碎补毛,not_found,,no exact pharmacopoeia herb result
HERB001966,管花马兜铃,not_found,,no exact pharmacopoeia herb result
HERB001940,古蔺雪丹,not_found,,no exact pharmacopoeia herb result
HERB001950,挂金灯,not_found,,no exact pharmacopoeia herb result
HERB001976,灌木文殊兰,not_found,,no search results
HERB001955,栝楼茎叶,not_found,,no exact pharmacopoeia herb result
HERB001960,关苍术,not_found,,no exact pharmacopoeia herb result
HERB001967,管花秦艽,not_found,,no exact pharmacopoeia herb result
HERB001965,管花党参,not_found,,no exact pharmacopoeia herb result
HERB001958,瓜叶乌头,not_found,,no exact pharmacopoeia herb result
HERB001980,观赏獐牙菜,not_found,,no exact pharmacopoeia herb result
HERB001964,观光木,not_found,,no exact pharmacopoeia herb result
HERB001978,灌木远志,not_found,,no exact pharmacopoeia herb result
HERB001968,管花肉苁蓉,not_found,,no exact pharmacopoeia herb result
HERB001992,光慈姑,not_found,,no exact pharmacopoeia herb result
HERB001985,贯众,not_found,,no exact pharmacopoeia herb result
HERB001999,光飞燕草,not_found,,no exact pharmacopoeia herb result
HERB001986,冠状沟轧花,not_found,,no search results
HERB002005,光洁秋海棠,not_found,,no exact pharmacopoeia herb result
HERB001983,贯叶连翘,not_found,,no exact pharmacopoeia herb result
HERB001972,灌木柴胡,not_found,,no exact pharmacopoeia herb result
HERB002011,光良石松,not_found,,no exact pharmacopoeia herb result
HERB001979,灌木状车轴草,not_found,,no exact pharmacopoeia herb result
HERB001996,光萼猪屎豆,not_found,,no search results
HERB001977,灌木亚菊,not_found,,no exact pharmacopoeia herb result
HERB001994,广东金钱草,not_found,,no exact pharmacopoeia herb result
HERB001984,观音草,not_found,,no exact pharmacopoeia herb result
HERB001993,广地龙,not_found,,no exact pharmacopoeia herb result
HERB002008,光亮黄檀,not_found,,no exact pharmacopoeia herb result
HERB001995,广东土牛膝,not_found,,no exact pharmacopoeia herb result
HERB002023,广西九里香,not_found,,no exact pharmacopoeia herb result
HERB002015,光囊紫柄蕨,not_found,,no exact pharmacopoeia herb result
HERB002010,光亮萝芙木,not_found,,no exact pharmacopoeia herb result
HERB002024,广西美登木,not_found,,no exact pharmacopoeia herb result
HERB002017,光石韦,not_found,,no exact pharmacopoeia herb result
HERB002000,光果甘草,not_found,,no exact pharmacopoeia herb result
HERB002025,广西千户,not_found,,no exact pharmacopoeia herb result
HERB002031,光叶粉花绣线菊,not_found,,no exact pharmacopoeia herb result
HERB002026,广西石蒜,not_found,,no exact pharmacopoeia herb result
HERB001998,广防己,not_found,,no exact pharmacopoeia herb result
HERB002027,光药大黄花,not_found,,no exact pharmacopoeia herb result
HERB001997,广防风,not_found,,no exact pharmacopoeia herb result
HERB002001,光华当归,not_found,,no exact pharmacopoeia herb result
HERB002032,光叶决明,not_found,,no exact pharmacopoeia herb result
HERB002019,光头独活,not_found,,no exact pharmacopoeia herb result
HERB002036,光叶眼子菜,not_found,,no exact pharmacopoeia herb result
HERB002020,广西八角莲,not_found,,no exact pharmacopoeia herb result
HERB002009,光亮假龙胆,not_found,,no exact pharmacopoeia herb result
HERB002014,广木香,not_found,,no exact pharmacopoeia herb result
HERB002037,光叶猪屎豆,not_found,,no exact pharmacopoeia herb result
HERB002038,光叶子花,not_found,,no exact pharmacopoeia herb result
HERB002039,光叶紫玉盘,not_found,,no exact pharmacopoeia herb result
HERB002046,鬼灯笼,not_found,,no exact pharmacopoeia herb result
HERB002022,广西莪术,not_found,,no exact pharmacopoeia herb result
HERB002013,光良远志,not_found,,no exact pharmacopoeia herb result
HERB002030,光叶丁公藤,not_found,,no exact pharmacopoeia herb result
HERB002021,广西莪术,not_found,,no exact pharmacopoeia herb result
HERB002028,光叶巴豆,not_found,,no exact pharmacopoeia herb result
HERB002051,鬼箭锦鸡儿,not_found,,no search results
HERB002044,龟板,not_found,,no search results
HERB002034,光叶蛇葡萄,not_found,,no exact pharmacopoeia herb result
HERB002033,光叶水苏,not_found,,no exact pharmacopoeia herb result
HERB002045,龟板胶,not_found,,no exact pharmacopoeia herb result
HERB002049,桂花,not_found,,no search results
HERB002035,光叶水苏,not_found,,no exact pharmacopoeia herb result
HERB002054,鬼臼,not_found,,no search results
HERB002053,鬼箭羽,not_found,,no exact pharmacopoeia herb result
HERB002052,鬼箭羽,not_found,,no exact pharmacopoeia herb result
HERB002063,贵州獐牙菜,not_found,,no exact pharmacopoeia herb result
HERB002029,光叶地不容,not_found,,no exact pharmacopoeia herb result
HERB002061,鬼针草,not_found,,no search results
HERB002073,哈市罗汉松,not_found,,no search results
HERB002067,过江龙,not_found,,no exact pharmacopoeia herb result
HERB002066,桂子,not_found,,no search results
HERB002075,哈市山梗菜,not_found,,no exact pharmacopoeia herb result
HERB002042,光泽乌头,not_found,,no exact pharmacopoeia herb result
HERB002079,海滨萝芙木,not_found,,no search results
HERB002078,海滨柳穿鱼,not_found,,no exact pharmacopoeia herb result
HERB002082,海带,not_found,,no exact pharmacopoeia herb result
HERB002057,桂皮钓樟,not_found,,no exact pharmacopoeia herb result
HERB002059,圭亚那钩藤,not_found,,no exact pharmacopoeia herb result
HERB002081,海葱,not_found,,no exact pharmacopoeia herb result
HERB002060,桧叶,not_found,,no exact pharmacopoeia herb result
HERB002047,桂丁,not_found,,no exact pharmacopoeia herb result
HERB002072,蛤蟆油,not_found,,no exact pharmacopoeia herb result
HERB002055,鬼毛针,not_found,,no exact pharmacopoeia herb result
HERB002056,桂皮,not_found,,no exact pharmacopoeia herb result
HERB002088,海浮石,not_found,,no exact pharmacopoeia herb result
HERB002043,光枝勾儿茶,not_found,,no exact pharmacopoeia herb result
HERB002065,桂竹香,not_found,,no exact pharmacopoeia herb result
HERB002095,海韭菜,not_found,,no exact pharmacopoeia herb result
HERB002064,桂竹糖芥,not_found,,no exact pharmacopoeia herb result
HERB002069,果香菊,not_found,,no exact pharmacopoeia herb result
HERB002090,海狗肾,not_found,,no search results
HERB002092,海红豆,not_found,,no exact pharmacopoeia herb result
HERB002091,海龟,not_found,,no search results
HERB002084,海岛棉,not_found,,no search results
HERB002089,海蛤壳,not_found,,no search results
HERB002100,海南狗牙花,not_found,,no exact pharmacopoeia herb result
HERB002068,过路黄,not_found,,no exact pharmacopoeia herb result
HERB002058,桂皮油,not_found,,no exact pharmacopoeia herb result
HERB002109,氦气,not_found,,no search results
HERB002102,海南萝芙木,not_found,,no exact pharmacopoeia herb result
HERB002099,海南哥纳香,not_found,,no exact pharmacopoeia herb result
HERB002114,海狮,not_found,,no search results
HERB002103,海南买麻藤,not_found,,no exact pharmacopoeia herb result
HERB002107,海泥钩枝藤,not_found,,no exact pharmacopoeia herb result
HERB002104,海南青牛胆,not_found,,no exact pharmacopoeia herb result
HERB002106,海南野扇花,not_found,,no exact pharmacopoeia herb result
HERB002118,海桐,not_found,,no exact pharmacopoeia herb result
HERB002111,海参,not_found,,no search results
HERB002076,海巴戟,not_found,,no exact pharmacopoeia herb result
HERB002125,海罂粟,not_found,,no exact pharmacopoeia herb result
HERB002120,海豚鱼,not_found,,no exact pharmacopoeia herb result
HERB002115,狗牙花,not_found,,no exact pharmacopoeia herb result
HERB002086,孩儿参,not_found,,no exact pharmacopoeia herb result
HERB002116,海松子,not_found,,no exact pharmacopoeia herb result
HERB002083,海带根,not_found,,no exact pharmacopoeia herb result
HERB002133,旱麦瓶草,not_found,,no exact pharmacopoeia herb result
HERB002132,旱莲花,not_found,,no exact pharmacopoeia herb result
HERB002135,旱芹,not_found,,no exact pharmacopoeia herb result
HERB002136,旱芹变种,not_found,,no exact pharmacopoeia herb result
HERB002127,海州骨碎补,not_found,,no exact pharmacopoeia herb result
HERB002085,孩儿茶,not_found,,no exact pharmacopoeia herb result
HERB002101,海南樫木,not_found,,no exact pharmacopoeia herb result
HERB002140,旱生香茶菜,not_found,,no exact pharmacopoeia herb result
HERB002126,海藻,ok_no_empty_fields,https://ydz.chp.org.cn/#/item?bookId=1&entryId=466,matched page but target columns already had values
HERB002105,海南砂仁,not_found,,no exact pharmacopoeia herb result
HERB002098,海南粗榧,not_found,,no exact pharmacopoeia herb result
HERB002146,杭矾,not_found,,no exact pharmacopoeia herb result
HERB002141,寒食,not_found,,no exact pharmacopoeia herb result
HERB002151,好望角罗汉松,not_found,,no exact pharmacopoeia herb result
HERB002128,旱菜,not_found,,no exact pharmacopoeia herb result
HERB002110,海人草,not_found,,no exact pharmacopoeia herb result
HERB002149,蒿本,not_found,,no search results
HERB002157,荷包地不容,not_found,,no search results
HERB002142,寒水石,not_found,,no exact pharmacopoeia herb result
HERB002144,含羞草,not_found,,no search results
HERB002159,河北杨,not_found,,no search results
HERB002112,海参肠,not_found,,no exact pharmacopoeia herb result
HERB002165,河谷地不容,not_found,,no search results
HERB002117,海棠果,not_found,,no exact pharmacopoeia herb result
HERB002162,禾草叶佳贝防风,not_found,,no search results
HERB002170,荷花延龄草,not_found,,no exact pharmacopoeia herb result
HERB002150,好望角芦荟,not_found,,no exact pharmacopoeia herb result
HERB002129,汉城细辛,not_found,,no exact pharmacopoeia herb result
HERB002154,河岸狗肝菜,not_found,,no exact pharmacopoeia herb result
HERB002137,韩瑞五味子,not_found,,no exact pharmacopoeia herb result
HERB002168,荷花,not_found,,no search results
HERB002169,荷花雪莲,not_found,,no exact pharmacopoeia herb result
HERB002171,荷花玉兰,not_found,,no exact pharmacopoeia herb result
HERB002180,褐绒盖牛肝菌,not_found,,no exact pharmacopoeia herb result
HERB002139,旱生卷柏,not_found,,no exact pharmacopoeia herb result
HERB002174,和卡尼亚黄杨,not_found,,no exact pharmacopoeia herb result
HERB002184,鹤氏唐松草碱,not_found,,no exact pharmacopoeia herb result
HERB002175,荷兰种植番红花,not_found,,no exact pharmacopoeia herb result
HERB002178,河南唐松草,not_found,,no exact pharmacopoeia herb result
HERB002131,旱莲草,not_found,,no exact pharmacopoeia herb result
HERB002145,杭白芷,not_found,,no exact pharmacopoeia herb result
HERB002190,河豚,not_found,,no search results
HERB002192,荷叶蒂,not_found,,no exact pharmacopoeia herb result
HERB002193,禾叶风毛菊,not_found,,no exact pharmacopoeia herb result
HERB002143,韩信草,not_found,,no exact pharmacopoeia herb result
HERB002167,核果状补骨脂,not_found,,no exact pharmacopoeia herb result
HERB002158,荷包牡丹根,not_found,,no exact pharmacopoeia herb result
HERB002160,和草香豌豆,not_found,,no exact pharmacopoeia herb result
HERB002166,核果粗榧,not_found,,no exact pharmacopoeia herb result
HERB002186,河蒴荛花,not_found,,no exact pharmacopoeia herb result
HERB002183,鹤虱风,not_found,,no exact pharmacopoeia herb result
HERB002210,黑风藤,not_found,,no search results
HERB002177,和木瓜,not_found,,no exact pharmacopoeia herb result
HERB002200,黑茶表,not_found,,no exact pharmacopoeia herb result
HERB002181,褐色钟花树,not_found,,no exact pharmacopoeia herb result
HERB002201,黑柴胡,not_found,,no exact pharmacopoeia herb result
HERB002217,黑化延命草,not_found,,no exact pharmacopoeia herb result
HERB002195,诃子核,not_found,,no exact pharmacopoeia herb result
HERB002198,黑百合,not_found,,no exact pharmacopoeia herb result
HERB002196,诃子叶,not_found,,no exact pharmacopoeia herb result
HERB002199,黑白简木,not_found,,no exact pharmacopoeia herb result
HERB002206,黑大豆,not_found,,no exact pharmacopoeia herb result
HERB002212,黑果菝葜,not_found,,no exact pharmacopoeia herb result
HERB002205,黑醋,not_found,,no exact pharmacopoeia herb result
HERB002208,黑大豆叶,not_found,,no exact pharmacopoeia herb result
HERB002213,黑果黄皮,not_found,,no exact pharmacopoeia herb result
HERB002204,黑磁石,not_found,,no exact pharmacopoeia herb result
HERB002227,黑蚂蚁,not_found,,no search results
HERB002211,黑杠柳?,not_found,,no exact pharmacopoeia herb result
HERB002225,黑老虎根,not_found,,no exact pharmacopoeia herb result
HERB002207,黑大豆皮,not_found,,no exact pharmacopoeia herb result
HERB002237,黑水缬草,not_found,,no exact pharmacopoeia herb result
HERB002236,黑水翠雀,not_found,,no exact pharmacopoeia herb result
HERB002216,黑化无根藤,not_found,,no exact pharmacopoeia herb result
HERB002230,黑木耳,not_found,,no exact pharmacopoeia herb result
HERB002235,黑水翠雀,not_found,,no exact pharmacopoeia herb result
HERB002215,黑胡桃,not_found,,no search results
HERB002250,草莓,not_found,,no search results
HERB002222,黑壳楠,not_found,,no exact pharmacopoeia herb result
HERB002214,黑果茜草,not_found,,no exact pharmacopoeia herb result
HERB002244,黑子梨果寄生,not_found,,no exact pharmacopoeia herb result
HERB002234,黑石耳,not_found,,no exact pharmacopoeia herb result
HERB002221,黑荆树,not_found,,no exact pharmacopoeia herb result
HERB002220,黑桔梗兰,not_found,,no exact pharmacopoeia herb result
HERB002223,黑昆布,not_found,,no exact pharmacopoeia herb result
HERB002224,黑老虎,not_found,,no exact pharmacopoeia herb result
HERB002238,黑水野罂粟,not_found,,no exact pharmacopoeia herb result
HERB002233,黑色米皮糠,not_found,,no exact pharmacopoeia herb result
HERB002262,红豆,not_found,,no search results
HERB002248,衡州乌药,not_found,,no exact pharmacopoeia herb result
HERB002239,黑锡,not_found,,no exact pharmacopoeia herb result
HERB002226,黑曼巴,not_found,,no exact pharmacopoeia herb result
HERB002231,黑木金合欢,not_found,,no exact pharmacopoeia herb result
HERB002245,横根费菜,not_found,,no exact pharmacopoeia herb result
HERB002240,黑线条藤黄,not_found,,no exact pharmacopoeia herb result
HERB002264,红豆杉,not_found,,no exact pharmacopoeia herb result
HERB002229,黑毛石斛,not_found,,no exact pharmacopoeia herb result
HERB002268,红根草,not_found,,no search results
HERB002247,横沥地耳草,not_found,,no exact pharmacopoeia herb result
HERB002254,红背山麻杆,not_found,,no exact pharmacopoeia herb result
HERB002241,黑岩蛇根草,not_found,,no exact pharmacopoeia herb result
HERB002256,荭草花,not_found,,no exact pharmacopoeia herb result
HERB002271,红果萝芙木,not_found,,no search results
HERB002273,红海椒,not_found,,no exact pharmacopoeia herb result
HERB002272,红海葱,not_found,,no exact pharmacopoeia herb result
HERB002277,红花菜豆,not_found,,no search results
HERB002253,红百合木,not_found,,no exact pharmacopoeia herb result
HERB002257,红柴胡,not_found,,no exact pharmacopoeia herb result
HERB002274,红海榄,not_found,,no search results
HERB002258,红车轴草,not_found,,no exact pharmacopoeia herb result
HERB002261,红大丽花,not_found,,no exact pharmacopoeia herb result
HERB002255,红草,not_found,,no exact pharmacopoeia herb result
HERB002291,红鸡蛋花,not_found,,no search results
HERB002259,红椿,not_found,,no exact pharmacopoeia herb result
HERB002270,红果樫木,not_found,,no exact pharmacopoeia herb result
HERB002281,红花鹿茸,not_found,,no exact pharmacopoeia herb result
HERB002283,红花绿绒蒿,not_found,,no exact pharmacopoeia herb result
HERB002290,红茴香,not_found,,no exact pharmacopoeia herb result
HERB002300,红毛七,not_found,,no search results
HERB002279,红花椒,not_found,,no exact pharmacopoeia herb result
HERB002282,红花鹿蹄草,not_found,,no exact pharmacopoeia herb result
HERB002275,红旱莲,not_found,,no exact pharmacopoeia herb result
HERB002301,红毛五加皮,not_found,,no exact pharmacopoeia herb result
HERB002292,红荚蒾,not_found,,no exact pharmacopoeia herb result
HERB002286,红花槭,not_found,,no exact pharmacopoeia herb result
HERB002289,红花岩黄芪,not_found,,no exact pharmacopoeia herb result
HERB002278,红花除虫菊,not_found,,no exact pharmacopoeia herb result
HERB002303,红木,not_found,,no search results
HERB002293,红剪秋罗,not_found,,no exact pharmacopoeia herb result
HERB002284,红花苗,not_found,,no exact pharmacopoeia herb result
HERB002285,红花皮,not_found,,no exact pharmacopoeia herb result
HERB002287,红花蕊木,not_found,,no exact pharmacopoeia herb result
HERB002308,红皮云杉,not_found,,no search results
HERB002314,红曲,not_found,,no exact pharmacopoeia herb result
HERB002295,红口水仙,not_found,,no exact pharmacopoeia herb result
HERB002288,红花五味子,not_found,,no exact pharmacopoeia herb result
HERB002312,红茄苳果,not_found,,no exact pharmacopoeia herb result
HERB002321,红石仙桃,not_found,,no search results
HERB002302,红毛野海棠,not_found,,no exact pharmacopoeia herb result
HERB002327,宏伟酸脚杆,not_found,,no exact pharmacopoeia herb result
HERB002322,红薯,not_found,,no search results
HERB002325,红松,not_found,,no search results
HERB002296,红筷子,not_found,,no exact pharmacopoeia herb result
HERB002326,红头草,not_found,,no search results
HERB002305,红南皮,not_found,,no exact pharmacopoeia herb result
HERB002328,红纹马先蒿,not_found,,no exact pharmacopoeia herb result
HERB002317,红三叶草,not_found,,no exact pharmacopoeia herb result
HERB002333,红直獐牙菜,not_found,,no exact pharmacopoeia herb result
HERB002316,红三七,not_found,,no exact pharmacopoeia herb result
HERB002304,红母鸡草,not_found,,no exact pharmacopoeia herb result
HERB002311,红前胡,not_found,,no exact pharmacopoeia herb result
HERB002307,红牛毛刺根,not_found,,no exact pharmacopoeia herb result
HERB002318,红色金鸡纳树,not_found,,no exact pharmacopoeia herb result
HERB002313,红球姜,not_found,,no exact pharmacopoeia herb result
HERB002345,猴头菇,not_found,,no search results
HERB002310,红七叶树,not_found,,no exact pharmacopoeia herb result
HERB002329,红芽大戟,not_found,,no exact pharmacopoeia herb result
HERB002320,红十二,not_found,,no exact pharmacopoeia herb result
HERB002351,猴枣,not_found,,no search results
HERB002323,红栓菌,not_found,,no exact pharmacopoeia herb result
HERB002324,红丝线,not_found,,no exact pharmacopoeia herb result
HERB002346,猴头菌,not_found,,no search results
HERB002342,厚朴,ok_no_empty_fields,https://ydz.chp.org.cn/#/item?bookId=1&entryId=394,matched page but target columns already had values
HERB002332,红泽兰,not_found,,no exact pharmacopoeia herb result
HERB002354,湖北瓜蒌,not_found,,no exact pharmacopoeia herb result
HERB002338,厚皮树,not_found,,no exact pharmacopoeia herb result
HERB002359,湖北十大功劳,not_found,,no exact pharmacopoeia herb result
HERB002355,湖北瓜蒌,not_found,,no exact pharmacopoeia herb result
HERB002334,红足蒿,not_found,,no exact pharmacopoeia herb result
HERB002330,红缘层孔菌,not_found,,no exact pharmacopoeia herb result
HERB002373,黄瓜,not_found,,no search results
HERB002341,厚朴子,not_found,,no exact pharmacopoeia herb result
HERB002360,虎刺,not_found,,no search results
HERB002363,蝴蝶花,not_found,,no search results
HERB002374,狐狸,not_found,,no search results
HERB002367,虎骨,not_found,,no search results
HERB002375,葫芦,not_found,,no exact pharmacopoeia herb result
HERB002362,胡葱,not_found,,no search results
HERB002366,虎耳草叶茴芹,not_found,,no search results
HERB002364,蝴蝶花豆,not_found,,no exact pharmacopoeia herb result
HERB002337,厚皮花椒,not_found,,no exact pharmacopoeia herb result
HERB002348,后夜钩藤,not_found,,no exact pharmacopoeia herb result
HERB002368,瓠瓜,not_found,,no exact pharmacopoeia herb result
HERB002336,厚壳桂,not_found,,no exact pharmacopoeia herb result
HERB002357,湖北山麦冬,not_found,,no exact pharmacopoeia herb result
HERB002377,葫芦茶,not_found,,no search results
HERB002380,胡萝卜,not_found,,no search results
HERB002350,厚叶岩白菜,not_found,,no exact pharmacopoeia herb result
HERB002358,湖北山楂,not_found,,no exact pharmacopoeia herb result
HERB002372,胡椒花椒,not_found,,no exact pharmacopoeia herb result
HERB002356,湖北黄精,not_found,,no exact pharmacopoeia herb result
HERB002383,胡麻花,not_found,,no exact pharmacopoeia herb result
HERB002394,胡桃壳,not_found,,no exact pharmacopoeia herb result
HERB002389,互生叶叶决明,not_found,,no exact pharmacopoeia herb result
HERB002398,胡桃树皮,not_found,,no exact pharmacopoeia herb result
HERB002393,胡桃花,not_found,,no exact pharmacopoeia herb result
HERB002361,虎刺楤木,not_found,,no exact pharmacopoeia herb result
HERB002387,互生红景天,not_found,,no exact pharmacopoeia herb result
HERB002403,虎眼万年青,not_found,,no exact pharmacopoeia herb result
HERB002406,虎掌草,not_found,,no search results
HERB002382,胡麻根,not_found,,no exact pharmacopoeia herb result
HERB002402,虎尾兰,not_found,,no search results
HERB002408,胡枝子,not_found,,no exact pharmacopoeia herb result
HERB002388,互生叶白千层,not_found,,no exact pharmacopoeia herb result
HERB002386,虎舌红,not_found,,no exact pharmacopoeia herb result
HERB002381,胡萝卜子,not_found,,no exact pharmacopoeia herb result
HERB002415,华东椴,not_found,,no exact pharmacopoeia herb result
HERB002379,葫芦七变种,not_found,,no exact pharmacopoeia herb result
HERB002378,葫芦七,not_found,,no exact pharmacopoeia herb result
HERB002395,胡桃青皮,not_found,,no exact pharmacopoeia herb result
HERB002411,华北白前,not_found,,no exact pharmacopoeia herb result
HERB002417,华东唐松草,not_found,,no exact pharmacopoeia herb result
HERB002399,胡桃叶,not_found,,no exact pharmacopoeia herb result
HERB002423,桦褐孔菌,not_found,,no exact pharmacopoeia herb result
HERB002384,胡麻叶,not_found,,no exact pharmacopoeia herb result
HERB002418,花粉,not_found,,no exact pharmacopoeia herb result
HERB002391,胡荽子,not_found,,no exact pharmacopoeia herb result
HERB002392,胡桃根,not_found,,no exact pharmacopoeia herb result
HERB002400,胡桃油,not_found,,no exact pharmacopoeia herb result
HERB002401,胡桃枝,not_found,,no exact pharmacopoeia herb result
HERB002407,虎杖叶,not_found,,no exact pharmacopoeia herb result
HERB002409,花白蜡树,not_found,,no exact pharmacopoeia herb result
HERB002404,槲叶,not_found,,no exact pharmacopoeia herb result
HERB002433,华南功劳木,not_found,,no exact pharmacopoeia herb result
HERB002414,花重楼,not_found,,no exact pharmacopoeia herb result
HERB002438,华南猕猴桃,not_found,,no exact pharmacopoeia herb result
HERB002422,华鬼臼,not_found,,no exact pharmacopoeia herb result
HERB002412,华北蓝盆花,not_found,,no exact pharmacopoeia herb result
HERB002416,华东蓝刺头,not_found,,no exact pharmacopoeia herb result
HERB002413,花茶表,not_found,,no exact pharmacopoeia herb result
HERB002439,华南忍冬,not_found,,no exact pharmacopoeia herb result
HERB002436,华南鹤虱,not_found,,no exact pharmacopoeia herb result
HERB002420,华钩藤,not_found,,no exact pharmacopoeia herb result
HERB002428,化橘红,ok_no_empty_fields,https://ydz.chp.org.cn/#/item?bookId=1&entryId=109,matched page but target columns already had values
HERB002437,华南马尾杉,not_found,,no exact pharmacopoeia herb result
HERB002445,华山矾,not_found,,no exact pharmacopoeia herb result
HERB002434,华南功劳叶,not_found,,no exact pharmacopoeia herb result
HERB002421,花冠银莲花,not_found,,no exact pharmacopoeia herb result
HERB002441,华南皂荚,not_found,,no exact pharmacopoeia herb result
HERB002427,化金丹,not_found,,no exact pharmacopoeia herb result
HERB002425,花椒根,not_found,,no exact pharmacopoeia herb result
HERB002448,花生衣,not_found,,no search results
HERB002443,花蕊石,ok_no_empty_fields,https://ydz.chp.org.cn/#/item?bookId=1&entryId=248,matched page but target columns already had values
HERB002440,华南吴茱萸,not_found,,no exact pharmacopoeia herb result
HERB002430,花菱草,not_found,,no exact pharmacopoeia herb result
HERB002449,花生油,not_found,,no search results
HERB002429,华丽蛇鞭菊,not_found,,no exact pharmacopoeia herb result
HERB002432,桦木皮,not_found,,no exact pharmacopoeia herb result
HERB002452,桦树液,not_found,,no search results
HERB002435,华南功劳子,not_found,,no exact pharmacopoeia herb result
HERB002459,花序梗百脉根,not_found,,no exact pharmacopoeia herb result
HERB002444,华桑,not_found,,no exact pharmacopoeia herb result
HERB002460,花椰菜,not_found,,no search results
HERB002463,华中瘤足蕨,not_found,,no exact pharmacopoeia herb result
HERB002450,滑石,ok_no_empty_fields,https://ydz.chp.org.cn/#/item?bookId=1&entryId=554,matched page but target columns already had values
HERB002447,华山松,not_found,,no exact pharmacopoeia herb result
HERB002478,槐叶,not_found,,no search results
HERB002453,花唐松草,not_found,,no exact pharmacopoeia herb result
HERB002481,鲩鱼,not_found,,no exact pharmacopoeia herb result
HERB002451,滑石粉,ok_no_empty_fields,https://ydz.chp.org.cn/#/item?bookId=1&entryId=555,matched page but target columns already had values
HERB002462,华泽兰,not_found,,no exact pharmacopoeia herb result
HERB002487,黄蘗,not_found,,no search results
HERB002455,华西贝母,not_found,,no exact pharmacopoeia herb result
HERB002470,槐耳,not_found,,no exact pharmacopoeia herb result
HERB002457,化香树果,not_found,,no exact pharmacopoeia herb result
HERB002461,花叶假杜鹃,not_found,,no exact pharmacopoeia herb result
HERB002493,黄大豆,not_found,,no search results
HERB002498,黄瓜,not_found,,no search results
HERB002458,化香树叶,not_found,,no exact pharmacopoeia herb result
HERB002454,花桃树,not_found,,no exact pharmacopoeia herb result
HERB002471,槐根,not_found,,no exact pharmacopoeia herb result
HERB002465,华中五味子,not_found,,no exact pharmacopoeia herb result
HERB002442,华千金藤,not_found,,no exact pharmacopoeia herb result
HERB002482,换装金丝桃?,not_found,,no exact pharmacopoeia herb result
HERB002464,华中前胡,not_found,,no exact pharmacopoeia herb result
HERB002509,黄花菜,not_found,,no search results
HERB002497,黄狗肾,not_found,,no search results
HERB002492,黄菖蒲,not_found,,no exact pharmacopoeia herb result
HERB002485,黄白红谷,not_found,,no exact pharmacopoeia herb result
HERB002504,黄海罂粟,not_found,,no exact pharmacopoeia herb result
HERB002491,黄蝉,not_found,,no exact pharmacopoeia herb result
HERB002508,黄花败酱,not_found,,no exact pharmacopoeia herb result
HERB002496,黄根树,not_found,,no exact pharmacopoeia herb result
HERB002490,黄菠萝果,not_found,,no exact pharmacopoeia herb result
HERB002510,黄花菜,not_found,,no search results
HERB002484,黄百合,not_found,,no exact pharmacopoeia herb result
HERB002494,黄甘草,not_found,,no exact pharmacopoeia herb result
HERB002486,黄白糖芥,not_found,,no exact pharmacopoeia herb result
HERB002521,黄花鼠尾草,not_found,,no exact pharmacopoeia herb result
HERB002520,黄花稔,not_found,,no exact pharmacopoeia herb result
HERB002500,黄瓜藤,not_found,,no exact pharmacopoeia herb result
HERB002495,黄根姜黄,not_found,,no exact pharmacopoeia herb result
HERB002515,黄花蒿,not_found,,no exact pharmacopoeia herb result
HERB002516,黄花蒿子,not_found,,no exact pharmacopoeia herb result
HERB002499,黄瓜根,not_found,,no exact pharmacopoeia herb result
HERB002517,黄花夹竹桃,not_found,,no exact pharmacopoeia herb result
HERB002524,黄花烟草,not_found,,no search results
HERB002503,黄海棠,not_found,,no exact pharmacopoeia herb result
HERB002502,黄果茄,not_found,,no exact pharmacopoeia herb result
HERB002506,黄褐毛忍冬,not_found,,no exact pharmacopoeia herb result
HERB002530,黄金,not_found,,no search results
HERB002513,黄花儿柳,not_found,,no exact pharmacopoeia herb result
HERB002528,皇家海罂粟,not_found,,no exact pharmacopoeia herb result
HERB002523,黄花香茶菜,not_found,,no exact pharmacopoeia herb result
HERB002501,黄瓜叶,not_found,,no exact pharmacopoeia herb result
HERB002511,黄花草,not_found,,no exact pharmacopoeia herb result
HERB002526,黄花子,not_found,,no exact pharmacopoeia herb result
HERB002514,黄花海罂粟,not_found,,no exact pharmacopoeia herb result
HERB002533,黄金树,not_found,,no search results
HERB002527,黄精种子,not_found,,no exact pharmacopoeia herb result
HERB002518,黄花九轮草,not_found,,no exact pharmacopoeia herb result
HERB002525,黄花远志,not_found,,no exact pharmacopoeia herb result
HERB002522,黄花乌头,not_found,,no exact pharmacopoeia herb result
HERB002545,黄栌,not_found,,no search results
HERB002546,黄栌枝叶,not_found,,no exact pharmacopoeia herb result
HERB002535,黄精根,not_found,,no exact pharmacopoeia herb result
HERB002519,黄花木,not_found,,no exact pharmacopoeia herb result
HERB002551,黄毛鳞毛蕨,not_found,,no exact pharmacopoeia herb result
HERB002532,黄金古草,not_found,,no exact pharmacopoeia herb result
HERB002543,黄苓,not_found,,no exact pharmacopoeia herb result
HERB002539,黄葵,not_found,,no exact pharmacopoeia herb result
HERB002536,黄精叶,not_found,,no exact pharmacopoeia herb result
HERB002538,黄酒,not_found,,no exact pharmacopoeia herb result
HERB002529,黄接骨丹,not_found,,no exact pharmacopoeia herb result
HERB002541,黄莲花,not_found,,no exact pharmacopoeia herb result
HERB002537,黄精枝,not_found,,no exact pharmacopoeia herb result
HERB002544,黄龙胆,not_found,,no exact pharmacopoeia herb result
HERB002554,黄明胶,not_found,,no search results
HERB002557,黄皮树,not_found,,no exact pharmacopoeia herb result
HERB002542,黄连芽,not_found,,no exact pharmacopoeia herb result
HERB002547,黄麻叶,not_found,,no exact pharmacopoeia herb result
HERB002548,黄麻子,not_found,,no exact pharmacopoeia herb result
HERB002550,黄毛茛,not_found,,no exact pharmacopoeia herb result
HERB002552,黄毛乌头,not_found,,no exact pharmacopoeia herb result
HERB002576,黄水仙,not_found,,no search results
HERB002556,黄皮根,not_found,,no exact pharmacopoeia herb result
HERB002549,黄毛楤木,not_found,,no exact pharmacopoeia herb result
HERB002553,黄缅桂,not_found,,no exact pharmacopoeia herb result
HERB002562,黄鞘蕊花,not_found,,no exact pharmacopoeia herb result
HERB002567,黄赛金莲木,not_found,,no exact pharmacopoeia herb result
HERB002565,黄芪胶,not_found,,no exact pharmacopoeia herb result
HERB002559,黄瓶子草,not_found,,no exact pharmacopoeia herb result
HERB002586,黄杨木叶,not_found,,no exact pharmacopoeia herb result
HERB002569,黄色奥丁草,not_found,,no exact pharmacopoeia herb result
HERB002555,黄牛木,not_found,,no exact pharmacopoeia herb result
HERB002575,黄水晶兰,not_found,,no exact pharmacopoeia herb result
HERB002558,黄皮叶,not_found,,no exact pharmacopoeia herb result
HERB002566,黄芩子,not_found,,no exact pharmacopoeia herb result
HERB002571,黄色千里光,not_found,,no exact pharmacopoeia herb result
HERB002564,黄芩甙,not_found,,no exact pharmacopoeia herb result
HERB002592,黄叶地不容,not_found,,no search results
HERB002589,黄杨叶木瓣树,not_found,,no exact pharmacopoeia herb result
HERB002594,黄叶槐,not_found,,no exact pharmacopoeia herb result
HERB002578,黄唐松草,not_found,,no exact pharmacopoeia herb result
HERB002568,黄三七,not_found,,no exact pharmacopoeia herb result
HERB002593,黄叶毒性菜,not_found,,no exact pharmacopoeia herb result
HERB002604,灰白实参,not_found,,no exact pharmacopoeia herb result
HERB002615,回回苏,not_found,,no exact pharmacopoeia herb result
HERB002605,灰白向日葵,not_found,,no exact pharmacopoeia herb result
HERB002611,蛔蒿,not_found,,no exact pharmacopoeia herb result
HERB002600,灰白独活,not_found,,no exact pharmacopoeia herb result
HERB002614,回回豆,not_found,,no exact pharmacopoeia herb result
HERB002585,黄烟木,not_found,,no exact pharmacopoeia herb result
HERB002587,黄杨小檗,not_found,,no exact pharmacopoeia herb result
HERB002622,茴芹,not_found,,no exact pharmacopoeia herb result
HERB002581,黄乌头,not_found,,no exact pharmacopoeia herb result
HERB002595,黄硬皮马勃,not_found,,no exact pharmacopoeia herb result
HERB002624,惠特克茅膏菜,not_found,,no exact pharmacopoeia herb result
HERB002602,灰白毛萝芙木,not_found,,no exact pharmacopoeia herb result
HERB002582,黄细辛,not_found,,no exact pharmacopoeia herb result
HERB002612,灰胡桃,not_found,,no exact pharmacopoeia herb result
HERB002635,喙柱牛奶菜,not_found,,no exact pharmacopoeia herb result
HERB002590,黄药,not_found,,no exact pharmacopoeia herb result
HERB002596,黄羽扇豆,not_found,,no exact pharmacopoeia herb result
HERB002610,喙果绞股蓝,not_found,,no exact pharmacopoeia herb result
HERB002631,灰叶杜茎山,not_found,,no exact pharmacopoeia herb result
HERB002643,火炭母草,not_found,,no search results
HERB002616,回回苏梗,not_found,,no exact pharmacopoeia herb result
HERB002607,灰白益母草,not_found,,no exact pharmacopoeia herb result
HERB002617,回回苏叶,not_found,,no exact pharmacopoeia herb result
HERB002626,茴香虫,not_found,,no exact pharmacopoeia herb result
HERB002623,灰色欧石楠,not_found,,no exact pharmacopoeia herb result
HERB002647,藿香叶绿绒蒿,not_found,,no exact pharmacopoeia herb result
HERB002628,茴香根茎叶,not_found,,no exact pharmacopoeia herb result
HERB002627,茴香根,not_found,,no exact pharmacopoeia herb result
HERB002655,荠菜,not_found,,no search results
HERB002657,荠菜子,not_found,,no exact pharmacopoeia herb result
HERB002656,荠菜花,not_found,,no exact pharmacopoeia herb result
HERB002660,棘刺花,not_found,,no exact pharmacopoeia herb result
HERB002632,灰叶根,not_found,,no exact pharmacopoeia herb result
HERB002634,灰毡毛忍冬,not_found,,no exact pharmacopoeia herb result
HERB002629,茴香茎叶,not_found,,no exact pharmacopoeia herb result
HERB002678,鸡冠刺桐,not_found,,no exact pharmacopoeia herb result
HERB002641,火山岩草胡椒,not_found,,no exact pharmacopoeia herb result
HERB002674,基建龙舌兰,not_found,,no search results
HERB002669,鸡冠子,not_found,,no search results
HERB002653,集安红参,not_found,,no exact pharmacopoeia herb result
HERB002666,鸡冠刺桐,not_found,,no exact pharmacopoeia herb result
HERB002668,鸡冠苗,not_found,,no exact pharmacopoeia herb result
HERB002642,火索麻,not_found,,no exact pharmacopoeia herb result
HERB002692,几内亚格木,not_found,,no search results
HERB002648,火焰花,not_found,,no exact pharmacopoeia herb result
HERB002645,藿香根,not_found,,no exact pharmacopoeia herb result
HERB002649,火殃勒,not_found,,no exact pharmacopoeia herb result
HERB002684,吉林延龄草,not_found,,no exact pharmacopoeia herb result
HERB002662,鸡蛋果,not_found,,no exact pharmacopoeia herb result
HERB002695,鸡肉,not_found,,no search results
HERB002681,蒺藜苗,not_found,,no exact pharmacopoeia herb result
HERB002686,鸡毛松,not_found,,no exact pharmacopoeia herb result
HERB002693,几内亚胡椒,not_found,,no exact pharmacopoeia herb result
HERB002659,鸡肠狼毒,not_found,,no exact pharmacopoeia herb result
HERB002699,鸡矢藤,not_found,,no exact pharmacopoeia herb result
HERB002664,积甘草,not_found,,no exact pharmacopoeia herb result
HERB002702,鸡嗉子,not_found,,no exact pharmacopoeia herb result
HERB002661,鸡胆,not_found,,no exact pharmacopoeia herb result
HERB002700,鸡矢藤,not_found,,no exact pharmacopoeia herb result
HERB002685,鸡毛菜,not_found,,no exact pharmacopoeia herb result
HERB002703,鸡胎,not_found,,no exact pharmacopoeia herb result
HERB002698,即食芦荟,not_found,,no exact pharmacopoeia herb result
HERB002683,吉林乌头,not_found,,no exact pharmacopoeia herb result
HERB002722,蓟罂粟,not_found,,no exact pharmacopoeia herb result
HERB002688,继木,not_found,,no exact pharmacopoeia herb result
HERB002706,吉祥草,not_found,,no exact pharmacopoeia herb result
HERB002721,戟叶酸模,not_found,,no exact pharmacopoeia herb result
HERB002691,几内亚斑鸠菊,not_found,,no exact pharmacopoeia herb result
HERB002697,吉氏红景天,not_found,,no exact pharmacopoeia herb result
HERB002715,鸡血藤根,not_found,,no exact pharmacopoeia herb result
HERB002704,鸡娃草,not_found,,no exact pharmacopoeia herb result
HERB002716,鸡眼草,not_found,,no exact pharmacopoeia herb result
HERB002701,鸡矢藤果,not_found,,no exact pharmacopoeia herb result
HERB002728,鸡子壳,not_found,,no exact pharmacopoeia herb result
HERB002717,棘叶,not_found,,no exact pharmacopoeia herb result
HERB002718,戟叶马鞭草,not_found,,no exact pharmacopoeia herb result
HERB002734,假单胞菌洋槐,not_found,,no exact pharmacopoeia herb result
HERB002731,假百合,not_found,,no exact pharmacopoeia herb result
HERB002737,佳东方千里光,not_found,,no exact pharmacopoeia herb result
HERB002726,鸡子白,not_found,,no exact pharmacopoeia herb result
HERB002735,假地胆草,not_found,,no exact pharmacopoeia herb result
HERB002748,假苦瓜,not_found,,no exact pharmacopoeia herb result
HERB002736,假地枫皮,not_found,,no exact pharmacopoeia herb result
HERB002743,加灰色九里香婆婆纳,not_found,,no exact pharmacopoeia herb result
HERB002720,戟叶鼠尾草,not_found,,no exact pharmacopoeia herb result
HERB002730,鸡纵,not_found,,no exact pharmacopoeia herb result
HERB002732,假贝母,not_found,,no exact pharmacopoeia herb result
HERB002761,加拿大苍耳,not_found,,no exact pharmacopoeia herb result
HERB002725,棘针,not_found,,no exact pharmacopoeia herb result
HERB002759,假木豆,not_found,,no exact pharmacopoeia herb result
HERB002762,加拿大红豆杉,not_found,,no exact pharmacopoeia herb result
HERB002719,蕺叶秋海棠,not_found,,no exact pharmacopoeia herb result
HERB002755,假马齿苋,not_found,,no exact pharmacopoeia herb result
HERB002767,加纳利美登木,not_found,,no exact pharmacopoeia herb result
HERB002770,假山胡椒,not_found,,no exact pharmacopoeia herb result
HERB002727,鸡子黄,not_found,,no exact pharmacopoeia herb result
HERB002729,鸡子木,not_found,,no exact pharmacopoeia herb result
HERB002723,鲫鱼胆,not_found,,no exact pharmacopoeia herb result
HERB002754,假马鞭,not_found,,no exact pharmacopoeia herb result
HERB002740,茄根,not_found,,no exact pharmacopoeia herb result
HERB002751,甲类决明,not_found,,no exact pharmacopoeia herb result
HERB002774,假细锥香茶菜,not_found,,no exact pharmacopoeia herb result
HERB002771,假水仙,not_found,,no exact pharmacopoeia herb result
HERB002776,假叶树,not_found,,no exact pharmacopoeia herb result
HERB002742,假黄花远志,not_found,,no exact pharmacopoeia herb result
HERB002772,假酸浆,not_found,,no exact pharmacopoeia herb result
HERB002791,假地枫皮,not_found,,no exact pharmacopoeia herb result
HERB002780,加州藜芦,not_found,,no exact pharmacopoeia herb result
HERB002777,假鹰爪,not_found,,no exact pharmacopoeia herb result
HERB002745,假荆芥,not_found,,no exact pharmacopoeia herb result
HERB002788,假总状花序山小橘,not_found,,no exact pharmacopoeia herb result
HERB002781,加州七叶树,not_found,,no exact pharmacopoeia herb result
HERB002800,剑麻,not_found,,no search results
HERB002753,假连翘叶,not_found,,no exact pharmacopoeia herb result
HERB002785,夹竹桃,not_found,,no exact pharmacopoeia herb result
HERB002760,加拿大包春香,not_found,,no exact pharmacopoeia herb result
HERB002763,加拿大黄芪,not_found,,no exact pharmacopoeia herb result
HERB002769,加蓬紫玉盘,not_found,,no exact pharmacopoeia herb result
HERB002792,箭杆杨,not_found,,no exact pharmacopoeia herb result
HERB002805,尖锐毛茶,not_found,,no exact pharmacopoeia herb result
HERB002752,假连翘,not_found,,no exact pharmacopoeia herb result
HERB002765,加拿大细辛,not_found,,no exact pharmacopoeia herb result
HERB002768,加拿利鼠尾草,not_found,,no exact pharmacopoeia herb result
HERB002779,假泽兰,not_found,,no exact pharmacopoeia herb result
HERB002810,嘉兴烟草,not_found,,no exact pharmacopoeia herb result
HERB002803,剪秋罗毛蕊花,not_found,,no exact pharmacopoeia herb result
HERB002790,剪灯芯草,not_found,,no exact pharmacopoeia herb result
HERB002787,加紫草,not_found,,no exact pharmacopoeia herb result
HERB002804,建曲,not_found,,no exact pharmacopoeia herb result
HERB002786,夹竹桃麻,not_found,,no exact pharmacopoeia herb result
HERB002783,加州夏腊梅,not_found,,no exact pharmacopoeia herb result
HERB002817,剑叶龙血树,not_found,,no search results
HERB002794,尖海龙,not_found,,no exact pharmacopoeia herb result
HERB002796,渐尖木兰,not_found,,no exact pharmacopoeia herb result
HERB002793,箭根薯,not_found,,no exact pharmacopoeia herb result
HERB002811,见血封喉,not_found,,no exact pharmacopoeia herb result
HERB002815,尖叶番泻叶,not_found,,no exact pharmacopoeia herb result
HERB002798,尖距紫堇,not_found,,no exact pharmacopoeia herb result
HERB002773,假乌头,not_found,,no exact pharmacopoeia herb result
HERB002808,尖尾芋,not_found,,no exact pharmacopoeia herb result
HERB002820,尖叶唐松草,not_found,,no exact pharmacopoeia herb result
HERB002830,箭紫苏,not_found,,no exact pharmacopoeia herb result
HERB002812,见血清,not_found,,no exact pharmacopoeia herb result
HERB002832,尖子玉盘,not_found,,no search results
HERB002838,浆果苋,not_found,,no exact pharmacopoeia herb result
HERB002834,僵蚕,ok_no_empty_fields,https://ydz.chp.org.cn/#/item?bookId=1&entryId=598,matched page but target columns already had values
HERB002836,豇豆,not_found,,no search results
HERB002814,尖叶梣,not_found,,no exact pharmacopoeia herb result
HERB002818,尖叶清风藤,not_found,,no exact pharmacopoeia herb result
HERB002816,尖叶花椒,not_found,,no exact pharmacopoeia herb result
HERB002839,浆果紫杉,not_found,,no exact pharmacopoeia herb result
HERB002821,剑叶铁树叶,not_found,,no exact pharmacopoeia herb result
HERB002856,绞股蓝,not_found,,no exact pharmacopoeia herb result
HERB002843,江南卷柏,not_found,,no exact pharmacopoeia herb result
HERB002849,僵蛹,not_found,,no exact pharmacopoeia herb result
HERB002819,尖叶十大功劳,not_found,,no exact pharmacopoeia herb result
HERB002853,角叉菜,not_found,,no search results
HERB002851,江孜沙棘,not_found,,no exact pharmacopoeia herb result
HERB002845,江西青牛胆,not_found,,no exact pharmacopoeia herb result
HERB002825,尖叶芸香草,not_found,,no exact pharmacopoeia herb result
HERB002823,尖叶叶下珠,not_found,,no exact pharmacopoeia herb result
HERB002828,坚硬悬钩子,not_found,,no exact pharmacopoeia herb result
HERB002831,箭紫苏叶,not_found,,no exact pharmacopoeia herb result
HERB002824,箭叶淫羊藿,not_found,,no exact pharmacopoeia herb result
HERB002846,降香,ok_no_empty_fields,https://ydz.chp.org.cn/#/item?bookId=1&entryId=356,matched page but target columns already had values
HERB002827,剑影柴胡,not_found,,no exact pharmacopoeia herb result
HERB002850,降真香,not_found,,no exact pharmacopoeia herb result
HERB002844,姜皮,not_found,,no exact pharmacopoeia herb result
HERB002841,绛梨木根,not_found,,no exact pharmacopoeia herb result
HERB002874,芥菜,not_found,,no search results
HERB002870,胶质鼠尾草,not_found,,no exact pharmacopoeia herb result
HERB002873,胶状车前,not_found,,no exact pharmacopoeia herb result
HERB002875,缬草根,not_found,,no exact pharmacopoeia herb result
HERB002881,节毛飞廉,not_found,,no exact pharmacopoeia herb result
HERB002862,胶粘香茶菜,not_found,,no exact pharmacopoeia herb result
HERB002888,金箔,not_found,,no search results
HERB002889,金不换,not_found,,no search results
HERB002892,金丹,not_found,,no exact pharmacopoeia herb result
HERB002864,焦三仙,not_found,,no exact pharmacopoeia herb result
HERB002894,近东罂粟,not_found,,no exact pharmacopoeia herb result
HERB002891,金钗凤尾蕨,not_found,,no exact pharmacopoeia herb result
HERB002848,姜叶,not_found,,no exact pharmacopoeia herb result
HERB002857,角果木,not_found,,no exact pharmacopoeia herb result
HERB002872,角柱花,not_found,,no exact pharmacopoeia herb result
HERB002897,金粉蕨,not_found,,no exact pharmacopoeia herb result
HERB002895,金发藓,not_found,,no search results
HERB002861,椒目,not_found,,no exact pharmacopoeia herb result
HERB002863,交让木,not_found,,no exact pharmacopoeia herb result
HERB002905,金华猕猴桃,not_found,,no search results
HERB002904,金果揽,not_found,,no exact pharmacopoeia herb result
HERB002865,焦山栀,not_found,,no exact pharmacopoeia herb result
HERB002913,锦鸡儿,not_found,,no exact pharmacopoeia herb result
HERB002879,节茎石仙桃,not_found,,no exact pharmacopoeia herb result
HERB002918,金鸡尾巴草根,not_found,,no exact pharmacopoeia herb result
HERB002883,睫毛叶鼠尾草,not_found,,no exact pharmacopoeia herb result
HERB002924,金桔,not_found,,no search results
HERB002890,荩草,not_found,,no exact pharmacopoeia herb result
HERB002900,金刚大,not_found,,no exact pharmacopoeia herb result
HERB002916,金鸡纳,not_found,,no search results
HERB002910,金黄革菌,not_found,,no exact pharmacopoeia herb result
HERB002927,金莲花猪屎豆,not_found,,no exact pharmacopoeia herb result
HERB002859,焦麦芽,not_found,,no exact pharmacopoeia herb result
HERB002923,金锦香,not_found,,no search results
HERB002899,金刚刺,not_found,,no exact pharmacopoeia herb result
HERB002908,金黄侧金盏花,not_found,,no exact pharmacopoeia herb result
HERB002935,金平哥纳香,not_found,,no exact pharmacopoeia herb result
HERB002909,金黄柴胡,not_found,,no exact pharmacopoeia herb result
HERB002903,金光菊,not_found,,no exact pharmacopoeia herb result
HERB002907,金黄草素?,not_found,,no exact pharmacopoeia herb result
HERB002914,锦鸡儿根,not_found,,no exact pharmacopoeia herb result
HERB002906,金花小檗,not_found,,no exact pharmacopoeia herb result
HERB002934,金礞石,ok_no_empty_fields,https://ydz.chp.org.cn/#/item?bookId=1&entryId=344,matched page but target columns already had values
HERB002912,金黄连,not_found,,no exact pharmacopoeia herb result
HERB002939,金钱蒲,not_found,,no exact pharmacopoeia herb result
HERB002930,金毛耳草,not_found,,no exact pharmacopoeia herb result
HERB002936,金钱白话蛇,not_found,,no exact pharmacopoeia herb result
HERB002917,金鸡尾,not_found,,no exact pharmacopoeia herb result
HERB002946,锦熟黄杨,not_found,,no search results
HERB002921,金甲豆,not_found,,no exact pharmacopoeia herb result
HERB002928,金莲木,not_found,,no exact pharmacopoeia herb result
HERB002925,金橘叶,not_found,,no exact pharmacopoeia herb result
HERB002931,金毛狗,not_found,,no exact pharmacopoeia herb result
HERB002933,金毛木通,not_found,,no exact pharmacopoeia herb result
HERB002953,金粟兰,not_found,,no exact pharmacopoeia herb result
HERB002950,金丝梅,not_found,,no exact pharmacopoeia herb result
HERB002943,金雀儿,not_found,,no exact pharmacopoeia herb result
HERB002951,金丝刷,not_found,,no exact pharmacopoeia herb result
HERB002940,金钱蒲叶,not_found,,no exact pharmacopoeia herb result
HERB002945,金色木菌,not_found,,no exact pharmacopoeia herb result
HERB002938,金钱苦叶草,not_found,,no exact pharmacopoeia herb result
HERB002967,金鱼,not_found,,no search results
HERB002968,金鱼草,not_found,,no search results
HERB002975,金字塔形千里光,not_found,,no exact pharmacopoeia herb result
HERB002947,金刷把,not_found,,no exact pharmacopoeia herb result
HERB002971,金针菜,not_found,,no search results
HERB002949,金丝马尾连,not_found,,no exact pharmacopoeia herb result
HERB002952,金丝桃果实,not_found,,no exact pharmacopoeia herb result
HERB002974,金字塔木兰,not_found,,no exact pharmacopoeia herb result
HERB002948,金丝带,not_found,,no exact pharmacopoeia herb result
HERB002944,金雀根,not_found,,no exact pharmacopoeia herb result
HERB002978,粳谷奴,not_found,,no exact pharmacopoeia herb result
HERB002957,金线草,not_found,,no exact pharmacopoeia herb result
HERB002960,金椰子,not_found,,no exact pharmacopoeia herb result
HERB002980,净化花椰菜,not_found,,no search results
HERB002988,京梨猕猴桃,not_found,,no exact pharmacopoeia herb result
HERB002964,金樱花,not_found,,no exact pharmacopoeia herb result
HERB002969,金盏菊,not_found,,no exact pharmacopoeia herb result
HERB002961,金翼黄芪,not_found,,no exact pharmacopoeia herb result
HERB002965,金樱叶,not_found,,no exact pharmacopoeia herb result
HERB003003,韭菜根,not_found,,no exact pharmacopoeia herb result
HERB002993,景天三七,not_found,,no search results
HERB002963,金樱根,not_found,,no exact pharmacopoeia herb result
HERB002987,荆芥叶狮耳草,not_found,,no exact pharmacopoeia herb result
HERB002979,景洪暗罗,not_found,,no exact pharmacopoeia herb result
HERB003002,韭菜,not_found,,no exact pharmacopoeia herb result
HERB003006,韭葱,not_found,,no search results
HERB002970,金盏菊花,not_found,,no exact pharmacopoeia herb result
HERB002972,金钟花,not_found,,no exact pharmacopoeia herb result
HERB003008,九华大萼香茶菜,not_found,,no exact pharmacopoeia herb result
HERB002984,荆芥根,not_found,,no exact pharmacopoeia herb result
HERB002985,荆芥花,not_found,,no exact pharmacopoeia herb result
HERB003022,巨大蓝刺头,not_found,,no exact pharmacopoeia herb result
HERB003009,九节茶,not_found,,no exact pharmacopoeia herb result
HERB003005,九层风,not_found,,no exact pharmacopoeia herb result
HERB002997,金腰草,not_found,,no exact pharmacopoeia herb result
HERB003037,橘黄罂粟,not_found,,no exact pharmacopoeia herb result
HERB003018,橘白,not_found,,no exact pharmacopoeia herb result
HERB002998,鸡屎藤果,not_found,,no exact pharmacopoeia herb result
HERB002999,酒,not_found,,no exact pharmacopoeia herb result
HERB003007,酒大黄,not_found,,no exact pharmacopoeia herb result
HERB003024,橘根,not_found,,no exact pharmacopoeia herb result
HERB003020,锯齿石松,not_found,,no exact pharmacopoeia herb result
HERB003012,九里香根,not_found,,no exact pharmacopoeia herb result
HERB003042,聚醚金合欢,not_found,,no search results
HERB003011,九里香根,not_found,,no exact pharmacopoeia herb result
HERB003014,九眼石,not_found,,no exact pharmacopoeia herb result
HERB003025,聚果榕,not_found,,no exact pharmacopoeia herb result
HERB003040,橘络,not_found,,no search results
HERB003047,聚散花椰菜,not_found,,no search results
HERB003052,苣苔香茶菜,not_found,,no exact pharmacopoeia herb result
HERB003033,菊花黄连,not_found,,no exact pharmacopoeia herb result
HERB003036,巨花雪胆,not_found,,no exact pharmacopoeia herb result
HERB003050,巨杉,not_found,,no exact pharmacopoeia herb result
HERB003032,聚花过路黄,not_found,,no exact pharmacopoeia herb result
HERB003062,卷丹,not_found,,no exact pharmacopoeia herb result
HERB003030,橘红珠,not_found,,no exact pharmacopoeia herb result
HERB003035,菊花石斛,not_found,,no exact pharmacopoeia herb result
HERB003063,卷毛黄檀,not_found,,no search results
HERB003038,蒟酱叶,not_found,,no exact pharmacopoeia herb result
HERB003059,巨紫荆,not_found,,no exact pharmacopoeia herb result
HERB003034,菊花黄檀,not_found,,no exact pharmacopoeia herb result
HERB003073,君子兰,not_found,,no search results
HERB003060,橘子香精,not_found,,no exact pharmacopoeia herb result
HERB003049,橘色毛蕊花,not_found,,no exact pharmacopoeia herb result
HERB003068,爵床,not_found,,no exact pharmacopoeia herb result
HERB003064,卷毛阔苞菊,not_found,,no exact pharmacopoeia herb result
HERB003057,巨圆叶黄耆,not_found,,no exact pharmacopoeia herb result
HERB003046,巨人柱,not_found,,no exact pharmacopoeia herb result
HERB003043,菊米鼠尾草,not_found,,no exact pharmacopoeia herb result
HERB003072,君子兰,not_found,,no search results
HERB003080,卡罗来纳地胆草,not_found,,no search results
HERB003086,卡氏前沟藻,not_found,,no search results
HERB003079,卡罗来纳翠雀,not_found,,no search results
HERB003048,橘色沟酸浆,not_found,,no exact pharmacopoeia herb result
HERB003078,卡洛金合欢,not_found,,no exact pharmacopoeia herb result
HERB003081,卡罗来纳石松,not_found,,no search results
HERB003053,橘叶,not_found,,no exact pharmacopoeia herb result
HERB003058,枸橼叶龙脑香,not_found,,no exact pharmacopoeia herb result
HERB003084,卡美香茶菜,not_found,,no exact pharmacopoeia herb result
HERB003091,开口箭,not_found,,no exact pharmacopoeia herb result
HERB003099,康定玉竹,not_found,,no exact pharmacopoeia herb result
HERB003090,卡住巴豆,not_found,,no exact pharmacopoeia herb result
HERB003065,绢毛蔷薇,not_found,,no exact pharmacopoeia herb result
HERB003106,可可,not_found,,no search results
HERB003066,卷鞘鸢尾,not_found,,no exact pharmacopoeia herb result
HERB003098,康定翠雀花,not_found,,no search results
HERB003096,勘察加毛连菜,not_found,,no exact pharmacopoeia herb result
HERB003071,君迁子,not_found,,no exact pharmacopoeia herb result
HERB003089,卡西亚松,not_found,,no exact pharmacopoeia herb result
HERB003069,蕨麻草,not_found,,no exact pharmacopoeia herb result
HERB003075,咖啡黄葵,not_found,,no exact pharmacopoeia herb result
HERB003101,糠皮毒毛旋花,not_found,,no exact pharmacopoeia herb result
HERB003108,克雷尼决明,not_found,,no exact pharmacopoeia herb result
HERB003088,卡瓦胡椒,not_found,,no exact pharmacopoeia herb result
HERB003117,磕藤子,not_found,,no exact pharmacopoeia herb result
HERB003107,可乐藤黄,not_found,,no search results
HERB003118,榼藤子仁,not_found,,no exact pharmacopoeia herb result
HERB003137,苦丁茶,not_found,,no search results
HERB003092,开罗黄芪,not_found,,no exact pharmacopoeia herb result
HERB003124,肯尼亚文殊兰,not_found,,no search results
HERB003093,开始当归,not_found,,no exact pharmacopoeia herb result
HERB003139,苦丁茶冬青,not_found,,no exact pharmacopoeia herb result
HERB003140,苦豆草,not_found,,no search results
HERB003144,苦瓜,not_found,,no exact pharmacopoeia herb result
HERB003094,凯特棱柱木,not_found,,no exact pharmacopoeia herb result
HERB003138,苦丁茶冬青,not_found,,no exact pharmacopoeia herb result
HERB003119,科西嘉松,not_found,,no exact pharmacopoeia herb result
HERB003082,喀麦隆金莲木,not_found,,no exact pharmacopoeia herb result
HERB003100,康利鸦胆子,not_found,,no exact pharmacopoeia herb result
HERB003123,肯尼亚没药,not_found,,no exact pharmacopoeia herb result
HERB003126,孔雀草,not_found,,no exact pharmacopoeia herb result
HERB003133,苦草,not_found,,no exact pharmacopoeia herb result
HERB003128,空心莲子草,not_found,,no exact pharmacopoeia herb result
HERB003127,孔石莼,not_found,,no exact pharmacopoeia herb result
HERB003141,苦豆根,not_found,,no exact pharmacopoeia herb result
HERB003158,库莽黄堇,not_found,,no search results
HERB003150,苦郎树,not_found,,no exact pharmacopoeia herb result
HERB003135,苦地胆,not_found,,no exact pharmacopoeia herb result
HERB003145,苦蒿,not_found,,no exact pharmacopoeia herb result
HERB003160,苦荞麦,not_found,,no search results
HERB003143,苦甘草,not_found,,no exact pharmacopoeia herb result
HERB003161,酷睿龙胆,not_found,,no exact pharmacopoeia herb result
HERB003142,苦豆子,not_found,,no exact pharmacopoeia herb result
HERB003168,苦石莲,not_found,,no search results
HERB003147,苦红菇,not_found,,no exact pharmacopoeia herb result
HERB003156,苦楝子,not_found,,no exact pharmacopoeia herb result
HERB003148,苦黄瓜,not_found,,no exact pharmacopoeia herb result
HERB003152,苦枥木叶,not_found,,no exact pharmacopoeia herb result
HERB003157,苦马豆,not_found,,no exact pharmacopoeia herb result
HERB003165,苦参碱,not_found,,no exact pharmacopoeia herb result
HERB003171,苦味堆心菊,not_found,,no exact pharmacopoeia herb result
HERB003163,苦山奈,not_found,,no exact pharmacopoeia herb result
HERB003155,苦楝叶,not_found,,no exact pharmacopoeia herb result
HERB003174,苦杏仁,ok_no_empty_fields,https://ydz.chp.org.cn/#/item?bookId=1&entryId=312,matched page but target columns already had values
HERB003178,库页岛泽兰,not_found,,no exact pharmacopoeia herb result
HERB003189,块茎西门菲草,not_found,,no search results
HERB003191,宽苞十大功劳,not_found,,no exact pharmacopoeia herb result
HERB003194,宽舌橐吾,not_found,,no exact pharmacopoeia herb result
HERB003186,块茎马兜铃,not_found,,no exact pharmacopoeia herb result
HERB003166,苦参实,not_found,,no exact pharmacopoeia herb result
HERB003184,块茎糙苏,not_found,,no exact pharmacopoeia herb result
HERB003199,宽叶买麻藤,not_found,,no exact pharmacopoeia herb result
HERB003172,枯萎远志,not_found,,no exact pharmacopoeia herb result
HERB003173,苦橡树,not_found,,no exact pharmacopoeia herb result
HERB003169,苦树皮,not_found,,no exact pharmacopoeia herb result
HERB003198,宽叶阔苞菊,not_found,,no exact pharmacopoeia herb result
HERB003180,苦远志,not_found,,no exact pharmacopoeia herb result
HERB003170,苦檀子,not_found,,no exact pharmacopoeia herb result
HERB003193,宽萼岩风,not_found,,no exact pharmacopoeia herb result
HERB003187,块茎马利筋,not_found,,no exact pharmacopoeia herb result
HERB003182,块根糙苏,not_found,,no exact pharmacopoeia herb result
HERB003209,魁蒿,not_found,,no exact pharmacopoeia herb result
HERB003179,枯叶乌头,not_found,,no exact pharmacopoeia herb result
HERB003207,盔瓣耳叶苔,not_found,,no exact pharmacopoeia herb result
HERB003211,昆栏树,not_found,,no exact pharmacopoeia herb result
HERB003181,苦蘵,not_found,,no exact pharmacopoeia herb result
HERB003206,宽羽线蕨,not_found,,no exact pharmacopoeia herb result
HERB003218,阔荚合欢,not_found,,no exact pharmacopoeia herb result
HERB003183,快跟垂头菊,not_found,,no exact pharmacopoeia herb result
HERB003221,阔叶猕猴桃,not_found,,no exact pharmacopoeia herb result
HERB003188,块茎水苏,not_found,,no exact pharmacopoeia herb result
HERB003203,宽叶山月桂,not_found,,no exact pharmacopoeia herb result
HERB003201,宽叶千里光,not_found,,no exact pharmacopoeia herb result
HERB003195,宽叶千里光,not_found,,no exact pharmacopoeia herb result
HERB003200,宽叶梅远志,not_found,,no exact pharmacopoeia herb result
HERB003220,阔叶萝芙木,not_found,,no exact pharmacopoeia herb result
HERB003215,昆明香茶菜,not_found,,no exact pharmacopoeia herb result
HERB003224,阔叶缬草,not_found,,no exact pharmacopoeia herb result
HERB003205,宽叶香蒲,not_found,,no exact pharmacopoeia herb result
HERB003202,宽叶羌活,not_found,,no exact pharmacopoeia herb result
HERB003196,宽叶重楼,not_found,,no exact pharmacopoeia herb result
HERB003213,昆明鸡血藤,not_found,,no exact pharmacopoeia herb result
HERB003230,辣根,not_found,,no exact pharmacopoeia herb result
HERB003219,阔叶骨碎补,not_found,,no exact pharmacopoeia herb result
HERB003212,昆明柴胡,not_found,,no exact pharmacopoeia herb result
HERB003214,昆明山海棠,not_found,,no exact pharmacopoeia herb result
HERB003223,阔叶山麦冬,not_found,,no exact pharmacopoeia herb result
HERB003227,喇叭粉石蕊,not_found,,no exact pharmacopoeia herb result
HERB003216,阔苞菊,not_found,,no exact pharmacopoeia herb result
HERB003226,喇叭茶,not_found,,no exact pharmacopoeia herb result
HERB003237,腊梅花,not_found,,no exact pharmacopoeia herb result
HERB003243,莱菔,not_found,,no search results
HERB003228,喇叭状多果蔬,not_found,,no exact pharmacopoeia herb result
HERB003262,兰屿落叶榕,not_found,,no exact pharmacopoeia herb result
HERB003236,辣蓼,not_found,,no exact pharmacopoeia herb result
HERB003255,蓝鲸,not_found,,no search results
HERB003252,蓝萼香茶菜,not_found,,no exact pharmacopoeia herb result
HERB003233,辣椒茎,not_found,,no exact pharmacopoeia herb result
HERB003249,十大功劳,not_found,,no exact pharmacopoeia herb result
HERB003246,来江藤,not_found,,no exact pharmacopoeia herb result
HERB003229,辣薄荷,not_found,,no exact pharmacopoeia herb result
HERB003234,辣椒头,not_found,,no exact pharmacopoeia herb result
HERB003225,扩张松叶菊,not_found,,no exact pharmacopoeia herb result
HERB003263,狼把草,not_found,,no search results
HERB003270,狼毒大戟,not_found,,no exact pharmacopoeia herb result
HERB003256,兰基穿心莲,not_found,,no exact pharmacopoeia herb result
HERB003239,辣乳菇,not_found,,no exact pharmacopoeia herb result
HERB003268,莨菪子,not_found,,no search results
HERB003242,蜡烛果,not_found,,no exact pharmacopoeia herb result
HERB003244,莱菔叶,not_found,,no exact pharmacopoeia herb result
HERB003254,蓝黄红谷,not_found,,no exact pharmacopoeia herb result
HERB003250,莱阳梨清膏,not_found,,no exact pharmacopoeia herb result
HERB003279,老鼠簕,not_found,,no search results
HERB003241,拉直木姜子,not_found,,no exact pharmacopoeia herb result
HERB003273,榔榆皮,not_found,,no search results
HERB003278,老鼠瓜,not_found,,no search results
HERB003260,蓝睡莲,not_found,,no exact pharmacopoeia herb result
HERB003259,蓝实,not_found,,no exact pharmacopoeia herb result
HERB003280,老鸦柿,not_found,,no exact pharmacopoeia herb result
HERB003266,莨菪根,not_found,,no exact pharmacopoeia herb result
HERB003276,老婆子针线,not_found,,no search results
HERB003303,栗柄凤尾蕨,not_found,,no exact pharmacopoeia herb result
HERB003275,老牛筋,not_found,,no exact pharmacopoeia herb result
HERB003304,栗柄金粉蕨,not_found,,no exact pharmacopoeia herb result
HERB003264,狼把草根,not_found,,no exact pharmacopoeia herb result
HERB003306,丽春花,not_found,,no exact pharmacopoeia herb result
HERB003271,狼毒乌头,not_found,,no exact pharmacopoeia herb result
HERB003267,莨菪叶,not_found,,no exact pharmacopoeia herb result
HERB003290,雷士千里光,not_found,,no exact pharmacopoeia herb result
HERB003311,梨果仙人掌,not_found,,no search results
HERB003313,梨花酒,not_found,,no exact pharmacopoeia herb result
HERB003299,棱枝槲寄生,not_found,,no exact pharmacopoeia herb result
HERB003272,狼杷草,not_found,,no exact pharmacopoeia herb result
HERB003285,雷波乌头,not_found,,no exact pharmacopoeia herb result
HERB003321,黎辣根,not_found,,no exact pharmacopoeia herb result
HERB003289,肋果沙棘,not_found,,no exact pharmacopoeia herb result
HERB003328,栎木,not_found,,no search results
HERB003307,丽春花果实,not_found,,no exact pharmacopoeia herb result
HERB003337,梨蒴珠藓,not_found,,no search results
HERB003282,了哥王根,not_found,,no exact pharmacopoeia herb result
HERB003335,栗色鼠尾草,not_found,,no search results
HERB003329,林静种子文殊兰,not_found,,no exact pharmacopoeia herb result
HERB003294,棱角千里光,not_found,,no exact pharmacopoeia herb result
HERB003336,栗树皮,not_found,,no exact pharmacopoeia herb result
HERB003317,丽江麻黄,not_found,,no exact pharmacopoeia herb result
HERB003312,李核仁,not_found,,no exact pharmacopoeia herb result
HERB003327,米仔兰,not_found,,no exact pharmacopoeia herb result
HERB003316,丽江黄芩,not_found,,no exact pharmacopoeia herb result
HERB003292,累叶升麻,not_found,,no exact pharmacopoeia herb result
HERB003297,冷水丹叶,not_found,,no exact pharmacopoeia herb result
HERB003343,鲤鱼皮,not_found,,no search results
HERB003344,荔枝,not_found,,no exact pharmacopoeia herb result
HERB003318,丽江前胡,not_found,,no exact pharmacopoeia herb result
HERB003350,荔枝叶,not_found,,no exact pharmacopoeia herb result
HERB003338,理县香茶菜,not_found,,no exact pharmacopoeia herb result
HERB003351,李子,not_found,,no search results
HERB003339,犁形马勃,not_found,,no exact pharmacopoeia herb result
HERB003354,莲花,not_found,,no exact pharmacopoeia herb result
HERB003334,梨清膏,not_found,,no exact pharmacopoeia herb result
HERB003319,丽江乌头,not_found,,no exact pharmacopoeia herb result
HERB003349,荔枝壳,not_found,,no exact pharmacopoeia herb result
HERB003346,荔枝根,not_found,,no exact pharmacopoeia herb result
HERB003370,莲叶,not_found,,no search results
HERB003345,荔枝草,not_found,,no exact pharmacopoeia herb result
HERB003358,莲蓬草,not_found,,no exact pharmacopoeia herb result
HERB003342,鲤鱼胆,not_found,,no exact pharmacopoeia herb result
HERB003372,莲叶橐吾,not_found,,no search results
HERB003366,连香树果,not_found,,no exact pharmacopoeia herb result
HERB003369,莲须,ok_no_empty_fields,https://ydz.chp.org.cn/#/item?bookId=1&entryId=432,matched page but target columns already had values
HERB003363,连翘茎叶,not_found,,no exact pharmacopoeia herb result
HERB003387,凉山杜鹃,not_found,,no exact pharmacopoeia herb result
HERB003355,莲花金雀儿,not_found,,no exact pharmacopoeia herb result
HERB003375,链珠藤,not_found,,no exact pharmacopoeia herb result
HERB003364,莲生桂子花,not_found,,no exact pharmacopoeia herb result
HERB003386,两栖蓼,not_found,,no exact pharmacopoeia herb result
HERB003357,连米,not_found,,no exact pharmacopoeia herb result
HERB003362,连翘根,not_found,,no exact pharmacopoeia herb result
HERB003373,楝叶吴茱萸,not_found,,no exact pharmacopoeia herb result
HERB003388,凉山香茶菜,not_found,,no exact pharmacopoeia herb result
HERB003394,亮叶岩荳藤,not_found,,no exact pharmacopoeia herb result
HERB003379,莲座革菌,not_found,,no exact pharmacopoeia herb result
HERB003365,连香树,not_found,,no exact pharmacopoeia herb result
HERB003401,蓼蓝,not_found,,no exact pharmacopoeia herb result
HERB003397,辽东楤木叶,not_found,,no search results
HERB003377,莲子草,not_found,,no exact pharmacopoeia herb result
HERB003398,辽东松木,not_found,,no search results
HERB003399,辽藁本,not_found,,no exact pharmacopoeia herb result
HERB003411,裂果薯,not_found,,no exact pharmacopoeia herb result
HERB003374,莲衣,not_found,,no exact pharmacopoeia herb result
HERB003383,两面青,not_found,,no exact pharmacopoeia herb result
HERB003389,凉思飞燕草,not_found,,no exact pharmacopoeia herb result
HERB003409,列当,not_found,,no exact pharmacopoeia herb result
HERB003390,凉思飞燕草,not_found,,no exact pharmacopoeia herb result
HERB003392,亮叶桦皮,not_found,,no exact pharmacopoeia herb result
HERB003435,岭南槐树,not_found,,no search results
HERB003422,林地向日葵,not_found,,no search results
HERB003396,辽东楤木,not_found,,no exact pharmacopoeia herb result
HERB003403,蓼蓝叶,not_found,,no exact pharmacopoeia herb result
HERB003424,林檎,not_found,,no search results
HERB003420,林地水苏,not_found,,no exact pharmacopoeia herb result
HERB003425,林生山黧豆,not_found,,no exact pharmacopoeia herb result
HERB003430,铃兰,not_found,,no search results
HERB003434,岭南杜鹃,not_found,,no exact pharmacopoeia herb result
HERB003407,辽细辛,not_found,,no exact pharmacopoeia herb result
HERB003404,辽宁山楂,not_found,,no exact pharmacopoeia herb result
HERB003445,灵芝草,not_found,,no search results
HERB003410,裂萼苔,not_found,,no exact pharmacopoeia herb result
HERB003412,裂蹄木层孔菌,not_found,,no exact pharmacopoeia herb result
HERB003415,裂叶野罂粟,not_found,,no exact pharmacopoeia herb result
HERB003414,裂叶牵牛,not_found,,no exact pharmacopoeia herb result
HERB003442,菱叶紫菊,not_found,,no exact pharmacopoeia herb result
HERB003421,林地乌头,not_found,,no exact pharmacopoeia herb result
HERB003405,疗伤绒毛花,not_found,,no exact pharmacopoeia herb result
HERB003450,硫磺铁线蕨,not_found,,no search results
HERB003440,菱形常春藤,not_found,,no exact pharmacopoeia herb result
HERB003446,柳白皮,not_found,,no exact pharmacopoeia herb result
HERB003447,柳穿鱼,not_found,,no exact pharmacopoeia herb result
HERB003448,瘤果紫玉盘,not_found,,no exact pharmacopoeia herb result
HERB003453,留兰香,not_found,,no search results
HERB003449,硫磺,not_found,,no search results
HERB003452,六角莲,not_found,,no exact pharmacopoeia herb result
HERB003295,棱砂贝母,not_found,,no exact pharmacopoeia herb result
HERB003460,柳珊瑚,not_found,,no exact pharmacopoeia herb result
HERB003436,陵水暗罗,not_found,,no exact pharmacopoeia herb result
HERB003468,柳叶岑,not_found,,no exact pharmacopoeia herb result
HERB003458,琉球蛇根草,not_found,,no search results
HERB003431,零陵香,not_found,,no exact pharmacopoeia herb result
HERB003457,琉璃苣,not_found,,no exact pharmacopoeia herb result
HERB003456,琉璃繁缕,not_found,,no exact pharmacopoeia herb result
HERB003466,柳叶白前,not_found,,no exact pharmacopoeia herb result
HERB003438,灵香草,not_found,,no exact pharmacopoeia herb result
HERB003464,流苏石斛,not_found,,no exact pharmacopoeia herb result
HERB003480,龙骨,not_found,,no exact pharmacopoeia herb result
HERB003482,龙葵,not_found,,no exact pharmacopoeia herb result
HERB003469,柳叶木兰,not_found,,no exact pharmacopoeia herb result
HERB003473,六子赛金莲木,not_found,,no exact pharmacopoeia herb result
HERB003476,龙齿,not_found,,no exact pharmacopoeia herb result
HERB003477,龙船花,not_found,,no search results
HERB003455,琉璃草,not_found,,no exact pharmacopoeia herb result
HERB003487,龙胜香茶菜,not_found,,no exact pharmacopoeia herb result
HERB003443,灵茵陈,not_found,,no exact pharmacopoeia herb result
HERB003491,龙须草,not_found,,no search results
HERB003467,柳叶菜黄芩,not_found,,no exact pharmacopoeia herb result
HERB003454,六棱菊,not_found,,no exact pharmacopoeia herb result
HERB003484,龙葵子,not_found,,no exact pharmacopoeia herb result
HERB003462,流苏金石斛,not_found,,no exact pharmacopoeia herb result
HERB003488,龙树杜鹃,not_found,,no exact pharmacopoeia herb result
HERB003465,瘤突胡椒,not_found,,no exact pharmacopoeia herb result
HERB003495,龙牙草,not_found,,no search results
HERB003490,龙涎香,not_found,,no search results
HERB003475,龙柏,not_found,,no exact pharmacopoeia herb result
HERB003461,六神曲,not_found,,no exact pharmacopoeia herb result
HERB003481,南蒿,not_found,,no exact pharmacopoeia herb result
HERB003470,六一散,not_found,,no exact pharmacopoeia herb result
HERB003483,龙葵根,not_found,,no exact pharmacopoeia herb result
HERB003501,漏斗泡囊草,not_found,,no exact pharmacopoeia herb result
HERB003502,蝼蛄,not_found,,no search results
HERB003494,龙血树,not_found,,no search results
HERB003493,龙须藤,not_found,,no exact pharmacopoeia herb result
HERB003497,龙眼睛,not_found,,no exact pharmacopoeia herb result
HERB003503,漏篮子,not_found,,no exact pharmacopoeia herb result
HERB003331,梨皮,not_found,,no exact pharmacopoeia herb result
HERB003486,龙脑膏香,not_found,,no exact pharmacopoeia herb result
HERB003516,陆地棉,not_found,,no search results
HERB003507,路边青,not_found,,no exact pharmacopoeia herb result
HERB003513,露翠雀,not_found,,no exact pharmacopoeia herb result
HERB003506,鹿鞭,not_found,,no exact pharmacopoeia herb result
HERB003517,穭豆,not_found,,no exact pharmacopoeia herb result
HERB003521,绿豆芽,not_found,,no search results
HERB003508,路边紫草,not_found,,no exact pharmacopoeia herb result
HERB003489,龙吐珠,not_found,,no exact pharmacopoeia herb result
HERB003515,陆地棉,not_found,,no search results
HERB003496,龙眼独活,not_found,,no exact pharmacopoeia herb result
HERB003530,鹿角菜,not_found,,no search results
HERB003519,露兜竻花,not_found,,no exact pharmacopoeia herb result
HERB003510,录播花菱草,not_found,,no exact pharmacopoeia herb result
HERB003532,鹿角漆树,not_found,,no exact pharmacopoeia herb result
HERB003548,路唐松草,not_found,,no exact pharmacopoeia herb result
HERB003543,露水草,not_found,,no exact pharmacopoeia herb result
HERB003547,鹿胎,not_found,,no search results
HERB003499,龙眼叶,not_found,,no exact pharmacopoeia herb result
HERB003551,陆英,not_found,,no exact pharmacopoeia herb result
HERB003525,炉甘石,ok_no_empty_fields,https://ydz.chp.org.cn/#/item?bookId=1&entryId=352,matched page but target columns already had values
HERB003542,卢氏冬凌草,not_found,,no exact pharmacopoeia herb result
HERB003533,鹿角霜,ok_no_empty_fields,https://ydz.chp.org.cn/#/item?bookId=1&entryId=510,matched page but target columns already had values
HERB003539,庐山石韦,not_found,,no exact pharmacopoeia herb result
HERB003500,娄地青霉,not_found,,no exact pharmacopoeia herb result
HERB003522,绿豆叶,not_found,,no exact pharmacopoeia herb result
HERB003555,卵瓣蚤缀,not_found,,no exact pharmacopoeia herb result
HERB003556,乱搭山獐牙菜,not_found,,no exact pharmacopoeia herb result
HERB003537,鹿茸胶,not_found,,no exact pharmacopoeia herb result
HERB003511,葎草,not_found,,no exact pharmacopoeia herb result
HERB003518,绿豆花,not_found,,no exact pharmacopoeia herb result
HERB003520,绿豆皮,not_found,,no exact pharmacopoeia herb result
HERB003562,乱也三褶脉紫菀,not_found,,no exact pharmacopoeia herb result
HERB003540,庐山香茶菜,not_found,,no exact pharmacopoeia herb result
HERB003578,萝芙木,not_found,,no search results
HERB003558,栾树,not_found,,no exact pharmacopoeia herb result
HERB003561,卵叶美登木,not_found,,no exact pharmacopoeia herb result
HERB003563,乱也藤黄,not_found,,no exact pharmacopoeia herb result
HERB003576,落地生根,not_found,,no search results
HERB003554,露珠香茶菜,not_found,,no exact pharmacopoeia herb result
HERB003580,罗锅底,not_found,,no exact pharmacopoeia herb result
HERB003538,露蕊乌头,not_found,,no exact pharmacopoeia herb result
HERB003572,罗布麻,not_found,,no exact pharmacopoeia herb result
HERB003584,罗汉松叶,not_found,,no exact pharmacopoeia herb result
HERB003586,落花生,not_found,,no search results
HERB003577,落萼叶下珠,not_found,,no exact pharmacopoeia herb result
HERB003553,芦竹根,not_found,,no exact pharmacopoeia herb result
HERB003585,落花南美肉豆蔻,not_found,,no exact pharmacopoeia herb result
HERB003595,罗勒,not_found,,no exact pharmacopoeia herb result
HERB003565,卵叶娃儿藤,not_found,,no exact pharmacopoeia herb result
HERB003560,卵叶胡椒,not_found,,no exact pharmacopoeia herb result
HERB003559,卵叶槲寄生,not_found,,no exact pharmacopoeia herb result
HERB003557,栾花,not_found,,no exact pharmacopoeia herb result
HERB003593,落葵花,not_found,,no exact pharmacopoeia herb result
HERB003588,落花生油,not_found,,no search results
HERB003596,罗勒籽,not_found,,no exact pharmacopoeia herb result
HERB003589,落花生枝叶,not_found,,no exact pharmacopoeia herb result
HERB003566,卵叶银莲花,not_found,,no exact pharmacopoeia herb result
HERB003567,卵圆长春花,not_found,,no exact pharmacopoeia herb result
HERB003594,落葵薯,not_found,,no exact pharmacopoeia herb result
HERB003569,轮环藤,not_found,,no exact pharmacopoeia herb result
HERB003583,罗汉松实,not_found,,no exact pharmacopoeia herb result
HERB003616,葎草,not_found,,no exact pharmacopoeia herb result
HERB003597,萝藦,not_found,,no exact pharmacopoeia herb result
HERB003602,骆驼刺,not_found,,no search results
HERB003587,落花生叶,not_found,,no exact pharmacopoeia herb result
HERB003575,落地丹草,not_found,,no exact pharmacopoeia herb result
HERB003599,罗伞树,not_found,,no exact pharmacopoeia herb result
HERB003571,萝卜花菱草,not_found,,no exact pharmacopoeia herb result
HERB003603,骆驼蒿,not_found,,no exact pharmacopoeia herb result
HERB003612,落叶松,not_found,,no search results
HERB003609,螺旋金合欢,not_found,,no exact pharmacopoeia herb result
HERB003604,骆驼蓬,not_found,,no search results
HERB003617,绿茶,not_found,,no exact pharmacopoeia herb result
HERB003608,落新妇,not_found,,no exact pharmacopoeia herb result
HERB003618,绿豆,not_found,,no exact pharmacopoeia herb result
HERB003610,螺旋藻,not_found,,no search results
HERB003606,罗西羊耳蒜,not_found,,no exact pharmacopoeia herb result
HERB003629,驴蹄草叶橐吾,not_found,,no search results
HERB003614,落羽杉,not_found,,no search results
HERB003625,吕宋荚蒾,not_found,,no exact pharmacopoeia herb result
HERB003579,萝芙木茎叶,not_found,,no exact pharmacopoeia herb result
HERB003598,萝藦子,not_found,,no exact pharmacopoeia herb result
HERB003628,铝唐松草,not_found,,no exact pharmacopoeia herb result
HERB003605,骆驼蓬子,not_found,,no exact pharmacopoeia herb result
HERB003613,落叶松也金丝桃,not_found,,no exact pharmacopoeia herb result
HERB003633,驴子山小橘,not_found,,no exact pharmacopoeia herb result
HERB003620,绿海葵,not_found,,no exact pharmacopoeia herb result
HERB003634,马宝,not_found,,no search results
HERB003637,马槟榔,not_found,,no exact pharmacopoeia herb result
HERB003647,马德里绵枣儿,not_found,,no exact pharmacopoeia herb result
HERB003622,驴皮,not_found,,no exact pharmacopoeia herb result
HERB003624,吕宋果,not_found,,no exact pharmacopoeia herb result
HERB003623,绿绒蒿,not_found,,no exact pharmacopoeia herb result
HERB003626,吕宋楸毛,not_found,,no exact pharmacopoeia herb result
HERB003611,螺厣草,not_found,,no exact pharmacopoeia herb result
HERB003649,马督拉猪屎豆,not_found,,no exact pharmacopoeia herb result
HERB003653,麻风树,not_found,,no exact pharmacopoeia herb result
HERB003630,铝嚏根草,not_found,,no exact pharmacopoeia herb result
HERB003627,绿笋片,not_found,,no exact pharmacopoeia herb result
HERB003632,绿原酸,not_found,,no exact pharmacopoeia herb result
HERB003631,绿仙人掌,not_found,,no exact pharmacopoeia herb result
HERB003657,麻花艽,not_found,,no exact pharmacopoeia herb result
HERB003656,麻花,not_found,,no exact pharmacopoeia herb result
HERB003664,马来西亚黄杨木,not_found,,no search results
HERB003669,马莲,not_found,,no search results
HERB003665,马来西亚买麻藤,not_found,,no exact pharmacopoeia herb result
HERB003670,马蔺,not_found,,no search results
HERB003678,马皮,not_found,,no search results
HERB003673,马六甲鱼藤,not_found,,no search results
HERB003635,马比木,not_found,,no exact pharmacopoeia herb result
HERB003639,麻蚕豆,not_found,,no exact pharmacopoeia herb result
HERB003672,马铃薯,not_found,,no search results
HERB003642,麻蛋果,not_found,,no exact pharmacopoeia herb result
HERB003652,麻风木,not_found,,no exact pharmacopoeia herb result
HERB003645,马岛黄连树,not_found,,no exact pharmacopoeia herb result
HERB003650,马耳山乌头,not_found,,no exact pharmacopoeia herb result
HERB003654,麻根,not_found,,no exact pharmacopoeia herb result
HERB003655,马桂花,not_found,,no exact pharmacopoeia herb result
HERB003666,马来西亚蕊木,not_found,,no exact pharmacopoeia herb result
HERB003668,马兰叶,not_found,,no exact pharmacopoeia herb result
HERB003699,马尾杉,not_found,,no exact pharmacopoeia herb result
HERB003676,麻牛膝,not_found,,no exact pharmacopoeia herb result
HERB003700,马尾松叶,not_found,,no exact pharmacopoeia herb result
HERB003686,马山前胡,not_found,,no exact pharmacopoeia herb result
HERB003681,马桑,not_found,,no exact pharmacopoeia herb result
HERB003674,麻柳叶,not_found,,no exact pharmacopoeia herb result
HERB003698,马尾莲,not_found,,no exact pharmacopoeia herb result
HERB003695,马蹄叶,not_found,,no exact pharmacopoeia herb result
HERB003711,麦角,not_found,,no exact pharmacopoeia herb result
HERB003689,马氏芦荟,not_found,,no exact pharmacopoeia herb result
HERB003683,马桑树皮,not_found,,no exact pharmacopoeia herb result
HERB003714,麦仙翁,not_found,,no exact pharmacopoeia herb result
HERB003682,马桑根,not_found,,no exact pharmacopoeia herb result
HERB003684,马桑叶,not_found,,no exact pharmacopoeia herb result
HERB003706,马桩赛亚麻,not_found,,no exact pharmacopoeia herb result
HERB003671,马蔺子,not_found,,no exact pharmacopoeia herb result
HERB003710,麦家公,not_found,,no exact pharmacopoeia herb result
HERB003675,马尿泡,not_found,,no exact pharmacopoeia herb result
HERB003685,马桑与马桑寄生,not_found,,no exact pharmacopoeia herb result
HERB003726,蔓九节,not_found,,no exact pharmacopoeia herb result
HERB003696,马通,not_found,,no exact pharmacopoeia herb result
HERB003694,马蹄纹天竺葵,not_found,,no exact pharmacopoeia herb result
HERB003701,麻叶,not_found,,no exact pharmacopoeia herb result
HERB003729,曼尼普尔十大功劳,not_found,,no search results
HERB003723,满江红,not_found,,no search results
HERB003732,蔓生卷柏,not_found,,no exact pharmacopoeia herb result
HERB003707,麻子仁,not_found,,no exact pharmacopoeia herb result
HERB003720,蔓长春花,not_found,,no exact pharmacopoeia herb result
HERB003727,鳗鲡鱼,not_found,,no exact pharmacopoeia herb result
HERB003734,蔓藤黄,not_found,,no exact pharmacopoeia herb result
HERB003702,麻叶千里光,not_found,,no exact pharmacopoeia herb result
HERB003709,麦兜草,not_found,,no exact pharmacopoeia herb result
HERB003703,马银花,not_found,,no exact pharmacopoeia herb result
HERB003738,蔓性千斤拔,not_found,,no exact pharmacopoeia herb result
HERB003741,杧果核,not_found,,no exact pharmacopoeia herb result
HERB003745,牻牛儿苗,not_found,,no exact pharmacopoeia herb result
HERB003713,买麻藤,not_found,,no exact pharmacopoeia herb result
HERB003747,蟒蛇,not_found,,no search results
HERB003752,茅草叶,not_found,,no exact pharmacopoeia herb result
HERB003724,蔓荆叶,not_found,,no exact pharmacopoeia herb result
HERB003753,毛唇贝母兰,not_found,,no exact pharmacopoeia herb result
HERB003739,蔓枝龙胆,not_found,,no exact pharmacopoeia herb result
HERB003716,麦芽麯,not_found,,no exact pharmacopoeia herb result
HERB003761,毛豆,not_found,,no search results
HERB003754,毛刺锦鸡儿,not_found,,no exact pharmacopoeia herb result
HERB003750,毛白杨,not_found,,no search results
HERB003736,曼陀罗叶,not_found,,no exact pharmacopoeia herb result
HERB003737,曼陀罗子,not_found,,no exact pharmacopoeia herb result
HERB003748,芒硝,ok_no_empty_fields,https://ydz.chp.org.cn/#/item?bookId=1&entryId=194,matched page but target columns already had values
HERB003756,猫倒地铃,not_found,,no exact pharmacopoeia herb result
HERB003757,毛地黄,not_found,,no search results
HERB003758,毛地黄鼠尾草,not_found,,no search results
HERB003751,毛草龙,not_found,,no exact pharmacopoeia herb result
HERB003731,满山红油,not_found,,no exact pharmacopoeia herb result
HERB003743,杧果叶,not_found,,no exact pharmacopoeia herb result
HERB003760,毛冬青,not_found,,no exact pharmacopoeia herb result
HERB003735,曼陀罗根,not_found,,no exact pharmacopoeia herb result
HERB003740,杧果,not_found,,no exact pharmacopoeia herb result
HERB003749,毛八角枫,not_found,,no exact pharmacopoeia herb result
HERB003764,毛萼香茶菜,not_found,,no exact pharmacopoeia herb result
HERB003746,芒萁骨,not_found,,no exact pharmacopoeia herb result
HERB003776,毛果槭,not_found,,no search results
HERB003773,毛果杜鹃,not_found,,no exact pharmacopoeia herb result
HERB003774,毛果含笑,not_found,,no search results
HERB003778,毛果算盘子,not_found,,no search results
HERB003768,毛梗豨莶,not_found,,no exact pharmacopoeia herb result
HERB003759,毛地钱,not_found,,no exact pharmacopoeia herb result
HERB003781,毛果杨,not_found,,no exact pharmacopoeia herb result
HERB003767,毛梗红毛五加,not_found,,no exact pharmacopoeia herb result
HERB003763,毛萼莓,not_found,,no exact pharmacopoeia herb result
HERB003786,毛杭子梢,not_found,,no exact pharmacopoeia herb result
HERB003769,毛梗狭叶香茶菜,not_found,,no exact pharmacopoeia herb result
HERB003783,毛果一枝黄花,not_found,,no exact pharmacopoeia herb result
HERB003765,茅膏菜,not_found,,no exact pharmacopoeia herb result
HERB003755,毛大丁草,not_found,,no exact pharmacopoeia herb result
HERB003782,毛果翼核果,not_found,,no exact pharmacopoeia herb result
HERB003775,毛果马利筋,not_found,,no exact pharmacopoeia herb result
HERB003780,毛果香茶菜,not_found,,no exact pharmacopoeia herb result
HERB003784,毛果鱼藤,not_found,,no search results
HERB003762,毛独行菜,not_found,,no exact pharmacopoeia herb result
HERB003742,杧果树皮,not_found,,no exact pharmacopoeia herb result
HERB003771,毛贯众,not_found,,no exact pharmacopoeia herb result
HERB003770,毛钩藤,not_found,,no exact pharmacopoeia herb result
HERB003797,毛裂蜂斗菜,not_found,,no exact pharmacopoeia herb result
HERB003787,毛诃子,ok_no_empty_fields,https://ydz.chp.org.cn/#/item?bookId=1&entryId=106,matched page but target columns already had values
HERB003772,毛果地锦,not_found,,no exact pharmacopoeia herb result
HERB003777,毛果芍药,not_found,,no exact pharmacopoeia herb result
HERB003788,毛喉鞘蕊花,not_found,,no exact pharmacopoeia herb result
HERB003802,毛曼陀罗花,not_found,,no exact pharmacopoeia herb result
HERB003789,毛花毛地黄,not_found,,no exact pharmacopoeia herb result
HERB003785,毛果芸香碱,not_found,,no exact pharmacopoeia herb result
HERB003799,毛脉蓼,not_found,,no exact pharmacopoeia herb result
HERB003794,毛节缬草,not_found,,no exact pharmacopoeia herb result
HERB003804,毛曼陀罗子,not_found,,no exact pharmacopoeia herb result
HERB003807,毛韧革菌,not_found,,no exact pharmacopoeia herb result
HERB003790,毛花猕猴桃,not_found,,no exact pharmacopoeia herb result
HERB003821,猫眼草,not_found,,no search results
HERB003800,毛脉吴茱萸,not_found,,no exact pharmacopoeia herb result
HERB003793,毛剪秋罗,not_found,,no exact pharmacopoeia herb result
HERB003796,毛莲蒿,not_found,,no exact pharmacopoeia herb result
HERB003798,毛马齿苋,not_found,,no exact pharmacopoeia herb result
HERB003803,毛曼陀罗叶,not_found,,no exact pharmacopoeia herb result
HERB003825,毛叶假鹰爪根,not_found,,no exact pharmacopoeia herb result
HERB003806,毛泡桐,not_found,,no exact pharmacopoeia herb result
HERB003801,毛曼陀罗根,not_found,,no exact pharmacopoeia herb result
HERB003808,毛蕊花,not_found,,no exact pharmacopoeia herb result
HERB003812,毛薯,not_found,,no exact pharmacopoeia herb result
HERB003811,毛使君子,not_found,,no exact pharmacopoeia herb result
HERB003810,毛山楂,not_found,,no exact pharmacopoeia herb result
HERB003832,毛獐牙菜,not_found,,no exact pharmacopoeia herb result
HERB003817,毛线柱苣苔,not_found,,no exact pharmacopoeia herb result
HERB003838,美观马先蒿,not_found,,no exact pharmacopoeia herb result
HERB003820,猫须草,not_found,,no exact pharmacopoeia herb result
HERB003839,玫瑰红景天,not_found,,no exact pharmacopoeia herb result
HERB003847,美国山核桃,not_found,,no search results
HERB003846,美国青藤,not_found,,no exact pharmacopoeia herb result
HERB003823,毛叶巴豆,not_found,,no exact pharmacopoeia herb result
HERB003829,毛叶卫矛,not_found,,no exact pharmacopoeia herb result
HERB003822,毛杨梅,not_found,,no exact pharmacopoeia herb result
HERB003815,毛头乳菇,not_found,,no exact pharmacopoeia herb result
HERB003852,美花风毛菊,not_found,,no exact pharmacopoeia herb result
HERB003858,美丽红豆杉,not_found,,no exact pharmacopoeia herb result
HERB003831,毛鱼藤,not_found,,no exact pharmacopoeia herb result
HERB003855,美丽番红花,not_found,,no exact pharmacopoeia herb result
HERB003836,毛竹叶花椒,not_found,,no exact pharmacopoeia herb result
HERB003830,毛叶香茶菜,not_found,,no exact pharmacopoeia herb result
HERB003824,毛叶番荔枝,not_found,,no exact pharmacopoeia herb result
HERB003827,毛叶石楠,not_found,,no exact pharmacopoeia herb result
HERB003826,毛叶藜芦,not_found,,no exact pharmacopoeia herb result
HERB003828,毛叶威灵仙,not_found,,no exact pharmacopoeia herb result
HERB003835,毛柱马钱,not_found,,no exact pharmacopoeia herb result
HERB003866,美丽新木姜子,not_found,,no exact pharmacopoeia herb result
HERB003857,美丽荷包牡丹,not_found,,no exact pharmacopoeia herb result
HERB003862,美丽马醉木,not_found,,no exact pharmacopoeia herb result
HERB003856,美丽海罂粟,not_found,,no exact pharmacopoeia herb result
HERB003871,美丽猪屎豆,not_found,,no exact pharmacopoeia herb result
HERB003865,美丽藤黄,not_found,,no search results
HERB003867,美丽旋复花,not_found,,no search results
HERB003834,毛枝卷柏,not_found,,no exact pharmacopoeia herb result
HERB003842,美国薄荷,not_found,,no exact pharmacopoeia herb result
HERB003860,美丽金丝桃,not_found,,no exact pharmacopoeia herb result
HERB003882,美洲刺桐,not_found,,no exact pharmacopoeia herb result
HERB003875,美特你杜鹃花,not_found,,no exact pharmacopoeia herb result
HERB003881,美洲刺参,not_found,,no exact pharmacopoeia herb result
HERB003877,美味猕猴桃,not_found,,no search results
HERB003869,美丽银背藤,not_found,,no exact pharmacopoeia herb result
HERB003848,美国夏腊梅,not_found,,no exact pharmacopoeia herb result
HERB003872,美商陆,not_found,,no exact pharmacopoeia herb result
HERB003887,美洲金缕梅,not_found,,no exact pharmacopoeia herb result
HERB003891,美洲南蛇藤,not_found,,no exact pharmacopoeia herb result
HERB003894,美洲豚草,not_found,,no exact pharmacopoeia herb result
HERB003885,梅州花椒?,not_found,,no exact pharmacopoeia herb result
HERB003888,美洲苦木,not_found,,no exact pharmacopoeia herb result
HERB003863,美丽帽柱木,not_found,,no exact pharmacopoeia herb result
HERB003886,美洲金露梅,not_found,,no exact pharmacopoeia herb result
HERB003896,美洲野百合,not_found,,no exact pharmacopoeia herb result
HERB003900,蒙大拿山小橘,not_found,,no exact pharmacopoeia herb result
HERB003873,美穗小檗,not_found,,no exact pharmacopoeia herb result
HERB003853,美花石斛,not_found,,no exact pharmacopoeia herb result
HERB003906,蒙古风毛菊,not_found,,no exact pharmacopoeia herb result
HERB003861,美丽马利筋,not_found,,no exact pharmacopoeia herb result
HERB003901,蒙大拿芸香,not_found,,no exact pharmacopoeia herb result
HERB003912,孟买肉豆蔻,not_found,,no exact pharmacopoeia herb result
HERB003907,蒙古蒿,not_found,,no exact pharmacopoeia herb result
HERB003884,梅州观音莲,not_found,,no exact pharmacopoeia herb result
HERB003911,蒙古绣线菊,not_found,,no exact pharmacopoeia herb result
HERB003909,蒙古栎,not_found,,no exact pharmacopoeia herb result
HERB003883,梅州甘草,not_found,,no exact pharmacopoeia herb result
HERB003903,蒙古糙苏,not_found,,no exact pharmacopoeia herb result
HERB003880,美洲檫木,not_found,,no exact pharmacopoeia herb result
HERB003910,蒙古山萝卜,not_found,,no exact pharmacopoeia herb result
HERB003914,礞石,not_found,,no exact pharmacopoeia herb result
HERB003916,孟宗竹,not_found,,no exact pharmacopoeia herb result
HERB003899,蒙大拿春黄菊,not_found,,no exact pharmacopoeia herb result
HERB003921,猕猴梨,not_found,,no exact pharmacopoeia herb result
HERB003908,蒙古黄芪,not_found,,no exact pharmacopoeia herb result
HERB003898,蜢虫,not_found,,no exact pharmacopoeia herb result
HERB003929,密花美登木,not_found,,no exact pharmacopoeia herb result
HERB003917,迷迭香,not_found,,no exact pharmacopoeia herb result
HERB003905,蒙古侧金盏花,not_found,,no exact pharmacopoeia herb result
HERB003919,美国黄瓜,not_found,,no search results
HERB003876,美味红菇,not_found,,no exact pharmacopoeia herb result
HERB003920,米蒿,not_found,,no exact pharmacopoeia herb result
HERB003895,美洲血根草,not_found,,no exact pharmacopoeia herb result
HERB003923,猕猴桃,not_found,,no search results
HERB003926,猕猴桃枝叶,not_found,,no exact pharmacopoeia herb result
HERB003938,米酒,not_found,,no search results
HERB003918,迷迭香叶千里光,not_found,,no exact pharmacopoeia herb result
HERB003930,密花石豆兰,not_found,,no exact pharmacopoeia herb result
HERB003925,猕猴桃藤中汁,not_found,,no exact pharmacopoeia herb result
HERB003915,蒙自草胡椒,not_found,,no exact pharmacopoeia herb result
HERB003922,猕猴梨根,not_found,,no exact pharmacopoeia herb result
HERB003948,米碎花蛇鞭菊,not_found,,no exact pharmacopoeia herb result
HERB003955,棉花,not_found,,no exact pharmacopoeia herb result
HERB003924,猕猴桃根,not_found,,no exact pharmacopoeia herb result
HERB003956,棉花根,not_found,,no search results
HERB003960,棉麻,not_found,,no search results
HERB003958,棉花子,not_found,,no search results
HERB003931,密花石斛,not_found,,no exact pharmacopoeia herb result
HERB003951,米籽兰,not_found,,no exact pharmacopoeia herb result
HERB003935,密花岩风,not_found,,no exact pharmacopoeia herb result
HERB003963,迷案毛果香茶菜,not_found,,no search results
HERB003927,密花豆,not_found,,no exact pharmacopoeia herb result
HERB003942,米皮糠,not_found,,no exact pharmacopoeia herb result
HERB003933,密花娃儿藤,not_found,,no exact pharmacopoeia herb result
HERB003932,米花豚草,not_found,,no exact pharmacopoeia herb result
HERB003940,密脉鹅掌柴,not_found,,no exact pharmacopoeia herb result
HERB003966,绵毛娃儿藤,not_found,,no exact pharmacopoeia herb result
HERB003976,棉籽油,not_found,,no search results
HERB003952,面包果,not_found,,no exact pharmacopoeia herb result
HERB003957,棉花壳,not_found,,no exact pharmacopoeia herb result
HERB003973,棉叶麻风树,not_found,,no exact pharmacopoeia herb result
HERB003954,面根藤,not_found,,no exact pharmacopoeia herb result
HERB003978,闽皖八角,not_found,,no search results
HERB003944,密伞千里光,not_found,,no exact pharmacopoeia herb result
HERB003936,蜜环菌,not_found,,no exact pharmacopoeia herb result
HERB003980,明矾,not_found,,no exact pharmacopoeia herb result
HERB003993,莫罗氏忍冬,not_found,,no exact pharmacopoeia herb result
HERB003974,棉枣,not_found,,no exact pharmacopoeia herb result
HERB003991,茉莉花,not_found,,no search results
HERB003975,绵枣儿,not_found,,no exact pharmacopoeia herb result
HERB003990,莫雷南洋参,not_found,,no exact pharmacopoeia herb result
HERB003985,蘑菇,not_found,,no search results
HERB003972,檰芽,not_found,,no exact pharmacopoeia herb result
HERB003995,莫桑比克美登木,not_found,,no exact pharmacopoeia herb result
HERB004003,抹香鲸,not_found,,no search results
HERB003964,绵毛黄芪,not_found,,no exact pharmacopoeia herb result
HERB003965,绵毛马兜铃,not_found,,no exact pharmacopoeia herb result
HERB004000,墨西哥落羽杉,not_found,,no search results
HERB004019,木防己,not_found,,no exact pharmacopoeia herb result
HERB004001,墨西哥向日葵,not_found,,no search results
HERB003970,绵头雪莲花,not_found,,no exact pharmacopoeia herb result
HERB003968,冕宁乌头,not_found,,no exact pharmacopoeia herb result
HERB004014,牧地香豌豆,not_found,,no search results
HERB004017,木耳,not_found,,no exact pharmacopoeia herb result
HERB003994,磨盘草,not_found,,no exact pharmacopoeia herb result
HERB003982,长柱琉璃草,not_found,,no exact pharmacopoeia herb result
HERB004016,牧豆树,not_found,,no exact pharmacopoeia herb result
HERB003986,膜果麻黄,not_found,,no exact pharmacopoeia herb result
HERB003981,松叶菊,not_found,,no exact pharmacopoeia herb result
HERB004030,木瑚蝶树皮,not_found,,no exact pharmacopoeia herb result
HERB003997,墨炭,not_found,,no exact pharmacopoeia herb result
HERB004031,母鸡,not_found,,no search results
HERB004018,木耳毒马草,not_found,,no exact pharmacopoeia herb result
HERB004010,木鳖根,not_found,,no exact pharmacopoeia herb result
HERB004012,木柴胡,not_found,,no exact pharmacopoeia herb result
HERB003996,没食子,not_found,,no exact pharmacopoeia herb result
HERB004020,木芙蓉花,not_found,,no exact pharmacopoeia herb result
HERB004008,木半夏根,not_found,,no exact pharmacopoeia herb result
HERB004039,牡荆,not_found,,no exact pharmacopoeia herb result
HERB004033,木槿花,not_found,,no search results
HERB004022,木瓜根,not_found,,no exact pharmacopoeia herb result
HERB004026,牡蒿,not_found,,no exact pharmacopoeia herb result
HERB004047,木兰,not_found,,no exact pharmacopoeia herb result
HERB004024,木瓜枝,not_found,,no exact pharmacopoeia herb result
HERB004023,木瓜核,not_found,,no exact pharmacopoeia herb result
HERB004025,木桂,not_found,,no exact pharmacopoeia herb result
HERB004046,穆库尔没药,not_found,,no exact pharmacopoeia herb result
HERB004028,木荷,not_found,,no exact pharmacopoeia herb result
HERB004027,牡蒿根,not_found,,no exact pharmacopoeia herb result
HERB004032,木槿根,not_found,,no exact pharmacopoeia herb result
HERB004037,牡荆根,not_found,,no exact pharmacopoeia herb result
HERB004054,木麻黄,not_found,,no search results
HERB004053,牧马豆,not_found,,no exact pharmacopoeia herb result
HERB004035,木槿叶,not_found,,no exact pharmacopoeia herb result
HERB004038,牡荆根,not_found,,no exact pharmacopoeia herb result
HERB004034,木槿皮,not_found,,no exact pharmacopoeia herb result
HERB004043,木菊,not_found,,no exact pharmacopoeia herb result
HERB004065,苜蓿,not_found,,no search results
HERB004042,牡荆子,not_found,,no exact pharmacopoeia herb result
HERB004049,木榄,not_found,,no exact pharmacopoeia herb result
HERB004036,牡荆子,not_found,,no exact pharmacopoeia herb result
HERB004052,牡蛎肉,not_found,,no exact pharmacopoeia herb result
HERB004041,牡荆油,not_found,,no exact pharmacopoeia herb result
HERB004074,拿腾,not_found,,no exact pharmacopoeia herb result
HERB004057,木藤蓼,not_found,,no exact pharmacopoeia herb result
HERB004056,木薯地上部分,not_found,,no exact pharmacopoeia herb result
HERB004076,奶桑,not_found,,no exact pharmacopoeia herb result
HERB004077,南川冠唇花,not_found,,no exact pharmacopoeia herb result
HERB004058,木蹄层孔菌,not_found,,no exact pharmacopoeia herb result
HERB004061,木通根,not_found,,no exact pharmacopoeia herb result
HERB004067,木叶龙胆,not_found,,no exact pharmacopoeia herb result
HERB004062,木茼蒿,not_found,,no exact pharmacopoeia herb result
HERB004051,木藜芦,not_found,,no exact pharmacopoeia herb result
HERB004091,南瓜,not_found,,no search results
HERB004059,木天蓼,not_found,,no exact pharmacopoeia herb result
HERB004075,拿腾果,not_found,,no exact pharmacopoeia herb result
HERB004095,南轮环藤,not_found,,no exact pharmacopoeia herb result
HERB004079,南川升麻,not_found,,no exact pharmacopoeia herb result
HERB004063,墓头回,not_found,,no exact pharmacopoeia herb result
HERB004099,楠木,not_found,,no search results
HERB004066,苜蓿根,not_found,,no exact pharmacopoeia herb result
HERB004108,南蛇藤叶子,not_found,,no exact pharmacopoeia herb result
HERB004085,南方欧石楠,not_found,,no exact pharmacopoeia herb result
HERB004106,南蛇藤根,not_found,,no exact pharmacopoeia herb result
HERB004081,南丹参,not_found,,no exact pharmacopoeia herb result
HERB004096,南美防己,not_found,,no exact pharmacopoeia herb result
HERB004069,木贼麻黄,not_found,,no exact pharmacopoeia herb result
HERB004107,南蛇藤果,not_found,,no search results
HERB004078,南川鹭鸶草,not_found,,no exact pharmacopoeia herb result
HERB004115,南天竹子,not_found,,no exact pharmacopoeia herb result
HERB004097,南美牛奶菜,not_found,,no exact pharmacopoeia herb result
HERB004104,南山藤,not_found,,no exact pharmacopoeia herb result
HERB004083,南方琉璃草,not_found,,no exact pharmacopoeia herb result
HERB004110,南苏格兰嘉善罗,not_found,,no exact pharmacopoeia herb result
HERB004114,南天竹叶,not_found,,no exact pharmacopoeia herb result
HERB004122,南印度苏铁树果,not_found,,no exact pharmacopoeia herb result
HERB004120,南亚含笑,not_found,,no search results
HERB004103,南山花,not_found,,no exact pharmacopoeia herb result
HERB004105,南蛇藤,not_found,,no exact pharmacopoeia herb result
HERB004124,囊盖丝瓜,not_found,,no exact pharmacopoeia herb result
HERB004117,南投秋海棠,not_found,,no search results
HERB004086,南方菟丝子,not_found,,no exact pharmacopoeia herb result
HERB004088,南非钩麻,not_found,,no exact pharmacopoeia herb result
HERB004127,硇砂,not_found,,no exact pharmacopoeia herb result
HERB004111,南酸枣,not_found,,no exact pharmacopoeia herb result
HERB004100,南欧丹参,not_found,,no exact pharmacopoeia herb result
HERB004146,尼泊尔羊蹄,not_found,,no search results
HERB004147,尼泊金乙酯,not_found,,no exact pharmacopoeia herb result
HERB004136,嫩叶九里香,not_found,,no exact pharmacopoeia herb result
HERB004135,内折香茶菜,not_found,,no exact pharmacopoeia herb result
HERB004141,尼泊尔老鹳草,not_found,,no exact pharmacopoeia herb result
HERB004140,尼泊尔独活,not_found,,no exact pharmacopoeia herb result
HERB004125,囊状毛蕊花,not_found,,no exact pharmacopoeia herb result
HERB004145,尼泊尔五头蛇,not_found,,no exact pharmacopoeia herb result
HERB004112,南天竹根,not_found,,no exact pharmacopoeia herb result
HERB004149,泥东风螺,not_found,,no exact pharmacopoeia herb result
HERB004113,南天竹梗,not_found,,no exact pharmacopoeia herb result
HERB004154,尼罗河柽柳,not_found,,no exact pharmacopoeia herb result
HERB004128,脑石,not_found,,no exact pharmacopoeia herb result
HERB004157,泥炭藓,not_found,,no search results
HERB004121,南印度穿心莲,not_found,,no exact pharmacopoeia herb result
HERB004150,尼古拉矢车菊,not_found,,no search results
HERB004130,闹羊花子,not_found,,no exact pharmacopoeia herb result
HERB004134,内南五味子,not_found,,no exact pharmacopoeia herb result
HERB004155,尼罗河金银莲,not_found,,no exact pharmacopoeia herb result
HERB004132,美国白梣,not_found,,no exact pharmacopoeia herb result
HERB004168,鲶鱼须,not_found,,no exact pharmacopoeia herb result
HERB004160,年报春,not_found,,no exact pharmacopoeia herb result
HERB004144,尼泊尔嵩草,not_found,,no exact pharmacopoeia herb result
HERB004126,囊状紫檀,not_found,,no exact pharmacopoeia herb result
HERB004173,宁扁萼苔烯,not_found,,no search results
HERB004153,拟金盏菊,not_found,,no exact pharmacopoeia herb result
HERB004176,柠檬,not_found,,no exact pharmacopoeia herb result
HERB004169,鲶鱼,not_found,,no search results
HERB004131,内风消,not_found,,no exact pharmacopoeia herb result
HERB004179,柠檬皮,not_found,,no search results
HERB004152,泥胡菜,not_found,,no exact pharmacopoeia herb result
HERB004163,粘委陵菜,not_found,,no exact pharmacopoeia herb result
HERB004180,柠檬酸,not_found,,no exact pharmacopoeia herb result
HERB004192,牛鞭,not_found,,no search results
HERB004158,拟玉龙乌头,not_found,,no exact pharmacopoeia herb result
HERB004159,泥沼木姜子,not_found,,no exact pharmacopoeia herb result
HERB004162,粘毛鼠尾草,not_found,,no exact pharmacopoeia herb result
HERB004172,尿泡草,not_found,,no exact pharmacopoeia herb result
HERB004164,粘性果实酸姜,not_found,,no exact pharmacopoeia herb result
HERB004175,宁国贝母,not_found,,no exact pharmacopoeia herb result
HERB004165,粘性土木香,not_found,,no exact pharmacopoeia herb result
HERB004183,宁夏枸杞根皮,not_found,,no exact pharmacopoeia herb result
HERB004182,宁夏贝母,not_found,,no exact pharmacopoeia herb result
HERB004178,柠檬根,not_found,,no exact pharmacopoeia herb result
HERB004177,柠檬桉叶,not_found,,no exact pharmacopoeia herb result
HERB004181,柠檬叶,not_found,,no exact pharmacopoeia herb result
HERB004193,牛大力,not_found,,no exact pharmacopoeia herb result
HERB004203,牛津千里光,not_found,,no exact pharmacopoeia herb result
HERB004187,牛蒡根,not_found,,no exact pharmacopoeia herb result
HERB004184,宁夏枸杞子,not_found,,no exact pharmacopoeia herb result
HERB004197,牛防风,not_found,,no exact pharmacopoeia herb result
HERB004194,牛胆,not_found,,no exact pharmacopoeia herb result
HERB004189,牛蒡叶,not_found,,no exact pharmacopoeia herb result
HERB004213,牛蹄豆,not_found,,no exact pharmacopoeia herb result
HERB004205,牛脑,not_found,,no exact pharmacopoeia herb result
HERB004195,牛耳大黄,not_found,,no exact pharmacopoeia herb result
HERB004215,牛尾草香茶菜,not_found,,no exact pharmacopoeia herb result
HERB004206,牛皮茶,not_found,,no exact pharmacopoeia herb result
HERB004217,牛尾蒿,not_found,,no exact pharmacopoeia herb result
HERB004199,牛肝,not_found,,no exact pharmacopoeia herb result
HERB004207,扭曲松叶菊,not_found,,no exact pharmacopoeia herb result
HERB004196,牛耳枫子,not_found,,no exact pharmacopoeia herb result
HERB004211,牛舌头,not_found,,no exact pharmacopoeia herb result
HERB004202,牛筋果,not_found,,no exact pharmacopoeia herb result
HERB004198,牛肺,not_found,,no exact pharmacopoeia herb result
HERB004214,牛尾菜,not_found,,no exact pharmacopoeia herb result
HERB004208,扭曲一根草,not_found,,no exact pharmacopoeia herb result
HERB004210,牛舌草,not_found,,no exact pharmacopoeia herb result
HERB004188,牛蒡茎叶,not_found,,no exact pharmacopoeia herb result
HERB004232,农吉利,not_found,,no search results
HERB004227,牛眼马钱,not_found,,no exact pharmacopoeia herb result
HERB004216,牛尾独活,not_found,,no exact pharmacopoeia herb result
HERB004212,牛肾,not_found,,no exact pharmacopoeia herb result
HERB004239,糯稻根,not_found,,no search results
HERB004234,怒江山茶,not_found,,no exact pharmacopoeia herb result
HERB004204,牛筋条,not_found,,no exact pharmacopoeia herb result
HERB004238,糯稻,not_found,,no search results
HERB004220,牛西西,not_found,,no exact pharmacopoeia herb result
HERB004244,藕,not_found,,no exact pharmacopoeia herb result
HERB004241,女贞小蜡树,not_found,,no exact pharmacopoeia herb result
HERB004250,欧防风,not_found,,no search results
HERB004219,牛膝茎叶,not_found,,no exact pharmacopoeia herb result
HERB004221,牛心番荔枝,not_found,,no exact pharmacopoeia herb result
HERB004226,牛血,not_found,,no exact pharmacopoeia herb result
HERB004224,牛心茄子,not_found,,no exact pharmacopoeia herb result
HERB004225,牛玄金合欢,not_found,,no exact pharmacopoeia herb result
HERB004222,牛心粉,not_found,,no exact pharmacopoeia herb result
HERB004236,女贞叶,not_found,,no exact pharmacopoeia herb result
HERB004235,女贞根,not_found,,no exact pharmacopoeia herb result
HERB004228,牛眼蟛蜞菊,not_found,,no exact pharmacopoeia herb result
HERB004246,欧藏珠,not_found,,no exact pharmacopoeia herb result
HERB004253,欧莨菪,not_found,,no exact pharmacopoeia herb result
HERB004248,欧地笋,not_found,,no exact pharmacopoeia herb result
HERB004256,偶曼陀罗根,not_found,,no exact pharmacopoeia herb result
HERB004245,欧薄荷,not_found,,no exact pharmacopoeia herb result
HERB004252,欧锦葵,not_found,,no exact pharmacopoeia herb result
HERB004249,欧丁香,not_found,,no exact pharmacopoeia herb result
HERB004269,欧亚瑞香,not_found,,no exact pharmacopoeia herb result
HERB004247,欧当归,not_found,,no exact pharmacopoeia herb result
HERB004272,欧洲白蜡树,not_found,,no exact pharmacopoeia herb result
HERB004268,欧亚槭,not_found,,no exact pharmacopoeia herb result
HERB004276,欧洲刺柏变种,not_found,,no exact pharmacopoeia herb result
HERB004266,欧夏至草,not_found,,no exact pharmacopoeia herb result
HERB004255,欧列当,not_found,,no exact pharmacopoeia herb result
HERB004275,欧洲刺柏,not_found,,no search results
HERB004260,欧石楠,not_found,,no exact pharmacopoeia herb result
HERB004280,欧洲蕨,not_found,,no exact pharmacopoeia herb result
HERB004274,欧洲赤松,not_found,,no search results
HERB004267,欧亚甘草,not_found,,no exact pharmacopoeia herb result
HERB004261,欧鼠李,not_found,,no exact pharmacopoeia herb result
HERB004284,欧洲耧斗菜,not_found,,no search results
HERB004283,欧洲李,not_found,,no search results
HERB004285,欧洲马兜铃,not_found,,no exact pharmacopoeia herb result
HERB004279,欧洲夹竹桃,not_found,,no exact pharmacopoeia herb result
HERB004282,欧洲冷杉,not_found,,no search results
HERB004277,欧洲独活,not_found,,no exact pharmacopoeia herb result
HERB004262,藕炭,not_found,,no exact pharmacopoeia herb result
HERB004265,欧细辛,not_found,,no exact pharmacopoeia herb result
HERB004295,欧洲山杨,not_found,,no search results
HERB004270,欧泽芹,not_found,,no exact pharmacopoeia herb result
HERB004290,欧洲萍逢草,not_found,,no search results
HERB004292,欧洲七叶树,not_found,,no exact pharmacopoeia herb result
HERB004288,欧洲女贞,not_found,,no exact pharmacopoeia herb result
HERB004259,欧前胡,not_found,,no exact pharmacopoeia herb result
HERB004289,欧洲萍逢草,not_found,,no search results
HERB004297,欧洲水青冈,not_found,,no search results
HERB004296,欧洲省沽油,not_found,,no exact pharmacopoeia herb result
HERB004293,欧洲千里光,not_found,,no exact pharmacopoeia herb result
HERB004258,欧绵马,not_found,,no exact pharmacopoeia herb result
HERB004273,欧洲白栎,not_found,,no exact pharmacopoeia herb result
HERB004303,欧洲云杉,not_found,,no search results
HERB004278,欧洲花楸,not_found,,no exact pharmacopoeia herb result
HERB004301,欧洲仙客来,not_found,,no search results
HERB004313,攀援鱼藤,not_found,,no search results
HERB004300,欧洲卫矛,not_found,,no search results
HERB004287,欧洲没药,not_found,,no exact pharmacopoeia herb result
HERB004308,帕里北方十大功劳,not_found,,no search results
HERB004307,帕克夜香树,not_found,,no exact pharmacopoeia herb result
HERB004315,潘庄叶下珠,not_found,,no exact pharmacopoeia herb result
HERB004286,欧洲蜜蜂花,not_found,,no exact pharmacopoeia herb result
HERB004291,欧洲桤木,not_found,,no exact pharmacopoeia herb result
HERB004314,攀枝钩藤,not_found,,no exact pharmacopoeia herb result
HERB004329,泡状番荔枝,not_found,,no exact pharmacopoeia herb result
HERB004316,胖大海,ok_no_empty_fields,https://ydz.chp.org.cn/#/item?bookId=1&entryId=413,matched page but target columns already had values
HERB004281,欧洲蓝茉莉?,not_found,,no exact pharmacopoeia herb result
HERB004318,螃蟹,not_found,,no exact pharmacopoeia herb result
HERB004324,泡泡树,not_found,,no exact pharmacopoeia herb result
HERB004326,泡桐,not_found,,no search results
HERB004310,排钱草,not_found,,no exact pharmacopoeia herb result
HERB004312,攀援臭黄荆,not_found,,no exact pharmacopoeia herb result
HERB004302,欧洲小檗,not_found,,no exact pharmacopoeia herb result
HERB004334,盆架树,not_found,,no exact pharmacopoeia herb result
HERB004311,排钱草根,not_found,,no exact pharmacopoeia herb result
HERB004325,炮山甲,not_found,,no exact pharmacopoeia herb result
HERB004338,蟛蜞菊,not_found,,no exact pharmacopoeia herb result
HERB004341,彭县雪胆,not_found,,no search results
HERB004298,欧洲菘蓝,not_found,,no exact pharmacopoeia herb result
HERB004347,霹雳萝芙木,not_found,,no search results
HERB004327,泡桐果,not_found,,no exact pharmacopoeia herb result
HERB004345,啤酒花,not_found,,no search results
HERB004339,硼砂,not_found,,no exact pharmacopoeia herb result
HERB004319,炮弹果,not_found,,no exact pharmacopoeia herb result
HERB004336,蓬莪术,not_found,,no exact pharmacopoeia herb result
HERB004354,铍针杜茎山,not_found,,no exact pharmacopoeia herb result
HERB004348,枇杷,not_found,,no exact pharmacopoeia herb result
HERB004323,泡囊草,not_found,,no exact pharmacopoeia herb result
HERB004359,披针叶南五味子,not_found,,no exact pharmacopoeia herb result
HERB004294,欧洲山芥,not_found,,no exact pharmacopoeia herb result
HERB004358,披针叶黄肉楠,not_found,,no search results
HERB004333,喷瓜,not_found,,no exact pharmacopoeia herb result
HERB004337,蓬莱草,not_found,,no exact pharmacopoeia herb result
HERB004328,泡桐花,not_found,,no exact pharmacopoeia herb result
HERB004361,偏翅唐松草根,not_found,,no search results
HERB004344,脾寒草根?,not_found,,no exact pharmacopoeia herb result
HERB004360,偏翅唐松草,not_found,,no search results
HERB004342,蓬子菜,not_found,,no exact pharmacopoeia herb result
HERB004364,苤蓝,not_found,,no search results
HERB004346,啤酒花菟丝子,not_found,,no exact pharmacopoeia herb result
HERB004373,苹果海棠,not_found,,no exact pharmacopoeia herb result
HERB004375,平滑蜂斗菜,not_found,,no exact pharmacopoeia herb result
HERB004382,平羽凤尾蕨,not_found,,no search results
HERB004343,脾寒草,not_found,,no exact pharmacopoeia herb result
HERB004383,平原巴豆,not_found,,no exact pharmacopoeia herb result
HERB004352,皮哨子,not_found,,no exact pharmacopoeia herb result
HERB004349,枇杷核,not_found,,no exact pharmacopoeia herb result
HERB004388,婆罗门皂荚,not_found,,no exact pharmacopoeia herb result
HERB004351,皮契茄,not_found,,no exact pharmacopoeia herb result
HERB004371,萍逢草,not_found,,no exact pharmacopoeia herb result
HERB004357,披针叶钩藤,not_found,,no exact pharmacopoeia herb result
HERB004398,匍匐枪刀药,not_found,,no exact pharmacopoeia herb result
HERB004397,匍匐茎兔耳草,not_found,,no exact pharmacopoeia herb result
HERB004393,普洱茶,not_found,,no exact pharmacopoeia herb result
HERB004395,扑尔敏,not_found,,no search results
HERB004363,飘拂草,not_found,,no exact pharmacopoeia herb result
HERB004374,平滑发亮钩藤,not_found,,no exact pharmacopoeia herb result
HERB004394,普尔迪罗汉松,not_found,,no exact pharmacopoeia herb result
HERB004381,平卧稻花,not_found,,no exact pharmacopoeia herb result
HERB004378,萍蓬草,not_found,,no exact pharmacopoeia herb result
HERB004370,瓶尔小草,not_found,,no exact pharmacopoeia herb result
HERB004399,匍匐十大功劳,not_found,,no exact pharmacopoeia herb result
HERB004396,匍匐筋骨草,not_found,,no exact pharmacopoeia herb result
HERB004367,平车前,not_found,,no exact pharmacopoeia herb result
HERB004389,婆罗洲钩藤,not_found,,no exact pharmacopoeia herb result
HERB004412,葡萄柚,not_found,,no search results
HERB004413,葡萄柚大红菊杂交种,not_found,,no search results
HERB004391,铺地蜈蚣,not_found,,no exact pharmacopoeia herb result
HERB004409,葡萄糖,not_found,,no exact pharmacopoeia herb result
HERB004418,普通豚草,not_found,,no exact pharmacopoeia herb result
HERB004417,普通鹿蹄草,not_found,,no exact pharmacopoeia herb result
HERB004384,平展角茴香,not_found,,no exact pharmacopoeia herb result
HERB004380,平千里光,not_found,,no exact pharmacopoeia herb result
HERB004416,普通苍耳?,not_found,,no exact pharmacopoeia herb result
HERB004424,蒲桃,not_found,,no exact pharmacopoeia herb result
HERB004422,浦叶山悠子,not_found,,no exact pharmacopoeia herb result
HERB004386,破布叶,not_found,,no exact pharmacopoeia herb result
HERB004419,普通悬钩子,not_found,,no exact pharmacopoeia herb result
HERB004421,普通獐牙菜,not_found,,no exact pharmacopoeia herb result
HERB004426,蛴螬,not_found,,no exact pharmacopoeia herb result
HERB004435,畦畔莎草,not_found,,no exact pharmacopoeia herb result
HERB004430,七国九里香?,not_found,,no exact pharmacopoeia herb result
HERB004400,普格乌头,not_found,,no exact pharmacopoeia herb result
HERB004406,葡萄,not_found,,no exact pharmacopoeia herb result
HERB004431,七国千里香,not_found,,no exact pharmacopoeia herb result
HERB004434,麒麟竭,not_found,,no exact pharmacopoeia herb result
HERB004420,普通远志,not_found,,no exact pharmacopoeia herb result
HERB004438,七叶黄皮,not_found,,no exact pharmacopoeia herb result
HERB004433,麒麟菜,not_found,,no exact pharmacopoeia herb result
HERB004407,葡萄,not_found,,no exact pharmacopoeia herb result
HERB004410,葡萄藤叶,not_found,,no exact pharmacopoeia herb result
HERB004441,七叶树,not_found,,no exact pharmacopoeia herb result
HERB004414,菩提树花,not_found,,no exact pharmacopoeia herb result
HERB004449,千层塔,not_found,,no search results
HERB004440,槭叶盘果菊,not_found,,no exact pharmacopoeia herb result
HERB004444,祁州一枝蒿,not_found,,no exact pharmacopoeia herb result
HERB004447,茜草根,not_found,,no exact pharmacopoeia herb result
HERB004411,葡萄叶木槿,not_found,,no exact pharmacopoeia herb result
HERB004451,铅粉,not_found,,no search results
HERB004450,铅丹,not_found,,no search results
HERB004458,千金花,not_found,,no exact pharmacopoeia herb result
HERB004425,祁白芷,not_found,,no exact pharmacopoeia herb result
HERB004429,漆姑草,not_found,,no exact pharmacopoeia herb result
HERB004427,齐墩果,not_found,,no exact pharmacopoeia herb result
HERB004455,浅灰毛冠菊,not_found,,no exact pharmacopoeia herb result
HERB004448,茜草藤,not_found,,no exact pharmacopoeia herb result
HERB004439,七叶莲,not_found,,no exact pharmacopoeia herb result
HERB004423,欧洲葡萄,not_found,,no exact pharmacopoeia herb result
HERB004463,浅裂鳞毛蕨,not_found,,no exact pharmacopoeia herb result
HERB004465,荨麻,not_found,,no search results
HERB004457,千斤拔,not_found,,no exact pharmacopoeia herb result
HERB004428,齐墩果酸,not_found,,no exact pharmacopoeia herb result
HERB004443,奇异葡萄风信子,not_found,,no exact pharmacopoeia herb result
HERB004473,芡实根,not_found,,no exact pharmacopoeia herb result
HERB004452,头花千金藤,not_found,,no exact pharmacopoeia herb result
HERB004471,千日红,not_found,,no search results
HERB004459,千金藤,not_found,,no exact pharmacopoeia herb result
HERB004480,蜣螂,not_found,,no exact pharmacopoeia herb result
HERB004488,荞麦,not_found,,no exact pharmacopoeia herb result
HERB004470,千屈菜,not_found,,no exact pharmacopoeia herb result
HERB004500,茄根,not_found,,no exact pharmacopoeia herb result
HERB004456,千解草,not_found,,no exact pharmacopoeia herb result
HERB004483,鞘柄菝葜,not_found,,no exact pharmacopoeia herb result
HERB004454,浅灰钩藤,not_found,,no exact pharmacopoeia herb result
HERB004472,芡实,ok_no_empty_fields,https://ydz.chp.org.cn/#/item?bookId=1&entryId=252,matched page but target columns already had values
HERB004496,乔木紫珠,not_found,,no exact pharmacopoeia herb result
HERB004489,荞麦秸,not_found,,no search results
HERB004467,千年不烂心,not_found,,no exact pharmacopoeia herb result
HERB004490,乔木刺桐,not_found,,no exact pharmacopoeia herb result
HERB004491,乔木胡椒,not_found,,no exact pharmacopoeia herb result
HERB004499,茄蒂,not_found,,no exact pharmacopoeia herb result
HERB004504,芹菜,not_found,,no exact pharmacopoeia herb result
HERB004475,芡实叶,not_found,,no exact pharmacopoeia herb result
HERB004481,蔷薇根,not_found,,no exact pharmacopoeia herb result
HERB004497,鞘石豆兰,not_found,,no exact pharmacopoeia herb result
HERB004474,芡实茎,not_found,,no exact pharmacopoeia herb result
HERB004505,秦蒿,not_found,,no exact pharmacopoeia herb result
HERB004503,茄子,not_found,,no search results
HERB004484,巧茶,not_found,,no exact pharmacopoeia herb result
HERB004464,黔岭淫羊藿,not_found,,no exact pharmacopoeia herb result
HERB004509,秦岭白蜡树,not_found,,no exact pharmacopoeia herb result
HERB004512,秦岭珠子参,not_found,,no exact pharmacopoeia herb result
HERB004510,秦岭翠雀花,not_found,,no search results
HERB004498,荞头,not_found,,no exact pharmacopoeia herb result
HERB004528,青梅,not_found,,no search results
HERB004516,青黛,ok_no_empty_fields,https://ydz.chp.org.cn/#/item?bookId=1&entryId=307,matched page but target columns already had values
HERB004517,轻粉,ok_no_empty_fields,https://ydz.chp.org.cn/#/item?bookId=1&entryId=398,matched page but target columns already had values
HERB004523,青椒,not_found,,no exact pharmacopoeia herb result
HERB004493,乔木状黄牛木,not_found,,no exact pharmacopoeia herb result
HERB004492,乔木芍药,not_found,,no exact pharmacopoeia herb result
HERB004513,秦皮,ok_no_empty_fields,https://ydz.chp.org.cn/#/item?bookId=1&entryId=426,matched page but target columns already had values
HERB004502,茄叶,not_found,,no exact pharmacopoeia herb result
HERB004524,青金石,not_found,,no exact pharmacopoeia herb result
HERB004501,茄花,not_found,,no exact pharmacopoeia herb result
HERB004537,青蒜,not_found,,no search results
HERB004529,青礞石,ok_no_empty_fields,https://ydz.chp.org.cn/#/item?bookId=1&entryId=306,matched page but target columns already had values
HERB004526,青龙齿,not_found,,no exact pharmacopoeia herb result
HERB004539,青天葵,not_found,,no exact pharmacopoeia herb result
HERB004508,秦艽花,not_found,,no exact pharmacopoeia herb result
HERB004521,青蒿根,not_found,,no exact pharmacopoeia herb result
HERB004533,青牛胆,not_found,,no exact pharmacopoeia herb result
HERB004536,青蛇藤,not_found,,no exact pharmacopoeia herb result
HERB004540,青蛙,not_found,,no search results
HERB004541,青蛙蛋,not_found,,no exact pharmacopoeia herb result
HERB004532,青娘子,not_found,,no exact pharmacopoeia herb result
HERB004552,球花牛奶菜,not_found,,no exact pharmacopoeia herb result
HERB004525,清凉百合,not_found,,no exact pharmacopoeia herb result
HERB004538,青藤香,not_found,,no exact pharmacopoeia herb result
HERB004542,清香木姜子,not_found,,no exact pharmacopoeia herb result
HERB004530,清明花,not_found,,no exact pharmacopoeia herb result
HERB004551,球花党参,not_found,,no exact pharmacopoeia herb result
HERB004553,球花醉鱼草,not_found,,no exact pharmacopoeia herb result
HERB004535,青钱柳,not_found,,no exact pharmacopoeia herb result
HERB004562,球药隔重楼,not_found,,no exact pharmacopoeia herb result
HERB004548,青紫苏,not_found,,no exact pharmacopoeia herb result
HERB004561,球穗千斤拔,not_found,,no exact pharmacopoeia herb result
HERB004549,秋枫木,not_found,,no exact pharmacopoeia herb result
HERB004563,蚯蚓,not_found,,no search results
HERB004550,秋福寿草,not_found,,no exact pharmacopoeia herb result
HERB004567,驱虫草,not_found,,no exact pharmacopoeia herb result
HERB004575,犬齿蔷薇,not_found,,no search results
HERB004570,苣荬菜,not_found,,no search results
HERB004560,秋水仙常春藤,not_found,,no exact pharmacopoeia herb result
HERB004545,清洋参,not_found,,no exact pharmacopoeia herb result
HERB004547,青子牵牛,not_found,,no exact pharmacopoeia herb result
HERB004568,驱虫合欢,not_found,,no exact pharmacopoeia herb result
HERB004554,秋木瓜,not_found,,no exact pharmacopoeia herb result
HERB004556,球蕊五味子,not_found,,no exact pharmacopoeia herb result
HERB004555,秋茄树,not_found,,no exact pharmacopoeia herb result
HERB004559,秋水仙,not_found,,no exact pharmacopoeia herb result
HERB004576,拳距瓜叶乌头,not_found,,no exact pharmacopoeia herb result
HERB004558,美登木,not_found,,no exact pharmacopoeia herb result
HERB004574,曲轴海金沙,not_found,,no exact pharmacopoeia herb result
HERB004585,全缘叶澳托斯特草,not_found,,no exact pharmacopoeia herb result
HERB004583,拳愿桧木,not_found,,no exact pharmacopoeia herb result
HERB004584,全员千里光,not_found,,no exact pharmacopoeia herb result
HERB004594,裙带菜,not_found,,no search results
HERB004591,雀稗麦角菌,not_found,,no exact pharmacopoeia herb result
HERB004573,区域草地老鹳草,not_found,,no exact pharmacopoeia herb result
HERB004580,拳叶苏铁,not_found,,no exact pharmacopoeia herb result
HERB004571,屈曲花,not_found,,no exact pharmacopoeia herb result
HERB004566,驱虫斑鸠菊,not_found,,no exact pharmacopoeia herb result
HERB004565,球状破布木,not_found,,no exact pharmacopoeia herb result
HERB004602,染色桑,not_found,,no exact pharmacopoeia herb result
HERB004577,全能花,not_found,,no exact pharmacopoeia herb result
HERB004581,全叶延胡索,not_found,,no exact pharmacopoeia herb result
HERB004590,全缘叶小波,not_found,,no exact pharmacopoeia herb result
HERB004592,雀梅藤,not_found,,no exact pharmacopoeia herb result
HERB004595,群心菜,not_found,,no exact pharmacopoeia herb result
HERB004587,全缘叶花椒,not_found,,no exact pharmacopoeia herb result
HERB004586,全缘叶波罗密,not_found,,no exact pharmacopoeia herb result
HERB004599,髯毛鞘蕊花,not_found,,no exact pharmacopoeia herb result
HERB004626,日本菖蒲,not_found,,no exact pharmacopoeia herb result
HERB004620,日本白蜡树,not_found,,no exact pharmacopoeia herb result
HERB004619,日本安息香精辟,not_found,,no exact pharmacopoeia herb result
HERB004628,日本臭节草,not_found,,no exact pharmacopoeia herb result
HERB004623,日本扁柏,not_found,,no exact pharmacopoeia herb result
HERB004608,人尿,not_found,,no exact pharmacopoeia herb result
HERB004627,日本赤松,not_found,,no exact pharmacopoeia herb result
HERB004588,全缘叶美洲茶,not_found,,no exact pharmacopoeia herb result
HERB004632,日本杜鹃花,not_found,,no exact pharmacopoeia herb result
HERB004612,人参芦,not_found,,no search results
HERB004597,染料木,not_found,,no exact pharmacopoeia herb result
HERB004634,日本飞鼠,not_found,,no exact pharmacopoeia herb result
HERB004631,日本东风螺,not_found,,no exact pharmacopoeia herb result
HERB004593,雀舌黄杨,not_found,,no exact pharmacopoeia herb result
HERB004635,日本鬼灯檠,not_found,,no search results
HERB004607,人工蛹虫草,not_found,,no exact pharmacopoeia herb result
HERB004615,人参须,not_found,,no exact pharmacopoeia herb result
HERB004617,人参子,not_found,,no exact pharmacopoeia herb result
HERB004646,日本柳杉,not_found,,no exact pharmacopoeia herb result
HERB004645,日本鳞毛蕨,not_found,,no exact pharmacopoeia herb result
HERB004611,人参花蕾,not_found,,no exact pharmacopoeia herb result
HERB004610,人参花,not_found,,no exact pharmacopoeia herb result
HERB004613,人参三七,not_found,,no exact pharmacopoeia herb result
HERB004648,日本龙芽草,not_found,,no exact pharmacopoeia herb result
HERB004614,人参西洋参杂交种,not_found,,no exact pharmacopoeia herb result
HERB004629,日本粗榧,not_found,,no exact pharmacopoeia herb result
HERB004621,白丝草,not_found,,no exact pharmacopoeia herb result
HERB004654,日本莽草,not_found,,no exact pharmacopoeia herb result
HERB004637,日本厚朴,not_found,,no exact pharmacopoeia herb result
HERB004630,日本当归,not_found,,no exact pharmacopoeia herb result
HERB004647,日本龙胆,not_found,,no exact pharmacopoeia herb result
HERB004659,日本女贞,not_found,,no exact pharmacopoeia herb result
HERB004644,日本连香树,not_found,,no exact pharmacopoeia herb result
HERB004653,日本马醉木,not_found,,no exact pharmacopoeia herb result
HERB004636,日本厚皮香,not_found,,no exact pharmacopoeia herb result
HERB004662,日本七叶树,not_found,,no exact pharmacopoeia herb result
HERB004665,日本蛇根草,not_found,,no exact pharmacopoeia herb result
HERB004660,日本萍逢草?,not_found,,no search results
HERB004661,日本萍蓬草,not_found,,no exact pharmacopoeia herb result
HERB004640,日本黄连,not_found,,no exact pharmacopoeia herb result
HERB004667,日本薯蓣,not_found,,no exact pharmacopoeia herb result
HERB004663,日本千屈菜,not_found,,no exact pharmacopoeia herb result
HERB004638,日本花柏,not_found,,no exact pharmacopoeia herb result
HERB004652,日本马桑叶,not_found,,no exact pharmacopoeia herb result
HERB004669,日本塑木,not_found,,no exact pharmacopoeia herb result
HERB004681,日本鸢尾,not_found,,no exact pharmacopoeia herb result
HERB004680,日本鱼鳞松,not_found,,no exact pharmacopoeia herb result
HERB004668,日本双蝴蝶茶花,not_found,,no search results
HERB004679,日本樱花,not_found,,no exact pharmacopoeia herb result
HERB004650,日本络石,not_found,,no exact pharmacopoeia herb result
HERB004670,日本文殊兰,not_found,,no exact pharmacopoeia herb result
HERB004651,日本马桑,not_found,,no exact pharmacopoeia herb result
HERB004682,日本獐牙菜,not_found,,no exact pharmacopoeia herb result
HERB004684,绒白乳菇,not_found,,no exact pharmacopoeia herb result
HERB004691,榕树,not_found,,no search results
HERB004673,日本夏枯草,not_found,,no exact pharmacopoeia herb result
HERB004678,日本辛夷,not_found,,no exact pharmacopoeia herb result
HERB004639,日本黄柏,not_found,,no exact pharmacopoeia herb result
HERB004683,日本紫珠,not_found,,no exact pharmacopoeia herb result
HERB004685,绒毛戴星草,not_found,,no exact pharmacopoeia herb result
HERB004656,日本南五味子,not_found,,no exact pharmacopoeia herb result
HERB004712,糯稻根,not_found,,no search results
HERB004689,绒毛山乡,not_found,,no exact pharmacopoeia herb result
HERB004705,肉毛山黧豆,not_found,,no exact pharmacopoeia herb result
HERB004699,柔茎香茶菜,not_found,,no exact pharmacopoeia herb result
HERB004672,日本乌头,not_found,,no exact pharmacopoeia herb result
HERB004657,日本牛皮消,not_found,,no exact pharmacopoeia herb result
HERB004676,日本小檗,not_found,,no exact pharmacopoeia herb result
HERB004723,软骨藻,not_found,,no exact pharmacopoeia herb result
HERB004711,乳白龙胆,not_found,,no exact pharmacopoeia herb result
HERB004696,肉红马利筋,not_found,,no exact pharmacopoeia herb result
HERB004721,乳源杜鹃,not_found,,no exact pharmacopoeia herb result
HERB004700,肉类牛奶菜,not_found,,no exact pharmacopoeia herb result
HERB004698,肉金合欢,not_found,,no exact pharmacopoeia herb result
HERB004706,肉毛向日葵,not_found,,no exact pharmacopoeia herb result
HERB004697,肉花雪胆,not_found,,no exact pharmacopoeia herb result
HERB004701,柔毛地胆草,not_found,,no exact pharmacopoeia herb result
HERB004713,入地金牛,not_found,,no exact pharmacopoeia herb result
HERB004732,瑞典甘蓝,not_found,,no search results
HERB004724,软骨藻,not_found,,no exact pharmacopoeia herb result
HERB004702,柔毛番荔枝,not_found,,no exact pharmacopoeia herb result
HERB004695,肉桂叶,not_found,,no exact pharmacopoeia herb result
HERB004731,瑞德千里光,not_found,,no exact pharmacopoeia herb result
HERB004726,软弱杜茎山,not_found,,no exact pharmacopoeia herb result
HERB004728,软条七蔷薇,not_found,,no exact pharmacopoeia herb result
HERB004729,阮银背藤,not_found,,no exact pharmacopoeia herb result
HERB004703,柔毛黄芪,not_found,,no exact pharmacopoeia herb result
HERB004738,瑞香花,not_found,,no exact pharmacopoeia herb result
HERB004750,塞内加尔刺桐,not_found,,no exact pharmacopoeia herb result
HERB004747,塞拉利昂水仙,not_found,,no search results
HERB004742,萨哈林云杉,not_found,,no search results
HERB004707,柔毛肖乳香,not_found,,no exact pharmacopoeia herb result
HERB004710,柔枝槐,not_found,,no exact pharmacopoeia herb result
HERB004725,软毛独活,not_found,,no exact pharmacopoeia herb result
HERB004736,瑞士石松,not_found,,no exact pharmacopoeia herb result
HERB004730,软枝黄蝉,not_found,,no exact pharmacopoeia herb result
HERB004754,三叉凤尾蕨,not_found,,no exact pharmacopoeia herb result
HERB004714,入地蜈蚣,not_found,,no exact pharmacopoeia herb result
HERB004745,撒是毛地黄,not_found,,no exact pharmacopoeia herb result
HERB004708,柔毛淫羊藿,not_found,,no exact pharmacopoeia herb result
HERB004755,三叉苦,not_found,,no exact pharmacopoeia herb result
HERB004716,乳苣,not_found,,no exact pharmacopoeia herb result
HERB004748,赛莨菪,not_found,,no exact pharmacopoeia herb result
HERB004753,三百银,not_found,,no exact pharmacopoeia herb result
HERB004772,翠雀,not_found,,no exact pharmacopoeia herb result
HERB004769,三角马兜铃,not_found,,no exact pharmacopoeia herb result
HERB004749,塞了罗勒?,not_found,,no exact pharmacopoeia herb result
HERB004762,三分三,not_found,,no exact pharmacopoeia herb result
HERB004737,瑞香根,not_found,,no exact pharmacopoeia herb result
HERB004781,三面刀,not_found,,no exact pharmacopoeia herb result
HERB004735,瑞士千牛,not_found,,no exact pharmacopoeia herb result
HERB004740,山番荔枝,not_found,,no exact pharmacopoeia herb result
HERB004764,三花龙胆,not_found,,no exact pharmacopoeia herb result
HERB004758,三楚山香圆,not_found,,no exact pharmacopoeia herb result
HERB004775,三棱叶金丝桃,not_found,,no exact pharmacopoeia herb result
HERB004770,三角叶黄连,not_found,,no exact pharmacopoeia herb result
HERB004759,三刺皂荚,not_found,,no exact pharmacopoeia herb result
HERB004787,三七叶,not_found,,no exact pharmacopoeia herb result
HERB004767,三尖杉根,not_found,,no exact pharmacopoeia herb result
HERB004771,三角叶薯蓣,not_found,,no exact pharmacopoeia herb result
HERB004792,三色牵牛,not_found,,no exact pharmacopoeia herb result
HERB004766,三尖杉,not_found,,no exact pharmacopoeia herb result
HERB004768,三角粉叶蕨,not_found,,no exact pharmacopoeia herb result
HERB004756,三齿蒿,not_found,,no exact pharmacopoeia herb result
HERB004799,三小叶翠雀花,not_found,,no exact pharmacopoeia herb result
HERB004791,三色堇,not_found,,no search results
HERB004765,三华密花树,not_found,,no exact pharmacopoeia herb result
HERB004780,三裂叶泽兰,not_found,,no exact pharmacopoeia herb result
HERB004810,三叶马鞭草,not_found,,no exact pharmacopoeia herb result
HERB004805,伞形绣球,not_found,,no exact pharmacopoeia herb result
HERB004779,三裂叶葛,not_found,,no exact pharmacopoeia herb result
HERB004795,三台花,not_found,,no exact pharmacopoeia herb result
HERB004786,三七花蕾,not_found,,no exact pharmacopoeia herb result
HERB004784,三七草,not_found,,no exact pharmacopoeia herb result
HERB004794,三台红花,not_found,,no exact pharmacopoeia herb result
HERB004800,三小叶山豆根,not_found,,no exact pharmacopoeia herb result
HERB004814,三叶木通,not_found,,no exact pharmacopoeia herb result
HERB004808,三叶防风,not_found,,no exact pharmacopoeia herb result
HERB004803,三星欧石楠,not_found,,no exact pharmacopoeia herb result
HERB004817,三叶鼠尾草,not_found,,no exact pharmacopoeia herb result
HERB004802,伞形花序印加,not_found,,no exact pharmacopoeia herb result
HERB004785,三七花,not_found,,no exact pharmacopoeia herb result
HERB004798,三消草,not_found,,no exact pharmacopoeia herb result
HERB004807,三叶防风,not_found,,no exact pharmacopoeia herb result
HERB004813,三叶木,not_found,,no exact pharmacopoeia herb result
HERB004824,桑澄,not_found,,no exact pharmacopoeia herb result
HERB004809,三叶黄连,not_found,,no exact pharmacopoeia herb result
HERB004818,三叶藤橘,not_found,,no exact pharmacopoeia herb result
HERB004812,三叶蜜茱萸,not_found,,no exact pharmacopoeia herb result
HERB004804,伞形屈曲花,not_found,,no exact pharmacopoeia herb result
HERB004816,三叶青,not_found,,no exact pharmacopoeia herb result
HERB004819,三硬件瓜蒌,not_found,,no exact pharmacopoeia herb result
HERB004826,桑耳,not_found,,no exact pharmacopoeia herb result
HERB004836,桑瘿,not_found,,no exact pharmacopoeia herb result
HERB004847,沙冬青,not_found,,no exact pharmacopoeia herb result
HERB004841,色轮羊角拗,not_found,,no exact pharmacopoeia herb result
HERB004815,三叶木通根,not_found,,no exact pharmacopoeia herb result
HERB004848,沙盒树,not_found,,no exact pharmacopoeia herb result
HERB004823,桑柴灰,not_found,,no exact pharmacopoeia herb result
HERB004830,桑沥,not_found,,no exact pharmacopoeia herb result
HERB004851,沙漠蔷薇,not_found,,no search results
HERB004844,止泻木子,not_found,,no exact pharmacopoeia herb result
HERB004820,三种菊杂交种,not_found,,no exact pharmacopoeia herb result
HERB004832,桑椹,ok_no_empty_fields,https://ydz.chp.org.cn/#/item?bookId=1&entryId=475,matched page but target columns already had values
HERB004856,沙参槐,not_found,,no exact pharmacopoeia herb result
HERB004821,三钻风,not_found,,no exact pharmacopoeia herb result
HERB004865,沙枣,not_found,,no search results
HERB004866,沙枣树皮,not_found,,no exact pharmacopoeia herb result
HERB004858,沙生蜡菊,not_found,,no exact pharmacopoeia herb result
HERB004867,砂钻苔草,not_found,,no exact pharmacopoeia herb result
HERB004861,砂糖,not_found,,no exact pharmacopoeia herb result
HERB004827,桑根,not_found,,no exact pharmacopoeia herb result
HERB004828,桑黄,not_found,,no exact pharmacopoeia herb result
HERB004877,山地罗汉松,not_found,,no search results
HERB004835,桑叶汁,not_found,,no exact pharmacopoeia herb result
HERB004872,山茶,not_found,,no exact pharmacopoeia herb result
HERB004857,砂生槐,not_found,,no exact pharmacopoeia herb result
HERB004845,森林薄荷,not_found,,no exact pharmacopoeia herb result
HERB004864,沙苑子,ok_no_empty_fields,https://ydz.chp.org.cn/#/item?bookId=1&entryId=284,matched page but target columns already had values
HERB004876,山地堆心菊,not_found,,no exact pharmacopoeia herb result
HERB004852,沙前胡,not_found,,no exact pharmacopoeia herb result
HERB004880,山地香豌豆,not_found,,no search results
HERB004850,沙利叶,not_found,,no exact pharmacopoeia herb result
HERB004882,山东肿足蕨,not_found,,no exact pharmacopoeia herb result
HERB004868,山白芷,not_found,,no exact pharmacopoeia herb result
HERB004879,山地香茶菜,not_found,,no exact pharmacopoeia herb result
HERB004892,珊瑚,not_found,,no exact pharmacopoeia herb result
HERB004873,山刺柏,not_found,,no exact pharmacopoeia herb result
HERB004889,山冈橐吾,not_found,,no search results
HERB004869,山萆薢,not_found,,no exact pharmacopoeia herb result
HERB004904,山黧豆,not_found,,no exact pharmacopoeia herb result
HERB004862,沙糖木,not_found,,no exact pharmacopoeia herb result
HERB004870,山扁豆,not_found,,no exact pharmacopoeia herb result
HERB004871,山扁豆子,not_found,,no exact pharmacopoeia herb result
HERB004901,山菊,not_found,,no exact pharmacopoeia herb result
HERB004885,山矾叶,not_found,,no exact pharmacopoeia herb result
HERB004887,山甘草,not_found,,no exact pharmacopoeia herb result
HERB004905,山里红,not_found,,no exact pharmacopoeia herb result
HERB004891,山荷叶,not_found,,no exact pharmacopoeia herb result
HERB004890,山梗菜,not_found,,no exact pharmacopoeia herb result
HERB004878,山地乌头,not_found,,no exact pharmacopoeia herb result
HERB004886,过山风,not_found,,no exact pharmacopoeia herb result
HERB004898,山甲珠,not_found,,no exact pharmacopoeia herb result
HERB004884,山矾根,not_found,,no exact pharmacopoeia herb result
HERB004895,山胡椒叶,not_found,,no exact pharmacopoeia herb result
HERB004906,山蓼,not_found,,no exact pharmacopoeia herb result
HERB004894,山胡椒,not_found,,no exact pharmacopoeia herb result
HERB004896,珊瑚蓝,not_found,,no exact pharmacopoeia herb result
HERB004899,山金车,not_found,,no exact pharmacopoeia herb result
HERB004897,山黄皮,not_found,,no exact pharmacopoeia herb result
HERB004902,山苦瓜,not_found,,no exact pharmacopoeia herb result
HERB004900,山鸠,not_found,,no exact pharmacopoeia herb result
HERB004915,山葡萄,not_found,,no exact pharmacopoeia herb result
HERB004907,山岭麻黄,not_found,,no exact pharmacopoeia herb result
HERB004912,山莓,not_found,,no exact pharmacopoeia herb result
HERB004924,山桐子,not_found,,no search results
HERB004913,山茉莉芸香,not_found,,no exact pharmacopoeia herb result
HERB004929,扇形阔苞菊,not_found,,no exact pharmacopoeia herb result
HERB004908,山蚂蝗,not_found,,no exact pharmacopoeia herb result
HERB004927,山乡可可,not_found,,no search results
HERB004932,山羊,not_found,,no search results
HERB004911,山猫儿,not_found,,no exact pharmacopoeia herb result
HERB004916,山前胡,not_found,,no exact pharmacopoeia herb result
HERB004918,山棯叶,not_found,,no exact pharmacopoeia herb result
HERB004933,山羊豆,not_found,,no exact pharmacopoeia herb result
HERB004921,山桃茎白皮,not_found,,no exact pharmacopoeia herb result
HERB004939,山野豌豆,not_found,,no search results
HERB004919,山山姜,not_found,,no exact pharmacopoeia herb result
HERB004942,山樱桃,not_found,,no search results
HERB004920,山石榴,not_found,,no exact pharmacopoeia herb result
HERB004923,山藤,not_found,,no exact pharmacopoeia herb result
HERB004931,山延胡索,not_found,,no exact pharmacopoeia herb result
HERB004949,山芝麻,not_found,,no search results
HERB004944,鳝鱼,not_found,,no search results
HERB004922,山桃枝,not_found,,no exact pharmacopoeia herb result
HERB004940,山银柴胡,not_found,,no exact pharmacopoeia herb result
HERB004956,上举天门冬,not_found,,no exact pharmacopoeia herb result
HERB004925,山莴苣,not_found,,no exact pharmacopoeia herb result
HERB004935,山羊黄漆,not_found,,no exact pharmacopoeia herb result
HERB004963,少刺大叶蔷薇,not_found,,no exact pharmacopoeia herb result
HERB004951,山竹子,not_found,,no search results
HERB004936,山羊坞头,not_found,,no exact pharmacopoeia herb result
HERB004928,山小橘,not_found,,no exact pharmacopoeia herb result
HERB004968,杓兰,not_found,,no exact pharmacopoeia herb result
HERB004937,山羊血,not_found,,no exact pharmacopoeia herb result
HERB004977,蛇莓,not_found,,no exact pharmacopoeia herb result
HERB004930,山杏仁,not_found,,no exact pharmacopoeia herb result
HERB004974,蛇根草,not_found,,no search results
HERB004947,山楂花,not_found,,no exact pharmacopoeia herb result
HERB004941,山罂粟,not_found,,no exact pharmacopoeia herb result
HERB004943,山油麻,not_found,,no exact pharmacopoeia herb result
HERB004946,山楂核,not_found,,no exact pharmacopoeia herb result
HERB004986,麝香草,not_found,,no exact pharmacopoeia herb result
HERB004980,蛇肉,not_found,,no exact pharmacopoeia herb result
HERB004995,深红红景天,not_found,,no exact pharmacopoeia herb result
HERB004990,麝香石竹,not_found,,no search results
HERB004955,伤寒草,not_found,,no exact pharmacopoeia herb result
HERB004992,蛇形林生脚骨脆,not_found,,no exact pharmacopoeia herb result
HERB004965,少果吴茱萸,not_found,,no exact pharmacopoeia herb result
HERB004962,少齿小檗,not_found,,no exact pharmacopoeia herb result
HERB004969,蛇百子,not_found,,no exact pharmacopoeia herb result
HERB004975,蛇果黄堇,not_found,,no exact pharmacopoeia herb result
HERB004976,蛇含委陵菜,not_found,,no exact pharmacopoeia herb result
HERB004970,蛇鞭菊,not_found,,no exact pharmacopoeia herb result
HERB005001,甚烈翠雀花,not_found,,no search results
HERB005003,深裂鱼黄草,not_found,,no exact pharmacopoeia herb result
HERB004979,蛇葡萄,not_found,,no exact pharmacopoeia herb result
HERB004972,蛇胆汁,not_found,,no exact pharmacopoeia herb result
HERB004978,蛇泡筋,not_found,,no exact pharmacopoeia herb result
HERB004966,少花瑞木,not_found,,no exact pharmacopoeia herb result
HERB004982,蛇藤,not_found,,no exact pharmacopoeia herb result
HERB005010,深夜天竺葵,not_found,,no search results
HERB005011,圣地红景天,not_found,,no exact pharmacopoeia herb result
HERB004987,麝香草酸,not_found,,no exact pharmacopoeia herb result
HERB005006,申生悬钩子,not_found,,no exact pharmacopoeia herb result
HERB004985,麝香百合,not_found,,no exact pharmacopoeia herb result
HERB005009,香茶菜,not_found,,no exact pharmacopoeia herb result
HERB005032,矢车菊,not_found,,no search results
HERB005036,十大功劳叶,not_found,,no search results
HERB004996,神黄豆,not_found,,no exact pharmacopoeia herb result
HERB005007,神香草,not_found,,no exact pharmacopoeia herb result
HERB005004,神鹿山龙眼,not_found,,no exact pharmacopoeia herb result
HERB005008,神香草叶泽兰,not_found,,no exact pharmacopoeia herb result
HERB005014,生瓜,not_found,,no exact pharmacopoeia herb result
HERB005000,肾精子,not_found,,no exact pharmacopoeia herb result
HERB005035,十大功劳木,not_found,,no exact pharmacopoeia herb result
HERB005041,石刁柏,not_found,,no search results
HERB005013,省沽油,not_found,,no exact pharmacopoeia herb result
HERB005015,胜红蓟,not_found,,no exact pharmacopoeia herb result
HERB005033,石莼,not_found,,no exact pharmacopoeia herb result
HERB005038,石胆草,not_found,,no exact pharmacopoeia herb result
HERB005031,石菖蒲叶,not_found,,no exact pharmacopoeia herb result
HERB005026,生藤,not_found,,no exact pharmacopoeia herb result
HERB005027,生铁落,not_found,,no exact pharmacopoeia herb result
HERB005016,生槐角,not_found,,no exact pharmacopoeia herb result
HERB005028,生枣,not_found,,no exact pharmacopoeia herb result
HERB005018,生姜汁,not_found,,no exact pharmacopoeia herb result
HERB005021,生龙牡,not_found,,no exact pharmacopoeia herb result
HERB005029,石蚕香科科,not_found,,no exact pharmacopoeia herb result
HERB005037,十大功劳子,not_found,,no exact pharmacopoeia herb result
HERB005057,石灰华,not_found,,no exact pharmacopoeia herb result
HERB005040,十帝钱,not_found,,no exact pharmacopoeia herb result
HERB005059,石见穿,not_found,,no search results
HERB005060,石椒草,not_found,,no search results
HERB005034,十大功劳根,not_found,,no exact pharmacopoeia herb result
HERB005048,石膏,ok_no_empty_fields,https://ydz.chp.org.cn/#/item?bookId=1&entryId=137,matched page but target columns already had values
HERB005065,苦苣,not_found,,no exact pharmacopoeia herb result
HERB005046,石防风,not_found,,no exact pharmacopoeia herb result
HERB005047,石柑子,not_found,,no exact pharmacopoeia herb result
HERB005069,石榴,not_found,,no exact pharmacopoeia herb result
HERB005052,石蝴蝶,not_found,,no exact pharmacopoeia herb result
HERB005063,使君子根,not_found,,no exact pharmacopoeia herb result
HERB005075,石龙芮,not_found,,no exact pharmacopoeia herb result
HERB005053,石斛小菇,not_found,,no exact pharmacopoeia herb result
HERB005058,石荠宁,not_found,,no exact pharmacopoeia herb result
HERB005056,石花,not_found,,no exact pharmacopoeia herb result
HERB005049,柿根,not_found,,no exact pharmacopoeia herb result
HERB005078,石南,not_found,,no search results
HERB005080,石楠藤,not_found,,no search results
HERB005083,石蕊,not_found,,no search results
HERB005064,使君子叶,not_found,,no exact pharmacopoeia herb result
HERB005091,石蒜,not_found,,no exact pharmacopoeia herb result
HERB005096,食盐,not_found,,no exact pharmacopoeia herb result
HERB005097,石燕,not_found,,no exact pharmacopoeia herb result
HERB005067,石栗子,not_found,,no exact pharmacopoeia herb result
HERB005066,石蜡红,not_found,,no exact pharmacopoeia herb result
HERB005076,石落子,not_found,,no exact pharmacopoeia herb result
HERB005086,湿生扁蕾,not_found,,no exact pharmacopoeia herb result
HERB005079,石南藤,not_found,,no exact pharmacopoeia herb result
HERB005073,石榴叶,not_found,,no exact pharmacopoeia herb result
HERB005077,柿木皮,not_found,,no exact pharmacopoeia herb result
HERB005070,石榴根,not_found,,no exact pharmacopoeia herb result
HERB005081,柿皮,not_found,,no exact pharmacopoeia herb result
HERB005106,石竹,not_found,,no exact pharmacopoeia herb result
HERB005103,食用葛,not_found,,no exact pharmacopoeia herb result
HERB005108,石竹,not_found,,no exact pharmacopoeia herb result
HERB005094,石香薷,not_found,,no exact pharmacopoeia herb result
HERB005090,石霜,not_found,,no exact pharmacopoeia herb result
HERB005109,柿子,not_found,,no search results
HERB005110,十字星枫寄生,not_found,,no exact pharmacopoeia herb result
HERB005089,石刷把,not_found,,no exact pharmacopoeia herb result
HERB005120,疏花毛萼香茶菜,not_found,,no exact pharmacopoeia herb result
HERB005087,金丝桃,not_found,,no exact pharmacopoeia herb result
HERB005074,石榴种子,not_found,,no exact pharmacopoeia herb result
HERB005084,十蕊商陆,not_found,,no exact pharmacopoeia herb result
HERB005098,石岩枫,not_found,,no exact pharmacopoeia herb result
HERB005100,食叶草,not_found,,no exact pharmacopoeia herb result
HERB005124,蜀葵花,not_found,,no exact pharmacopoeia herb result
HERB005135,鼠尾草,not_found,,no search results
HERB005132,鼠曲草,not_found,,no search results
HERB005125,蜀葵叶薯蓣,not_found,,no exact pharmacopoeia herb result
HERB005104,食用黄芪,not_found,,no exact pharmacopoeia herb result
HERB005099,柿叶,not_found,,no exact pharmacopoeia herb result
HERB005137,树形杜鹃,not_found,,no exact pharmacopoeia herb result
HERB005133,鼠麴风毛菊,not_found,,no exact pharmacopoeia herb result
HERB005105,食用日中花,not_found,,no exact pharmacopoeia herb result
HERB005121,束花石斛,not_found,,no exact pharmacopoeia herb result
HERB005115,手掌参,not_found,,no exact pharmacopoeia herb result
HERB005085,石上柏,not_found,,no exact pharmacopoeia herb result
HERB005148,双边栝楼,not_found,,no exact pharmacopoeia herb result
HERB005122,属鸡骨常山,not_found,,no exact pharmacopoeia herb result
HERB005101,匙叶甘松,not_found,,no exact pharmacopoeia herb result
HERB005154,双色金光菊,not_found,,no exact pharmacopoeia herb result
HERB005139,鼠掌老鹳草,not_found,,no exact pharmacopoeia herb result
HERB005116,蜀侧金盏花,not_found,,no exact pharmacopoeia herb result
HERB005138,束序苎麻,not_found,,no exact pharmacopoeia herb result
HERB005143,树状麻黄,not_found,,no exact pharmacopoeia herb result
HERB005126,鼠李,not_found,,no exact pharmacopoeia herb result
HERB005134,树舌,not_found,,no exact pharmacopoeia herb result
HERB005128,鼠李皮,not_found,,no exact pharmacopoeia herb result
HERB005127,鼠李根,not_found,,no exact pharmacopoeia herb result
HERB005152,双花金丝桃,not_found,,no exact pharmacopoeia herb result
HERB005141,树脂大戟,not_found,,no exact pharmacopoeia herb result
HERB005173,水晶兰,not_found,,no exact pharmacopoeia herb result
HERB005166,水葫芦,not_found,,no search results
HERB005144,栓翅芹,not_found,,no exact pharmacopoeia herb result
HERB005145,栓翅卫矛,not_found,,no exact pharmacopoeia herb result
HERB005156,双穗麻黄,not_found,,no exact pharmacopoeia herb result
HERB005151,双花番红花,not_found,,no exact pharmacopoeia herb result
HERB005161,水朝阳,not_found,,no exact pharmacopoeia herb result
HERB005175,睡莲叶童,not_found,,no exact pharmacopoeia herb result
HERB005147,双孢蘑菇,not_found,,no exact pharmacopoeia herb result
HERB005182,水母雪莲花,not_found,,no search results
HERB005153,双色鸡蛋花,not_found,,no exact pharmacopoeia herb result
HERB005163,水甘草,not_found,,no exact pharmacopoeia herb result
HERB005187,水曲柳,not_found,,no search results
HERB005189,水杉,not_found,,no search results
HERB005157,双叶细辛,not_found,,no exact pharmacopoeia herb result
HERB005177,水流豆,not_found,,no exact pharmacopoeia herb result
HERB005190,水松,not_found,,no search results
HERB005185,水芹,not_found,,no search results
HERB005172,水金凤,not_found,,no exact pharmacopoeia herb result
HERB005168,水黄杨木,not_found,,no exact pharmacopoeia herb result
HERB005174,水苦荬,not_found,,no exact pharmacopoeia herb result
HERB005197,水仙花,not_found,,no search results
HERB005171,水接骨丹,not_found,,no exact pharmacopoeia herb result
HERB005164,水鬼蕉叶,not_found,,no exact pharmacopoeia herb result
HERB005198,水杨梅,not_found,,no search results
HERB005169,水茴香,not_found,,no exact pharmacopoeia herb result
HERB005194,水仙花,not_found,,no search results
HERB005193,水蜈蚣,not_found,,no search results
HERB005201,水杨梅,not_found,,no search results
HERB005180,水麻芀,not_found,,no exact pharmacopoeia herb result
HERB005205,水杨枝叶,not_found,,no exact pharmacopoeia herb result
HERB005178,水龙骨,not_found,,no exact pharmacopoeia herb result
HERB005181,水木草,not_found,,no exact pharmacopoeia herb result
HERB005202,水杨梅,not_found,,no search results
HERB005184,水茄,not_found,,no exact pharmacopoeia herb result
HERB005191,水桐木,not_found,,no exact pharmacopoeia herb result
HERB005216,四川轮环藤,not_found,,no exact pharmacopoeia herb result
HERB005192,水团花,not_found,,no exact pharmacopoeia herb result
HERB005188,水榕,not_found,,no exact pharmacopoeia herb result
HERB005221,丝瓜,not_found,,no exact pharmacopoeia herb result
HERB005211,四翅槐,not_found,,no exact pharmacopoeia herb result
HERB005219,四川霪羊藿,not_found,,no exact pharmacopoeia herb result
HERB005207,水栀,not_found,,no exact pharmacopoeia herb result
HERB005203,水杨木白皮,not_found,,no exact pharmacopoeia herb result
HERB005195,水仙草,not_found,,no exact pharmacopoeia herb result
HERB005199,水杨梅根,not_found,,no exact pharmacopoeia herb result
HERB005186,水青树,not_found,,no exact pharmacopoeia herb result
HERB005209,水栀叶,not_found,,no exact pharmacopoeia herb result
HERB005218,四川香茶菜,not_found,,no exact pharmacopoeia herb result
HERB005208,水栀根,not_found,,no exact pharmacopoeia herb result
HERB005196,水仙根,not_found,,no exact pharmacopoeia herb result
HERB005227,四季葱头,not_found,,no search results
HERB005212,四翅黄芪,not_found,,no exact pharmacopoeia herb result
HERB005217,四川清风藤,not_found,,no exact pharmacopoeia herb result
HERB005200,水杨梅根,not_found,,no exact pharmacopoeia herb result
HERB005230,四季树,not_found,,no exact pharmacopoeia herb result
HERB005213,四齿四棱草,not_found,,no exact pharmacopoeia herb result
HERB005247,私塾鸡骨常山,not_found,,no exact pharmacopoeia herb result
HERB005236,斯里兰卡土蜜树,not_found,,no exact pharmacopoeia herb result
HERB005225,四国香茶菜,not_found,,no exact pharmacopoeia herb result
HERB005214,四翅月见草,not_found,,no exact pharmacopoeia herb result
HERB005260,松节油,not_found,,no exact pharmacopoeia herb result
HERB005204,水杨酸甲酯,not_found,,no exact pharmacopoeia herb result
HERB005248,斯塔为翠雀花,not_found,,no search results
HERB005259,松节,not_found,,no search results
HERB005240,思茅藤,not_found,,no exact pharmacopoeia herb result
HERB005246,天洁菜,not_found,,no exact pharmacopoeia herb result
HERB005224,四国黄芪,not_found,,no exact pharmacopoeia herb result
HERB005252,斯托侯冰花,not_found,,no exact pharmacopoeia herb result
HERB005223,丝瓜籽,not_found,,no exact pharmacopoeia herb result
HERB005257,松蒿,not_found,,no exact pharmacopoeia herb result
HERB005262,松萝,not_found,,no search results
HERB005267,松蕈,not_found,,no search results
HERB005229,四季香肉果,not_found,,no exact pharmacopoeia herb result
HERB005238,四裂红景天,not_found,,no exact pharmacopoeia herb result
HERB005268,松叶,not_found,,no exact pharmacopoeia herb result
HERB005271,松油,not_found,,no exact pharmacopoeia herb result
HERB005263,松木,not_found,,no search results
HERB005270,松叶千里光,not_found,,no exact pharmacopoeia herb result
HERB005266,松香,not_found,,no exact pharmacopoeia herb result
HERB005245,四是毛地黄,not_found,,no exact pharmacopoeia herb result
HERB005272,松针,not_found,,no search results
HERB005285,宿根獐牙菜,not_found,,no exact pharmacopoeia herb result
HERB005256,四子汤,not_found,,no exact pharmacopoeia herb result
HERB005284,宿根香豌豆,not_found,,no search results
HERB005273,松子仁,not_found,,no exact pharmacopoeia herb result
HERB005243,丝棉木,not_found,,no exact pharmacopoeia herb result
HERB005250,斯图鸡血藤,not_found,,no exact pharmacopoeia herb result
HERB005278,苏打其柑橘,not_found,,no exact pharmacopoeia herb result
HERB005265,松石,not_found,,no exact pharmacopoeia herb result
HERB005294,苏门答腊文殊兰,not_found,,no search results
HERB005275,密叶泥炭藓,not_found,,no exact pharmacopoeia herb result
HERB005274,搜山虎,not_found,,no exact pharmacopoeia herb result
HERB005292,苏门白酒草,not_found,,no exact pharmacopoeia herb result
HERB005293,苏门答腊红豆杉,not_found,,no exact pharmacopoeia herb result
HERB005280,素方花,not_found,,no exact pharmacopoeia herb result
HERB005264,松潘乌头,not_found,,no exact pharmacopoeia herb result
HERB005295,粟米,not_found,,no search results
HERB005276,并齿藓,not_found,,no exact pharmacopoeia herb result
HERB005261,松馏油,not_found,,no exact pharmacopoeia herb result
HERB005269,松叶防风,not_found,,no exact pharmacopoeia herb result
HERB005302,素馨花,not_found,,no search results
HERB005279,苏丹可乐果,not_found,,no exact pharmacopoeia herb result
HERB005283,苏根,not_found,,no exact pharmacopoeia herb result
HERB005286,苏梗,not_found,,no exact pharmacopoeia herb result
HERB005291,苏里南肉豆蔻木,not_found,,no exact pharmacopoeia herb result
HERB005288,苏合香油,not_found,,no exact pharmacopoeia herb result
HERB005307,蒜臭母鸡草,not_found,,no exact pharmacopoeia herb result
HERB005289,素花党参,not_found,,no exact pharmacopoeia herb result
HERB005310,酸浆,not_found,,no exact pharmacopoeia herb result
HERB005318,酸枣,not_found,,no exact pharmacopoeia herb result
HERB005300,苏铁叶,not_found,,no exact pharmacopoeia herb result
HERB005299,苏铁树果,not_found,,no exact pharmacopoeia herb result
HERB005303,素馨叶白英,not_found,,no exact pharmacopoeia herb result
HERB005323,穗花马先蒿,not_found,,no exact pharmacopoeia herb result
HERB005325,隧毛荷包牡丹,not_found,,no search results
HERB005324,穗花牡荊,not_found,,no exact pharmacopoeia herb result
HERB005315,酸水草,not_found,,no exact pharmacopoeia herb result
HERB005328,穗状闭鞘姜,not_found,,no exact pharmacopoeia herb result
HERB005326,碎米莎草,not_found,,no exact pharmacopoeia herb result
HERB005312,酸模,not_found,,no exact pharmacopoeia herb result
HERB005296,粟米草,not_found,,no exact pharmacopoeia herb result
HERB005316,蒜味香科科,not_found,,no exact pharmacopoeia herb result
HERB005311,酸角,not_found,,no exact pharmacopoeia herb result
HERB005301,苏土虫,not_found,,no exact pharmacopoeia herb result
HERB005334,桫椤,not_found,,no search results
HERB005308,蒜梗,not_found,,no exact pharmacopoeia herb result
HERB005320,穗菝葜,not_found,,no exact pharmacopoeia herb result
HERB005304,苏叶,not_found,,no exact pharmacopoeia herb result
HERB005314,酸石榴,not_found,,no exact pharmacopoeia herb result
HERB005317,蒜叶婆罗门参,not_found,,no exact pharmacopoeia herb result
HERB005313,酸模叶,not_found,,no exact pharmacopoeia herb result
HERB005339,桃花百里香,not_found,,no exact pharmacopoeia herb result
HERB005309,酸勾藤,not_found,,no exact pharmacopoeia herb result
HERB005349,泰国扭序花,not_found,,no search results
HERB005330,穗状芸香,not_found,,no exact pharmacopoeia herb result
HERB005322,穗花罗汉松,not_found,,no exact pharmacopoeia herb result
HERB005340,塔拉乌头胺,not_found,,no search results
HERB005355,太平洋鳞毛蕨,not_found,,no exact pharmacopoeia herb result
HERB005329,穗状乌头,not_found,,no exact pharmacopoeia herb result
HERB005327,穗状百金花,not_found,,no exact pharmacopoeia herb result
HERB005336,缩沙密,not_found,,no exact pharmacopoeia herb result
HERB005362,台湾芙蓉,not_found,,no search results
HERB005361,台湾蜂斗菜,not_found,,no exact pharmacopoeia herb result
HERB005365,台湾胡椒,not_found,,no exact pharmacopoeia herb result
HERB005357,台湾安息香,not_found,,no exact pharmacopoeia herb result
HERB005360,台湾翠柏,not_found,,no search results
HERB005369,台湾筋骨草,not_found,,no exact pharmacopoeia herb result
HERB005364,台湾果松,not_found,,no search results
HERB005354,太平洋假泽兰,not_found,,no exact pharmacopoeia herb result
HERB005371,台湾罗汉松,not_found,,no search results
HERB005372,台湾绿岛藤黄,not_found,,no search results
HERB005370,台湾九里香,not_found,,no exact pharmacopoeia herb result
HERB005363,台湾哥纳香,not_found,,no exact pharmacopoeia herb result
HERB005332,梭果黄芪,not_found,,no exact pharmacopoeia herb result
HERB005343,太白楤木,not_found,,no exact pharmacopoeia herb result
HERB005379,台湾杉,not_found,,no exact pharmacopoeia herb result
HERB005331,索多密切,not_found,,no exact pharmacopoeia herb result
HERB005353,胎盘粉,not_found,,no exact pharmacopoeia herb result
HERB005356,泰山盐附子,not_found,,no exact pharmacopoeia herb result
HERB005352,苔景天,not_found,,no exact pharmacopoeia herb result
HERB005374,台湾枇杷,not_found,,no exact pharmacopoeia herb result
HERB005351,泰国栀子,not_found,,no exact pharmacopoeia herb result
HERB005345,太白檧木,not_found,,no exact pharmacopoeia herb result
HERB005386,台湾绣线菊,not_found,,no search results
HERB005358,台湾檫木,not_found,,no exact pharmacopoeia herb result
HERB005388,台湾泽兰,not_found,,no exact pharmacopoeia herb result
HERB005350,泰国山牵牛,not_found,,no exact pharmacopoeia herb result
HERB005381,台湾杉木,not_found,,no search results
HERB005387,台湾云杉,not_found,,no search results
HERB005373,台湾牛奶菜,not_found,,no exact pharmacopoeia herb result
HERB005394,檀香油,not_found,,no exact pharmacopoeia herb result
HERB005391,芒果,not_found,,no exact pharmacopoeia herb result
HERB005377,台湾千金藤,not_found,,no exact pharmacopoeia herb result
HERB005380,台湾山豆根,not_found,,no exact pharmacopoeia herb result
HERB005375,台湾蒲公英,not_found,,no exact pharmacopoeia herb result
HERB005359,台湾粗榧,not_found,,no exact pharmacopoeia herb result
HERB005384,台湾唐松草,not_found,,no exact pharmacopoeia herb result
HERB005395,唐古特大黄,not_found,,no exact pharmacopoeia herb result
HERB005408,桃胶,not_found,,no exact pharmacopoeia herb result
HERB005407,桃花心木,not_found,,no search results
HERB005404,桃儿七,not_found,,no exact pharmacopoeia herb result
HERB005400,唐松草撞扁果草,not_found,,no exact pharmacopoeia herb result
HERB005397,棠梨,not_found,,no search results
HERB005393,檀香泥,not_found,,no exact pharmacopoeia herb result
HERB005376,台湾前胡,not_found,,no exact pharmacopoeia herb result
HERB005422,腾黄山竹子,not_found,,no exact pharmacopoeia herb result
HERB005406,桃花,not_found,,no exact pharmacopoeia herb result
HERB005403,仐贝母,not_found,,no exact pharmacopoeia herb result
HERB005398,汤姆逊独活,not_found,,no exact pharmacopoeia herb result
HERB005385,台湾小菠萝,not_found,,no exact pharmacopoeia herb result
HERB005416,桃子,not_found,,no search results
HERB005402,桃,not_found,,no exact pharmacopoeia herb result
HERB005421,藤黄,not_found,,no search results
HERB005411,桃南瓜,not_found,,no exact pharmacopoeia herb result
HERB005383,台湾双蝴蝶,not_found,,no exact pharmacopoeia herb result
HERB005433,甜地丁,not_found,,no exact pharmacopoeia herb result
HERB005429,甜菜,not_found,,no search results
HERB005425,蹄盖蕨,not_found,,no exact pharmacopoeia herb result
HERB005424,藤石松,not_found,,no exact pharmacopoeia herb result
HERB005405,桃根,not_found,,no exact pharmacopoeia herb result
HERB005418,特洛伊黄芪,not_found,,no exact pharmacopoeia herb result
HERB005414,桃叶蓼,not_found,,no exact pharmacopoeia herb result
HERB005423,藤黄属,not_found,,no exact pharmacopoeia herb result
HERB005409,桃金娘,not_found,,no exact pharmacopoeia herb result
HERB005427,梯牧草,not_found,,no exact pharmacopoeia herb result
HERB005413,桃叶,not_found,,no exact pharmacopoeia herb result
HERB005453,天名精,not_found,,no exact pharmacopoeia herb result
HERB005437,甜瓜根,not_found,,no exact pharmacopoeia herb result
HERB005410,桃茎白皮,not_found,,no exact pharmacopoeia herb result
HERB005443,天胡荽,not_found,,no exact pharmacopoeia herb result
HERB005426,嚏根草,not_found,,no exact pharmacopoeia herb result
HERB005457,天女木兰,not_found,,no exact pharmacopoeia herb result
HERB005438,甜瓜花,not_found,,no exact pharmacopoeia herb result
HERB005441,甜瓜叶,not_found,,no exact pharmacopoeia herb result
HERB005464,天然橡胶,not_found,,no search results
HERB005440,甜瓜皮,not_found,,no exact pharmacopoeia herb result
HERB005445,田基黄,not_found,,no exact pharmacopoeia herb result
HERB005463,天然碱,not_found,,no search results
HERB005462,天茄子,not_found,,no exact pharmacopoeia herb result
HERB005436,甜瓜蒂,not_found,,no exact pharmacopoeia herb result
HERB005461,天荞麦根,not_found,,no exact pharmacopoeia herb result
HERB005454,天名精果,not_found,,no exact pharmacopoeia herb result
HERB005430,甜茶,not_found,,no exact pharmacopoeia herb result
HERB005439,甜瓜茎,not_found,,no exact pharmacopoeia herb result
HERB005468,天山棱子芹?,not_found,,no exact pharmacopoeia herb result
HERB005467,天山花楸,not_found,,no exact pharmacopoeia herb result
HERB005472,天山竹子,not_found,,no exact pharmacopoeia herb result
HERB005476,天仙藤,not_found,,no exact pharmacopoeia herb result
HERB005456,甜牛至,not_found,,no exact pharmacopoeia herb result
HERB005478,天雄,not_found,,no search results
HERB005449,天蓼木,not_found,,no exact pharmacopoeia herb result
HERB005475,天仙果,not_found,,no exact pharmacopoeia herb result
HERB005450,天罗水,not_found,,no exact pharmacopoeia herb result
HERB005459,天蓬子,not_found,,no exact pharmacopoeia herb result
HERB005458,天泡子,not_found,,no exact pharmacopoeia herb result
HERB005460,天平山淫羊藿,not_found,,no exact pharmacopoeia herb result
HERB005477,天仙子,ok_no_empty_fields,https://ydz.chp.org.cn/#/item?bookId=1&entryId=77,matched page but target columns already had values
HERB005469,天山秦艽,not_found,,no exact pharmacopoeia herb result
HERB005494,铁棒锤,not_found,,no exact pharmacopoeia herb result
HERB005465,天人菊,not_found,,no exact pharmacopoeia herb result
HERB005479,田旋花,not_found,,no exact pharmacopoeia herb result
HERB005491,条纹龙舌兰,not_found,,no exact pharmacopoeia herb result
HERB005473,甜舌草,not_found,,no exact pharmacopoeia herb result
HERB005474,天文草,not_found,,no exact pharmacopoeia herb result
HERB005483,甜叶菊,not_found,,no exact pharmacopoeia herb result
HERB005492,条纹鼠尾草,not_found,,no exact pharmacopoeia herb result
HERB005501,铁力木,not_found,,no search results
HERB005503,铁片,not_found,,no exact pharmacopoeia herb result
HERB005493,条叶蓟,not_found,,no exact pharmacopoeia herb result
HERB005466,天山大黄,not_found,,no exact pharmacopoeia herb result
HERB005489,条裂黄堇,not_found,,no exact pharmacopoeia herb result
HERB005495,铁棒锤叶,not_found,,no exact pharmacopoeia herb result
HERB005496,铁刀木,not_found,,no exact pharmacopoeia herb result
HERB005487,条浒苔,not_found,,no exact pharmacopoeia herb result
HERB005512,铁屑,not_found,,no exact pharmacopoeia herb result
HERB005509,铁苋菜,not_found,,no exact pharmacopoeia herb result
HERB005488,调经草,not_found,,no exact pharmacopoeia herb result
HERB005511,铁线透骨草,not_found,,no exact pharmacopoeia herb result
HERB005497,铁海棠,not_found,,no exact pharmacopoeia herb result
HERB005490,条纹穿心莲,not_found,,no exact pharmacopoeia herb result
HERB005500,铁筷子,not_found,,no exact pharmacopoeia herb result
HERB005516,廷胡,not_found,,no exact pharmacopoeia herb result
HERB005522,童便,not_found,,no search results
HERB005518,挺茎遍地金,not_found,,no exact pharmacopoeia herb result
HERB005508,铁丝威灵仙,not_found,,no exact pharmacopoeia herb result
HERB005533,铜绿,not_found,,no exact pharmacopoeia herb result
HERB005499,铁筷子,not_found,,no exact pharmacopoeia herb result
HERB005527,茼蒿,not_found,,no search results
HERB005505,铁色箭,not_found,,no exact pharmacopoeia herb result
HERB005506,铁生千里光,not_found,,no exact pharmacopoeia herb result
HERB005531,银耳蕨,not_found,,no exact pharmacopoeia herb result
HERB005507,铁丝七,not_found,,no exact pharmacopoeia herb result
HERB005536,通脱木,not_found,,no exact pharmacopoeia herb result
HERB005534,筒鞘蛇菰,not_found,,no exact pharmacopoeia herb result
HERB005504,铁破锣,not_found,,no exact pharmacopoeia herb result
HERB005542,头花杜鹃,not_found,,no exact pharmacopoeia herb result
HERB005545,头序楤木,not_found,,no exact pharmacopoeia herb result
HERB005540,桐油,not_found,,no exact pharmacopoeia herb result
HERB005529,通花花,not_found,,no exact pharmacopoeia herb result
HERB005515,铁子,not_found,,no exact pharmacopoeia herb result
HERB005513,铁锈色黄檀,not_found,,no exact pharmacopoeia herb result
HERB005544,透明唐松草,not_found,,no exact pharmacopoeia herb result
HERB005543,头花龙胆,not_found,,no exact pharmacopoeia herb result
HERB005514,铁轴草,not_found,,no exact pharmacopoeia herb result
HERB005535,铜金鸡纳,not_found,,no exact pharmacopoeia herb result
HERB005528,通花根,not_found,,no exact pharmacopoeia herb result
HERB005524,铜锤玉带草,not_found,,no exact pharmacopoeia herb result
HERB005558,土耳其鼠尾草,not_found,,no search results
HERB005556,兔儿风花蟹甲草,not_found,,no exact pharmacopoeia herb result
HERB005547,土百部,not_found,,no exact pharmacopoeia herb result
HERB005537,通脱木花上粉,not_found,,no exact pharmacopoeia herb result
HERB005561,土耳其雪花莲,not_found,,no exact pharmacopoeia herb result
HERB005567,土黄莲,not_found,,no exact pharmacopoeia herb result
HERB005557,土耳其翠雀花,not_found,,no search results
HERB005559,土耳其斯坦白腊树,not_found,,no search results
HERB005549,土鳖虫,not_found,,no exact pharmacopoeia herb result
HERB005563,兔儿伞,not_found,,no exact pharmacopoeia herb result
HERB005562,土耳其郁金香,not_found,,no search results
HERB005565,吐根,not_found,,no search results
HERB005573,秃毛冬青,not_found,,no exact pharmacopoeia herb result
HERB005550,秃疮花,not_found,,no exact pharmacopoeia herb result
HERB005551,土当归,not_found,,no exact pharmacopoeia herb result
HERB005539,守宫木,not_found,,no exact pharmacopoeia herb result
HERB005560,土耳其斯坦龙胆,not_found,,no exact pharmacopoeia herb result
HERB005566,土瓜狼毒,not_found,,no exact pharmacopoeia herb result
HERB005586,团级艾纳香,not_found,,no exact pharmacopoeia herb result
HERB005554,土丁桂,not_found,,no exact pharmacopoeia herb result
HERB005584,土叶黄皮树,not_found,,no exact pharmacopoeia herb result
HERB005580,菟丝子,ok_no_empty_fields,https://ydz.chp.org.cn/#/item?bookId=1&entryId=488,matched page but target columns already had values
HERB005576,土羌活,not_found,,no exact pharmacopoeia herb result
HERB005568,土荆芥,not_found,,no exact pharmacopoeia herb result
HERB005570,土苦参,not_found,,no exact pharmacopoeia herb result
HERB005582,土香薷,not_found,,no exact pharmacopoeia herb result
HERB005590,豚草千里光,not_found,,no exact pharmacopoeia herb result
HERB005589,豚草,not_found,,no search results
HERB005571,土连翘,not_found,,no exact pharmacopoeia herb result
HERB005572,土良姜,not_found,,no exact pharmacopoeia herb result
HERB005575,土牛膝,not_found,,no exact pharmacopoeia herb result
HERB005581,吐温80,not_found,,no exact pharmacopoeia herb result
HERB005579,土砂仁,not_found,,no exact pharmacopoeia herb result
HERB005599,椭圆舟形藻,not_found,,no exact pharmacopoeia herb result
HERB005585,团花山矾,not_found,,no exact pharmacopoeia herb result
HERB005578,土三七,not_found,,no exact pharmacopoeia herb result
HERB005591,豚草紫菀,not_found,,no exact pharmacopoeia herb result
HERB005614,豌豆,not_found,,no search results
HERB005616,万华泽兰,not_found,,no exact pharmacopoeia herb result
HERB005583,土延胡,not_found,,no exact pharmacopoeia herb result
HERB005601,娃儿藤,not_found,,no exact pharmacopoeia herb result
HERB005610,瓦苇,not_found,,no exact pharmacopoeia herb result
HERB005618,万年蒿,not_found,,no exact pharmacopoeia herb result
HERB005588,退热止泻木,not_found,,no exact pharmacopoeia herb result
HERB005598,椭圆叶乳香树,not_found,,no exact pharmacopoeia herb result
HERB005602,瓦楞子,ok_no_empty_fields,https://ydz.chp.org.cn/#/item?bookId=1&entryId=102,matched page but target columns already had values
HERB005628,万寿菊,not_found,,no search results
HERB005604,蛙式独活,not_found,,no exact pharmacopoeia herb result
HERB005607,瓦氏棕榈,not_found,,no exact pharmacopoeia herb result
HERB005595,椭圆钩藤,not_found,,no exact pharmacopoeia herb result
HERB005638,玉兰,not_found,,no exact pharmacopoeia herb result
HERB005631,晚香玉,not_found,,no search results
HERB005597,椭圆叶花椒,not_found,,no exact pharmacopoeia herb result
HERB005644,望江南,not_found,,no search results
HERB005643,王浆,not_found,,no search results
HERB005596,椭圆三七草,not_found,,no exact pharmacopoeia herb result
HERB005600,瓦布贝母,not_found,,no exact pharmacopoeia herb result
HERB005640,王瓜,not_found,,no exact pharmacopoeia herb result
HERB005613,晚蚕砂,not_found,,no exact pharmacopoeia herb result
HERB005641,王瓜子,not_found,,no exact pharmacopoeia herb result
HERB005620,弯曲千里光,not_found,,no exact pharmacopoeia herb result
HERB005656,围栏球果紫堇,not_found,,no exact pharmacopoeia herb result
HERB005619,万年青根,not_found,,no exact pharmacopoeia herb result
HERB005653,薇甘菊泽兰?,not_found,,no exact pharmacopoeia herb result
HERB005684,蕹菜,not_found,,no search results
HERB005672,尾叶香茶菜,not_found,,no exact pharmacopoeia herb result
HERB005625,万山淫羊藿,not_found,,no exact pharmacopoeia herb result
HERB005605,瓦氏马尾藻,not_found,,no exact pharmacopoeia herb result
HERB005689,蜗牛,not_found,,no search results
HERB005629,万寿菊叶,not_found,,no exact pharmacopoeia herb result
HERB005660,卫矛堆心菊,not_found,,no exact pharmacopoeia herb result
HERB005622,弯曲天南星,not_found,,no exact pharmacopoeia herb result
HERB005633,弯叶黄芪,not_found,,no exact pharmacopoeia herb result
HERB005687,莴苣,not_found,,no search results
HERB005621,弯曲天门冬,not_found,,no exact pharmacopoeia herb result
HERB005636,乌头,not_found,,no exact pharmacopoeia herb result
HERB005710,无花果,not_found,,no search results
HERB005645,望江南子,not_found,,no exact pharmacopoeia herb result
HERB005707,蜈蚣草,not_found,,no search results
HERB005639,网地藻,not_found,,no exact pharmacopoeia herb result
HERB005702,武当木兰,not_found,,no exact pharmacopoeia herb result
HERB005714,无患子树蔃,not_found,,no exact pharmacopoeia herb result
HERB005668,微笑万寿菊,not_found,,no search results
HERB005692,五倍子,ok_no_empty_fields,https://ydz.chp.org.cn/#/item?bookId=1&entryId=97,matched page but target columns already had values
HERB005716,乌鸡,not_found,,no exact pharmacopoeia herb result
HERB005727,乌克兰下页水仙,not_found,,no search results
HERB005720,芜菁甘蓝,not_found,,no search results
HERB005729,五角番泻树,not_found,,no exact pharmacopoeia herb result
HERB005724,无距耧斗菜,not_found,,no exact pharmacopoeia herb result
HERB005733,乌龙茶,not_found,,no search results
HERB005712,无患子,not_found,,no exact pharmacopoeia herb result
HERB005713,无患子皮,not_found,,no exact pharmacopoeia herb result
HERB005715,无患子叶,not_found,,no exact pharmacopoeia herb result
HERB005685,窝儿七,not_found,,no exact pharmacopoeia herb result
HERB005686,卧茎夜来香,not_found,,no exact pharmacopoeia herb result
HERB005705,无梗五加皮,not_found,,no exact pharmacopoeia herb result
HERB005754,梧桐白皮,not_found,,no exact pharmacopoeia herb result
HERB005711,无花果叶,not_found,,no exact pharmacopoeia herb result
HERB005759,乌头,not_found,,no exact pharmacopoeia herb result
HERB005758,梧桐子,not_found,,no search results
HERB005719,五加叶,not_found,,no exact pharmacopoeia herb result
HERB005722,乌桕木根皮,not_found,,no exact pharmacopoeia herb result
HERB005757,梧桐叶,not_found,,no exact pharmacopoeia herb result
HERB005738,无毛蒿,not_found,,no exact pharmacopoeia herb result
HERB005718,五加前胡,not_found,,no exact pharmacopoeia herb result
HERB005734,五楼子,not_found,,no exact pharmacopoeia herb result
HERB005697,无莿根,not_found,,no exact pharmacopoeia herb result
HERB005731,乌敛莓,not_found,,no exact pharmacopoeia herb result
HERB005741,无毛无根藤,not_found,,no exact pharmacopoeia herb result
HERB005779,飞燕草,not_found,,no search results
HERB005735,五脉百里香,not_found,,no exact pharmacopoeia herb result
HERB005744,乌泡子,not_found,,no exact pharmacopoeia herb result
HERB005774,芜荑,not_found,,no search results
HERB005746,乌骚风,not_found,,no exact pharmacopoeia herb result
HERB005725,舞剧淫羊藿,not_found,,no exact pharmacopoeia herb result
HERB005773,午夜猪屎豆,not_found,,no exact pharmacopoeia herb result
HERB005777,乌贼骨,not_found,,no search results
HERB005755,梧桐根,not_found,,no exact pharmacopoeia herb result
HERB005740,无毛山楂,not_found,,no exact pharmacopoeia herb result
HERB005739,五毛菊,not_found,,no exact pharmacopoeia herb result
HERB005756,梧桐花,not_found,,no exact pharmacopoeia herb result
HERB005786,狭序唐松草,not_found,,no search results
HERB005772,无叶鱼黄草,not_found,,no exact pharmacopoeia herb result
HERB005791,西班牙云香草,not_found,,no exact pharmacopoeia herb result
HERB005776,五月茶,not_found,,no exact pharmacopoeia herb result
HERB005760,乌头附子尖,not_found,,no exact pharmacopoeia herb result
HERB005768,无叶白前,not_found,,no exact pharmacopoeia herb result
HERB005790,西班牙黄杨,not_found,,no exact pharmacopoeia herb result
HERB005771,无叶藤,not_found,,no exact pharmacopoeia herb result
HERB005769,无叶瓜藤,not_found,,no exact pharmacopoeia herb result
HERB005797,锡箔金合欢,not_found,,no search results
HERB005761,五味草,not_found,,no exact pharmacopoeia herb result
HERB005800,西伯利亚冷杉,not_found,,no exact pharmacopoeia herb result
HERB005785,西阿拉黄檀,not_found,,no exact pharmacopoeia herb result
HERB005783,吴茱萸叶,not_found,,no exact pharmacopoeia herb result
HERB005802,西伯利亚橐吾,not_found,,no exact pharmacopoeia herb result
HERB005799,西伯利亚红松,not_found,,no exact pharmacopoeia herb result
HERB005781,吴茱萸根,not_found,,no exact pharmacopoeia herb result
HERB005805,西博氏卫矛,not_found,,no exact pharmacopoeia herb result
HERB005770,无叶加木贼,not_found,,no exact pharmacopoeia herb result
HERB005804,西伯利亚云杉,not_found,,no exact pharmacopoeia herb result
HERB005811,西番莲,not_found,,no search results
HERB005789,膝瓣乌头,not_found,,no exact pharmacopoeia herb result
HERB005795,细柄薯蓣,not_found,,no exact pharmacopoeia herb result
HERB005798,锡箔决明,not_found,,no exact pharmacopoeia herb result
HERB005816,西非荔枝果,not_found,,no search results
HERB005817,西非羊角拗,not_found,,no exact pharmacopoeia herb result
HERB005810,新店獐牙菜,not_found,,no exact pharmacopoeia herb result
HERB005820,西瓜,not_found,,no exact pharmacopoeia herb result
HERB005793,木酱紫,not_found,,no exact pharmacopoeia herb result
HERB005831,细花线纹香茶菜,not_found,,no exact pharmacopoeia herb result
HERB005792,西北木,not_found,,no exact pharmacopoeia herb result
HERB005809,西党,not_found,,no exact pharmacopoeia herb result
HERB005812,西方苍耳,not_found,,no exact pharmacopoeia herb result
HERB005815,西非红豆树,not_found,,no exact pharmacopoeia herb result
HERB005814,西方翠雀,not_found,,no exact pharmacopoeia herb result
HERB005813,西方刺柏,not_found,,no search results
HERB005827,西葫芦,not_found,,no search results
HERB005794,细柄十大功劳,not_found,,no exact pharmacopoeia herb result
HERB005842,锡兰古柯,not_found,,no search results
HERB005822,西瓜子仁,not_found,,no exact pharmacopoeia herb result
HERB005836,锡金十大功劳,not_found,,no exact pharmacopoeia herb result
HERB005806,西草,not_found,,no exact pharmacopoeia herb result
HERB005845,溪流猪殃殃,not_found,,no search results
HERB005803,西伯利亚远志,not_found,,no exact pharmacopoeia herb result
HERB005826,西红花,ok_no_empty_fields,https://ydz.chp.org.cn/#/item?bookId=1&entryId=198,matched page but target columns already had values
HERB005838,席卷鸦葱,not_found,,no exact pharmacopoeia herb result
HERB005825,西河柳,ok_no_empty_fields,https://ydz.chp.org.cn/#/item?bookId=1&entryId=200,matched page but target columns already had values
HERB005848,喜马独尾草,not_found,,no exact pharmacopoeia herb result
HERB005851,喜马拉雅鸢尾,not_found,,no exact pharmacopoeia herb result
HERB005853,喜马旋覆花,not_found,,no exact pharmacopoeia herb result
HERB005819,细梗香草,not_found,,no exact pharmacopoeia herb result
HERB005850,喜马拉雅红豆杉,not_found,,no exact pharmacopoeia herb result
HERB005861,西南猫尾树,not_found,,no search results
HERB005859,西南菝葜,not_found,,no exact pharmacopoeia herb result
HERB005830,细花含羞草,not_found,,no exact pharmacopoeia herb result
HERB005862,西南忍冬,not_found,,no exact pharmacopoeia herb result
HERB005843,锡兰肉桂,not_found,,no exact pharmacopoeia herb result
HERB005837,细茎石斛,not_found,,no exact pharmacopoeia herb result
HERB005847,西玛白蜡树,not_found,,no exact pharmacopoeia herb result
HERB005841,希腊丝毛石,not_found,,no exact pharmacopoeia herb result
HERB005833,西黄草,not_found,,no exact pharmacopoeia herb result
HERB005856,西蒙斯十大功劳,not_found,,no exact pharmacopoeia herb result
HERB005883,香茶菜,not_found,,no exact pharmacopoeia herb result
HERB005846,习罗汉松,not_found,,no exact pharmacopoeia herb result
HERB005866,锡囊马尾藻,not_found,,no exact pharmacopoeia herb result
HERB005863,西南石苇,not_found,,no search results
HERB005829,细花滇紫草,not_found,,no exact pharmacopoeia herb result
HERB005840,希腊食草,not_found,,no exact pharmacopoeia herb result
HERB005873,溪山翠雀,not_found,,no search results
HERB005877,喜树,not_found,,no search results
HERB005865,西南獐芽菜,not_found,,no exact pharmacopoeia herb result
HERB005867,西欧鸢尾,not_found,,no exact pharmacopoeia herb result
HERB005849,喜马红景天,not_found,,no exact pharmacopoeia herb result
HERB005834,西黄胶粉,not_found,,no exact pharmacopoeia herb result
HERB005885,西特卡云杉,not_found,,no search results
HERB005887,西西里漆树,not_found,,no exact pharmacopoeia herb result
HERB005899,西洋梨,not_found,,no search results
HERB005886,西西里草木犀,not_found,,no search results
HERB005854,喜马浮萍,not_found,,no exact pharmacopoeia herb result
HERB005897,夕阳红,not_found,,no search results
HERB005852,喜马拉雅远志,not_found,,no exact pharmacopoeia herb result
HERB005898,夕阳接骨木,not_found,,no exact pharmacopoeia herb result
HERB005881,喜树叶,not_found,,no exact pharmacopoeia herb result
HERB005870,西秦艽,not_found,,no exact pharmacopoeia herb result
HERB005855,西门飞草,not_found,,no exact pharmacopoeia herb result
HERB005884,西台,not_found,,no exact pharmacopoeia herb result
HERB005895,细心野牵牛,not_found,,no exact pharmacopoeia herb result
HERB005905,细叶堆心菊,not_found,,no exact pharmacopoeia herb result
HERB005916,细叶猪屎豆,not_found,,no exact pharmacopoeia herb result
HERB005896,喜盐鸢尾,not_found,,no exact pharmacopoeia herb result
HERB005875,锡生藤,not_found,,no exact pharmacopoeia herb result
HERB005879,喜树皮,not_found,,no exact pharmacopoeia herb result
HERB005902,细叶桉叶,not_found,,no exact pharmacopoeia herb result
HERB005903,细叶百合,not_found,,no exact pharmacopoeia herb result
HERB005904,细叶大戟,not_found,,no exact pharmacopoeia herb result
HERB005890,西香葱,not_found,,no exact pharmacopoeia herb result
HERB005920,西藏秦艽,not_found,,no exact pharmacopoeia herb result
HERB005872,硒砂,not_found,,no exact pharmacopoeia herb result
HERB005901,西洋参茎叶,not_found,,no exact pharmacopoeia herb result
HERB005907,细叶功劳叶,not_found,,no exact pharmacopoeia herb result
HERB005911,细叶水团花,not_found,,no exact pharmacopoeia herb result
HERB005909,洗液蛇鞭菊,not_found,,no exact pharmacopoeia herb result
HERB005922,西藏沙棘,not_found,,no exact pharmacopoeia herb result
HERB005919,西藏鹿蹄草,not_found,,no exact pharmacopoeia herb result
HERB005918,西藏胡黄连,not_found,,no exact pharmacopoeia herb result
HERB005908,细叶黄杨,not_found,,no exact pharmacopoeia herb result
HERB005913,细叶铁线蕨,not_found,,no exact pharmacopoeia herb result
HERB005928,细锥香茶菜,not_found,,no exact pharmacopoeia herb result
HERB005912,细叶藤,not_found,,no exact pharmacopoeia herb result
HERB005906,细叶功劳木,not_found,,no exact pharmacopoeia herb result
HERB005917,细圆藤,not_found,,no exact pharmacopoeia herb result
HERB005923,西藏酸模,not_found,,no exact pharmacopoeia herb result
HERB005924,西藏铁线莲,not_found,,no exact pharmacopoeia herb result
HERB005934,西陲苔草,not_found,,no exact pharmacopoeia herb result
HERB005915,细叶益母草,not_found,,no exact pharmacopoeia herb result
HERB005933,下垂澳杨,not_found,,no exact pharmacopoeia herb result
HERB005914,细叶小檗,not_found,,no exact pharmacopoeia herb result
HERB005939,狭基线纹香茶菜,not_found,,no search results
HERB005938,下过山小橘跟,not_found,,no exact pharmacopoeia herb result
HERB005925,西藏中麻黄,not_found,,no exact pharmacopoeia herb result
HERB005930,细子麻黄,not_found,,no exact pharmacopoeia herb result
HERB005926,西泽兰,not_found,,no exact pharmacopoeia herb result
HERB005956,下野鸡骨常山,not_found,,no exact pharmacopoeia herb result
HERB005932,夏草,not_found,,no exact pharmacopoeia herb result
HERB005927,细毡毛忍冬,not_found,,no exact pharmacopoeia herb result
HERB005941,虾蟆胆,not_found,,no exact pharmacopoeia herb result
HERB005936,夏钩藤,not_found,,no exact pharmacopoeia herb result
HERB005935,夏风信子,not_found,,no exact pharmacopoeia herb result
HERB005954,狭叶红景天,not_found,,no exact pharmacopoeia herb result
HERB005948,夏雪片莲,not_found,,no exact pharmacopoeia herb result
HERB005962,狭叶青蒿,not_found,,no search results
HERB005958,狭叶锦鸡儿,not_found,,no exact pharmacopoeia herb result
HERB005953,狭叶当归,not_found,,no exact pharmacopoeia herb result
HERB005944,下田菊,not_found,,no exact pharmacopoeia herb result
HERB005949,下延古当归,not_found,,no exact pharmacopoeia herb result
HERB005959,狭叶决明,not_found,,no exact pharmacopoeia herb result
HERB005965,小叶唐松草,not_found,,no exact pharmacopoeia herb result
HERB005943,霞天膏,not_found,,no exact pharmacopoeia herb result
HERB005951,狭叶重楼,not_found,,no exact pharmacopoeia herb result
HERB005963,狭叶山胡椒,not_found,,no exact pharmacopoeia herb result
HERB005955,狭叶胡椒,not_found,,no exact pharmacopoeia herb result
HERB005957,狭叶假人参,not_found,,no exact pharmacopoeia herb result
HERB005950,狭叶白鲜,not_found,,no exact pharmacopoeia herb result
HERB005970,夏至草,not_found,,no search results
HERB005979,仙鹤草根芽,not_found,,no exact pharmacopoeia herb result
HERB005947,下泻南五味子,not_found,,no exact pharmacopoeia herb result
HERB005960,狭叶龙舌兰,not_found,,no exact pharmacopoeia herb result
HERB005969,狭叶獐牙菜,not_found,,no exact pharmacopoeia herb result
HERB005978,仙鹤草根,not_found,,no exact pharmacopoeia herb result
HERB005976,腺梗豨莶,not_found,,no exact pharmacopoeia herb result
HERB005982,仙客来,not_found,,no search results
HERB005961,狭叶龙舌兰,not_found,,no exact pharmacopoeia herb result
HERB005964,狭叶蛇根草,not_found,,no exact pharmacopoeia herb result
HERB005990,仙人掌,not_found,,no search results
HERB005987,显脉獐牙菜,not_found,,no exact pharmacopoeia herb result
HERB005967,狭叶香茶菜,not_found,,no exact pharmacopoeia herb result
HERB005980,腺花香茶菜,not_found,,no exact pharmacopoeia herb result
HERB005996,线纹香茶菜,not_found,,no exact pharmacopoeia herb result
HERB005972,显齿蛇葡萄,not_found,,no exact pharmacopoeia herb result
HERB005971,虾子花,not_found,,no exact pharmacopoeia herb result
HERB005966,狭叶五味子,not_found,,no exact pharmacopoeia herb result
HERB005993,藓生马先蒿,not_found,,no exact pharmacopoeia herb result
HERB005973,腺齿紫金牛,not_found,,no exact pharmacopoeia herb result
HERB005981,鲜黄小檗,not_found,,no exact pharmacopoeia herb result
HERB005995,仙桃草,not_found,,no search results
HERB006008,网地藻,not_found,,no exact pharmacopoeia herb result
HERB006005,线羽凤尾蕨,not_found,,no search results
HERB005975,线萼黄连,not_found,,no exact pharmacopoeia herb result
HERB005974,鲜地黄,not_found,,no exact pharmacopoeia herb result
HERB006012,香茶菜,not_found,,no exact pharmacopoeia herb result
HERB005986,显脉旋覆花,not_found,,no exact pharmacopoeia herb result
HERB005985,显脉香茶菜,not_found,,no exact pharmacopoeia herb result
HERB006007,线轴买麻藤,not_found,,no exact pharmacopoeia herb result
HERB005989,腺毛黑种草,not_found,,no exact pharmacopoeia herb result
HERB005997,纤细老鹳草,not_found,,no exact pharmacopoeia herb result
HERB005968,狭叶香蒲,not_found,,no exact pharmacopoeia herb result
HERB006004,线叶旋覆花,not_found,,no exact pharmacopoeia herb result
HERB006010,香草水杨梅,not_found,,no exact pharmacopoeia herb result
HERB005998,纤细薯蓣,not_found,,no exact pharmacopoeia herb result
HERB006001,线叶金鸡菊,not_found,,no exact pharmacopoeia herb result
HERB005994,咸酸蔃,not_found,,no exact pharmacopoeia herb result
HERB006002,小叶芹,not_found,,no exact pharmacopoeia herb result
HERB006003,小叶忍冬,not_found,,no exact pharmacopoeia herb result
HERB006025,想黄连木,not_found,,no search results
HERB006023,香果脂,not_found,,no exact pharmacopoeia herb result
HERB005991,蚬肉,not_found,,no exact pharmacopoeia herb result
HERB006033,香茅,not_found,,no search results
HERB006006,线泽兰,not_found,,no exact pharmacopoeia herb result
HERB006022,香菇,not_found,,no search results
HERB006011,香草香精,not_found,,no exact pharmacopoeia herb result
HERB006027,香蕉,not_found,,no exact pharmacopoeia herb result
HERB006009,香巴豆,not_found,,no exact pharmacopoeia herb result
HERB006000,线叶柴胡,not_found,,no exact pharmacopoeia herb result
HERB005999,线叶巴豆,not_found,,no exact pharmacopoeia herb result
HERB006028,橡胶树,not_found,,no search results
HERB006013,香车叶草,not_found,,no exact pharmacopoeia herb result
HERB006041,向日葵叶,not_found,,no exact pharmacopoeia herb result
HERB006016,香丹,not_found,,no exact pharmacopoeia herb result
HERB006043,香肉,not_found,,no search results
HERB006042,向日葵籽,not_found,,no exact pharmacopoeia herb result
HERB006039,向日葵花,not_found,,no exact pharmacopoeia herb result
HERB006020,香港樫木,not_found,,no exact pharmacopoeia herb result
HERB006051,铁筷子,not_found,,no exact pharmacopoeia herb result
HERB006021,香根芹,not_found,,no exact pharmacopoeia herb result
HERB006048,相思子,not_found,,no exact pharmacopoeia herb result
HERB006029,香精,not_found,,no exact pharmacopoeia herb result
HERB006018,香蜂花,not_found,,no exact pharmacopoeia herb result
HERB006014,香椽皮,not_found,,no exact pharmacopoeia herb result
HERB006052,香豌豆,not_found,,no search results
HERB006035,香柠檬,not_found,,no exact pharmacopoeia herb result
HERB006054,象牙海岸格木,not_found,,no search results
HERB006053,香蕈,not_found,,no search results
HERB006024,香合欢,not_found,,no exact pharmacopoeia herb result
HERB006047,相思藤,not_found,,no exact pharmacopoeia herb result
HERB006031,响铃草,not_found,,no exact pharmacopoeia herb result
HERB006032,香曼陀罗,not_found,,no exact pharmacopoeia herb result
HERB006036,橡皮木,not_found,,no exact pharmacopoeia herb result
HERB006056,杨梅,not_found,,no exact pharmacopoeia herb result
HERB006040,向日葵茎髓,not_found,,no exact pharmacopoeia herb result
HERB006063,香樟,not_found,,no exact pharmacopoeia herb result
HERB006050,香唐松草,not_found,,no exact pharmacopoeia herb result
HERB006046,香丝草,not_found,,no exact pharmacopoeia herb result
HERB006066,香脂冷杉,not_found,,no exact pharmacopoeia herb result
HERB006044,香肉果,not_found,,no exact pharmacopoeia herb result
HERB006062,香橼汁,not_found,,no exact pharmacopoeia herb result
HERB006038,香青兰,not_found,,no exact pharmacopoeia herb result
HERB006080,小改鼠尾草,not_found,,no search results
HERB006049,相思子根,not_found,,no exact pharmacopoeia herb result
HERB006075,小巢菜,not_found,,no exact pharmacopoeia herb result
HERB006089,小果唐松草,not_found,,no exact pharmacopoeia herb result
HERB006057,香叶,not_found,,no exact pharmacopoeia herb result
HERB006072,小檗,not_found,,no exact pharmacopoeia herb result
HERB006058,响叶杨,not_found,,no exact pharmacopoeia herb result
HERB006069,小八角莲,not_found,,no exact pharmacopoeia herb result
HERB006064,香樟根,not_found,,no exact pharmacopoeia herb result
HERB006065,香樟木,not_found,,no exact pharmacopoeia herb result
HERB006070,小百部,not_found,,no exact pharmacopoeia herb result
HERB006067,香子兰,not_found,,no exact pharmacopoeia herb result
HERB006083,小根葱,not_found,,no exact pharmacopoeia herb result
HERB006084,小构树,not_found,,no exact pharmacopoeia herb result
HERB006088,小果十大功劳,not_found,,no exact pharmacopoeia herb result
HERB006096,小黑羊,not_found,,no exact pharmacopoeia herb result
HERB006099,小花八角,not_found,,no exact pharmacopoeia herb result
HERB006074,小草乌,not_found,,no exact pharmacopoeia herb result
HERB006101,小花盾叶薯蓣,not_found,,no exact pharmacopoeia herb result
HERB006098,小红蒜,not_found,,no exact pharmacopoeia herb result
HERB006091,小果野蕉,not_found,,no exact pharmacopoeia herb result
HERB006105,小花老鼠簕,not_found,,no exact pharmacopoeia herb result
HERB006100,小花八角枫,not_found,,no exact pharmacopoeia herb result
HERB006087,小果蔷薇根,not_found,,no exact pharmacopoeia herb result
HERB006076,小车前,not_found,,no exact pharmacopoeia herb result
HERB006086,小果楠竹,not_found,,no exact pharmacopoeia herb result
HERB006103,小花鬼针草,not_found,,no exact pharmacopoeia herb result
HERB006120,小黄紫堇,not_found,,no exact pharmacopoeia herb result
HERB006085,小果咖啡,not_found,,no exact pharmacopoeia herb result
HERB006119,小黄花菜,not_found,,no exact pharmacopoeia herb result
HERB006117,小花紫堇,not_found,,no exact pharmacopoeia herb result
HERB006090,小果香草,not_found,,no exact pharmacopoeia herb result
HERB006114,小花五桠果,not_found,,no exact pharmacopoeia herb result
HERB006115,小花夏枯草,not_found,,no exact pharmacopoeia herb result
HERB006124,小脚海罂粟,not_found,,no exact pharmacopoeia herb result
HERB006102,小花风毛菊,not_found,,no exact pharmacopoeia herb result
HERB006131,小龙也阔苞菊,not_found,,no search results
HERB006093,小果芸香,not_found,,no exact pharmacopoeia herb result
HERB006118,小黄牡蒿,not_found,,no exact pharmacopoeia herb result
HERB006129,小喇叭,not_found,,no search results
HERB006113,小花五味子,not_found,,no exact pharmacopoeia herb result
HERB006112,小花酸藤子,not_found,,no exact pharmacopoeia herb result
HERB006126,小接筋草,not_found,,no exact pharmacopoeia herb result
HERB006116,小花远志,not_found,,no exact pharmacopoeia herb result
HERB006104,小花黄堇,not_found,,no exact pharmacopoeia herb result
HERB006149,硝石,not_found,,no exact pharmacopoeia herb result
HERB006152,小偷堆心菊,not_found,,no exact pharmacopoeia herb result
HERB006156,苍耳,not_found,,no exact pharmacopoeia herb result
HERB006127,小金盏花,not_found,,no exact pharmacopoeia herb result
HERB006153,小头凉喉茶,not_found,,no exact pharmacopoeia herb result
HERB006123,小箭草,not_found,,no exact pharmacopoeia herb result
HERB006125,小角柱花,not_found,,no exact pharmacopoeia herb result
HERB006148,小舌紫菀,not_found,,no exact pharmacopoeia herb result
HERB006136,小米草,not_found,,no exact pharmacopoeia herb result
HERB006139,小婆婆纳,not_found,,no exact pharmacopoeia herb result
HERB006137,小木麻黄,not_found,,no exact pharmacopoeia herb result
HERB006159,小型化岩蔷薇,not_found,,no search results
HERB006138,香排草,not_found,,no exact pharmacopoeia herb result
HERB006130,小连翘,not_found,,no exact pharmacopoeia herb result
HERB006144,肖乳香,not_found,,no exact pharmacopoeia herb result
HERB006146,小沙冬青,not_found,,no exact pharmacopoeia herb result
HERB006128,小精豆,not_found,,no exact pharmacopoeia herb result
HERB006140,小乔木紫金牛,not_found,,no exact pharmacopoeia herb result
HERB006134,小茅香,not_found,,no exact pharmacopoeia herb result
HERB006150,小唐松草,not_found,,no exact pharmacopoeia herb result
HERB006172,小野鸡尾,not_found,,no search results
HERB006145,小三颗针,not_found,,no exact pharmacopoeia herb result
HERB006162,小叶梣,not_found,,no exact pharmacopoeia herb result
HERB006182,小叶唐松草,not_found,,no exact pharmacopoeia herb result
HERB006178,小叶荬麻藤,not_found,,no exact pharmacopoeia herb result
HERB006165,小叶杜英,not_found,,no exact pharmacopoeia herb result
HERB006163,小叶地不容,not_found,,no exact pharmacopoeia herb result
HERB006166,小叶贯众,not_found,,no exact pharmacopoeia herb result
HERB006177,小叶买麻藤,not_found,,no exact pharmacopoeia herb result
HERB006160,小萱草根,not_found,,no exact pharmacopoeia herb result
HERB006168,小叶红光树,not_found,,no exact pharmacopoeia herb result
HERB006170,小叶华北绣线菊,not_found,,no exact pharmacopoeia herb result
HERB006185,小叶杨,not_found,,no search results
HERB006171,小叶黄杨,not_found,,no exact pharmacopoeia herb result
HERB006180,小野球果紫堇,not_found,,no exact pharmacopoeia herb result
HERB006155,小乌毛蕨,not_found,,no exact pharmacopoeia herb result
HERB006175,小叶莲,ok_no_empty_fields,https://ydz.chp.org.cn/#/item?bookId=1&entryId=64,matched page but target columns already had values
HERB006158,小心叶薯,not_found,,no exact pharmacopoeia herb result
HERB006187,小叶硬毛漆木,not_found,,no exact pharmacopoeia herb result
HERB006179,小叶枇杷,not_found,,no exact pharmacopoeia herb result
HERB006186,小叶野决明,not_found,,no exact pharmacopoeia herb result
HERB006167,小叶黑柴胡,not_found,,no exact pharmacopoeia herb result
HERB006203,蟹爪兰,not_found,,no exact pharmacopoeia herb result
HERB006181,小叶石楠,not_found,,no exact pharmacopoeia herb result
HERB006188,小野芝麻,not_found,,no exact pharmacopoeia herb result
HERB006173,小叶九里香,not_found,,no exact pharmacopoeia herb result
HERB006174,小野菊,not_found,,no exact pharmacopoeia herb result
HERB006190,小猪屎豆,not_found,,no exact pharmacopoeia herb result
HERB006195,斜茎獐牙菜,not_found,,no exact pharmacopoeia herb result
HERB006202,斜羽凤尾蕨,not_found,,no search results
HERB006192,缬草,not_found,,no exact pharmacopoeia herb result
HERB006169,小野花,not_found,,no exact pharmacopoeia herb result
HERB006212,新疆一支蒿,not_found,,no exact pharmacopoeia herb result
HERB006213,新美风毛菊,not_found,,no exact pharmacopoeia herb result
HERB006218,新西兰罗汉松,not_found,,no search results
HERB006183,小叶香茶菜,not_found,,no exact pharmacopoeia herb result
HERB006184,小叶悬钩子,not_found,,no exact pharmacopoeia herb result
HERB006220,新西兰牡荆苷,not_found,,no exact pharmacopoeia herb result
HERB006211,新疆杨,not_found,,no exact pharmacopoeia herb result
HERB006207,新疆贝母,not_found,,no exact pharmacopoeia herb result
HERB006209,新疆藁本,not_found,,no exact pharmacopoeia herb result
HERB006189,小芸木,not_found,,no exact pharmacopoeia herb result
HERB006231,兴安白头翁,not_found,,no exact pharmacopoeia herb result
HERB006230,新藏假紫草,not_found,,no exact pharmacopoeia herb result
HERB006194,斜基粗叶木,not_found,,no exact pharmacopoeia herb result
HERB006205,心肺草,not_found,,no exact pharmacopoeia herb result
HERB006237,杏树根,not_found,,no exact pharmacopoeia herb result
HERB006201,楔叶泽兰,not_found,,no exact pharmacopoeia herb result
HERB006208,新疆党参,not_found,,no exact pharmacopoeia herb result
HERB006223,新型钩藤,not_found,,no exact pharmacopoeia herb result
HERB006239,杏子,not_found,,no search results
HERB006226,心形叶青牛胆,not_found,,no exact pharmacopoeia herb result
HERB006224,新型葡萄,not_found,,no exact pharmacopoeia herb result
HERB006216,毒石,not_found,,no exact pharmacopoeia herb result
HERB006210,新疆蓝刺头,not_found,,no exact pharmacopoeia herb result
HERB006229,新月形野草苏,not_found,,no exact pharmacopoeia herb result
HERB006234,荇菜,not_found,,no exact pharmacopoeia herb result
HERB006250,修毛地黄,not_found,,no exact pharmacopoeia herb result
HERB006219,新西兰麻,not_found,,no exact pharmacopoeia herb result
HERB006253,绣球茜草,not_found,,no exact pharmacopoeia herb result
HERB006252,锈毛野桐,not_found,,no exact pharmacopoeia herb result
HERB006255,秀色安息香,not_found,,no exact pharmacopoeia herb result
HERB006232,兴安柴胡,not_found,,no exact pharmacopoeia herb result
HERB006247,熊掌,not_found,,no search results
HERB006254,绣球鼠尾草,not_found,,no exact pharmacopoeia herb result
HERB006256,绣线菊,not_found,,no search results
HERB006243,雄黄,ok_no_empty_fields,https://ydz.chp.org.cn/#/item?bookId=1&entryId=533,matched page but target columns already had values
HERB006233,兴安升麻,not_found,,no exact pharmacopoeia herb result
HERB006263,叙利亚牛至,not_found,,no exact pharmacopoeia herb result
HERB006238,杏苏草,not_found,,no exact pharmacopoeia herb result
HERB006241,熊耳草,not_found,,no exact pharmacopoeia herb result
HERB006273,旋果蚊子草,not_found,,no exact pharmacopoeia herb result
HERB006265,萱草根,not_found,,no search results
HERB006246,雄蕊装鼠尾草,not_found,,no exact pharmacopoeia herb result
HERB006266,萱草嫩苗,not_found,,no search results
HERB006264,续随子茎中白汁,not_found,,no exact pharmacopoeia herb result
HERB006244,雄黄兰,not_found,,no exact pharmacopoeia herb result
HERB006272,悬钩子,not_found,,no exact pharmacopoeia herb result
HERB006269,旋覆花,ok_no_empty_fields,https://ydz.chp.org.cn/#/item?bookId=1&entryId=514,matched page but target columns already had values
HERB006242,熊果苷,not_found,,no exact pharmacopoeia herb result
HERB006245,雄蕊装鼠尾草,not_found,,no exact pharmacopoeia herb result
HERB006276,旋花羊角拗,not_found,,no exact pharmacopoeia herb result
HERB006270,旋覆花根,not_found,,no exact pharmacopoeia herb result
HERB006292,雪莲,not_found,,no exact pharmacopoeia herb result
HERB006257,绣线菊叶,not_found,,no exact pharmacopoeia herb result
HERB006248,锈红蔷薇,not_found,,no exact pharmacopoeia herb result
HERB006283,悬崖玫瑰,not_found,,no exact pharmacopoeia herb result
HERB006251,绣毛寄生,not_found,,no exact pharmacopoeia herb result
HERB006274,玄胡,not_found,,no exact pharmacopoeia herb result
HERB006271,悬钩茎,not_found,,no exact pharmacopoeia herb result
HERB006262,叙利亚马利筋,not_found,,no exact pharmacopoeia herb result
HERB006260,续断菊,not_found,,no exact pharmacopoeia herb result
HERB006298,雪山林,not_found,,no exact pharmacopoeia herb result
HERB006277,玄明,not_found,,no exact pharmacopoeia herb result
HERB006295,雪龙胆,not_found,,no exact pharmacopoeia herb result
HERB006289,雪花莲,not_found,,no exact pharmacopoeia herb result
HERB006286,雪茶,not_found,,no exact pharmacopoeia herb result
HERB006275,玄胡素,not_found,,no exact pharmacopoeia herb result
HERB006301,雪松,not_found,,no search results
HERB006304,鳕鱼,not_found,,no search results
HERB006282,旋夏花,not_found,,no exact pharmacopoeia herb result
HERB006307,寻骨风,not_found,,no search results
HERB006315,鸭脚艾,not_found,,no exact pharmacopoeia herb result
HERB006313,亚乎奴,not_found,,no exact pharmacopoeia herb result
HERB006296,雪片莲,not_found,,no exact pharmacopoeia herb result
HERB006314,亚乎奴,not_found,,no exact pharmacopoeia herb result
HERB006281,宣威乌头,not_found,,no exact pharmacopoeia herb result
HERB006312,鸭儿芹,not_found,,no exact pharmacopoeia herb result
HERB006291,雪梨皮,not_found,,no exact pharmacopoeia herb result
HERB006305,血余炭,ok_no_empty_fields,https://ydz.chp.org.cn/#/item?bookId=1&entryId=218,matched page but target columns already had values
HERB006284,旋叶香青,not_found,,no exact pharmacopoeia herb result
HERB006320,亚罗椿,not_found,,no exact pharmacopoeia herb result
HERB006325,亚马逊鱼藤,not_found,,no search results
HERB006288,血红栓菌,not_found,,no exact pharmacopoeia herb result
HERB006329,牙买加樱桃,not_found,,no search results
HERB006330,亚美堆心菊,not_found,,no exact pharmacopoeia herb result
HERB006322,亚马逊百合,not_found,,no exact pharmacopoeia herb result
HERB006287,雪光花,not_found,,no exact pharmacopoeia herb result
HERB006332,亚绒盖乳菇,not_found,,no search results
HERB006297,血散薯,not_found,,no exact pharmacopoeia herb result
HERB006306,熏倒牛,not_found,,no exact pharmacopoeia herb result
HERB006328,牙买加苦木,not_found,,no exact pharmacopoeia herb result
HERB006331,鸦片,not_found,,no search results
HERB006293,雪灵好?,not_found,,no exact pharmacopoeia herb result
HERB006311,亚东乌头,not_found,,no exact pharmacopoeia herb result
HERB006339,亚洲狮,not_found,,no search results
HERB006316,牙科北千里光,not_found,,no exact pharmacopoeia herb result
HERB006341,岩柏,not_found,,no exact pharmacopoeia herb result
HERB006344,烟草,not_found,,no exact pharmacopoeia herb result
HERB006323,亚马逊马钱子,not_found,,no exact pharmacopoeia herb result
HERB006340,亚洲文殊兰,not_found,,no search results
HERB006317,雅丽千金藤,not_found,,no exact pharmacopoeia herb result
HERB006338,亚洲独活,not_found,,no exact pharmacopoeia herb result
HERB006359,雁来红,not_found,,no search results
HERB006343,岩白菜素,not_found,,no exact pharmacopoeia herb result
HERB006364,烟曲霉,not_found,,no exact pharmacopoeia herb result
HERB006346,盐地风毛菊,not_found,,no exact pharmacopoeia herb result
HERB006345,烟草花山梗菜,not_found,,no exact pharmacopoeia herb result
HERB006360,岩兰草,not_found,,no exact pharmacopoeia herb result
HERB006366,盐生假木贼,not_found,,no exact pharmacopoeia herb result
HERB006356,盐角草梭梭,not_found,,no exact pharmacopoeia herb result
HERB006362,燕麦,not_found,,no search results
HERB006365,龙眼,not_found,,no exact pharmacopoeia herb result
HERB006369,盐酸吗啉胍,not_found,,no exact pharmacopoeia herb result
HERB006374,兖州卷柏,not_found,,no exact pharmacopoeia herb result
HERB006377,洋葱,not_found,,no exact pharmacopoeia herb result
HERB006358,盐津菜,not_found,,no exact pharmacopoeia herb result
HERB006333,亚蕊香,not_found,,no exact pharmacopoeia herb result
HERB006379,洋地黄叶,not_found,,no search results
HERB006372,岩盐,not_found,,no search results
HERB006389,杨梅,not_found,,no exact pharmacopoeia herb result
HERB006376,洋常春藤,not_found,,no exact pharmacopoeia herb result
HERB006375,羊鞭,not_found,,no exact pharmacopoeia herb result
HERB006351,烟锅草,not_found,,no exact pharmacopoeia herb result
HERB006367,盐生肉苁蓉,not_found,,no exact pharmacopoeia herb result
HERB006378,洋刀豆,not_found,,no exact pharmacopoeia herb result
HERB006392,杨梅核仁,not_found,,no exact pharmacopoeia herb result
HERB006355,盐角草,not_found,,no exact pharmacopoeia herb result
HERB006354,岩黄连,not_found,,no exact pharmacopoeia herb result
HERB006383,洋剪秋罗,not_found,,no exact pharmacopoeia herb result
HERB006350,盐附子,not_found,,no exact pharmacopoeia herb result
HERB006393,杨梅树皮,not_found,,no exact pharmacopoeia herb result
HERB006385,羊角面包,not_found,,no exact pharmacopoeia herb result
HERB006361,延龄草,not_found,,no exact pharmacopoeia herb result
HERB006397,阳起石,not_found,,no exact pharmacopoeia herb result
HERB006352,盐海豚草,not_found,,no exact pharmacopoeia herb result
HERB006380,羊耳朵叶,not_found,,no exact pharmacopoeia herb result
HERB006395,羊皮,not_found,,no search results
HERB006401,羊乳,not_found,,no search results
HERB006368,盐酸麻黄碱,not_found,,no exact pharmacopoeia herb result
HERB006400,羊肉,not_found,,no exact pharmacopoeia herb result
HERB006398,洋茜草,not_found,,no exact pharmacopoeia herb result
HERB006402,洋蓍草,not_found,,no exact pharmacopoeia herb result
HERB006382,秧鸡草,not_found,,no exact pharmacopoeia herb result
HERB006386,羊角藤,not_found,,no exact pharmacopoeia herb result
HERB006405,羊蹄,not_found,,no search results
HERB006409,杨桐,not_found,,no exact pharmacopoeia herb result
HERB006371,岩香菊,not_found,,no exact pharmacopoeia herb result
HERB006410,羊外肾,not_found,,no exact pharmacopoeia herb result
HERB006384,羊角坳子,not_found,,no exact pharmacopoeia herb result
HERB006391,杨梅根,not_found,,no exact pharmacopoeia herb result
HERB006414,杨叶肖槿,not_found,,no exact pharmacopoeia herb result
HERB006415,杨叶银背藤,not_found,,no exact pharmacopoeia herb result
HERB006421,药水芭蕉,not_found,,no exact pharmacopoeia herb result
HERB006407,羊蹄实,not_found,,no exact pharmacopoeia herb result
HERB006394,杨欧夏至草,not_found,,no exact pharmacopoeia herb result
HERB006381,羊红膻,not_found,,no exact pharmacopoeia herb result
HERB006404,阳桃,not_found,,no exact pharmacopoeia herb result
HERB006403,羊屎果,not_found,,no exact pharmacopoeia herb result
HERB006418,耀华香茶菜,not_found,,no exact pharmacopoeia herb result
HERB006396,洋蒲桃叶,not_found,,no exact pharmacopoeia herb result
HERB006426,药用白前,not_found,,no exact pharmacopoeia herb result
HERB006431,药用甘蔗,not_found,,no exact pharmacopoeia herb result
HERB006411,仰卧板凳果,not_found,,no exact pharmacopoeia herb result
HERB006406,羊蹄根,not_found,,no exact pharmacopoeia herb result
HERB006408,羊蹄叶,not_found,,no exact pharmacopoeia herb result
HERB006417,扬子小连翘,not_found,,no exact pharmacopoeia herb result
HERB006419,药蜀葵,not_found,,no exact pharmacopoeia herb result
HERB006439,药用球果紫堇,not_found,,no exact pharmacopoeia herb result
HERB006433,药用黑面神也,not_found,,no exact pharmacopoeia herb result
HERB006434,药用牡丹,not_found,,no exact pharmacopoeia herb result
HERB006425,药用安息香,not_found,,no exact pharmacopoeia herb result
HERB006430,药用倒提壶,not_found,,no exact pharmacopoeia herb result
HERB006429,药用当归,not_found,,no exact pharmacopoeia herb result
HERB006427,药用丹参,not_found,,no exact pharmacopoeia herb result
HERB006432,药用狗牙花,not_found,,no exact pharmacopoeia herb result
HERB006424,药西瓜,not_found,,no exact pharmacopoeia herb result
HERB006420,药鼠李,not_found,,no exact pharmacopoeia herb result
HERB006442,药用紫檀,not_found,,no exact pharmacopoeia herb result
HERB006445,野草莓,not_found,,no exact pharmacopoeia herb result
HERB006443,野艾蒿,not_found,,no exact pharmacopoeia herb result
HERB006422,药水苏,not_found,,no exact pharmacopoeia herb result
HERB006444,野百合,not_found,,no exact pharmacopoeia herb result
HERB006423,药水苏爵床,not_found,,no exact pharmacopoeia herb result
HERB006441,药用薰衣草,not_found,,no exact pharmacopoeia herb result
HERB006451,野果茄,not_found,,no exact pharmacopoeia herb result
HERB006453,野果茄,not_found,,no exact pharmacopoeia herb result
HERB006436,药用牛舌草,not_found,,no exact pharmacopoeia herb result
HERB006437,药用蒲公英,not_found,,no exact pharmacopoeia herb result
HERB006435,药用牛奶菜,not_found,,no exact pharmacopoeia herb result
HERB006452,夜关门,not_found,,no exact pharmacopoeia herb result
HERB006464,野花生,not_found,,no exact pharmacopoeia herb result
HERB006447,野颠茄,not_found,,no exact pharmacopoeia herb result
HERB006449,野甘草,not_found,,no exact pharmacopoeia herb result
HERB006438,药用前胡,not_found,,no exact pharmacopoeia herb result
HERB006454,野海椒,not_found,,no exact pharmacopoeia herb result
HERB006456,野核桃仁,not_found,,no exact pharmacopoeia herb result
HERB006446,叶底珠根,not_found,,no exact pharmacopoeia herb result
HERB006470,野菊,not_found,,no exact pharmacopoeia herb result
HERB006440,药用蛇床,not_found,,no exact pharmacopoeia herb result
HERB006450,椰果,not_found,,no exact pharmacopoeia herb result
HERB006457,野黑樱桃,not_found,,no exact pharmacopoeia herb result
HERB006448,野杜仲,not_found,,no exact pharmacopoeia herb result
HERB006474,叶脉银背藤,not_found,,no exact pharmacopoeia herb result
HERB006461,野花椒根,not_found,,no exact pharmacopoeia herb result
HERB006462,野花椒皮,not_found,,no exact pharmacopoeia herb result
HERB006465,野黄皮,not_found,,no exact pharmacopoeia herb result
HERB006477,野苜蓿,not_found,,no exact pharmacopoeia herb result
HERB006455,夜合花,not_found,,no exact pharmacopoeia herb result
HERB006478,野欧白芥,not_found,,no exact pharmacopoeia herb result
HERB006458,叶黑种草,not_found,,no exact pharmacopoeia herb result
HERB006485,野生千里光,not_found,,no exact pharmacopoeia herb result
HERB006473,野荔枝叶,not_found,,no exact pharmacopoeia herb result
HERB006460,液化灰毛豆,not_found,,no exact pharmacopoeia herb result
HERB006467,野姜,not_found,,no exact pharmacopoeia herb result
HERB006480,野漆树叶,not_found,,no exact pharmacopoeia herb result
HERB006486,野生山樱桃,not_found,,no exact pharmacopoeia herb result
HERB006489,椰泰,not_found,,no exact pharmacopoeia herb result
HERB006488,椰泰,not_found,,no exact pharmacopoeia herb result
HERB006468,夜交藤,not_found,,no exact pharmacopoeia herb result
HERB006487,叶穗香茶菜,not_found,,no exact pharmacopoeia herb result
HERB006472,野决明,not_found,,no exact pharmacopoeia herb result
HERB006490,野莴苣,not_found,,no exact pharmacopoeia herb result
HERB006501,野猪,not_found,,no search results
HERB006481,野漆树子,not_found,,no exact pharmacopoeia herb result
HERB006497,野烟叶,not_found,,no exact pharmacopoeia herb result
HERB006496,野鸦椿,not_found,,no exact pharmacopoeia herb result
HERB006491,野梧桐,not_found,,no exact pharmacopoeia herb result
HERB006482,野扇花,not_found,,no exact pharmacopoeia herb result
HERB006463,野花椒叶,not_found,,no exact pharmacopoeia herb result
HERB006479,野葡萄根,not_found,,no exact pharmacopoeia herb result
HERB006503,椰子,not_found,,no search results
HERB006505,椰子瓤,not_found,,no exact pharmacopoeia herb result
HERB006498,野罂粟,not_found,,no exact pharmacopoeia herb result
HERB006483,野山楂,not_found,,no exact pharmacopoeia herb result
HERB006506,椰子油,not_found,,no search results
HERB006507,缢苞麻花头,not_found,,no search results
HERB006512,刈草,not_found,,no search results
HERB006466,夜家藤,not_found,,no exact pharmacopoeia herb result
HERB006510,伊比利亚水仙,not_found,,no exact pharmacopoeia herb result
HERB006517,一点红,not_found,,no exact pharmacopoeia herb result
HERB006500,野芝麻,not_found,,no exact pharmacopoeia herb result
HERB006504,椰子皮,not_found,,no exact pharmacopoeia herb result
HERB006523,易卡托叶黄檀,not_found,,no exact pharmacopoeia herb result
HERB006484,野生马,not_found,,no exact pharmacopoeia herb result
HERB006492,叶下珠,not_found,,no exact pharmacopoeia herb result
HERB006530,伊犁翠雀花,not_found,,no search results
HERB006528,伊朗阿魏,not_found,,no exact pharmacopoeia herb result
HERB006539,一年蓬,not_found,,no exact pharmacopoeia herb result
HERB006553,唐松草,not_found,,no exact pharmacopoeia herb result
HERB006531,伊利利亚大吃几,not_found,,no search results
HERB006515,意大利决明子,not_found,,no exact pharmacopoeia herb result
HERB006532,伊利里亚大翅蓟,not_found,,no exact pharmacopoeia herb result
HERB006533,伊利诺合欢草,not_found,,no exact pharmacopoeia herb result
HERB006536,薏米,not_found,,no exact pharmacopoeia herb result
HERB006548,一窝鸡,not_found,,no exact pharmacopoeia herb result
HERB006546,饴糖,not_found,,no exact pharmacopoeia herb result
HERB006502,野猪胆,not_found,,no exact pharmacopoeia herb result
HERB006511,一边黄檀,not_found,,no exact pharmacopoeia herb result
HERB006495,夜香树,not_found,,no exact pharmacopoeia herb result
HERB006557,异叶梁王茶,not_found,,no exact pharmacopoeia herb result
HERB006556,异叶假繁缕,not_found,,no search results
HERB006516,意大利蜡菊,not_found,,no exact pharmacopoeia herb result
HERB006521,一花木兰,not_found,,no exact pharmacopoeia herb result
HERB006554,益阳荷包牡丹,not_found,,no exact pharmacopoeia herb result
HERB006559,一夜美登木,not_found,,no exact pharmacopoeia herb result
HERB006562,一叶肉托果,not_found,,no exact pharmacopoeia herb result
HERB006518,翼梗五味子,not_found,,no exact pharmacopoeia herb result
HERB006560,一叶萩,not_found,,no search results
HERB006529,伊朗青蓝,not_found,,no exact pharmacopoeia herb result
HERB006540,一年生山靛,not_found,,no exact pharmacopoeia herb result
HERB006522,一花吴茱萸,not_found,,no exact pharmacopoeia herb result
HERB006538,益母草花,not_found,,no exact pharmacopoeia herb result
HERB006555,异叶败酱,not_found,,no exact pharmacopoeia herb result
HERB006570,一枝蒿,not_found,,no exact pharmacopoeia herb result
HERB006541,一泡囊草,not_found,,no exact pharmacopoeia herb result
HERB006573,一枝香,not_found,,no search results
HERB006574,异株矮麻黄,not_found,,no exact pharmacopoeia herb result
HERB006580,银白千里光,not_found,,no exact pharmacopoeia herb result
HERB006581,银白杨,not_found,,no search results
HERB006578,银白金合欢,not_found,,no search results
HERB006579,银白槭,not_found,,no search results
HERB006576,异足索沙蚕,not_found,,no search results
HERB006552,异形南五味子,not_found,,no exact pharmacopoeia herb result
HERB006582,银边龙舌兰,not_found,,no search results
HERB006584,银不换,not_found,,no exact pharmacopoeia herb result
HERB006558,异叶蔓荆,not_found,,no exact pharmacopoeia herb result
HERB006577,银白黄杨,not_found,,no exact pharmacopoeia herb result
HERB006583,银箔,not_found,,no search results
HERB006563,异叶天南星,not_found,,no exact pharmacopoeia herb result
HERB006592,印度大麻,not_found,,no exact pharmacopoeia herb result
HERB006591,印度白茅,not_found,,no exact pharmacopoeia herb result
HERB006590,印度菝葜,not_found,,no exact pharmacopoeia herb result
HERB006565,异叶乌头,not_found,,no exact pharmacopoeia herb result
HERB006564,异叶铁杉,not_found,,no exact pharmacopoeia herb result
HERB006603,印度马兜铃,not_found,,no exact pharmacopoeia herb result
HERB006602,印度马兜铃,not_found,,no exact pharmacopoeia herb result
HERB006596,印度黄檀,not_found,,no exact pharmacopoeia herb result
HERB006609,印度斯里兰卡叶下珠,not_found,,no exact pharmacopoeia herb result
HERB006598,印度九里香,not_found,,no exact pharmacopoeia herb result
HERB006601,印度萝芙木,not_found,,no exact pharmacopoeia herb result
HERB006599,印度橘,not_found,,no exact pharmacopoeia herb result
HERB006566,异叶杨,not_found,,no exact pharmacopoeia herb result
HERB006605,印度棉,not_found,,no exact pharmacopoeia herb result
HERB006561,一叶萩根,not_found,,no exact pharmacopoeia herb result
HERB006589,因地香茶菜,not_found,,no exact pharmacopoeia herb result
HERB006610,印度藤黄,not_found,,no exact pharmacopoeia herb result
HERB006621,银花子,not_found,,no exact pharmacopoeia herb result
HERB006616,银耳,not_found,,no search results
HERB006611,印度娃儿藤,not_found,,no exact pharmacopoeia herb result
HERB006623,银胶菊,not_found,,no search results
HERB006628,银色米仔兰,not_found,,no exact pharmacopoeia herb result
HERB006575,异株荨麻,not_found,,no exact pharmacopoeia herb result
HERB006600,印度莲?,not_found,,no exact pharmacopoeia herb result
HERB006613,印度鸭脚树,not_found,,no exact pharmacopoeia herb result
HERB006635,银叶树,not_found,,no exact pharmacopoeia herb result
HERB006608,印度蛇菰,not_found,,no exact pharmacopoeia herb result
HERB006597,印度假荆芥,not_found,,no exact pharmacopoeia herb result
HERB006636,银鱼,not_found,,no search results
HERB006639,迎春花,not_found,,no search results
HERB006644,瘿花香茶菜,not_found,,no exact pharmacopoeia herb result
HERB006612,印度邪蒿,not_found,,no exact pharmacopoeia herb result
HERB006618,银合欢,not_found,,no exact pharmacopoeia herb result
HERB006606,印度木防己,not_found,,no exact pharmacopoeia herb result
HERB006629,银线草,not_found,,no exact pharmacopoeia herb result
HERB006652,罂粟,not_found,,no exact pharmacopoeia herb result
HERB006655,樱桃,not_found,,no search results
HERB006627,印尼面包果,not_found,,no exact pharmacopoeia herb result
HERB006638,鹰不泊,not_found,,no exact pharmacopoeia herb result
HERB006654,罂粟嫩苗,not_found,,no exact pharmacopoeia herb result
HERB006614,印度藏茴香,not_found,,no exact pharmacopoeia herb result
HERB006656,樱桃番茄,not_found,,no search results
HERB006660,硬叶女娄菜,not_found,,no exact pharmacopoeia herb result
HERB006666,蛹虫草,not_found,,no exact pharmacopoeia herb result
HERB006634,淫羊藿根,not_found,,no exact pharmacopoeia herb result
HERB006663,鹰爪豆猪屎豆,not_found,,no exact pharmacopoeia herb result
HERB006657,银杏果,not_found,,no search results
HERB006630,银信草,not_found,,no exact pharmacopoeia herb result
HERB006668,莸,not_found,,no search results
HERB006649,硬皮禾叶兰,not_found,,no exact pharmacopoeia herb result
HERB006661,鹰爪,not_found,,no search results
HERB006641,英国山楂,not_found,,no exact pharmacopoeia herb result
HERB006637,银州柴胡,not_found,,no exact pharmacopoeia herb result
HERB006662,鹰爪豆,not_found,,no exact pharmacopoeia herb result
HERB006671,油菜籽,not_found,,no search results
HERB006677,油橄榄,not_found,,no search results
HERB006640,英国欧石楠,not_found,,no exact pharmacopoeia herb result
HERB006667,永宁独活,not_found,,no exact pharmacopoeia herb result
HERB006646,硬毛金丝桃,not_found,,no exact pharmacopoeia herb result
HERB006689,柚木,not_found,,no search results
HERB006651,硬水黄连,not_found,,no exact pharmacopoeia herb result
HERB006681,柚根,not_found,,no exact pharmacopoeia herb result
HERB006694,有色紫金牛,not_found,,no exact pharmacopoeia herb result
HERB006665,蝇子草,not_found,,no exact pharmacopoeia herb result
HERB006650,迎山红,not_found,,no exact pharmacopoeia herb result
HERB006695,攸县鸭脚树,not_found,,no exact pharmacopoeia herb result
HERB006683,疣果豆蔻,not_found,,no exact pharmacopoeia herb result
HERB006685,油胡桃,not_found,,no exact pharmacopoeia herb result
HERB006696,油烟奥拓四叶草?,not_found,,no exact pharmacopoeia herb result
HERB006700,油棕,not_found,,no search results
HERB006676,油柑根,not_found,,no exact pharmacopoeia herb result
HERB006670,有柄石韦,not_found,,no exact pharmacopoeia herb result
HERB006690,柚皮,not_found,,no exact pharmacopoeia herb result
HERB006705,榆白皮,not_found,,no search results
HERB006698,优野黄秋葵,not_found,,no exact pharmacopoeia herb result
HERB006680,油柑叶,not_found,,no exact pharmacopoeia herb result
HERB006679,油柑木皮,not_found,,no exact pharmacopoeia herb result
HERB006675,疣点卫矛,not_found,,no exact pharmacopoeia herb result
HERB006672,油茶根皮,not_found,,no exact pharmacopoeia herb result
HERB006686,柚花,not_found,,no exact pharmacopoeia herb result
HERB006713,鱼肝油,not_found,,no search results
HERB006719,郁金香,not_found,,no search results
HERB006693,釉色斑鸠菊?,not_found,,no exact pharmacopoeia herb result
HERB006684,柚核,not_found,,no exact pharmacopoeia herb result
HERB006697,柚叶,not_found,,no exact pharmacopoeia herb result
HERB006712,渔夫叶下珠,not_found,,no exact pharmacopoeia herb result
HERB006733,玉米须,not_found,,no exact pharmacopoeia herb result
HERB006729,鱼鳞云杉,not_found,,no exact pharmacopoeia herb result
HERB006738,玉蜀黍,not_found,,no search results
HERB006703,禹白附,not_found,,no exact pharmacopoeia herb result
HERB006737,雨水,not_found,,no search results
HERB006736,榆树,not_found,,no search results
HERB006715,雨果小叶楠,not_found,,no exact pharmacopoeia herb result
HERB006728,鱼鳞菜,not_found,,no exact pharmacopoeia herb result
HERB006716,榆花,not_found,,no exact pharmacopoeia herb result
HERB006739,鱼藤,not_found,,no search results
HERB006720,郁金香根,not_found,,no exact pharmacopoeia herb result
HERB006740,鱼香草,not_found,,no exact pharmacopoeia herb result
HERB006749,羽衣甘蓝,not_found,,no search results
HERB006759,香茶菜,not_found,,no exact pharmacopoeia herb result
HERB006707,愈创木,not_found,,no exact pharmacopoeia herb result
HERB006734,玉珊瑚根,not_found,,no exact pharmacopoeia herb result
HERB006744,羽叶鬼灯檠,not_found,,no exact pharmacopoeia herb result
HERB006709,玉带根,not_found,,no exact pharmacopoeia herb result
HERB006704,禹白附,not_found,,no exact pharmacopoeia herb result
HERB006726,禹粮石,not_found,,no exact pharmacopoeia herb result
HERB006748,羽叶蛇葡萄,not_found,,no exact pharmacopoeia herb result
HERB006755,羽状合欢,not_found,,no exact pharmacopoeia herb result
HERB006735,玉珊瑚根,not_found,,no exact pharmacopoeia herb result
HERB006745,玉叶金花,not_found,,no exact pharmacopoeia herb result
HERB006767,远东九里香,not_found,,no exact pharmacopoeia herb result
HERB006730,玉玲花,not_found,,no exact pharmacopoeia herb result
HERB006743,羽叶丁香,not_found,,no exact pharmacopoeia herb result
HERB006742,芋叶,not_found,,no exact pharmacopoeia herb result
HERB006751,玉簪叶车前,not_found,,no exact pharmacopoeia herb result
HERB006784,芫荽,not_found,,no search results
HERB006774,圆滑番荔枝,not_found,,no search results
HERB006779,圆锯筋骨草,not_found,,no exact pharmacopoeia herb result
HERB006747,羽叶三七,not_found,,no exact pharmacopoeia herb result
HERB006760,元宝草,not_found,,no search results
HERB006785,鸢尾,not_found,,no exact pharmacopoeia herb result
HERB006758,圆瓣姜花,not_found,,no exact pharmacopoeia herb result
HERB006765,圆丛红景天,not_found,,no exact pharmacopoeia herb result
HERB006792,圆叶茅膏菜,not_found,,no exact pharmacopoeia herb result
HERB006761,原蚕蛾,not_found,,no exact pharmacopoeia herb result
HERB006800,远志叶澳洲茶,not_found,,no exact pharmacopoeia herb result
HERB006769,原果甘草,not_found,,no exact pharmacopoeia herb result
HERB006763,原蚕子,not_found,,no exact pharmacopoeia herb result
HERB006770,圆果算盘子,not_found,,no exact pharmacopoeia herb result
HERB006781,圆帽向日葵?,not_found,,no exact pharmacopoeia herb result
HERB006762,原蚕沙,not_found,,no exact pharmacopoeia herb result
HERB006801,圆锥画叶轮木,not_found,,no exact pharmacopoeia herb result
HERB006766,圆当归,not_found,,no exact pharmacopoeia herb result
HERB006777,原鸡,not_found,,no exact pharmacopoeia herb result
HERB006802,圆锥猪屎豆,not_found,,no exact pharmacopoeia herb result
HERB006776,芫花条,not_found,,no exact pharmacopoeia herb result
HERB006808,月桂子,not_found,,no exact pharmacopoeia herb result
HERB006804,月桂树叶木姜子,not_found,,no exact pharmacopoeia herb result
HERB006775,芫花根,not_found,,no exact pharmacopoeia herb result
HERB006812,月季石榴,not_found,,no exact pharmacopoeia herb result
HERB006788,圆叶柴胡,not_found,,no exact pharmacopoeia herb result
HERB006790,圆叶风铃草,not_found,,no exact pharmacopoeia herb result
HERB006793,圆叶牵牛子,not_found,,no exact pharmacopoeia herb result
HERB006817,粤丝瓜,not_found,,no exact pharmacopoeia herb result
HERB006789,圆叶鹅掌柴,not_found,,no exact pharmacopoeia herb result
HERB006813,月见草,not_found,,no search results
HERB006825,云南榧树,not_found,,no exact pharmacopoeia herb result
HERB006797,圆叶泽兰,not_found,,no exact pharmacopoeia herb result
HERB006815,越南安息香,not_found,,no exact pharmacopoeia herb result
HERB006821,云南芭蕉,not_found,,no exact pharmacopoeia herb result
HERB006791,圆叶鹿蹄草,not_found,,no exact pharmacopoeia herb result
HERB006823,云南重楼,not_found,,no exact pharmacopoeia herb result
HERB006794,圆叶山乌龟,not_found,,no exact pharmacopoeia herb result
HERB006799,圆枝卷柏,not_found,,no exact pharmacopoeia herb result
HERB006805,月桂小波,not_found,,no exact pharmacopoeia herb result
HERB006830,云南含笑,not_found,,no exact pharmacopoeia herb result
HERB006806,月桂叶,not_found,,no exact pharmacopoeia herb result
HERB006828,云南割舍树,not_found,,no exact pharmacopoeia herb result
HERB006835,云南美登木,not_found,,no exact pharmacopoeia herb result
HERB006836,云南拟单性木兰,not_found,,no search results
HERB006832,云南红景天,not_found,,no exact pharmacopoeia herb result
HERB006819,月腺大戟,not_found,,no exact pharmacopoeia herb result
HERB006814,越橘叶,not_found,,no exact pharmacopoeia herb result
HERB006841,云南山竹子,not_found,,no exact pharmacopoeia herb result
HERB006831,云南红豆杉,not_found,,no exact pharmacopoeia herb result
HERB006839,云南沙棘,not_found,,no exact pharmacopoeia herb result
HERB006834,云南萝芙木,not_found,,no exact pharmacopoeia herb result
HERB006846,云南穗花杉,not_found,,no exact pharmacopoeia herb result
HERB006822,云南草蔻,not_found,,no exact pharmacopoeia herb result
HERB006849,云南野扇花,not_found,,no exact pharmacopoeia herb result
HERB006847,云南铁杉,not_found,,no exact pharmacopoeia herb result
HERB006829,云南葛藤,not_found,,no exact pharmacopoeia herb result
HERB006818,越西木香,not_found,,no exact pharmacopoeia herb result
HERB006851,云南樟,not_found,,no exact pharmacopoeia herb result
HERB006845,云南鼠尾草,not_found,,no exact pharmacopoeia herb result
HERB006855,芸薹,not_found,,no search results
HERB006850,云南皂荚,not_found,,no exact pharmacopoeia herb result
HERB006826,云南风车子,not_found,,no exact pharmacopoeia herb result
HERB006833,云南黄连,not_found,,no exact pharmacopoeia herb result
HERB006857,云雾罗汉松,not_found,,no search results
HERB006840,云南山楂,not_found,,no exact pharmacopoeia herb result
HERB006827,云南甘草,not_found,,no exact pharmacopoeia herb result
HERB006858,芸香草,not_found,,no search results
HERB006863,杂交介质红豆杉,not_found,,no exact pharmacopoeia herb result
HERB006837,云南羌活,not_found,,no exact pharmacopoeia herb result
HERB006866,杂兴唐松草,not_found,,no search results
HERB006848,云南菟丝子,not_found,,no exact pharmacopoeia herb result
HERB006844,云南石梓,not_found,,no exact pharmacopoeia herb result
HERB006869,栽培向日葵叶,not_found,,no exact pharmacopoeia herb result
HERB006867,栽培柑橘,not_found,,no exact pharmacopoeia herb result
HERB006864,杂交银胶菊,not_found,,no search results
HERB006843,云南石仙桃,not_found,,no exact pharmacopoeia herb result
HERB006872,赞比西巴豆,not_found,,no exact pharmacopoeia herb result
HERB006838,云南蕊木,not_found,,no exact pharmacopoeia herb result
HERB006881,灶心土,not_found,,no search results
HERB006884,皂矾,not_found,,no exact pharmacopoeia herb result
HERB006859,芸香叶好?,not_found,,no exact pharmacopoeia herb result
HERB006880,藏药裸茎金腰,not_found,,no exact pharmacopoeia herb result
HERB006868,栽培黑种草,not_found,,no exact pharmacopoeia herb result
HERB006898,灶心土,not_found,,no search results
HERB006862,杂交车轴草,not_found,,no exact pharmacopoeia herb result
HERB006877,藏麻黄,not_found,,no exact pharmacopoeia herb result
HERB006853,云神,not_found,,no exact pharmacopoeia herb result
HERB006895,枣树根,not_found,,no exact pharmacopoeia herb result
HERB006856,芸苔子,not_found,,no exact pharmacopoeia herb result
HERB006878,藏茄,not_found,,no exact pharmacopoeia herb result
HERB006896,枣树皮,not_found,,no exact pharmacopoeia herb result
HERB006875,臧红花,not_found,,no exact pharmacopoeia herb result
HERB006909,中国石蒜,not_found,,no exact pharmacopoeia herb result
HERB006876,藏红花色水芹,not_found,,no exact pharmacopoeia herb result
HERB006905,泽漆,not_found,,no search results
HERB006891,皂角刺,ok_no_empty_fields,https://ydz.chp.org.cn/#/item?bookId=1&entryId=274,matched page but target columns already had values
HERB006879,藏三七,not_found,,no exact pharmacopoeia herb result
HERB006885,枣核,not_found,,no exact pharmacopoeia herb result
HERB006887,皂荚刺,not_found,,no exact pharmacopoeia herb result
HERB006912,窄叶半枫荷,not_found,,no exact pharmacopoeia herb result
HERB006911,窄头橐吾,not_found,,no exact pharmacopoeia herb result
HERB006903,泽兰羊耳菊,not_found,,no exact pharmacopoeia herb result
HERB006919,展毛翠雀花,not_found,,no exact pharmacopoeia herb result
HERB006890,皂荚子,not_found,,no exact pharmacopoeia herb result
HERB006874,藏边打黄,not_found,,no exact pharmacopoeia herb result
HERB006924,展枝唐松草,not_found,,no exact pharmacopoeia herb result
HERB006889,皂荚叶,not_found,,no exact pharmacopoeia herb result
HERB006888,皂荚根皮,not_found,,no exact pharmacopoeia herb result
HERB006893,枣皮树,not_found,,no exact pharmacopoeia herb result
HERB006900,枣叶,not_found,,no exact pharmacopoeia herb result
HERB006923,毡毛栒子,not_found,,no exact pharmacopoeia herb result
HERB006930,樟木,not_found,,no search results
HERB006928,蟑螂,not_found,,no search results
HERB006897,皂味口蘑,not_found,,no exact pharmacopoeia herb result
HERB006916,展萼金丝桃,not_found,,no exact pharmacopoeia herb result
HERB006920,粘毛黄芩,not_found,,no exact pharmacopoeia herb result
HERB006934,樟树叶,not_found,,no exact pharmacopoeia herb result
HERB006915,窄竹叶柴胡,not_found,,no exact pharmacopoeia herb result
HERB006906,泽乌头,not_found,,no exact pharmacopoeia herb result
HERB006917,展花乌头,not_found,,no exact pharmacopoeia herb result
HERB006932,樟脑罗勒,not_found,,no exact pharmacopoeia herb result
HERB006914,窄叶野豌豆,not_found,,no exact pharmacopoeia herb result
HERB006938,掌叶大黄,not_found,,no exact pharmacopoeia herb result
HERB006933,樟树皮,not_found,,no exact pharmacopoeia herb result
HERB006936,獐牙菜,not_found,,no exact pharmacopoeia herb result
HERB006929,樟柳头,not_found,,no exact pharmacopoeia herb result
HERB006945,爪哇橄榄,not_found,,no exact pharmacopoeia herb result
HERB006926,胀果甘草,not_found,,no exact pharmacopoeia herb result
HERB006922,毡毛石韦,not_found,,no exact pharmacopoeia herb result
HERB006972,珍珠母,ok_no_empty_fields,https://ydz.chp.org.cn/#/item?bookId=1&entryId=360,matched page but target columns already had values
HERB006902,泽兰根,not_found,,no exact pharmacopoeia herb result
HERB006948,沼泽千户,not_found,,no search results
HERB006952,鹧鸪菜,not_found,,no search results
HERB006913,窄叶南洋杉,not_found,,no exact pharmacopoeia herb result
HERB006954,浙江獐牙菜,not_found,,no exact pharmacopoeia herb result
HERB006956,柘树,not_found,,no exact pharmacopoeia herb result
HERB006937,掌叶半夏,not_found,,no exact pharmacopoeia herb result
HERB006971,珍珠梅,not_found,,no search results
HERB006939,樟叶胡椒,not_found,,no exact pharmacopoeia herb result
HERB006962,榛蘑,not_found,,no exact pharmacopoeia herb result
HERB006955,赭石,ok_no_empty_fields,https://ydz.chp.org.cn/#/item?bookId=1&entryId=591,matched page but target columns already had values
HERB006999,指甲花叶,not_found,,no exact pharmacopoeia herb result
HERB006942,照山白,not_found,,no exact pharmacopoeia herb result
HERB006967,珍珠,ok_no_empty_fields,https://ydz.chp.org.cn/#/item?bookId=1&entryId=359,matched page but target columns already had values
HERB006957,蔗糖,not_found,,no exact pharmacopoeia herb result
HERB006935,樟树子,not_found,,no exact pharmacopoeia herb result
HERB006979,炙鳖甲,not_found,,no exact pharmacopoeia herb result
HERB006961,针葵,not_found,,no exact pharmacopoeia herb result
HERB007006,直立长春花,not_found,,no exact pharmacopoeia herb result
HERB006991,植根当归,not_found,,no exact pharmacopoeia herb result
HERB006984,炙穿山甲,not_found,,no exact pharmacopoeia herb result
HERB006969,珍珠杆,not_found,,no exact pharmacopoeia herb result
HERB007010,直立罗汉松,not_found,,no exact pharmacopoeia herb result
HERB006973,珍珠绣线菊,not_found,,no exact pharmacopoeia herb result
HERB007014,智力也厚壳桂,not_found,,no search results
HERB007011,智利马兜铃,not_found,,no exact pharmacopoeia herb result
HERB007012,智利马兜铃,not_found,,no exact pharmacopoeia herb result
HERB006970,珍珠露水草,not_found,,no exact pharmacopoeia herb result
HERB006992,枳根皮,not_found,,no exact pharmacopoeia herb result
HERB007001,枳椇根,not_found,,no exact pharmacopoeia herb result
HERB007003,制军炭,not_found,,no exact pharmacopoeia herb result
HERB007000,制僵蚕,not_found,,no exact pharmacopoeia herb result
HERB007017,芝麻菜,not_found,,no exact pharmacopoeia herb result
HERB006968,珍珠菜,not_found,,no exact pharmacopoeia herb result
HERB006993,制龟板,not_found,,no exact pharmacopoeia herb result
HERB007005,直立百部,not_found,,no exact pharmacopoeia herb result
HERB007047,栀子花,not_found,,no search results
HERB006987,制地龙,not_found,,no exact pharmacopoeia herb result
HERB007043,蜘蛛抱蛋,not_found,,no search results
HERB007031,纸莎草,not_found,,no exact pharmacopoeia herb result
HERB007013,治理千金藤,not_found,,no exact pharmacopoeia herb result
HERB007009,直立角茴香,not_found,,no exact pharmacopoeia herb result
HERB007002,枳椇子,not_found,,no exact pharmacopoeia herb result
HERB007058,中国苍耳,not_found,,no exact pharmacopoeia herb result
HERB007055,中非钩枝藤,not_found,,no exact pharmacopoeia herb result
HERB007019,芝麻壳,not_found,,no exact pharmacopoeia herb result
HERB007059,中国粗榧职业,not_found,,no search results
HERB007067,中华鸡矢藤?,not_found,,no exact pharmacopoeia herb result
HERB007062,中国沙棘,not_found,,no exact pharmacopoeia herb result
HERB007028,制乳没,not_found,,no exact pharmacopoeia herb result
HERB007065,中国旋复花,not_found,,no exact pharmacopoeia herb result
HERB007068,中华九里香,not_found,,no exact pharmacopoeia herb result
HERB007064,中国绣球,not_found,,no exact pharmacopoeia herb result
HERB007070,中华青牛胆,not_found,,no exact pharmacopoeia herb result
HERB007039,制玄胡,not_found,,no exact pharmacopoeia herb result
HERB007053,肿柄菊,not_found,,no exact pharmacopoeia herb result
HERB007038,止泻木皮,not_found,,no exact pharmacopoeia herb result
HERB007071,中华小尖柳珊瑚,not_found,,no exact pharmacopoeia herb result
HERB007076,中间茅膏菜,not_found,,no exact pharmacopoeia herb result
HERB007041,置疑小檗,not_found,,no exact pharmacopoeia herb result
HERB007035,枳实与枳壳,not_found,,no exact pharmacopoeia herb result
HERB007072,中华绣线梅,not_found,,no exact pharmacopoeia herb result
HERB007050,栀子叶,not_found,,no exact pharmacopoeia herb result
HERB007088,皱蒴藓,not_found,,no exact pharmacopoeia herb result
HERB007054,钟萼白头翁,not_found,,no exact pharmacopoeia herb result
HERB007087,舟山新木姜子,not_found,,no exact pharmacopoeia herb result
HERB007084,中亚沙棘,not_found,,no exact pharmacopoeia herb result
HERB007048,栀子花根,not_found,,no exact pharmacopoeia herb result
HERB007083,中亚秦艽,not_found,,no exact pharmacopoeia herb result
HERB007086,皱木耳,not_found,,no exact pharmacopoeia herb result
HERB007060,中国粗榧子,not_found,,no exact pharmacopoeia herb result
HERB007061,中国红参,not_found,,no exact pharmacopoeia herb result
HERB007075,中间锦鸡儿,not_found,,no exact pharmacopoeia herb result
HERB007092,皱叶香茶菜,not_found,,no exact pharmacopoeia herb result
HERB007097,猪大肠,not_found,,no exact pharmacopoeia herb result
HERB007094,帚枝鼠李,not_found,,no exact pharmacopoeia herb result
HERB007095,竹柏,not_found,,no exact pharmacopoeia herb result
HERB007077,中间五味子,not_found,,no exact pharmacopoeia herb result
HERB007103,朱红龙血树,not_found,,no search results
HERB007100,朱茯神,not_found,,no exact pharmacopoeia herb result
HERB007090,皱叶木兰,not_found,,no exact pharmacopoeia herb result
HERB007078,中间香茶菜,not_found,,no exact pharmacopoeia herb result
HERB007080,中麻黄,not_found,,no exact pharmacopoeia herb result
HERB007111,竹沥,not_found,,no exact pharmacopoeia herb result
HERB007114,苎麻根,not_found,,no exact pharmacopoeia herb result
HERB007123,蛛丝红纹马先蒿,not_found,,no exact pharmacopoeia herb result
HERB007093,皱叶泽兰,not_found,,no exact pharmacopoeia herb result
HERB007120,朱砂莲,not_found,,no search results
HERB007089,皱叶鹿蹄草,not_found,,no exact pharmacopoeia herb result
HERB007125,烛台鼠尾草,not_found,,no search results
HERB007099,猪胆汁,not_found,,no exact pharmacopoeia herb result
HERB007115,猪毛菜,not_found,,no exact pharmacopoeia herb result
HERB007091,皱叶欧芹,not_found,,no exact pharmacopoeia herb result
HERB007117,朱砂,ok_no_empty_fields,https://ydz.chp.org.cn/#/item?bookId=1&entryId=210,matched page but target columns already had values
HERB007107,竹节三七,not_found,,no exact pharmacopoeia herb result
HERB007133,竹叶兰,not_found,,no exact pharmacopoeia herb result
HERB007130,竹叶椒,not_found,,no exact pharmacopoeia herb result
HERB007106,猪脊髓,not_found,,no exact pharmacopoeia herb result
HERB007138,猪鬃草,not_found,,no search results
HERB007109,竹节香附,not_found,,no exact pharmacopoeia herb result
HERB007121,猪肾,not_found,,no exact pharmacopoeia herb result
HERB007122,猪屎豆,not_found,,no exact pharmacopoeia herb result
HERB007139,抓鬼瓜叶乌头,not_found,,no search results
HERB007128,猪靥,not_found,,no exact pharmacopoeia herb result
HERB007082,中亚苦蒿,not_found,,no exact pharmacopoeia herb result
HERB007142,壮观鸡骨常山,not_found,,no exact pharmacopoeia herb result
HERB007140,砖红韧伞,not_found,,no exact pharmacopoeia herb result
HERB007118,朱砂杜鹃,not_found,,no exact pharmacopoeia herb result
HERB007143,追凤箭,not_found,,no exact pharmacopoeia herb result
HERB007154,紫背金盘,not_found,,no exact pharmacopoeia herb result
HERB007124,柱穗山姜,not_found,,no exact pharmacopoeia herb result
HERB007151,梓白皮,not_found,,no exact pharmacopoeia herb result
HERB007137,煮紫薯,not_found,,no exact pharmacopoeia herb result
HERB007152,紫贝齿,not_found,,no search results
HERB007129,竹叶柴胡,not_found,,no exact pharmacopoeia herb result
HERB007135,珠子草,not_found,,no exact pharmacopoeia herb result
HERB007132,竹叶菊,not_found,,no exact pharmacopoeia herb result
HERB007159,紫菜,not_found,,no search results
HERB007161,紫草茸,not_found,,no search results
HERB007167,紫萼香茶菜,not_found,,no exact pharmacopoeia herb result
HERB007158,紫背天葵草,not_found,,no exact pharmacopoeia herb result
HERB007166,紫丁香蘑,not_found,,no exact pharmacopoeia herb result
HERB007176,紫花鄂北贝母,not_found,,no exact pharmacopoeia herb result
HERB007134,竹叶心,not_found,,no exact pharmacopoeia herb result
HERB007131,竹叶椒根,not_found,,no exact pharmacopoeia herb result
HERB007165,紫丁香,not_found,,no exact pharmacopoeia herb result
HERB007172,紫红獐牙菜,not_found,,no exact pharmacopoeia herb result
HERB007169,紫蜂斗菜,not_found,,no exact pharmacopoeia herb result
HERB007175,紫花杜鹃,not_found,,no exact pharmacopoeia herb result
HERB007146,准格尔乌头,not_found,,no exact pharmacopoeia herb result
HERB007182,紫花鱼灯草,not_found,,no exact pharmacopoeia herb result
HERB007179,紫花景天,not_found,,no exact pharmacopoeia herb result
HERB007184,紫金牛,not_found,,no exact pharmacopoeia herb result
HERB007144,准格尔蓝盆花,not_found,,no exact pharmacopoeia herb result
HERB007155,紫背鹿蹄草,not_found,,no exact pharmacopoeia herb result
HERB007153,紫背黄芩,not_found,,no exact pharmacopoeia herb result
HERB007162,紫丹参,not_found,,no exact pharmacopoeia herb result
HERB007156,紫背苔,not_found,,no exact pharmacopoeia herb result
HERB007170,紫果卫矛,not_found,,no exact pharmacopoeia herb result
HERB007168,紫番荔枝,not_found,,no exact pharmacopoeia herb result
HERB007188,紫茎泽兰花,not_found,,no exact pharmacopoeia herb result
HERB007192,紫毛香茶菜,not_found,,no exact pharmacopoeia herb result
HERB007190,滋兰树慧,not_found,,no exact pharmacopoeia herb result
HERB007195,紫茉莉花碧冬茄,not_found,,no search results
HERB007181,紫花松果菊,not_found,,no exact pharmacopoeia herb result
HERB007187,紫堇叶唐松草,not_found,,no exact pharmacopoeia herb result
HERB007173,紫胡,not_found,,no exact pharmacopoeia herb result
HERB007177,紫花高乌头,not_found,,no exact pharmacopoeia herb result
HERB007193,姊妹树,not_found,,no exact pharmacopoeia herb result
HERB007164,紫地黄,not_found,,no exact pharmacopoeia herb result
HERB007163,紫丹藤,not_found,,no exact pharmacopoeia herb result
HERB007208,紫苏,not_found,,no exact pharmacopoeia herb result
HERB007204,紫杉,not_found,,no search results
HERB007202,紫色獐牙菜,not_found,,no exact pharmacopoeia herb result
HERB007189,自扣草,not_found,,no exact pharmacopoeia herb result
HERB007217,紫藤,not_found,,no search results
HERB007214,紫穗槐,not_found,,no search results
HERB007186,紫槿皮,not_found,,no exact pharmacopoeia herb result
HERB007185,紫金牛根,not_found,,no exact pharmacopoeia herb result
HERB007209,紫苏苞,not_found,,no exact pharmacopoeia herb result
HERB007200,自然铜,ok_no_empty_fields,https://ydz.chp.org.cn/#/item?bookId=1&entryId=216,matched page but target columns already had values
HERB007183,紫金莲,not_found,,no exact pharmacopoeia herb result
HERB007199,自然青,not_found,,no exact pharmacopoeia herb result
HERB007194,紫茉莉根,not_found,,no exact pharmacopoeia herb result
HERB007212,紫苏叶油,not_found,,no exact pharmacopoeia herb result
HERB007207,紫薯,not_found,,no exact pharmacopoeia herb result
HERB007236,紫云英,not_found,,no search results
HERB007229,自消容根,not_found,,no exact pharmacopoeia herb result
HERB007218,紫藤根,not_found,,no exact pharmacopoeia herb result
HERB007230,自消容子,not_found,,no exact pharmacopoeia herb result
HERB007219,紫藤子,not_found,,no exact pharmacopoeia herb result
HERB007196,紫茉莉叶,not_found,,no exact pharmacopoeia herb result
HERB007237,紫云英子,not_found,,no search results
HERB007239,紫珠,not_found,,no exact pharmacopoeia herb result
HERB007226,紫薇叶,not_found,,no exact pharmacopoeia herb result
HERB007216,紫檀香,not_found,,no exact pharmacopoeia herb result
HERB007227,紫乌头,not_found,,no exact pharmacopoeia herb result
HERB007233,紫叶,not_found,,no exact pharmacopoeia herb result
HERB007231,紫雪花,not_found,,no exact pharmacopoeia herb result
HERB007257,走马芹,not_found,,no exact pharmacopoeia herb result
HERB007223,紫葳根,not_found,,no exact pharmacopoeia herb result
HERB007261,最大万寿菊,not_found,,no exact pharmacopoeia herb result
HERB007224,紫薇花,not_found,,no exact pharmacopoeia herb result
HERB007235,紫玉兰皮,not_found,,no exact pharmacopoeia herb result
HERB007225,紫葳茎叶,not_found,,no exact pharmacopoeia herb result
HERB007258,走稳唐松草,not_found,,no exact pharmacopoeia herb result
HERB007262,最高牡荆叶,not_found,,no exact pharmacopoeia herb result
HERB007260,钻果蒜芥,not_found,,no exact pharmacopoeia herb result
HERB007232,紫羊蹄甲,not_found,,no exact pharmacopoeia herb result
HERB007234,紫玉兰花,not_found,,no exact pharmacopoeia herb result
HERB007263,酢浆草,not_found,,no exact pharmacopoeia herb result
HERB007228,自消容,not_found,,no exact pharmacopoeia herb result
HERB007253,总状升麻,not_found,,no exact pharmacopoeia herb result
HERB007240,紫锥花,not_found,,no exact pharmacopoeia herb result
HERB007247,总皂,not_found,,no exact pharmacopoeia herb result
HERB007242,纵卷石蕊,not_found,,no exact pharmacopoeia herb result
HERB007251,总装鸡血藤,not_found,,no exact pharmacopoeia herb result
HERB007250,总状花羊蹄甲,not_found,,no exact pharmacopoeia herb result
HERB007255,总状土木香,not_found,,no exact pharmacopoeia herb result
